// ---------------------------------------------------------------------------
// icons.cpp — 39 pictogrammes en alpha 8 bits, GÉNÉRÉ par tools/assets/gen_icons.py.
// Ne pas éditer à la main : modifier le script et régénérer.
//
// ICON_A24[id - 1] et ICON_A40[id - 1] : ICON_NONE n'a pas de bitmap, les
// tables commencent donc à ICON_BULB. 22464 + 62400 octets de flash.
// ---------------------------------------------------------------------------
#include "icons.h"

namespace {

const uint8_t ICON_A24[39][ICON_A24_BYTES] PROGMEM = {
  { // bulb
    0x00,0x00,0x00,0x00,0x00,0x00,0x00,0x00,0x00,0x00,0x00,0x00,0x00,0x00,0x00,0x00,0x00,0x00,0x00,0x00,0x00,0x00,0x00,0x00,
    0x00,0x00,0x00,0x00,0x00,0x00,0x00,0x00,0x00,0x00,0x00,0x00,0x00,0x00,0x00,0x00,0x00,0x00,0x00,0x00,0x00,0x00,0x00,0x00,
    0x00,0x00,0x00,0x00,0x00,0x00,0x00,0x00,0x00,0x00,0x00,0x00,0x00,0x00,0x00,0x00,0x00,0x00,0x00,0x00,0x00,0x00,0x00,0x00,
    0x00,0x00,0x00,0x00,0x00,0x00,0x00,0x00,0x04,0x50,0xA7,0xCB,0xCB,0xA3,0x50,0x04,0x00,0x00,0x00,0x00,0x00,0x00,0x00,0x00,
    0x00,0x00,0x00,0x00,0x00,0x00,0x00,0x28,0xBF,0xFF,0xFF,0xFF,0xFF,0xFF,0xFF,0xBF,0x28,0x00,0x00,0x00,0x00,0x00,0x00,0x00,
    0x00,0x00,0x00,0x00,0x00,0x00,0x18,0xE3,0xFF,0xBF,0x68,0x30,0x30,0x68,0xBF,0xFF,0xE3,0x18,0x00,0x00,0x00,0x00,0x00,0x00,
    0x00,0x00,0x00,0x00,0x00,0x00,0x97,0xFF,0xC3,0x10,0x00,0x00,0x00,0x00,0x10,0xC3,0xFF,0x97,0x00,0x00,0x00,0x00,0x00,0x00,
    0x00,0x00,0x00,0x00,0x00,0x14,0xFB,0xFF,0x28,0x00,0x00,0x00,0x00,0x00,0x00,0x28,0xFF,0xFB,0x14,0x00,0x00,0x00,0x00,0x00,
    0x00,0x00,0x00,0x00,0x00,0x3C,0xFF,0xAF,0x00,0x00,0x00,0x00,0x00,0x00,0x00,0x00,0xC7,0xFF,0x3C,0x00,0x00,0x00,0x00,0x00,
    0x00,0x00,0x00,0x00,0x00,0x58,0xFF,0xA7,0x00,0x00,0x00,0x00,0x00,0x00,0x00,0x00,0xB7,0xFF,0x58,0x00,0x00,0x00,0x00,0x00,
    0x00,0x00,0x00,0x00,0x00,0x34,0xFF,0xCB,0x00,0x00,0x00,0x00,0x00,0x00,0x00,0x00,0xDB,0xFF,0x34,0x00,0x00,0x00,0x00,0x00,
    0x00,0x00,0x00,0x00,0x00,0x08,0xF3,0xF3,0x34,0x00,0x00,0x00,0x00,0x00,0x00,0x34,0xF3,0xF3,0x08,0x00,0x00,0x00,0x00,0x00,
    0x00,0x00,0x00,0x00,0x00,0x00,0x78,0xFF,0xE7,0x2C,0x00,0x00,0x00,0x00,0x2C,0xE7,0xFF,0x78,0x00,0x00,0x00,0x00,0x00,0x00,
    0x00,0x00,0x00,0x00,0x00,0x00,0x08,0xC3,0xFF,0xFB,0x9F,0x64,0x64,0x9F,0xFB,0xFF,0xC3,0x08,0x00,0x00,0x00,0x00,0x00,0x00,
    0x00,0x00,0x00,0x00,0x00,0x00,0x00,0x0C,0xBF,0xFF,0xFF,0xFF,0xFF,0xFF,0xFF,0xBB,0x0C,0x00,0x00,0x00,0x00,0x00,0x00,0x00,
    0x00,0x00,0x00,0x00,0x00,0x00,0x00,0x00,0x9F,0xFF,0xFB,0xFB,0xFB,0xFF,0xFF,0x9F,0x00,0x00,0x00,0x00,0x00,0x00,0x00,0x00,
    0x00,0x00,0x00,0x00,0x00,0x00,0x00,0x00,0x97,0xFF,0xFF,0xFF,0xFF,0xFF,0xFF,0x97,0x00,0x00,0x00,0x00,0x00,0x00,0x00,0x00,
    0x00,0x00,0x00,0x00,0x00,0x00,0x00,0x00,0x14,0x94,0xAB,0x9F,0x9F,0xAB,0x94,0x14,0x00,0x00,0x00,0x00,0x00,0x00,0x00,0x00,
    0x00,0x00,0x00,0x00,0x00,0x00,0x00,0x00,0x00,0xEB,0xFF,0xFF,0xFF,0xFF,0xEB,0x00,0x00,0x00,0x00,0x00,0x00,0x00,0x00,0x00,
    0x00,0x00,0x00,0x00,0x00,0x00,0x00,0x00,0x00,0x88,0xDF,0xDF,0xDF,0xDF,0x8C,0x00,0x00,0x00,0x00,0x00,0x00,0x00,0x00,0x00,
    0x00,0x00,0x00,0x00,0x00,0x00,0x00,0x00,0x00,0x0C,0xDB,0xE7,0xEB,0xC7,0x00,0x00,0x00,0x00,0x00,0x00,0x00,0x00,0x00,0x00,
    0x00,0x00,0x00,0x00,0x00,0x00,0x00,0x00,0x00,0x0C,0xDB,0xFF,0xFF,0xC7,0x00,0x00,0x00,0x00,0x00,0x00,0x00,0x00,0x00,0x00,
    0x00,0x00,0x00,0x00,0x00,0x00,0x00,0x00,0x00,0x00,0x04,0x20,0x20,0x04,0x00,0x00,0x00,0x00,0x00,0x00,0x00,0x00,0x00,0x00,
    0x00,0x00,0x00,0x00,0x00,0x00,0x00,0x00,0x00,0x00,0x00,0x00,0x00,0x00,0x00,0x00,0x00,0x00,0x00,0x00,0x00,0x00,0x00,0x00,
  },
  { // lamp
    0x00,0x00,0x00,0x00,0x00,0x00,0x00,0x00,0x00,0x00,0x00,0x00,0x00,0x00,0x00,0x00,0x00,0x00,0x00,0x00,0x00,0x00,0x00,0x00,
    0x00,0x00,0x00,0x00,0x00,0x00,0x00,0x00,0x00,0x00,0x00,0x00,0x00,0x00,0x00,0x00,0x00,0x00,0x00,0x00,0x00,0x00,0x00,0x00,
    0x00,0x00,0x00,0x00,0x00,0x00,0x00,0x00,0x00,0x00,0x00,0x00,0x00,0x00,0x00,0x00,0x00,0x00,0x00,0x00,0x00,0x00,0x00,0x00,
    0x00,0x00,0x00,0x00,0x00,0x00,0x00,0x00,0x00,0x60,0x80,0x80,0x80,0x80,0x60,0x00,0x00,0x00,0x00,0x00,0x00,0x00,0x00,0x00,
    0x00,0x00,0x00,0x00,0x00,0x00,0x00,0x00,0x93,0xFF,0xFF,0xFF,0xFF,0xFF,0xFF,0x8F,0x00,0x00,0x00,0x00,0x00,0x00,0x00,0x00,
    0x00,0x00,0x00,0x00,0x00,0x00,0x00,0x10,0xFB,0xF7,0x80,0x80,0x80,0x80,0xF7,0xFB,0x10,0x00,0x00,0x00,0x00,0x00,0x00,0x00,
    0x00,0x00,0x00,0x00,0x00,0x00,0x00,0x68,0xFF,0xB3,0x00,0x00,0x00,0x00,0xB3,0xFF,0x68,0x00,0x00,0x00,0x00,0x00,0x00,0x00,
    0x00,0x00,0x00,0x00,0x00,0x00,0x00,0xC7,0xFF,0x54,0x00,0x00,0x00,0x00,0x54,0xFF,0xC7,0x00,0x00,0x00,0x00,0x00,0x00,0x00,
    0x00,0x00,0x00,0x00,0x00,0x00,0x28,0xFF,0xEB,0x08,0x00,0x00,0x00,0x00,0x08,0xEB,0xFF,0x28,0x00,0x00,0x00,0x00,0x00,0x00,
    0x00,0x00,0x00,0x00,0x00,0x00,0x88,0xFF,0x94,0x00,0x00,0x00,0x00,0x00,0x00,0x94,0xFF,0x88,0x00,0x00,0x00,0x00,0x00,0x00,
    0x00,0x00,0x00,0x00,0x00,0x04,0xE3,0xFF,0x34,0x00,0x00,0x00,0x00,0x00,0x00,0x34,0xFF,0xE3,0x04,0x00,0x00,0x00,0x00,0x00,
    0x00,0x00,0x00,0x00,0x00,0x44,0xFF,0xF7,0x80,0x80,0x80,0x80,0x80,0x80,0x80,0x80,0xF7,0xFF,0x44,0x00,0x00,0x00,0x00,0x00,
    0x00,0x00,0x00,0x00,0x00,0x3C,0xFF,0xFF,0xFF,0xFF,0xFF,0xFF,0xFF,0xFF,0xFF,0xFF,0xFF,0xFF,0x3C,0x00,0x00,0x00,0x00,0x00,
    0x00,0x00,0x00,0x00,0x00,0x00,0x58,0x80,0x80,0x80,0x80,0xEF,0xFF,0x90,0x80,0x80,0x80,0x58,0x00,0x00,0x00,0x00,0x00,0x00,
    0x00,0x00,0x00,0x00,0x00,0x00,0x00,0x00,0x00,0x00,0x00,0xDF,0xFF,0x20,0x00,0x00,0x00,0x00,0x00,0x00,0x00,0x00,0x00,0x00,
    0x00,0x00,0x00,0x00,0x00,0x00,0x00,0x00,0x00,0x00,0x00,0xDF,0xFF,0x20,0x00,0x00,0x00,0x00,0x00,0x00,0x00,0x00,0x00,0x00,
    0x00,0x00,0x00,0x00,0x00,0x00,0x00,0x00,0x00,0x00,0x00,0xDF,0xFF,0x20,0x00,0x00,0x00,0x00,0x00,0x00,0x00,0x00,0x00,0x00,
    0x00,0x00,0x00,0x00,0x00,0x00,0x00,0x00,0x00,0x00,0x00,0xDF,0xFF,0x20,0x00,0x00,0x00,0x00,0x00,0x00,0x00,0x00,0x00,0x00,
    0x00,0x00,0x00,0x00,0x00,0x00,0x00,0x38,0x20,0x20,0x20,0xE3,0xFF,0x3C,0x20,0x20,0x34,0x00,0x00,0x00,0x00,0x00,0x00,0x00,
    0x00,0x00,0x00,0x00,0x00,0x00,0x6C,0xFF,0xFF,0xFF,0xFF,0xFF,0xFF,0xFF,0xFF,0xFF,0xFF,0x4C,0x00,0x00,0x00,0x00,0x00,0x00,
    0x00,0x00,0x00,0x00,0x00,0x00,0x2C,0xCB,0xDF,0xDF,0xDF,0xDF,0xDF,0xDF,0xDF,0xDF,0xC3,0x1C,0x00,0x00,0x00,0x00,0x00,0x00,
    0x00,0x00,0x00,0x00,0x00,0x00,0x00,0x00,0x00,0x00,0x00,0x00,0x00,0x00,0x00,0x00,0x00,0x00,0x00,0x00,0x00,0x00,0x00,0x00,
    0x00,0x00,0x00,0x00,0x00,0x00,0x00,0x00,0x00,0x00,0x00,0x00,0x00,0x00,0x00,0x00,0x00,0x00,0x00,0x00,0x00,0x00,0x00,0x00,
    0x00,0x00,0x00,0x00,0x00,0x00,0x00,0x00,0x00,0x00,0x00,0x00,0x00,0x00,0x00,0x00,0x00,0x00,0x00,0x00,0x00,0x00,0x00,0x00,
  },
  { // ceiling
    0x00,0x00,0x00,0x00,0x00,0x00,0x00,0x00,0x00,0x00,0x00,0x1C,0x1C,0x00,0x00,0x00,0x00,0x00,0x00,0x00,0x00,0x00,0x00,0x00,
    0x00,0x00,0x00,0x00,0x00,0x00,0x00,0x00,0x00,0x00,0x00,0xEB,0xEB,0x08,0x00,0x00,0x00,0x00,0x00,0x00,0x00,0x00,0x00,0x00,
    0x00,0x00,0x00,0x00,0x00,0x00,0x00,0x00,0x00,0x00,0x00,0xE3,0xFF,0x20,0x00,0x00,0x00,0x00,0x00,0x00,0x00,0x00,0x00,0x00,
    0x00,0x00,0x00,0x00,0x00,0x00,0x00,0x00,0x00,0x00,0x00,0xDF,0xFF,0x20,0x00,0x00,0x00,0x00,0x00,0x00,0x00,0x00,0x00,0x00,
    0x00,0x00,0x00,0x00,0x00,0x00,0x00,0x34,0x80,0x80,0x80,0xEF,0xFF,0x90,0x80,0x80,0x34,0x00,0x00,0x00,0x00,0x00,0x00,0x00,
    0x00,0x00,0x00,0x00,0x00,0x00,0x4C,0xFF,0xFF,0xFF,0xFF,0xFF,0xFF,0xFF,0xFF,0xFF,0xFB,0x48,0x00,0x00,0x00,0x00,0x00,0x00,
    0x00,0x00,0x00,0x00,0x00,0x04,0xDB,0xFF,0x94,0x80,0x80,0x80,0x80,0x80,0x80,0x94,0xFF,0xDB,0x04,0x00,0x00,0x00,0x00,0x00,
    0x00,0x00,0x00,0x00,0x00,0x60,0xFF,0xBF,0x00,0x00,0x00,0x00,0x00,0x00,0x00,0x00,0xBF,0xFF,0x60,0x00,0x00,0x00,0x00,0x00,
    0x00,0x00,0x00,0x00,0x04,0xDB,0xFF,0x40,0x00,0x00,0x00,0x00,0x00,0x00,0x00,0x00,0x40,0xFF,0xDB,0x04,0x00,0x00,0x00,0x00,
    0x00,0x00,0x00,0x00,0x60,0xFF,0xBF,0x00,0x00,0x00,0x00,0x00,0x00,0x00,0x00,0x00,0x00,0xBF,0xFF,0x60,0x00,0x00,0x00,0x00,
    0x00,0x00,0x00,0x04,0xDB,0xFF,0x40,0x00,0x00,0x00,0x00,0x00,0x00,0x00,0x00,0x00,0x00,0x40,0xFF,0xDB,0x04,0x00,0x00,0x00,
    0x00,0x00,0x00,0x60,0xFF,0xBF,0x00,0x00,0x00,0x00,0x00,0x00,0x00,0x00,0x00,0x00,0x00,0x00,0xBF,0xFF,0x60,0x00,0x00,0x00,
    0x00,0x00,0x00,0xCB,0xFF,0xC7,0x9F,0x9F,0x9F,0x9F,0x9F,0x9F,0x9F,0x9F,0x9F,0x9F,0x9F,0x9F,0xC7,0xFF,0xCB,0x00,0x00,0x00,
    0x00,0x00,0x00,0xB3,0xFF,0xFF,0xFF,0xFF,0xFF,0xFF,0xFF,0xFF,0xFF,0xFF,0xFF,0xFF,0xFF,0xFF,0xFF,0xFF,0xAF,0x00,0x00,0x00,
    0x00,0x00,0x00,0x0C,0x54,0x60,0x60,0x60,0x60,0x60,0x60,0x60,0x60,0x60,0x60,0x60,0x60,0x60,0x60,0x50,0x0C,0x00,0x00,0x00,
    0x00,0x00,0x00,0x00,0x00,0x04,0x8B,0x40,0x00,0x00,0x00,0x1C,0x1C,0x00,0x00,0x00,0x54,0x7C,0x00,0x00,0x00,0x00,0x00,0x00,
    0x00,0x00,0x00,0x00,0x00,0x40,0xFF,0xC7,0x00,0x00,0x00,0xEB,0xEB,0x08,0x00,0x00,0xD3,0xFF,0x4C,0x00,0x00,0x00,0x00,0x00,
    0x00,0x00,0x00,0x00,0x00,0x70,0xFF,0xA7,0x00,0x00,0x00,0xE3,0xFF,0x20,0x00,0x00,0x88,0xFF,0x90,0x00,0x00,0x00,0x00,0x00,
    0x00,0x00,0x00,0x00,0x00,0xAF,0xFF,0x68,0x00,0x00,0x00,0xDF,0xFF,0x20,0x00,0x00,0x48,0xFF,0xCF,0x00,0x00,0x00,0x00,0x00,
    0x00,0x00,0x00,0x00,0x04,0xEF,0xFF,0x28,0x00,0x00,0x00,0xDF,0xFF,0x20,0x00,0x00,0x0C,0xFB,0xFF,0x10,0x00,0x00,0x00,0x00,
    0x00,0x00,0x00,0x00,0x34,0xFF,0xD7,0x00,0x00,0x00,0x00,0xE7,0xFF,0x20,0x00,0x00,0x00,0xD3,0xFB,0x20,0x00,0x00,0x00,0x00,
    0x00,0x00,0x00,0x00,0x00,0x4C,0x1C,0x00,0x00,0x00,0x00,0xDB,0xDB,0x08,0x00,0x00,0x00,0x28,0x40,0x00,0x00,0x00,0x00,0x00,
    0x00,0x00,0x00,0x00,0x00,0x00,0x00,0x00,0x00,0x00,0x00,0x0C,0x0C,0x00,0x00,0x00,0x00,0x00,0x00,0x00,0x00,0x00,0x00,0x00,
    0x00,0x00,0x00,0x00,0x00,0x00,0x00,0x00,0x00,0x00,0x00,0x00,0x00,0x00,0x00,0x00,0x00,0x00,0x00,0x00,0x00,0x00,0x00,0x00,
  },
  { // strip
    0x00,0x00,0x00,0x00,0x00,0x00,0x00,0x00,0x00,0x00,0x00,0x00,0x00,0x00,0x00,0x00,0x00,0x00,0x00,0x00,0x00,0x00,0x00,0x00,
    0x00,0x00,0x00,0x00,0x00,0x00,0x00,0x00,0x00,0x00,0x00,0x00,0x00,0x00,0x00,0x00,0x00,0x00,0x00,0x00,0x00,0x00,0x00,0x00,
    0x00,0x00,0x00,0x00,0x00,0x00,0x00,0x00,0x00,0x00,0x00,0x00,0x00,0x00,0x00,0x00,0x00,0x00,0x00,0x00,0x00,0x00,0x00,0x00,
    0x00,0x00,0x00,0x00,0x00,0x00,0x00,0x00,0x00,0x00,0x00,0x00,0x00,0x00,0x00,0x00,0x00,0x00,0x00,0x00,0x00,0x00,0x00,0x00,
    0x00,0x00,0x00,0x20,0x20,0x20,0x20,0x20,0x20,0x20,0x20,0x20,0x20,0x20,0x20,0x20,0x20,0x20,0x20,0x20,0x20,0x00,0x00,0x00,
    0x00,0x28,0xD3,0xFF,0xFF,0xFF,0xFF,0xFF,0xFF,0xFF,0xFF,0xFF,0xFF,0xFF,0xFF,0xFF,0xFF,0xFF,0xFF,0xFF,0xFF,0xD3,0x2C,0x00,
    0x00,0xC7,0xFF,0xEB,0xDF,0xDF,0xDF,0xDF,0xDF,0xDF,0xDF,0xDF,0xDF,0xDF,0xDF,0xDF,0xDF,0xDF,0xDF,0xDF,0xEB,0xFF,0xC7,0x00,
    0x00,0xFF,0xFF,0x0C,0x00,0x58,0x40,0x00,0x00,0x4C,0x50,0x00,0x00,0x4C,0x50,0x00,0x00,0x40,0x58,0x00,0x04,0xF7,0xFF,0x08,
    0x00,0xFF,0xFF,0x00,0x1C,0xFF,0xEB,0x00,0x00,0xFB,0xFB,0x04,0x00,0xFB,0xFB,0x04,0x00,0xEB,0xFF,0x1C,0x00,0xDF,0xFF,0x20,
    0x00,0xFF,0xFF,0x00,0x04,0x84,0x68,0x00,0x00,0x74,0x74,0x00,0x00,0x74,0x74,0x00,0x00,0x68,0x84,0x04,0x00,0xEF,0xFF,0x10,
    0x00,0xD3,0xFF,0xBF,0x9F,0x9F,0x9F,0x9F,0x9F,0x9F,0x9F,0x9F,0x9F,0x9F,0x9F,0x9F,0x9F,0x9F,0x9F,0x9F,0xBB,0xFF,0xD3,0x00,
    0x00,0x50,0xEF,0xFF,0xFF,0xFF,0xFF,0xFF,0xFF,0xFF,0xFF,0xFF,0xFF,0xFF,0xFF,0xFF,0xFF,0xFF,0xFF,0xFF,0xFF,0xF3,0x50,0x00,
    0x00,0x00,0x10,0x50,0x60,0x60,0x60,0x60,0x60,0x60,0x60,0x60,0x60,0x60,0x60,0x60,0x60,0x60,0x60,0x60,0x4C,0x10,0x00,0x00,
    0x00,0x00,0x00,0x00,0x00,0x14,0xCB,0x70,0x00,0x00,0x00,0x4C,0x4C,0x00,0x00,0x00,0x8B,0xBB,0x0C,0x00,0x00,0x00,0x00,0x00,
    0x00,0x00,0x00,0x00,0x00,0x48,0xFF,0xC7,0x00,0x00,0x00,0xF7,0xFB,0x10,0x00,0x00,0xC3,0xFF,0x60,0x00,0x00,0x00,0x00,0x00,
    0x00,0x00,0x00,0x00,0x00,0x80,0xFF,0x97,0x00,0x00,0x00,0xDF,0xFF,0x20,0x00,0x00,0x78,0xFF,0x9F,0x00,0x00,0x00,0x00,0x00,
    0x00,0x00,0x00,0x00,0x00,0xBF,0xFF,0x58,0x00,0x00,0x00,0xDF,0xFF,0x20,0x00,0x00,0x38,0xFF,0xDF,0x00,0x00,0x00,0x00,0x00,
    0x00,0x00,0x00,0x00,0x14,0xF7,0xFF,0x18,0x00,0x00,0x00,0xDF,0xFF,0x20,0x00,0x00,0x04,0xF3,0xFF,0x20,0x00,0x00,0x00,0x00,
    0x00,0x00,0x00,0x00,0x24,0xF7,0xAF,0x00,0x00,0x00,0x00,0xEB,0xFF,0x20,0x00,0x00,0x00,0xBB,0xEB,0x10,0x00,0x00,0x00,0x00,
    0x00,0x00,0x00,0x00,0x00,0x14,0x04,0x00,0x00,0x00,0x00,0xC7,0xC7,0x04,0x00,0x00,0x00,0x08,0x10,0x00,0x00,0x00,0x00,0x00,
    0x00,0x00,0x00,0x00,0x00,0x00,0x00,0x00,0x00,0x00,0x00,0x00,0x00,0x00,0x00,0x00,0x00,0x00,0x00,0x00,0x00,0x00,0x00,0x00,
    0x00,0x00,0x00,0x00,0x00,0x00,0x00,0x00,0x00,0x00,0x00,0x00,0x00,0x00,0x00,0x00,0x00,0x00,0x00,0x00,0x00,0x00,0x00,0x00,
    0x00,0x00,0x00,0x00,0x00,0x00,0x00,0x00,0x00,0x00,0x00,0x00,0x00,0x00,0x00,0x00,0x00,0x00,0x00,0x00,0x00,0x00,0x00,0x00,
    0x00,0x00,0x00,0x00,0x00,0x00,0x00,0x00,0x00,0x00,0x00,0x00,0x00,0x00,0x00,0x00,0x00,0x00,0x00,0x00,0x00,0x00,0x00,0x00,
  },
  { // plug
    0x00,0x00,0x00,0x00,0x00,0x00,0x00,0x00,0x00,0x00,0x00,0x00,0x00,0x00,0x00,0x00,0x00,0x00,0x00,0x00,0x00,0x00,0x00,0x00,
    0x00,0x00,0x00,0x00,0x00,0x00,0x00,0x00,0xA7,0xA7,0x00,0x00,0x00,0x00,0xA7,0xA7,0x00,0x00,0x00,0x00,0x00,0x00,0x00,0x00,
    0x00,0x00,0x00,0x00,0x00,0x00,0x00,0x00,0xEF,0xFF,0x1C,0x00,0x00,0x00,0xEF,0xFF,0x1C,0x00,0x00,0x00,0x00,0x00,0x00,0x00,
    0x00,0x00,0x00,0x00,0x00,0x00,0x00,0x00,0xDF,0xFF,0x20,0x00,0x00,0x00,0xDF,0xFF,0x20,0x00,0x00,0x00,0x00,0x00,0x00,0x00,
    0x00,0x00,0x00,0x00,0x00,0x00,0x00,0x00,0xDF,0xFF,0x20,0x00,0x00,0x00,0xDF,0xFF,0x20,0x00,0x00,0x00,0x00,0x00,0x00,0x00,
    0x00,0x00,0x00,0x00,0x00,0x00,0x00,0x00,0xDF,0xFF,0x20,0x00,0x00,0x00,0xDF,0xFF,0x20,0x00,0x00,0x00,0x00,0x00,0x00,0x00,
    0x00,0x00,0x00,0x00,0x00,0x00,0x14,0x20,0xE3,0xFF,0x3C,0x20,0x20,0x20,0xE3,0xFF,0x3C,0x14,0x00,0x00,0x00,0x00,0x00,0x00,
    0x00,0x00,0x00,0x00,0x04,0x9B,0xF7,0xFF,0xFF,0xFF,0xFF,0xFF,0xFF,0xFF,0xFF,0xFF,0xFF,0xF7,0x9B,0x04,0x00,0x00,0x00,0x00,
    0x00,0x00,0x00,0x00,0x58,0xFF,0xF7,0xDF,0xDF,0xDF,0xDF,0xDF,0xDF,0xDF,0xDF,0xDF,0xDF,0xF7,0xFF,0x58,0x00,0x00,0x00,0x00,
    0x00,0x00,0x00,0x00,0x9F,0xFF,0x6C,0x00,0x00,0x00,0x00,0x00,0x00,0x00,0x00,0x00,0x00,0x6C,0xFF,0x9F,0x00,0x00,0x00,0x00,
    0x00,0x00,0x00,0x00,0x9F,0xFF,0x60,0x00,0x00,0x00,0x00,0x00,0x00,0x00,0x00,0x00,0x00,0x60,0xFF,0x9F,0x00,0x00,0x00,0x00,
    0x00,0x00,0x00,0x00,0x9F,0xFF,0x60,0x00,0x00,0x00,0x00,0x00,0x00,0x00,0x00,0x00,0x00,0x60,0xFF,0x9F,0x00,0x00,0x00,0x00,
    0x00,0x00,0x00,0x00,0x9F,0xFF,0x60,0x00,0x00,0x00,0x00,0x00,0x00,0x00,0x00,0x00,0x00,0x60,0xFF,0x9F,0x00,0x00,0x00,0x00,
    0x00,0x00,0x00,0x00,0x84,0xFF,0xBF,0x80,0x80,0x80,0x80,0x80,0x80,0x80,0x80,0x80,0x80,0xBF,0xFF,0x84,0x00,0x00,0x00,0x00,
    0x00,0x00,0x00,0x00,0x18,0xE3,0xFF,0xFF,0xFF,0xFF,0xFF,0xFF,0xFF,0xFF,0xFF,0xFF,0xFF,0xFF,0xE3,0x18,0x00,0x00,0x00,0x00,
    0x00,0x00,0x00,0x00,0x00,0x14,0x6C,0x80,0x80,0x80,0x80,0xEF,0xFF,0x90,0x80,0x80,0x80,0x6C,0x14,0x00,0x00,0x00,0x00,0x00,
    0x00,0x00,0x00,0x00,0x00,0x00,0x00,0x00,0x00,0x00,0x00,0xDF,0xFF,0x20,0x00,0x00,0x00,0x00,0x00,0x00,0x00,0x00,0x00,0x00,
    0x00,0x00,0x00,0x00,0x00,0x00,0x00,0x00,0x00,0x00,0x00,0xDF,0xFF,0x20,0x00,0x00,0x00,0x00,0x00,0x00,0x00,0x00,0x00,0x00,
    0x00,0x00,0x00,0x00,0x00,0x00,0x00,0x00,0x00,0x00,0x00,0xDF,0xFF,0x20,0x00,0x00,0x00,0x00,0x00,0x00,0x00,0x00,0x00,0x00,
    0x00,0x00,0x00,0x00,0x00,0x00,0x00,0x00,0x00,0x00,0x00,0xDF,0xFF,0x20,0x00,0x00,0x00,0x00,0x00,0x00,0x00,0x00,0x00,0x00,
    0x00,0x00,0x00,0x00,0x00,0x00,0x00,0x00,0x00,0x00,0x00,0xDF,0xFF,0x20,0x00,0x00,0x00,0x00,0x00,0x00,0x00,0x00,0x00,0x00,
    0x00,0x00,0x00,0x00,0x00,0x00,0x00,0x00,0x00,0x00,0x00,0xF7,0xFB,0x14,0x00,0x00,0x00,0x00,0x00,0x00,0x00,0x00,0x00,0x00,
    0x00,0x00,0x00,0x00,0x00,0x00,0x00,0x00,0x00,0x00,0x00,0x4C,0x4C,0x00,0x00,0x00,0x00,0x00,0x00,0x00,0x00,0x00,0x00,0x00,
    0x00,0x00,0x00,0x00,0x00,0x00,0x00,0x00,0x00,0x00,0x00,0x00,0x00,0x00,0x00,0x00,0x00,0x00,0x00,0x00,0x00,0x00,0x00,0x00,
  },
  { // power
    0x00,0x00,0x00,0x00,0x00,0x00,0x00,0x00,0x00,0x00,0x00,0x00,0x00,0x00,0x00,0x00,0x00,0x00,0x00,0x00,0x00,0x00,0x00,0x00,
    0x00,0x00,0x00,0x00,0x00,0x00,0x00,0x00,0x00,0x00,0x00,0x00,0x00,0x00,0x00,0x00,0x00,0x00,0x00,0x00,0x00,0x00,0x00,0x00,
    0x00,0x00,0x00,0x00,0x00,0x00,0x00,0x00,0x00,0x00,0x00,0x4C,0x4C,0x00,0x00,0x00,0x00,0x00,0x00,0x00,0x00,0x00,0x00,0x00,
    0x00,0x00,0x00,0x00,0x00,0x00,0x00,0x00,0x00,0x00,0x00,0xF7,0xFB,0x10,0x00,0x00,0x00,0x00,0x00,0x00,0x00,0x00,0x00,0x00,
    0x00,0x00,0x00,0x00,0x00,0x00,0x00,0x00,0x00,0x00,0x00,0xDF,0xFF,0x20,0x00,0x00,0x00,0x00,0x00,0x00,0x00,0x00,0x00,0x00,
    0x00,0x00,0x00,0x00,0x00,0x00,0x00,0x00,0x00,0x00,0x00,0xDF,0xFF,0x20,0x00,0x00,0x00,0x00,0x00,0x00,0x00,0x00,0x00,0x00,
    0x00,0x00,0x00,0x00,0x00,0x00,0x14,0xBB,0x8B,0x00,0x00,0xDF,0xFF,0x20,0x00,0xA7,0xAB,0x10,0x00,0x00,0x00,0x00,0x00,0x00,
    0x00,0x00,0x00,0x00,0x00,0x18,0xD7,0xFF,0xBB,0x00,0x00,0xDF,0xFF,0x20,0x00,0xDB,0xFF,0xD7,0x18,0x00,0x00,0x00,0x00,0x00,
    0x00,0x00,0x00,0x00,0x00,0xC7,0xFF,0xD7,0x1C,0x00,0x00,0xDF,0xFF,0x20,0x00,0x1C,0xD7,0xFF,0xC3,0x00,0x00,0x00,0x00,0x00,
    0x00,0x00,0x00,0x00,0x40,0xFF,0xE3,0x18,0x00,0x00,0x00,0xDF,0xFF,0x20,0x00,0x00,0x18,0xE3,0xFF,0x40,0x00,0x00,0x00,0x00,
    0x00,0x00,0x00,0x00,0xBB,0xFF,0x6C,0x00,0x00,0x00,0x00,0xDF,0xFF,0x20,0x00,0x00,0x00,0x6C,0xFF,0xBB,0x00,0x00,0x00,0x00,
    0x00,0x00,0x00,0x08,0xF7,0xFF,0x18,0x00,0x00,0x00,0x00,0xEB,0xFF,0x20,0x00,0x00,0x00,0x18,0xFF,0xF7,0x08,0x00,0x00,0x00,
    0x00,0x00,0x00,0x1C,0xFF,0xE3,0x00,0x00,0x00,0x00,0x00,0xC7,0xC7,0x04,0x00,0x00,0x00,0x00,0xE3,0xFF,0x1C,0x00,0x00,0x00,
    0x00,0x00,0x00,0x20,0xFF,0xDF,0x00,0x00,0x00,0x00,0x00,0x00,0x00,0x00,0x00,0x00,0x00,0x00,0xDF,0xFF,0x20,0x00,0x00,0x00,
    0x00,0x00,0x00,0x10,0xFF,0xF7,0x08,0x00,0x00,0x00,0x00,0x00,0x00,0x00,0x00,0x00,0x00,0x08,0xF7,0xFF,0x10,0x00,0x00,0x00,
    0x00,0x00,0x00,0x00,0xC7,0xF7,0x54,0x00,0x00,0x00,0x00,0x00,0x00,0x00,0x00,0x00,0x00,0x54,0xF7,0xC7,0x00,0x00,0x00,0x00,
    0x00,0x00,0x00,0x00,0x50,0xFF,0xDF,0x14,0x00,0x00,0x00,0x00,0x00,0x00,0x00,0x00,0x14,0xDF,0xFF,0x50,0x00,0x00,0x00,0x00,
    0x00,0x00,0x00,0x00,0x04,0xC3,0xFB,0xD7,0x1C,0x00,0x00,0x00,0x00,0x00,0x00,0x1C,0xD7,0xFB,0xC3,0x04,0x00,0x00,0x00,0x00,
    0x00,0x00,0x00,0x00,0x00,0x14,0xD7,0xFF,0xEB,0x78,0x28,0x00,0x00,0x28,0x78,0xEB,0xFF,0xD7,0x14,0x00,0x00,0x00,0x00,0x00,
    0x00,0x00,0x00,0x00,0x00,0x00,0x10,0xB3,0xFF,0xFF,0xFF,0xFF,0xFF,0xFF,0xFF,0xFF,0xAF,0x0C,0x00,0x00,0x00,0x00,0x00,0x00,
    0x00,0x00,0x00,0x00,0x00,0x00,0x00,0x00,0x40,0x9F,0xDF,0xFF,0xFF,0xDF,0x9F,0x40,0x00,0x00,0x00,0x00,0x00,0x00,0x00,0x00,
    0x00,0x00,0x00,0x00,0x00,0x00,0x00,0x00,0x00,0x00,0x00,0x00,0x00,0x00,0x00,0x00,0x00,0x00,0x00,0x00,0x00,0x00,0x00,0x00,
    0x00,0x00,0x00,0x00,0x00,0x00,0x00,0x00,0x00,0x00,0x00,0x00,0x00,0x00,0x00,0x00,0x00,0x00,0x00,0x00,0x00,0x00,0x00,0x00,
    0x00,0x00,0x00,0x00,0x00,0x00,0x00,0x00,0x00,0x00,0x00,0x00,0x00,0x00,0x00,0x00,0x00,0x00,0x00,0x00,0x00,0x00,0x00,0x00,
  },
  { // gate
    0x00,0x00,0x00,0x00,0x00,0x00,0x00,0x00,0x00,0x00,0x00,0x00,0x00,0x00,0x00,0x00,0x00,0x00,0x00,0x00,0x00,0x00,0x00,0x00,
    0x00,0x00,0x00,0x00,0x00,0x00,0x00,0x00,0x00,0x00,0x00,0x00,0x00,0x00,0x00,0x00,0x00,0x00,0x00,0x00,0x00,0x00,0x00,0x00,
    0x00,0x00,0x00,0x00,0x00,0x00,0x00,0x00,0x00,0x00,0x00,0x00,0x00,0x00,0x00,0x00,0x00,0x00,0x00,0x00,0x00,0x00,0x00,0x00,
    0x00,0x00,0x00,0x00,0x00,0x00,0x00,0x00,0x00,0x00,0x00,0x00,0x00,0x00,0x00,0x00,0x00,0x00,0x00,0x00,0x00,0x00,0x00,0x00,
    0x00,0x00,0xA7,0xA7,0x00,0x00,0x00,0x00,0x00,0x00,0x00,0x00,0x00,0x00,0x00,0x00,0x00,0x00,0x00,0x00,0xA7,0xA7,0x00,0x00,
    0x00,0x00,0xEF,0xFF,0x1C,0x00,0x00,0x00,0x00,0x00,0x00,0x00,0x00,0x00,0x00,0x00,0x00,0x00,0x00,0x00,0xEF,0xFF,0x1C,0x00,
    0x00,0x00,0xDF,0xFF,0x20,0x00,0x00,0x00,0x00,0x00,0x00,0x00,0x00,0x00,0x00,0x00,0x00,0x00,0x00,0x00,0xDF,0xFF,0x20,0x00,
    0x00,0x00,0xEB,0xFF,0xE3,0xDF,0xDF,0xDF,0xDF,0xDF,0xEB,0xEB,0xDF,0xDF,0xDF,0xDF,0xDF,0xEB,0xEB,0xDF,0xFB,0xFF,0x20,0x00,
    0x00,0x00,0xEB,0xFF,0xFF,0xFF,0xFF,0xFF,0xFF,0xFF,0xFF,0xFF,0xFF,0xFF,0xFF,0xFF,0xFF,0xFF,0xFF,0xFF,0xFF,0xFF,0x20,0x00,
    0x00,0x00,0xDF,0xFF,0x3C,0x20,0x20,0x20,0x20,0xCF,0xFF,0x6C,0x20,0x20,0x20,0x20,0xCF,0xFF,0x6C,0x20,0xE3,0xFF,0x20,0x00,
    0x00,0x00,0xDF,0xFF,0x20,0x00,0x00,0x00,0x40,0xFF,0xDB,0x04,0x00,0x00,0x00,0x40,0xFF,0xDB,0x04,0x00,0xDF,0xFF,0x20,0x00,
    0x00,0x00,0xDF,0xFF,0x20,0x00,0x00,0x00,0xAF,0xFF,0x64,0x00,0x00,0x00,0x00,0xAF,0xFF,0x64,0x00,0x00,0xDF,0xFF,0x20,0x00,
    0x00,0x00,0xDF,0xFF,0x20,0x00,0x00,0x30,0xFF,0xE7,0x08,0x00,0x00,0x00,0x30,0xFF,0xE7,0x08,0x00,0x00,0xDF,0xFF,0x20,0x00,
    0x00,0x00,0xDF,0xFF,0x20,0x00,0x00,0xAF,0xFF,0x70,0x00,0x00,0x00,0x00,0xAF,0xFF,0x70,0x00,0x00,0x00,0xDF,0xFF,0x20,0x00,
    0x00,0x00,0xDF,0xFF,0x20,0x00,0x2C,0xFF,0xE7,0x08,0x00,0x00,0x00,0x2C,0xFF,0xE7,0x08,0x00,0x00,0x00,0xDF,0xFF,0x20,0x00,
    0x00,0x00,0xDF,0xFF,0x20,0x00,0x9F,0xFF,0x78,0x00,0x00,0x00,0x00,0x9F,0xFF,0x78,0x00,0x00,0x00,0x00,0xDF,0xFF,0x20,0x00,
    0x00,0x00,0xDF,0xFF,0x20,0x24,0xFB,0xEF,0x10,0x00,0x00,0x00,0x24,0xFB,0xEF,0x10,0x00,0x00,0x00,0x00,0xDF,0xFF,0x20,0x00,
    0x00,0x00,0xDF,0xFF,0x90,0xBF,0xFF,0xCF,0x80,0x80,0x80,0x80,0xBF,0xFF,0xCF,0x80,0x80,0x80,0x80,0x80,0xEF,0xFF,0x20,0x00,
    0x00,0x00,0xF7,0xFF,0xFF,0xFF,0xFF,0xFF,0xFF,0xFF,0xFF,0xFF,0xFF,0xFF,0xFF,0xFF,0xFF,0xFF,0xFF,0xFF,0xFF,0xFF,0x20,0x00,
    0x00,0x00,0xDF,0xFF,0x90,0x80,0x80,0x80,0x80,0x80,0x80,0x80,0x80,0x80,0x80,0x80,0x80,0x80,0x80,0x80,0xEF,0xFF,0x20,0x00,
    0x00,0x00,0xE7,0xFF,0x20,0x00,0x00,0x00,0x00,0x00,0x00,0x00,0x00,0x00,0x00,0x00,0x00,0x00,0x00,0x00,0xE7,0xFF,0x20,0x00,
    0x00,0x00,0xDB,0xDB,0x08,0x00,0x00,0x00,0x00,0x00,0x00,0x00,0x00,0x00,0x00,0x00,0x00,0x00,0x00,0x00,0xDB,0xDB,0x08,0x00,
    0x00,0x00,0x0C,0x0C,0x00,0x00,0x00,0x00,0x00,0x00,0x00,0x00,0x00,0x00,0x00,0x00,0x00,0x00,0x00,0x00,0x0C,0x0C,0x00,0x00,
    0x00,0x00,0x00,0x00,0x00,0x00,0x00,0x00,0x00,0x00,0x00,0x00,0x00,0x00,0x00,0x00,0x00,0x00,0x00,0x00,0x00,0x00,0x00,0x00,
  },
  { // garage
    0x00,0x00,0x00,0x00,0x00,0x00,0x00,0x00,0x00,0x00,0x00,0x00,0x00,0x00,0x00,0x00,0x00,0x00,0x00,0x00,0x00,0x00,0x00,0x00,
    0x00,0x00,0x00,0x00,0x00,0x00,0x00,0x00,0x00,0x00,0x00,0x00,0x00,0x00,0x00,0x00,0x00,0x00,0x00,0x00,0x00,0x00,0x00,0x00,
    0x00,0x00,0x00,0x00,0x00,0x00,0x00,0x00,0x00,0x00,0x00,0x54,0x60,0x04,0x00,0x00,0x00,0x00,0x00,0x00,0x00,0x00,0x00,0x00,
    0x00,0x00,0x00,0x00,0x00,0x00,0x00,0x00,0x00,0x0C,0xA3,0xFF,0xFF,0xB7,0x14,0x00,0x00,0x00,0x00,0x00,0x00,0x00,0x00,0x00,
    0x00,0x00,0x00,0x00,0x00,0x00,0x00,0x00,0x2C,0xD3,0xFF,0xEB,0xE3,0xFF,0xE3,0x34,0x00,0x00,0x00,0x00,0x00,0x00,0x00,0x00,
    0x00,0x00,0x00,0x00,0x00,0x00,0x00,0x5C,0xF3,0xFF,0xCB,0x1C,0x14,0xB7,0xFF,0xFB,0x6C,0x00,0x00,0x00,0x00,0x00,0x00,0x00,
    0x00,0x00,0x00,0x00,0x00,0x08,0x98,0xFF,0xFF,0x90,0x04,0x00,0x00,0x04,0x80,0xFB,0xFF,0xA3,0x0C,0x00,0x00,0x00,0x00,0x00,
    0x00,0x00,0x00,0x00,0x20,0xCF,0xFF,0xF3,0x54,0x00,0x00,0x00,0x00,0x00,0x00,0x48,0xEB,0xFF,0xD3,0x28,0x00,0x00,0x00,0x00,
    0x00,0x00,0x00,0x50,0xEF,0xFF,0xCF,0x24,0x00,0x00,0x00,0x00,0x00,0x00,0x00,0x00,0x1C,0xCB,0xFF,0xF3,0x58,0x00,0x00,0x00,
    0x00,0x04,0x8C,0xFF,0xFF,0x9F,0x08,0x00,0x00,0x00,0x00,0x00,0x00,0x00,0x00,0x00,0x00,0x04,0x98,0xFF,0xFF,0x90,0x04,0x00,
    0x1C,0xC7,0xFF,0xFF,0xAB,0x00,0x00,0x00,0x00,0x00,0x00,0x00,0x00,0x00,0x00,0x00,0x00,0x00,0x00,0xAB,0xFF,0xFF,0xC7,0x10,
    0x74,0xFF,0xFB,0xFF,0x9F,0x00,0x00,0x00,0x00,0x00,0x00,0x00,0x00,0x00,0x00,0x00,0x00,0x00,0x00,0x9F,0xFF,0xFB,0xFF,0x54,
    0x08,0x58,0x6C,0xFF,0x9F,0x00,0x00,0x00,0x00,0x00,0x00,0x00,0x00,0x00,0x00,0x00,0x00,0x00,0x00,0x9F,0xFF,0x70,0x54,0x04,
    0x00,0x00,0x60,0xFF,0x9F,0x00,0x38,0x20,0x20,0x20,0x20,0x20,0x20,0x20,0x20,0x20,0x20,0x34,0x00,0x9F,0xFF,0x60,0x00,0x00,
    0x00,0x00,0x60,0xFF,0x9F,0x6C,0xFF,0xFF,0xFF,0xFF,0xFF,0xFF,0xFF,0xFF,0xFF,0xFF,0xFF,0xFF,0x4C,0x9F,0xFF,0x60,0x00,0x00,
    0x00,0x00,0x60,0xFF,0x9F,0x2C,0xCB,0xDF,0xDF,0xDF,0xDF,0xDF,0xDF,0xDF,0xDF,0xDF,0xDF,0xC3,0x1C,0x9F,0xFF,0x60,0x00,0x00,
    0x00,0x00,0x60,0xFF,0x9F,0x00,0x00,0x00,0x00,0x00,0x00,0x00,0x00,0x00,0x00,0x00,0x00,0x00,0x00,0x9F,0xFF,0x60,0x00,0x00,
    0x00,0x00,0x60,0xFF,0x9F,0x4C,0xF7,0xDF,0xDF,0xDF,0xDF,0xDF,0xDF,0xDF,0xDF,0xDF,0xDF,0xF3,0x34,0x9F,0xFF,0x60,0x00,0x00,
    0x00,0x00,0x60,0xFF,0x9F,0x4C,0xFB,0xFF,0xFF,0xFF,0xFF,0xFF,0xFF,0xFF,0xFF,0xFF,0xFF,0xF3,0x34,0x9F,0xFF,0x60,0x00,0x00,
    0x00,0x00,0x60,0xFF,0x9F,0x00,0x10,0x20,0x20,0x20,0x20,0x20,0x20,0x20,0x20,0x20,0x20,0x10,0x00,0x9F,0xFF,0x60,0x00,0x00,
    0x00,0x00,0x60,0xFF,0xE7,0xBF,0xBF,0xBF,0xBF,0xBF,0xBF,0xBF,0xBF,0xBF,0xBF,0xBF,0xBF,0xBF,0xBF,0xE7,0xFF,0x60,0x00,0x00,
    0x00,0x00,0x44,0xFF,0xFF,0xFF,0xFF,0xFF,0xFF,0xFF,0xFF,0xFF,0xFF,0xFF,0xFF,0xFF,0xFF,0xFF,0xFF,0xFF,0xFF,0x44,0x00,0x00,
    0x00,0x00,0x00,0x28,0x40,0x40,0x40,0x40,0x40,0x40,0x40,0x40,0x40,0x40,0x40,0x40,0x40,0x40,0x40,0x40,0x28,0x00,0x00,0x00,
    0x00,0x00,0x00,0x00,0x00,0x00,0x00,0x00,0x00,0x00,0x00,0x00,0x00,0x00,0x00,0x00,0x00,0x00,0x00,0x00,0x00,0x00,0x00,0x00,
  },
  { // door
    0x00,0x00,0x00,0x00,0x00,0x00,0x00,0x00,0x00,0x00,0x00,0x00,0x00,0x00,0x00,0x00,0x00,0x00,0x00,0x00,0x00,0x00,0x00,0x00,
    0x00,0x00,0x00,0x00,0x00,0x14,0x58,0x60,0x60,0x60,0x60,0x60,0x60,0x60,0x60,0x60,0x60,0x58,0x14,0x00,0x00,0x00,0x00,0x00,
    0x00,0x00,0x00,0x00,0x28,0xF3,0xFF,0xFF,0xFF,0xFF,0xFF,0xFF,0xFF,0xFF,0xFF,0xFF,0xFF,0xFF,0xF3,0x2C,0x00,0x00,0x00,0x00,
    0x00,0x00,0x00,0x00,0x8F,0xFF,0xC7,0x9F,0x9F,0x9F,0x9F,0x9F,0x9F,0x9F,0x9F,0x9F,0x9F,0xC7,0xFF,0x8F,0x00,0x00,0x00,0x00,
    0x00,0x00,0x00,0x00,0x9F,0xFF,0x60,0x00,0x00,0x00,0x00,0x00,0x00,0x00,0x00,0x00,0x00,0x60,0xFF,0x9F,0x00,0x00,0x00,0x00,
    0x00,0x00,0x00,0x00,0x9F,0xFF,0x60,0x00,0x00,0x00,0x00,0x00,0x00,0x00,0x00,0x00,0x00,0x60,0xFF,0x9F,0x00,0x00,0x00,0x00,
    0x00,0x00,0x00,0x00,0x9F,0xFF,0x60,0x00,0x00,0x00,0x00,0x00,0x00,0x00,0x00,0x00,0x00,0x60,0xFF,0x9F,0x00,0x00,0x00,0x00,
    0x00,0x00,0x00,0x00,0x9F,0xFF,0x60,0x00,0x00,0x00,0x00,0x00,0x00,0x00,0x00,0x00,0x00,0x60,0xFF,0x9F,0x00,0x00,0x00,0x00,
    0x00,0x00,0x00,0x00,0x9F,0xFF,0x60,0x00,0x00,0x00,0x00,0x00,0x00,0x00,0x00,0x00,0x00,0x60,0xFF,0x9F,0x00,0x00,0x00,0x00,
    0x00,0x00,0x00,0x00,0x9F,0xFF,0x60,0x00,0x00,0x00,0x00,0x00,0x00,0x00,0x00,0x00,0x00,0x60,0xFF,0x9F,0x00,0x00,0x00,0x00,
    0x00,0x00,0x00,0x00,0x9F,0xFF,0x60,0x00,0x00,0x00,0x00,0x00,0x00,0x00,0x1C,0x1C,0x00,0x60,0xFF,0x9F,0x00,0x00,0x00,0x00,
    0x00,0x00,0x00,0x00,0x9F,0xFF,0x60,0x00,0x00,0x00,0x00,0x00,0x00,0x1C,0xF3,0xF3,0x1C,0x60,0xFF,0x9F,0x00,0x00,0x00,0x00,
    0x00,0x00,0x00,0x00,0x9F,0xFF,0x60,0x00,0x00,0x00,0x00,0x00,0x00,0x1C,0xF3,0xF3,0x1C,0x60,0xFF,0x9F,0x00,0x00,0x00,0x00,
    0x00,0x00,0x00,0x00,0x9F,0xFF,0x60,0x00,0x00,0x00,0x00,0x00,0x00,0x00,0x1C,0x1C,0x00,0x60,0xFF,0x9F,0x00,0x00,0x00,0x00,
    0x00,0x00,0x00,0x00,0x9F,0xFF,0x60,0x00,0x00,0x00,0x00,0x00,0x00,0x00,0x00,0x00,0x00,0x60,0xFF,0x9F,0x00,0x00,0x00,0x00,
    0x00,0x00,0x00,0x00,0x9F,0xFF,0x60,0x00,0x00,0x00,0x00,0x00,0x00,0x00,0x00,0x00,0x00,0x60,0xFF,0x9F,0x00,0x00,0x00,0x00,
    0x00,0x00,0x00,0x00,0x9F,0xFF,0x60,0x00,0x00,0x00,0x00,0x00,0x00,0x00,0x00,0x00,0x00,0x60,0xFF,0x9F,0x00,0x00,0x00,0x00,
    0x00,0x00,0x00,0x00,0x9F,0xFF,0x60,0x00,0x00,0x00,0x00,0x00,0x00,0x00,0x00,0x00,0x00,0x60,0xFF,0x9F,0x00,0x00,0x00,0x00,
    0x00,0x00,0x00,0x00,0x9F,0xFF,0x60,0x00,0x00,0x00,0x00,0x00,0x00,0x00,0x00,0x00,0x00,0x60,0xFF,0x9F,0x00,0x00,0x00,0x00,
    0x00,0x00,0x38,0x20,0xAB,0xFF,0x88,0x40,0x40,0x40,0x40,0x40,0x40,0x40,0x40,0x40,0x40,0x88,0xFF,0xAB,0x20,0x34,0x00,0x00,
    0x00,0x6C,0xFF,0xFF,0xFF,0xFF,0xFF,0xFF,0xFF,0xFF,0xFF,0xFF,0xFF,0xFF,0xFF,0xFF,0xFF,0xFF,0xFF,0xFF,0xFF,0xFF,0x4C,0x00,
    0x00,0x2C,0xCB,0xDF,0xDF,0xDF,0xDF,0xDF,0xDF,0xDF,0xDF,0xDF,0xDF,0xDF,0xDF,0xDF,0xDF,0xDF,0xDF,0xDF,0xDF,0xC3,0x1C,0x00,
    0x00,0x00,0x00,0x00,0x00,0x00,0x00,0x00,0x00,0x00,0x00,0x00,0x00,0x00,0x00,0x00,0x00,0x00,0x00,0x00,0x00,0x00,0x00,0x00,
    0x00,0x00,0x00,0x00,0x00,0x00,0x00,0x00,0x00,0x00,0x00,0x00,0x00,0x00,0x00,0x00,0x00,0x00,0x00,0x00,0x00,0x00,0x00,0x00,
  },
  { // window
    0x00,0x00,0x00,0x00,0x00,0x00,0x00,0x00,0x00,0x00,0x00,0x00,0x00,0x00,0x00,0x00,0x00,0x00,0x00,0x00,0x00,0x00,0x00,0x00,
    0x00,0x00,0x00,0x00,0x00,0x00,0x00,0x00,0x00,0x00,0x00,0x00,0x00,0x00,0x00,0x00,0x00,0x00,0x00,0x00,0x00,0x00,0x00,0x00,
    0x00,0x00,0x14,0x9B,0xDF,0xDF,0xDF,0xDF,0xDF,0xDF,0xDF,0xDF,0xDF,0xDF,0xDF,0xDF,0xDF,0xDF,0xDF,0xDF,0x9B,0x18,0x00,0x00,
    0x00,0x00,0xAF,0xFF,0xFF,0xFF,0xFF,0xFF,0xFF,0xFF,0xFF,0xFF,0xFF,0xFF,0xFF,0xFF,0xFF,0xFF,0xFF,0xFF,0xFF,0xAF,0x00,0x00,
    0x00,0x00,0xFB,0xFF,0x2C,0x20,0x20,0x20,0x20,0x20,0x20,0xE3,0xFF,0x3C,0x20,0x20,0x20,0x20,0x20,0x2C,0xE7,0xFB,0x00,0x00,
    0x00,0x00,0xFF,0xFF,0x00,0x00,0x00,0x00,0x00,0x00,0x00,0xDF,0xFF,0x20,0x00,0x00,0x00,0x00,0x00,0x00,0xDF,0xFF,0x20,0x00,
    0x00,0x00,0xFF,0xFF,0x00,0x00,0x00,0x00,0x00,0x00,0x00,0xDF,0xFF,0x20,0x00,0x00,0x00,0x00,0x00,0x00,0xDF,0xFF,0x20,0x00,
    0x00,0x00,0xFF,0xFF,0x00,0x00,0x00,0x00,0x00,0x00,0x00,0xDF,0xFF,0x20,0x00,0x00,0x00,0x00,0x00,0x00,0xDF,0xFF,0x20,0x00,
    0x00,0x00,0xFF,0xFF,0x00,0x00,0x00,0x00,0x00,0x00,0x00,0xDF,0xFF,0x20,0x00,0x00,0x00,0x00,0x00,0x00,0xDF,0xFF,0x20,0x00,
    0x00,0x00,0xFF,0xFF,0x00,0x00,0x00,0x00,0x00,0x00,0x00,0xDF,0xFF,0x20,0x00,0x00,0x00,0x00,0x00,0x00,0xDF,0xFF,0x20,0x00,
    0x00,0x00,0xFF,0xFF,0x00,0x00,0x00,0x00,0x00,0x00,0x00,0xDF,0xFF,0x20,0x00,0x00,0x00,0x00,0x00,0x00,0xDF,0xFF,0x20,0x00,
    0x00,0x00,0xFF,0xFF,0xDF,0xDF,0xDF,0xDF,0xDF,0xDF,0xDF,0xFB,0xFF,0xE3,0xDF,0xDF,0xDF,0xDF,0xDF,0xDF,0xFB,0xFF,0x20,0x00,
    0x00,0x00,0xFF,0xFF,0xFF,0xFF,0xFF,0xFF,0xFF,0xFF,0xFF,0xFF,0xFF,0xFF,0xFF,0xFF,0xFF,0xFF,0xFF,0xFF,0xFF,0xFF,0x20,0x00,
    0x00,0x00,0xFF,0xFF,0x20,0x20,0x20,0x20,0x20,0x20,0x20,0xE3,0xFF,0x3C,0x20,0x20,0x20,0x20,0x20,0x20,0xE3,0xFF,0x20,0x00,
    0x00,0x00,0xFF,0xFF,0x00,0x00,0x00,0x00,0x00,0x00,0x00,0xDF,0xFF,0x20,0x00,0x00,0x00,0x00,0x00,0x00,0xDF,0xFF,0x20,0x00,
    0x00,0x00,0xFF,0xFF,0x00,0x00,0x00,0x00,0x00,0x00,0x00,0xDF,0xFF,0x20,0x00,0x00,0x00,0x00,0x00,0x00,0xDF,0xFF,0x20,0x00,
    0x00,0x00,0xFF,0xFF,0x00,0x00,0x00,0x00,0x00,0x00,0x00,0xDF,0xFF,0x20,0x00,0x00,0x00,0x00,0x00,0x00,0xDF,0xFF,0x20,0x00,
    0x00,0x00,0xFF,0xFF,0x00,0x00,0x00,0x00,0x00,0x00,0x00,0xDF,0xFF,0x20,0x00,0x00,0x00,0x00,0x00,0x00,0xDF,0xFF,0x20,0x00,
    0x00,0x00,0xFF,0xFF,0x00,0x00,0x00,0x00,0x00,0x00,0x00,0xDF,0xFF,0x20,0x00,0x00,0x00,0x00,0x00,0x00,0xDF,0xFF,0x20,0x00,
    0x00,0x00,0xFB,0xFF,0x28,0x00,0x00,0x00,0x00,0x00,0x00,0xDF,0xFF,0x20,0x00,0x00,0x00,0x00,0x00,0x28,0xFB,0xFB,0x04,0x00,
    0x00,0x00,0xAF,0xFF,0xF3,0xFF,0xFF,0xFF,0xFF,0xFF,0xFF,0xFF,0xFF,0xFF,0xFF,0xFF,0xFF,0xFF,0xFF,0xFF,0xFF,0xAF,0x00,0x00,
    0x00,0x00,0x18,0x9B,0xE3,0xFF,0xFF,0xFF,0xFF,0xFF,0xFF,0xFF,0xFF,0xFF,0xFF,0xFF,0xFF,0xFF,0xFF,0xE7,0x9F,0x18,0x00,0x00,
    0x00,0x00,0x00,0x00,0x00,0x00,0x00,0x00,0x00,0x00,0x00,0x00,0x00,0x00,0x00,0x00,0x00,0x00,0x00,0x00,0x00,0x00,0x00,0x00,
    0x00,0x00,0x00,0x00,0x00,0x00,0x00,0x00,0x00,0x00,0x00,0x00,0x00,0x00,0x00,0x00,0x00,0x00,0x00,0x00,0x00,0x00,0x00,0x00,
  },
  { // shutter
    0x00,0x00,0x00,0x00,0x00,0x00,0x00,0x00,0x00,0x00,0x00,0x00,0x00,0x00,0x00,0x00,0x00,0x00,0x00,0x00,0x00,0x00,0x00,0x00,
    0x00,0x00,0x00,0x04,0x20,0x20,0x20,0x20,0x20,0x20,0x20,0x20,0x20,0x20,0x20,0x20,0x20,0x20,0x20,0x20,0x04,0x00,0x00,0x00,
    0x00,0x00,0x38,0xDF,0xFF,0xFF,0xFF,0xFF,0xFF,0xFF,0xFF,0xFF,0xFF,0xFF,0xFF,0xFF,0xFF,0xFF,0xFF,0xFF,0xDF,0x38,0x00,0x00,
    0x00,0x00,0xCB,0xFF,0xE3,0xDF,0xDF,0xDF,0xDF,0xDF,0xDF,0xDF,0xDF,0xDF,0xDF,0xDF,0xDF,0xDF,0xDF,0xE7,0xFF,0xCB,0x00,0x00,
    0x00,0x00,0xFF,0xFF,0x04,0x00,0x00,0x00,0x00,0x00,0x00,0x00,0x00,0x00,0x00,0x00,0x00,0x00,0x00,0x04,0xEF,0xFF,0x10,0x00,
    0x00,0x00,0xFF,0xFF,0x00,0x00,0x00,0x00,0x00,0x00,0x00,0x00,0x00,0x00,0x00,0x00,0x00,0x00,0x00,0x00,0xDF,0xFF,0x20,0x00,
    0x00,0x00,0xFF,0xFF,0xBF,0xBF,0xBF,0xBF,0xBF,0xBF,0xBF,0xBF,0xBF,0xBF,0xBF,0xBF,0xBF,0xBF,0xBF,0xBF,0xF7,0xFF,0x20,0x00,
    0x00,0x00,0xFF,0xFF,0xFF,0xFF,0xFF,0xFF,0xFF,0xFF,0xFF,0xFF,0xFF,0xFF,0xFF,0xFF,0xFF,0xFF,0xFF,0xFF,0xFF,0xFF,0x20,0x00,
    0x00,0x00,0xFF,0xFF,0x9F,0x9F,0x9F,0x9F,0x9F,0x9F,0x9F,0x9F,0x9F,0x9F,0x9F,0x9F,0x9F,0x9F,0x9F,0x9F,0xF3,0xFF,0x20,0x00,
    0x00,0x00,0xFF,0xFF,0x00,0x00,0x00,0x00,0x00,0x00,0x00,0x00,0x00,0x00,0x00,0x00,0x00,0x00,0x00,0x00,0xDF,0xFF,0x20,0x00,
    0x00,0x00,0xFF,0xFF,0x00,0x00,0x00,0x00,0x00,0x00,0x00,0x00,0x00,0x00,0x00,0x00,0x00,0x00,0x00,0x00,0xDF,0xFF,0x20,0x00,
    0x00,0x00,0xFF,0xFF,0x00,0x4C,0xF7,0xDF,0xDF,0xDF,0xDF,0xDF,0xDF,0xDF,0xDF,0xDF,0xDF,0xF3,0x34,0x00,0xDF,0xFF,0x20,0x00,
    0x00,0x00,0xFF,0xFF,0x00,0x4C,0xFB,0xFF,0xFF,0xFF,0xFF,0xFF,0xFF,0xFF,0xFF,0xFF,0xFF,0xF3,0x34,0x00,0xDF,0xFF,0x20,0x00,
    0x00,0x00,0xFF,0xFF,0x00,0x00,0x10,0x20,0x20,0x20,0x20,0x20,0x20,0x20,0x20,0x20,0x20,0x10,0x00,0x00,0xDF,0xFF,0x20,0x00,
    0x00,0x00,0xFF,0xFF,0x00,0x00,0x00,0x00,0x00,0x00,0x00,0x00,0x00,0x00,0x00,0x00,0x00,0x00,0x00,0x00,0xDF,0xFF,0x20,0x00,
    0x00,0x00,0xFF,0xFF,0x00,0x10,0x78,0x60,0x60,0x60,0x60,0x60,0x60,0x60,0x60,0x60,0x60,0x74,0x08,0x00,0xDF,0xFF,0x20,0x00,
    0x00,0x00,0xFF,0xFF,0x00,0x78,0xFF,0xFF,0xFF,0xFF,0xFF,0xFF,0xFF,0xFF,0xFF,0xFF,0xFF,0xFF,0x58,0x00,0xDF,0xFF,0x20,0x00,
    0x00,0x00,0xFF,0xFF,0x00,0x10,0x8C,0x9F,0x9F,0x9F,0x9F,0x9F,0x9F,0x9F,0x9F,0x9F,0x9F,0x84,0x08,0x00,0xDF,0xFF,0x20,0x00,
    0x00,0x00,0xFF,0xFF,0x00,0x00,0x00,0x00,0x00,0x00,0x00,0x00,0x00,0x00,0x00,0x00,0x00,0x00,0x00,0x00,0xDF,0xFF,0x20,0x00,
    0x00,0x00,0xFF,0xFF,0x04,0x00,0x00,0x00,0x00,0x00,0x00,0x00,0x00,0x00,0x00,0x00,0x00,0x00,0x00,0x04,0xEF,0xFF,0x10,0x00,
    0x00,0x00,0xCB,0xFF,0xE3,0xDF,0xDF,0xDF,0xDF,0xDF,0xDF,0xDF,0xDF,0xDF,0xDF,0xDF,0xDF,0xDF,0xDF,0xE7,0xFF,0xCB,0x00,0x00,
    0x00,0x00,0x38,0xDF,0xFF,0xFF,0xFF,0xFF,0xFF,0xFF,0xFF,0xFF,0xFF,0xFF,0xFF,0xFF,0xFF,0xFF,0xFF,0xFF,0xDF,0x38,0x00,0x00,
    0x00,0x00,0x00,0x04,0x20,0x20,0x20,0x20,0x20,0x20,0x20,0x20,0x20,0x20,0x20,0x20,0x20,0x20,0x20,0x20,0x04,0x00,0x00,0x00,
    0x00,0x00,0x00,0x00,0x00,0x00,0x00,0x00,0x00,0x00,0x00,0x00,0x00,0x00,0x00,0x00,0x00,0x00,0x00,0x00,0x00,0x00,0x00,0x00,
  },
  { // blind
    0x00,0x00,0x00,0x00,0x00,0x00,0x00,0x00,0x00,0x00,0x00,0x00,0x00,0x00,0x00,0x00,0x00,0x00,0x00,0x00,0x00,0x00,0x00,0x00,
    0x00,0x00,0x00,0x00,0x00,0x00,0x00,0x00,0x00,0x00,0x00,0x00,0x00,0x00,0x00,0x00,0x00,0x00,0x00,0x00,0x00,0x00,0x00,0x00,
    0x00,0x60,0x93,0x80,0x80,0x80,0x80,0x80,0x80,0x80,0x80,0x80,0x80,0x80,0x80,0x80,0x80,0x80,0x80,0x80,0x80,0x97,0x4C,0x00,
    0x18,0xFF,0xFF,0xFF,0xFF,0xFF,0xFF,0xFF,0xFF,0xFF,0xFF,0xFF,0xFF,0xFF,0xFF,0xFF,0xFF,0xFF,0xFF,0xFF,0xFF,0xFF,0xF7,0x00,
    0x04,0xBF,0xFF,0xFF,0xFF,0xFF,0xFF,0xFF,0xFF,0xFF,0xFF,0xFF,0xFF,0xFF,0xFF,0xFF,0xFF,0xFF,0xFF,0xFF,0xFF,0xFF,0xA3,0x00,
    0x00,0x00,0x1C,0x20,0x20,0x20,0x20,0x20,0x20,0x20,0x20,0x20,0x20,0x20,0x20,0x20,0x20,0x20,0x20,0x24,0xFF,0xC3,0x00,0x00,
    0x00,0x00,0x00,0x00,0x00,0x00,0x00,0x00,0x00,0x00,0x00,0x00,0x00,0x00,0x00,0x00,0x00,0x00,0x00,0x00,0xFF,0xBF,0x00,0x00,
    0x00,0x00,0x00,0x1C,0x97,0x80,0x80,0x80,0x80,0x80,0x80,0x80,0x80,0x80,0x80,0x80,0x80,0x93,0x10,0x00,0xFF,0xBF,0x00,0x00,
    0x00,0x00,0x00,0x74,0xFF,0xFF,0xFF,0xFF,0xFF,0xFF,0xFF,0xFF,0xFF,0xFF,0xFF,0xFF,0xFF,0xFF,0x54,0x00,0xFF,0xBF,0x00,0x00,
    0x00,0x00,0x00,0x08,0x6C,0x80,0x80,0x80,0x80,0x80,0x80,0x80,0x80,0x80,0x80,0x80,0x80,0x64,0x04,0x00,0xFF,0xBF,0x00,0x00,
    0x00,0x00,0x00,0x00,0x38,0x20,0x20,0x20,0x20,0x20,0x20,0x20,0x20,0x20,0x20,0x20,0x20,0x34,0x00,0x00,0xFF,0xBF,0x00,0x00,
    0x00,0x00,0x00,0x6C,0xFF,0xFF,0xFF,0xFF,0xFF,0xFF,0xFF,0xFF,0xFF,0xFF,0xFF,0xFF,0xFF,0xFF,0x4C,0x00,0xFF,0xBF,0x00,0x00,
    0x00,0x00,0x00,0x2C,0xCB,0xDF,0xDF,0xDF,0xDF,0xDF,0xDF,0xDF,0xDF,0xDF,0xDF,0xDF,0xDF,0xC3,0x1C,0x00,0xFF,0xBF,0x00,0x00,
    0x00,0x00,0x00,0x00,0x00,0x00,0x00,0x00,0x00,0x00,0x00,0x00,0x00,0x00,0x00,0x00,0x00,0x00,0x00,0x00,0xFF,0xBF,0x00,0x00,
    0x00,0x00,0x00,0x3C,0xD7,0xBF,0xBF,0xBF,0xBF,0xBF,0xBF,0xBF,0xBF,0xBF,0xBF,0xBF,0xBF,0xD3,0x28,0x00,0xFF,0xBF,0x00,0x00,
    0x00,0x00,0x00,0x5C,0xFF,0xFF,0xFF,0xFF,0xFF,0xFF,0xFF,0xFF,0xFF,0xFF,0xFF,0xFF,0xFF,0xFB,0x40,0x00,0xFF,0xBF,0x00,0x00,
    0x00,0x00,0x00,0x00,0x2C,0x40,0x40,0x40,0x40,0x40,0x40,0x40,0x40,0x40,0x40,0x40,0x40,0x28,0x00,0x00,0xFF,0xBF,0x00,0x00,
    0x00,0x00,0x00,0x00,0x00,0x00,0x00,0x00,0x00,0x00,0x00,0x00,0x00,0x00,0x00,0x00,0x00,0x00,0x00,0x00,0xFF,0xBF,0x00,0x00,
    0x00,0x00,0x00,0x00,0x00,0x00,0x00,0x00,0x00,0x00,0x00,0x00,0x00,0x00,0x00,0x00,0x00,0x00,0x00,0x04,0xFF,0xBF,0x00,0x00,
    0x00,0x00,0x00,0x00,0x00,0x00,0x00,0x00,0x00,0x00,0x00,0x00,0x00,0x00,0x00,0x00,0x00,0x00,0x00,0x24,0xFF,0xB7,0x00,0x00,
    0x00,0x00,0x00,0x00,0x00,0x00,0x00,0x00,0x00,0x00,0x00,0x00,0x00,0x00,0x00,0x00,0x00,0x00,0x00,0x78,0xFF,0xFF,0x18,0x00,
    0x00,0x00,0x00,0x00,0x00,0x00,0x00,0x00,0x00,0x00,0x00,0x00,0x00,0x00,0x00,0x00,0x00,0x00,0x00,0x30,0xD7,0xAB,0x00,0x00,
    0x00,0x00,0x00,0x00,0x00,0x00,0x00,0x00,0x00,0x00,0x00,0x00,0x00,0x00,0x00,0x00,0x00,0x00,0x00,0x00,0x00,0x00,0x00,0x00,
    0x00,0x00,0x00,0x00,0x00,0x00,0x00,0x00,0x00,0x00,0x00,0x00,0x00,0x00,0x00,0x00,0x00,0x00,0x00,0x00,0x00,0x00,0x00,0x00,
  },
  { // lock
    0x00,0x00,0x00,0x00,0x00,0x00,0x00,0x00,0x00,0x00,0x00,0x00,0x00,0x00,0x00,0x00,0x00,0x00,0x00,0x00,0x00,0x00,0x00,0x00,
    0x00,0x00,0x00,0x00,0x00,0x00,0x00,0x00,0x00,0x00,0x00,0x00,0x00,0x00,0x00,0x00,0x00,0x00,0x00,0x00,0x00,0x00,0x00,0x00,
    0x00,0x00,0x00,0x00,0x00,0x00,0x00,0x00,0x00,0x00,0x00,0x00,0x00,0x00,0x00,0x00,0x00,0x00,0x00,0x00,0x00,0x00,0x00,0x00,
    0x00,0x00,0x00,0x00,0x00,0x00,0x00,0x00,0x00,0x00,0x00,0x00,0x00,0x00,0x00,0x00,0x00,0x00,0x00,0x00,0x00,0x00,0x00,0x00,
    0x00,0x00,0x00,0x00,0x00,0x00,0x00,0x00,0x00,0x0C,0x6C,0x9F,0x9F,0x6C,0x0C,0x00,0x00,0x00,0x00,0x00,0x00,0x00,0x00,0x00,
    0x00,0x00,0x00,0x00,0x00,0x00,0x00,0x00,0x60,0xF3,0xFF,0xFF,0xFF,0xFF,0xF3,0x60,0x00,0x00,0x00,0x00,0x00,0x00,0x00,0x00,
    0x00,0x00,0x00,0x00,0x00,0x00,0x00,0x60,0xFF,0xFF,0xB7,0x68,0x68,0xB7,0xFF,0xFF,0x60,0x00,0x00,0x00,0x00,0x00,0x00,0x00,
    0x00,0x00,0x00,0x00,0x00,0x00,0x10,0xE3,0xFF,0x60,0x00,0x00,0x00,0x00,0x60,0xFF,0xE3,0x10,0x00,0x00,0x00,0x00,0x00,0x00,
    0x00,0x00,0x00,0x00,0x00,0x00,0x54,0xFF,0xB7,0x00,0x00,0x00,0x00,0x00,0x00,0xB7,0xFF,0x54,0x00,0x00,0x00,0x00,0x00,0x00,
    0x00,0x00,0x00,0x00,0x00,0x00,0x80,0xFF,0x88,0x00,0x00,0x00,0x00,0x00,0x00,0x80,0xFF,0x90,0x00,0x00,0x00,0x00,0x00,0x00,
    0x00,0x00,0x00,0x00,0x00,0x00,0x64,0xFF,0x9F,0x00,0x00,0x00,0x00,0x00,0x00,0x64,0xFF,0x9F,0x00,0x00,0x00,0x00,0x00,0x00,
    0x00,0x00,0x00,0x00,0x00,0x2C,0x98,0xFF,0xC3,0x60,0x60,0x60,0x60,0x60,0x60,0x9C,0xFF,0xBB,0x2C,0x00,0x00,0x00,0x00,0x00,
    0x00,0x00,0x00,0x08,0xBF,0xFF,0xFF,0xFF,0xFF,0xFF,0xFF,0xFF,0xFF,0xFF,0xFF,0xFF,0xFF,0xFF,0xFF,0xBF,0x08,0x00,0x00,0x00,
    0x00,0x00,0x00,0x60,0xFF,0xEB,0xA3,0x9F,0x9F,0x9F,0x9F,0x9F,0x9F,0x9F,0x9F,0x9F,0x9F,0xA3,0xEB,0xFF,0x60,0x00,0x00,0x00,
    0x00,0x00,0x00,0x9F,0xFF,0x64,0x00,0x00,0x00,0x00,0x00,0x00,0x00,0x00,0x00,0x00,0x00,0x00,0x64,0xFF,0x9F,0x00,0x00,0x00,
    0x00,0x00,0x00,0x9F,0xFF,0x60,0x00,0x00,0x00,0x00,0x18,0xE7,0xE7,0x18,0x00,0x00,0x00,0x00,0x60,0xFF,0x9F,0x00,0x00,0x00,
    0x00,0x00,0x00,0x9F,0xFF,0x60,0x00,0x00,0x00,0x00,0x30,0xFF,0xFF,0x30,0x00,0x00,0x00,0x00,0x60,0xFF,0x9F,0x00,0x00,0x00,
    0x00,0x00,0x00,0x9F,0xFF,0x60,0x00,0x00,0x00,0x00,0x00,0xC3,0xFF,0x00,0x00,0x00,0x00,0x00,0x60,0xFF,0x9F,0x00,0x00,0x00,
    0x00,0x00,0x00,0x9F,0xFF,0x60,0x00,0x00,0x00,0x00,0x00,0xCB,0xFF,0x00,0x00,0x00,0x00,0x00,0x60,0xFF,0x9F,0x00,0x00,0x00,
    0x00,0x00,0x00,0x9F,0xFF,0x60,0x00,0x00,0x00,0x00,0x00,0x78,0x78,0x00,0x00,0x00,0x00,0x00,0x60,0xFF,0x9F,0x00,0x00,0x00,
    0x00,0x00,0x00,0x78,0xFF,0xC7,0x80,0x80,0x80,0x80,0x80,0x80,0x80,0x80,0x80,0x80,0x80,0x80,0xC7,0xFF,0x78,0x00,0x00,0x00,
    0x00,0x00,0x00,0x14,0xDF,0xFF,0xFF,0xFF,0xFF,0xFF,0xFF,0xFF,0xFF,0xFF,0xFF,0xFF,0xFF,0xFF,0xFF,0xDB,0x14,0x00,0x00,0x00,
    0x00,0x00,0x00,0x00,0x10,0x64,0x80,0x80,0x80,0x80,0x80,0x80,0x80,0x80,0x80,0x80,0x80,0x80,0x64,0x10,0x00,0x00,0x00,0x00,
    0x00,0x00,0x00,0x00,0x00,0x00,0x00,0x00,0x00,0x00,0x00,0x00,0x00,0x00,0x00,0x00,0x00,0x00,0x00,0x00,0x00,0x00,0x00,0x00,
  },
  { // heat
    0x00,0x00,0x00,0x00,0x00,0x00,0x00,0x00,0x00,0x00,0x00,0x4C,0x4C,0x00,0x00,0x00,0x00,0x00,0x00,0x00,0x00,0x00,0x00,0x00,
    0x00,0x00,0x00,0x00,0x00,0x00,0x00,0x00,0x00,0x00,0x1C,0xFB,0xFB,0x28,0x00,0x00,0x00,0x00,0x00,0x00,0x00,0x00,0x00,0x00,
    0x00,0x00,0x00,0x00,0x00,0x00,0x00,0x00,0x00,0x00,0x84,0xFF,0xFF,0xE3,0x0C,0x00,0x00,0x00,0x00,0x00,0x00,0x00,0x00,0x00,
    0x00,0x00,0x00,0x00,0x00,0x00,0x00,0x00,0x00,0x00,0xDB,0xFF,0xEB,0xFF,0xB7,0x00,0x00,0x00,0x00,0x00,0x00,0x00,0x00,0x00,
    0x00,0x00,0x00,0x00,0x00,0x00,0x00,0x00,0x00,0x0C,0xF7,0xDB,0x28,0xEB,0xFF,0x6C,0x00,0x00,0x00,0x00,0x00,0x00,0x00,0x00,
    0x00,0x00,0x00,0x00,0x00,0x00,0x00,0x00,0x44,0xA3,0xFF,0xBF,0x00,0x50,0xF7,0xFB,0x30,0x00,0x00,0x00,0x00,0x00,0x00,0x00,
    0x00,0x00,0x00,0x00,0x00,0x00,0x00,0x44,0xFB,0xFF,0xFF,0xC7,0x00,0x00,0x84,0xFF,0xDF,0x04,0x00,0x00,0x00,0x00,0x00,0x00,
    0x00,0x00,0x00,0x00,0x00,0x00,0x34,0xF7,0xEB,0xFF,0xFF,0xBB,0x00,0x00,0x08,0xCF,0xFF,0x7C,0x00,0x00,0x00,0x00,0x00,0x00,
    0x00,0x00,0x00,0x00,0x00,0x08,0xCB,0xFF,0x98,0xF7,0xFF,0xEF,0x08,0x00,0x00,0x2C,0xFB,0xFB,0x1C,0x00,0x00,0x00,0x00,0x00,
    0x00,0x00,0x00,0x00,0x00,0x74,0xFF,0xCB,0x08,0xA7,0xFF,0xEB,0x38,0x00,0x00,0x00,0x98,0xFF,0x90,0x00,0x00,0x00,0x00,0x00,
    0x00,0x00,0x00,0x00,0x08,0xE3,0xFF,0x44,0x00,0x30,0xFB,0xFF,0x88,0x00,0x00,0x00,0x18,0xFB,0xF7,0x10,0x00,0x00,0x00,0x00,
    0x00,0x00,0x00,0x00,0x5C,0xFF,0xCF,0x00,0x00,0x00,0x84,0xFF,0xB7,0x00,0x00,0x00,0x00,0xC7,0xFF,0x50,0x00,0x00,0x00,0x00,
    0x00,0x00,0x00,0x00,0x88,0xF7,0x74,0x00,0x00,0x00,0x1C,0xF7,0xEF,0x1C,0x00,0x00,0x00,0x88,0xFF,0x8C,0x00,0x00,0x00,0x00,
    0x00,0x00,0x00,0x00,0x9F,0xFF,0x60,0x00,0x00,0x08,0xC3,0xF3,0xF3,0xC3,0x08,0x00,0x00,0x60,0xFF,0x9F,0x00,0x00,0x00,0x00,
    0x00,0x00,0x00,0x00,0x9F,0xFF,0x60,0x00,0x00,0x8F,0xFB,0x74,0x74,0xFB,0x8F,0x00,0x00,0x60,0xFF,0x9F,0x00,0x00,0x00,0x00,
    0x00,0x00,0x00,0x00,0x88,0xFF,0x6C,0x00,0x20,0xF7,0xA3,0x04,0x04,0xA3,0xF7,0x20,0x00,0x6C,0xFF,0x88,0x00,0x00,0x00,0x00,
    0x00,0x00,0x00,0x00,0x68,0xFF,0xB3,0x00,0x78,0xF7,0x44,0x00,0x00,0x44,0xF7,0x78,0x00,0xB3,0xFF,0x68,0x00,0x00,0x00,0x00,
    0x00,0x00,0x00,0x00,0x14,0xFB,0xDB,0x14,0xB7,0xFF,0x08,0x00,0x00,0x08,0xFF,0xB7,0x14,0xDB,0xFB,0x14,0x00,0x00,0x00,0x00,
    0x00,0x00,0x00,0x00,0x00,0xA3,0xFF,0x9C,0xA7,0xF3,0x10,0x00,0x00,0x10,0xF3,0xA7,0x9C,0xFF,0xA3,0x00,0x00,0x00,0x00,0x00,
    0x00,0x00,0x00,0x00,0x00,0x28,0xFB,0xFF,0xC7,0xFF,0x78,0x00,0x00,0x78,0xFF,0xC7,0xFF,0xFB,0x28,0x00,0x00,0x00,0x00,0x00,
    0x00,0x00,0x00,0x00,0x00,0x00,0x68,0xFF,0xF7,0xFF,0xFF,0xCB,0xCB,0xFF,0xFF,0xF7,0xFF,0x68,0x00,0x00,0x00,0x00,0x00,0x00,
    0x00,0x00,0x00,0x00,0x00,0x00,0x00,0x6C,0xF7,0xFB,0xFF,0xFF,0xFF,0xFF,0xFB,0xF7,0x68,0x00,0x00,0x00,0x00,0x00,0x00,0x00,
    0x00,0x00,0x00,0x00,0x00,0x00,0x00,0x00,0x28,0x9F,0xF3,0xFF,0xFF,0xF3,0x9F,0x28,0x00,0x00,0x00,0x00,0x00,0x00,0x00,0x00,
    0x00,0x00,0x00,0x00,0x00,0x00,0x00,0x00,0x00,0x00,0x08,0x20,0x20,0x04,0x00,0x00,0x00,0x00,0x00,0x00,0x00,0x00,0x00,0x00,
  },
  { // cool
    0x00,0x00,0x00,0x00,0x00,0x00,0x00,0x00,0x00,0x00,0x00,0x00,0x00,0x00,0x00,0x00,0x00,0x00,0x00,0x00,0x00,0x00,0x00,0x00,
    0x00,0x00,0x00,0x00,0x00,0x00,0x00,0x00,0x00,0x00,0x00,0x1C,0x1C,0x00,0x00,0x00,0x00,0x00,0x00,0x00,0x00,0x00,0x00,0x00,
    0x00,0x00,0x00,0x00,0x00,0x00,0x00,0x00,0x00,0x00,0x00,0xEB,0xEB,0x00,0x00,0x00,0x00,0x00,0x00,0x00,0x00,0x00,0x00,0x00,
    0x00,0x00,0x00,0x00,0x00,0x00,0x00,0x00,0x00,0x10,0x00,0xFF,0xFF,0x00,0x10,0x00,0x00,0x00,0x00,0x00,0x00,0x00,0x00,0x00,
    0x00,0x00,0x00,0x00,0x00,0x00,0x00,0x00,0x28,0xFB,0xBB,0xFF,0xFF,0xAB,0xF3,0x10,0x00,0x00,0x00,0x00,0x00,0x00,0x00,0x00,
    0x00,0x00,0x00,0x00,0x00,0x00,0x70,0x48,0x08,0xB7,0xFF,0xFF,0xFF,0xFF,0xC3,0x00,0x5C,0x5C,0x00,0x00,0x00,0x00,0x00,0x00,
    0x00,0x00,0x00,0x68,0x7C,0x08,0xFB,0xC7,0x00,0x00,0x70,0xFF,0xFF,0x9F,0x0C,0x00,0xE7,0xDB,0x00,0x7C,0x54,0x00,0x00,0x00,
    0x00,0x00,0x00,0xF3,0xFF,0xE3,0xF3,0xE7,0x00,0x00,0x00,0xFF,0xFF,0x00,0x00,0x08,0xFF,0xDB,0xCB,0xFF,0xD3,0x00,0x00,0x00,
    0x00,0x00,0x00,0x38,0xC3,0xFF,0xFF,0xFF,0x34,0x00,0x00,0xFF,0xFF,0x00,0x00,0x30,0xFF,0xFF,0xFF,0xDB,0x3C,0x00,0x00,0x00,
    0x00,0x00,0x00,0x0C,0x7C,0xF3,0xFF,0xFF,0xFF,0x9F,0x18,0xFF,0xFF,0x04,0x74,0xEF,0xFF,0xFF,0xFF,0x80,0x04,0x00,0x00,0x00,
    0x00,0x00,0x00,0x4C,0xFF,0xEF,0x94,0x84,0xF7,0xFF,0xEF,0xFF,0xFF,0xD7,0xFF,0xFF,0xA7,0x88,0xE7,0xFF,0x2C,0x00,0x00,0x00,
    0x00,0x00,0x00,0x00,0x34,0x08,0x00,0x00,0x1C,0xA7,0xFF,0xFF,0xFF,0xFF,0xD3,0x40,0x00,0x00,0x04,0x2C,0x00,0x00,0x00,0x00,
    0x00,0x00,0x00,0x04,0x50,0x04,0x00,0x00,0x18,0x9F,0xFB,0xFF,0xFF,0xFF,0x9F,0x18,0x00,0x00,0x0C,0x4C,0x00,0x00,0x00,0x00,
    0x00,0x00,0x00,0x50,0xFF,0xE7,0x88,0x80,0xF3,0xFF,0xEF,0xF7,0xFF,0xF7,0xFF,0xEF,0x7C,0x94,0xEF,0xFF,0x30,0x00,0x00,0x00,
    0x00,0x00,0x00,0x04,0x78,0xFB,0xFF,0xFF,0xFB,0x94,0x10,0xDF,0xFF,0x30,0x94,0xFB,0xFF,0xFF,0xF3,0x68,0x00,0x00,0x00,0x00,
    0x00,0x00,0x00,0x4C,0xCB,0xFF,0xFF,0xFF,0x38,0x00,0x00,0xDF,0xFF,0x20,0x00,0x28,0xFF,0xFF,0xFF,0xBF,0x3C,0x00,0x00,0x00,
    0x00,0x00,0x00,0xF7,0xFF,0xCF,0xDB,0xFF,0x08,0x00,0x00,0xEB,0xFF,0x14,0x00,0x00,0xE7,0xEF,0xD7,0xFF,0xD7,0x00,0x00,0x00,
    0x00,0x00,0x00,0x4C,0x5C,0x04,0xEB,0xDF,0x00,0x0C,0x9F,0xFF,0xFF,0x70,0x00,0x00,0xD7,0xEB,0x04,0x64,0x3C,0x00,0x00,0x00,
    0x00,0x00,0x00,0x00,0x00,0x00,0x54,0x34,0x10,0xCF,0xFF,0xFF,0xFF,0xFF,0xB7,0x04,0x44,0x44,0x00,0x00,0x00,0x00,0x00,0x00,
    0x00,0x00,0x00,0x00,0x00,0x00,0x00,0x00,0x20,0xEB,0x9B,0xFF,0xFF,0xB7,0xE3,0x0C,0x00,0x00,0x00,0x00,0x00,0x00,0x00,0x00,
    0x00,0x00,0x00,0x00,0x00,0x00,0x00,0x00,0x00,0x00,0x08,0xFF,0xFF,0x00,0x00,0x00,0x00,0x00,0x00,0x00,0x00,0x00,0x00,0x00,
    0x00,0x00,0x00,0x00,0x00,0x00,0x00,0x00,0x00,0x00,0x10,0xEB,0xC3,0x00,0x00,0x00,0x00,0x00,0x00,0x00,0x00,0x00,0x00,0x00,
    0x00,0x00,0x00,0x00,0x00,0x00,0x00,0x00,0x00,0x00,0x00,0x10,0x08,0x00,0x00,0x00,0x00,0x00,0x00,0x00,0x00,0x00,0x00,0x00,
    0x00,0x00,0x00,0x00,0x00,0x00,0x00,0x00,0x00,0x00,0x00,0x00,0x00,0x00,0x00,0x00,0x00,0x00,0x00,0x00,0x00,0x00,0x00,0x00,
  },
  { // fan
    0x00,0x00,0x00,0x00,0x00,0x00,0x00,0x00,0x00,0x00,0x00,0x00,0x00,0x00,0x00,0x00,0x00,0x00,0x00,0x00,0x00,0x00,0x00,0x00,
    0x00,0x00,0x00,0x00,0x00,0x00,0x00,0x00,0x00,0x00,0x14,0x58,0x5C,0x14,0x00,0x00,0x00,0x00,0x00,0x00,0x00,0x00,0x00,0x00,
    0x00,0x00,0x00,0x00,0x00,0x00,0x00,0x00,0x00,0x58,0xEB,0xFF,0xFF,0xEB,0x58,0x00,0x00,0x00,0x00,0x00,0x00,0x00,0x00,0x00,
    0x00,0x00,0x00,0x00,0x00,0x00,0x00,0x00,0x1C,0xF7,0xFF,0xBB,0xBB,0xFF,0xF7,0x1C,0x00,0x00,0x00,0x00,0x00,0x00,0x00,0x00,
    0x00,0x00,0x00,0x00,0x00,0x00,0x00,0x00,0x78,0xFF,0x9C,0x00,0x00,0x9C,0xFF,0x78,0x00,0x00,0x00,0x00,0x00,0x00,0x00,0x00,
    0x00,0x00,0x00,0x00,0x00,0x00,0x00,0x00,0x9B,0xFF,0x6C,0x00,0x00,0x6C,0xFF,0x9B,0x00,0x00,0x00,0x00,0x00,0x00,0x00,0x00,
    0x00,0x00,0x00,0x00,0x00,0x00,0x00,0x00,0x7C,0xFF,0xAF,0x00,0x00,0xAF,0xFF,0x7C,0x00,0x00,0x00,0x00,0x00,0x00,0x00,0x00,
    0x00,0x00,0x00,0x00,0x00,0x00,0x00,0x00,0x18,0xF3,0xF7,0x38,0x38,0xF7,0xF3,0x18,0x00,0x00,0x00,0x00,0x00,0x00,0x00,0x00,
    0x00,0x00,0x00,0x00,0x00,0x00,0x00,0x00,0x00,0x8C,0xFF,0xF3,0xF3,0xFF,0x8C,0x00,0x00,0x00,0x00,0x00,0x00,0x00,0x00,0x00,
    0x00,0x00,0x00,0x00,0x00,0x00,0x00,0x00,0x00,0x1C,0xEB,0xFF,0xFF,0xEB,0x1C,0x00,0x00,0x00,0x00,0x00,0x00,0x00,0x00,0x00,
    0x00,0x00,0x00,0x00,0x00,0x00,0x00,0x00,0x00,0xAB,0xFF,0xFF,0xFF,0xFF,0xAB,0x00,0x00,0x00,0x00,0x00,0x00,0x00,0x00,0x00,
    0x00,0x00,0x00,0x00,0x00,0x20,0x60,0x60,0x50,0xFB,0xF3,0x20,0x20,0xFF,0xFB,0x50,0x60,0x5C,0x20,0x00,0x00,0x00,0x00,0x00,
    0x00,0x00,0x00,0x1C,0xAF,0xFF,0xFF,0xFF,0xFF,0xFF,0xF3,0x20,0x20,0xFF,0xFF,0xFF,0xFF,0xFF,0xFF,0xAF,0x1C,0x00,0x00,0x00,
    0x00,0x00,0x04,0xDB,0xFB,0xF7,0xAF,0x9F,0xD3,0xFF,0xFF,0xFF,0xFF,0xFF,0xFF,0xD3,0x9F,0xAF,0xF7,0xFB,0xD7,0x04,0x00,0x00,
    0x00,0x00,0x54,0xFF,0xCF,0x10,0x00,0x00,0x64,0xFF,0xEB,0xF7,0xFB,0xEB,0xFF,0x64,0x00,0x00,0x10,0xCF,0xFF,0x54,0x00,0x00,
    0x00,0x00,0x80,0xFF,0x8C,0x00,0x00,0x04,0xC7,0xFF,0x70,0x00,0x00,0x70,0xFF,0xC7,0x04,0x00,0x00,0x8C,0xFF,0x80,0x00,0x00,
    0x00,0x00,0x60,0xFB,0xD7,0x38,0x38,0xA8,0xFF,0xE7,0x10,0x00,0x00,0x10,0xE7,0xFF,0xA8,0x38,0x38,0xD7,0xFB,0x60,0x00,0x00,
    0x00,0x00,0x04,0xD7,0xFF,0xFF,0xFF,0xFF,0xEB,0x38,0x00,0x00,0x00,0x00,0x3C,0xEB,0xFF,0xFF,0xFF,0xFF,0xD3,0x04,0x00,0x00,
    0x00,0x00,0x00,0x08,0x84,0xDB,0xD7,0x94,0x14,0x00,0x00,0x00,0x00,0x00,0x00,0x14,0x94,0xDB,0xDB,0x84,0x08,0x00,0x00,0x00,
    0x00,0x00,0x00,0x00,0x00,0x00,0x00,0x00,0x00,0x00,0x00,0x00,0x00,0x00,0x00,0x00,0x00,0x00,0x00,0x00,0x00,0x00,0x00,0x00,
    0x00,0x00,0x00,0x00,0x00,0x00,0x00,0x00,0x00,0x00,0x00,0x00,0x00,0x00,0x00,0x00,0x00,0x00,0x00,0x00,0x00,0x00,0x00,0x00,
    0x00,0x00,0x00,0x00,0x00,0x00,0x00,0x00,0x00,0x00,0x00,0x00,0x00,0x00,0x00,0x00,0x00,0x00,0x00,0x00,0x00,0x00,0x00,0x00,
    0x00,0x00,0x00,0x00,0x00,0x00,0x00,0x00,0x00,0x00,0x00,0x00,0x00,0x00,0x00,0x00,0x00,0x00,0x00,0x00,0x00,0x00,0x00,0x00,
    0x00,0x00,0x00,0x00,0x00,0x00,0x00,0x00,0x00,0x00,0x00,0x00,0x00,0x00,0x00,0x00,0x00,0x00,0x00,0x00,0x00,0x00,0x00,0x00,
  },
  { // thermo
    0x00,0x00,0x00,0x00,0x00,0x00,0x00,0x00,0x00,0x00,0x00,0x00,0x00,0x00,0x00,0x00,0x00,0x00,0x00,0x00,0x00,0x00,0x00,0x00,
    0x00,0x00,0x00,0x00,0x00,0x00,0x00,0x00,0x00,0x00,0x00,0x38,0x34,0x00,0x00,0x00,0x00,0x00,0x00,0x00,0x00,0x00,0x00,0x00,
    0x00,0x00,0x00,0x00,0x00,0x00,0x00,0x00,0x00,0x3C,0xDB,0xFF,0xFF,0xDB,0x3C,0x00,0x00,0x00,0x00,0x00,0x00,0x00,0x00,0x00,
    0x00,0x00,0x00,0x00,0x00,0x00,0x00,0x00,0x04,0xDF,0xFF,0xD7,0xD7,0xFF,0xDF,0x04,0x00,0x00,0x00,0x00,0x00,0x00,0x00,0x00,
    0x00,0x00,0x00,0x00,0x00,0x00,0x00,0x00,0x48,0xFF,0xCB,0x04,0x04,0xCB,0xFF,0x48,0x00,0x00,0x00,0x00,0x00,0x00,0x00,0x00,
    0x00,0x00,0x00,0x00,0x00,0x00,0x00,0x00,0x60,0xFF,0x9F,0x00,0x00,0x9F,0xFF,0x60,0x00,0x00,0x00,0x00,0x00,0x00,0x00,0x00,
    0x00,0x00,0x00,0x00,0x00,0x00,0x00,0x00,0x60,0xFF,0x9F,0x00,0x00,0x9F,0xFF,0x60,0x00,0x00,0x00,0x00,0x00,0x00,0x00,0x00,
    0x00,0x00,0x00,0x00,0x00,0x00,0x00,0x00,0x60,0xFF,0x9F,0x00,0x00,0x9F,0xFF,0x60,0x34,0x6C,0x60,0x60,0x70,0x0C,0x00,0x00,
    0x00,0x00,0x00,0x00,0x00,0x00,0x00,0x00,0x60,0xFF,0x9F,0x00,0x00,0x9F,0xFF,0x60,0xAB,0xFF,0xFF,0xFF,0xFF,0x4C,0x00,0x00,
    0x00,0x00,0x00,0x00,0x00,0x00,0x00,0x00,0x60,0xFF,0x9F,0x00,0x00,0x9F,0xFF,0x60,0x10,0x5C,0x60,0x60,0x4C,0x00,0x00,0x00,
    0x00,0x00,0x00,0x00,0x00,0x00,0x00,0x00,0x60,0xFF,0x9F,0x00,0x00,0x9F,0xFF,0x60,0x00,0x00,0x00,0x00,0x00,0x00,0x00,0x00,
    0x00,0x00,0x00,0x00,0x00,0x00,0x00,0x00,0x60,0xFF,0x9F,0x00,0x00,0x9F,0xFF,0x60,0x78,0xCB,0xBF,0xBF,0xCF,0x2C,0x00,0x00,
    0x00,0x00,0x00,0x00,0x00,0x00,0x00,0x00,0x60,0xFF,0x9F,0x00,0x00,0x9F,0xFF,0x60,0x78,0xFB,0xFF,0xFF,0xEB,0x2C,0x00,0x00,
    0x00,0x00,0x00,0x00,0x00,0x00,0x00,0x00,0x60,0xFF,0x9F,0x00,0x00,0x9F,0xFF,0x60,0x00,0x00,0x00,0x00,0x00,0x00,0x00,0x00,
    0x00,0x00,0x00,0x00,0x00,0x00,0x00,0x14,0xDF,0xFF,0xA7,0x00,0x00,0xA7,0xFF,0xDB,0x10,0x00,0x00,0x00,0x00,0x00,0x00,0x00,
    0x00,0x00,0x00,0x00,0x00,0x00,0x00,0xA3,0xFF,0xBB,0x1C,0x00,0x00,0x24,0xBB,0xFF,0xA3,0x00,0x00,0x00,0x00,0x00,0x00,0x00,
    0x00,0x00,0x00,0x00,0x00,0x00,0x1C,0xF7,0xDB,0x1C,0x40,0xDF,0xDF,0x40,0x1C,0xDB,0xF7,0x1C,0x00,0x00,0x00,0x00,0x00,0x00,
    0x00,0x00,0x00,0x00,0x00,0x00,0x4C,0xFB,0xA3,0x00,0xE3,0xFF,0xFF,0xE3,0x00,0xA3,0xFB,0x4C,0x00,0x00,0x00,0x00,0x00,0x00,
    0x00,0x00,0x00,0x00,0x00,0x00,0x54,0xFB,0x9B,0x00,0xE3,0xFF,0xFF,0xE3,0x00,0x9B,0xFB,0x54,0x00,0x00,0x00,0x00,0x00,0x00,
    0x00,0x00,0x00,0x00,0x00,0x00,0x24,0xFB,0xF3,0x18,0x40,0xDF,0xDF,0x40,0x18,0xF3,0xF7,0x24,0x00,0x00,0x00,0x00,0x00,0x00,
    0x00,0x00,0x00,0x00,0x00,0x00,0x00,0x9F,0xFF,0xC7,0x20,0x00,0x00,0x20,0xC7,0xFF,0x9F,0x00,0x00,0x00,0x00,0x00,0x00,0x00,
    0x00,0x00,0x00,0x00,0x00,0x00,0x00,0x18,0xD3,0xFF,0xFF,0xCB,0xCB,0xFF,0xFF,0xD3,0x18,0x00,0x00,0x00,0x00,0x00,0x00,0x00,
    0x00,0x00,0x00,0x00,0x00,0x00,0x00,0x00,0x10,0x94,0xF3,0xFF,0xFF,0xF3,0x94,0x10,0x00,0x00,0x00,0x00,0x00,0x00,0x00,0x00,
    0x00,0x00,0x00,0x00,0x00,0x00,0x00,0x00,0x00,0x00,0x0C,0x34,0x34,0x0C,0x00,0x00,0x00,0x00,0x00,0x00,0x00,0x00,0x00,0x00,
  },
  { // water
    0x00,0x00,0x00,0x00,0x00,0x00,0x00,0x00,0x00,0x00,0x00,0x1C,0x1C,0x00,0x00,0x00,0x00,0x00,0x00,0x00,0x00,0x00,0x00,0x00,
    0x00,0x00,0x00,0x00,0x00,0x00,0x00,0x00,0x00,0x00,0x0C,0xEB,0xEB,0x10,0x00,0x00,0x00,0x00,0x00,0x00,0x00,0x00,0x00,0x00,
    0x00,0x00,0x00,0x00,0x00,0x00,0x00,0x00,0x00,0x00,0xAF,0xFF,0xFF,0xAF,0x00,0x00,0x00,0x00,0x00,0x00,0x00,0x00,0x00,0x00,
    0x00,0x00,0x00,0x00,0x00,0x00,0x00,0x00,0x00,0x48,0xFF,0xEF,0xEF,0xFF,0x48,0x00,0x00,0x00,0x00,0x00,0x00,0x00,0x00,0x00,
    0x00,0x00,0x00,0x00,0x00,0x00,0x00,0x00,0x2C,0xEB,0xFF,0x68,0x68,0xFF,0xEB,0x2C,0x00,0x00,0x00,0x00,0x00,0x00,0x00,0x00,
    0x00,0x00,0x00,0x00,0x00,0x00,0x00,0x00,0xB3,0xFF,0xA7,0x00,0x00,0xA7,0xFF,0xB3,0x00,0x00,0x00,0x00,0x00,0x00,0x00,0x00,
    0x00,0x00,0x00,0x00,0x00,0x00,0x00,0x6C,0xFF,0xE7,0x14,0x00,0x00,0x14,0xE7,0xFF,0x6C,0x00,0x00,0x00,0x00,0x00,0x00,0x00,
    0x00,0x00,0x00,0x00,0x00,0x00,0x14,0xEB,0xF7,0x44,0x00,0x00,0x00,0x00,0x44,0xF7,0xEB,0x14,0x00,0x00,0x00,0x00,0x00,0x00,
    0x00,0x00,0x00,0x00,0x00,0x00,0x9C,0xFF,0xA3,0x00,0x00,0x00,0x00,0x00,0x00,0xA3,0xFF,0x9C,0x00,0x00,0x00,0x00,0x00,0x00,
    0x00,0x00,0x00,0x00,0x00,0x30,0xFF,0xF3,0x1C,0x00,0x00,0x00,0x00,0x00,0x00,0x1C,0xF3,0xFF,0x30,0x00,0x00,0x00,0x00,0x00,
    0x00,0x00,0x00,0x00,0x00,0xAF,0xFF,0x70,0x00,0x00,0x00,0x00,0x00,0x00,0x00,0x00,0x70,0xFF,0xAF,0x00,0x00,0x00,0x00,0x00,
    0x00,0x00,0x00,0x00,0x20,0xFF,0xDB,0x08,0x00,0x00,0x00,0x00,0x00,0x00,0x00,0x00,0x08,0xDB,0xFF,0x20,0x00,0x00,0x00,0x00,
    0x00,0x00,0x00,0x00,0x88,0xFF,0x97,0x00,0x00,0x00,0x00,0x00,0x00,0x00,0x00,0x00,0x00,0x97,0xFF,0x88,0x00,0x00,0x00,0x00,
    0x00,0x00,0x00,0x00,0xB3,0xFF,0x50,0x00,0x00,0x00,0x00,0x00,0x00,0x00,0x00,0x00,0x00,0x50,0xFF,0xB3,0x00,0x00,0x00,0x00,
    0x00,0x00,0x00,0x00,0xD7,0xF7,0x24,0x00,0x00,0x00,0x00,0x00,0x00,0x00,0x00,0x00,0x00,0x24,0xF7,0xD7,0x00,0x00,0x00,0x00,
    0x00,0x00,0x00,0x00,0xCF,0xEB,0x2C,0x00,0x00,0x00,0x00,0x00,0x00,0x00,0x00,0x00,0x00,0x2C,0xEB,0xCF,0x00,0x00,0x00,0x00,
    0x00,0x00,0x00,0x00,0xAF,0xFB,0x68,0x00,0x00,0x00,0x00,0x00,0x00,0x00,0x00,0x00,0x00,0x68,0xFB,0xAF,0x00,0x00,0x00,0x00,
    0x00,0x00,0x00,0x00,0x6C,0xFF,0xC3,0x00,0x00,0x00,0x00,0x00,0x00,0x00,0x00,0x00,0x00,0xC3,0xFF,0x6C,0x00,0x00,0x00,0x00,
    0x00,0x00,0x00,0x00,0x08,0xE7,0xFF,0x50,0x00,0x00,0x00,0x00,0x00,0x00,0x00,0x00,0x50,0xFF,0xE7,0x08,0x00,0x00,0x00,0x00,
    0x00,0x00,0x00,0x00,0x00,0x74,0xFF,0xF3,0x54,0x00,0x00,0x00,0x00,0x00,0x00,0x54,0xF3,0xFF,0x74,0x00,0x00,0x00,0x00,0x00,
    0x00,0x00,0x00,0x00,0x00,0x04,0x9B,0xFF,0xFF,0x97,0x3C,0x18,0x18,0x3C,0x97,0xFF,0xFF,0x9B,0x04,0x00,0x00,0x00,0x00,0x00,
    0x00,0x00,0x00,0x00,0x00,0x00,0x00,0x68,0xF3,0xFF,0xFF,0xFB,0xFF,0xFF,0xFF,0xF3,0x60,0x00,0x00,0x00,0x00,0x00,0x00,0x00,
    0x00,0x00,0x00,0x00,0x00,0x00,0x00,0x00,0x1C,0x90,0xD7,0xE3,0xE3,0xD3,0x90,0x1C,0x00,0x00,0x00,0x00,0x00,0x00,0x00,0x00,
    0x00,0x00,0x00,0x00,0x00,0x00,0x00,0x00,0x00,0x00,0x00,0x00,0x00,0x00,0x00,0x00,0x00,0x00,0x00,0x00,0x00,0x00,0x00,0x00,
  },
  { // valve
    0x00,0x00,0x00,0x00,0x00,0x00,0x00,0x00,0x00,0x00,0x00,0x00,0x00,0x00,0x00,0x00,0x00,0x00,0x00,0x00,0x00,0x00,0x00,0x00,
    0x00,0x00,0x00,0x00,0x00,0x00,0x00,0x00,0x00,0x00,0x00,0x00,0x00,0x00,0x00,0x00,0x00,0x00,0x00,0x00,0x00,0x00,0x00,0x00,
    0x00,0x00,0x00,0x00,0x00,0x00,0x4C,0x6C,0x60,0x60,0x60,0x60,0x60,0x60,0x60,0x60,0x6C,0x4C,0x00,0x00,0x00,0x00,0x00,0x00,
    0x00,0x00,0x00,0x00,0x00,0x00,0xF7,0xFF,0xFF,0xFF,0xFF,0xFF,0xFF,0xFF,0xFF,0xFF,0xFF,0xF7,0x00,0x00,0x00,0x00,0x00,0x00,
    0x00,0x00,0x00,0x00,0x00,0x00,0x4C,0x9F,0x9F,0x9F,0x9F,0xFF,0xFF,0x9F,0x9F,0x9F,0x9F,0x50,0x00,0x00,0x00,0x00,0x00,0x00,
    0x00,0x00,0x00,0x00,0x00,0x00,0x00,0x00,0x00,0x00,0x00,0xFF,0xFF,0x00,0x00,0x00,0x00,0x00,0x00,0x00,0x00,0x00,0x00,0x00,
    0x00,0x00,0x00,0x00,0x00,0x00,0x00,0x00,0x00,0x00,0x00,0xFF,0xFF,0x00,0x00,0x00,0x00,0x00,0x00,0x00,0x00,0x00,0x00,0x00,
    0x00,0x00,0x00,0x00,0x00,0x00,0x00,0x00,0x00,0x00,0x00,0xFF,0xFF,0x00,0x00,0x00,0x00,0x00,0x00,0x00,0x00,0x00,0x00,0x00,
    0x00,0x00,0x00,0x00,0x00,0x00,0x00,0x00,0x00,0x1C,0x6C,0xFF,0xFF,0x6C,0x1C,0x00,0x00,0x00,0x00,0x00,0x00,0x00,0x00,0x00,
    0x00,0x6C,0x2C,0x00,0x00,0x00,0x00,0x00,0x5C,0xEB,0xFF,0xFF,0xFF,0xFF,0xEB,0x5C,0x00,0x00,0x00,0x00,0x00,0x3C,0x5C,0x00,
    0x38,0xFF,0xCB,0x00,0x00,0x00,0x00,0x4C,0xFF,0xFF,0x93,0x68,0x68,0x93,0xFF,0xFF,0x4C,0x00,0x00,0x00,0x00,0xD7,0xFF,0x2C,
    0x20,0xFF,0xDF,0x00,0x00,0x00,0x08,0xDB,0xFB,0x6C,0x00,0x00,0x00,0x00,0x6C,0xFB,0xDB,0x08,0x00,0x00,0x00,0xBF,0xFF,0x40,
    0x20,0xFF,0xEB,0x60,0x60,0x60,0x78,0xFF,0xD3,0x00,0x00,0x00,0x00,0x00,0x00,0xD7,0xFF,0x78,0x60,0x60,0x60,0xD7,0xFF,0x40,
    0x38,0xFF,0xFF,0xFF,0xFF,0xFF,0xFF,0xFF,0xA7,0x00,0x00,0x00,0x00,0x00,0x00,0xBB,0xFF,0xFF,0xFF,0xFF,0xFF,0xFF,0xFF,0x40,
    0x20,0xFF,0xF3,0x9F,0x9F,0x9F,0xAF,0xFF,0xAF,0x00,0x00,0x00,0x00,0x00,0x00,0xB3,0xFF,0xAF,0x9F,0x9F,0x9F,0xE7,0xFF,0x40,
    0x20,0xFF,0xDF,0x00,0x00,0x00,0x08,0xEF,0xF7,0x50,0x00,0x00,0x00,0x00,0x50,0xF7,0xEF,0x08,0x00,0x00,0x00,0xBF,0xFF,0x40,
    0x38,0xFF,0xCF,0x00,0x00,0x00,0x00,0x74,0xFF,0xF3,0x84,0x28,0x28,0x84,0xF3,0xFF,0x74,0x00,0x00,0x00,0x00,0xD7,0xFF,0x30,
    0x00,0x6C,0x2C,0x00,0x00,0x00,0x00,0x00,0x84,0xFF,0xFF,0xF7,0xF7,0xFF,0xFF,0x84,0x00,0x00,0x00,0x00,0x00,0x3C,0x5C,0x00,
    0x00,0x00,0x00,0x00,0x00,0x00,0x00,0x00,0x00,0x34,0x98,0xD3,0xD3,0x9C,0x34,0x00,0x00,0x00,0x00,0x00,0x00,0x00,0x00,0x00,
    0x00,0x00,0x00,0x00,0x00,0x00,0x00,0x00,0x00,0x00,0x00,0x00,0x00,0x00,0x00,0x00,0x00,0x00,0x00,0x00,0x00,0x00,0x00,0x00,
    0x00,0x00,0x00,0x00,0x00,0x00,0x00,0x00,0x00,0x00,0x00,0x00,0x00,0x00,0x00,0x00,0x00,0x00,0x00,0x00,0x00,0x00,0x00,0x00,
    0x00,0x00,0x00,0x00,0x00,0x00,0x00,0x00,0x00,0x00,0x00,0x00,0x00,0x00,0x00,0x00,0x00,0x00,0x00,0x00,0x00,0x00,0x00,0x00,
    0x00,0x00,0x00,0x00,0x00,0x00,0x00,0x00,0x00,0x00,0x00,0x00,0x00,0x00,0x00,0x00,0x00,0x00,0x00,0x00,0x00,0x00,0x00,0x00,
    0x00,0x00,0x00,0x00,0x00,0x00,0x00,0x00,0x00,0x00,0x00,0x00,0x00,0x00,0x00,0x00,0x00,0x00,0x00,0x00,0x00,0x00,0x00,0x00,
  },
  { // tv
    0x00,0x00,0x00,0x00,0x00,0x00,0x00,0x00,0x00,0x00,0x00,0x00,0x00,0x00,0x00,0x00,0x00,0x00,0x00,0x00,0x00,0x00,0x00,0x00,
    0x00,0x00,0x00,0x00,0x00,0x00,0x00,0x00,0x00,0x00,0x00,0x00,0x00,0x00,0x00,0x00,0x00,0x00,0x00,0x00,0x00,0x00,0x00,0x00,
    0x00,0x00,0x00,0x00,0x00,0x00,0x00,0x00,0x00,0x00,0x00,0x00,0x00,0x00,0x00,0x00,0x00,0x00,0x00,0x00,0x00,0x00,0x00,0x00,
    0x00,0x04,0x7C,0xD3,0xDF,0xDF,0xDF,0xDF,0xDF,0xDF,0xDF,0xDF,0xDF,0xDF,0xDF,0xDF,0xDF,0xDF,0xDF,0xDF,0xD3,0x7C,0x04,0x00,
    0x00,0x88,0xFF,0xFF,0xFF,0xFF,0xFF,0xFF,0xFF,0xFF,0xFF,0xFF,0xFF,0xFF,0xFF,0xFF,0xFF,0xFF,0xFF,0xFF,0xFF,0xFF,0x88,0x00,
    0x00,0xEB,0xFF,0x44,0x20,0x20,0x20,0x20,0x20,0x20,0x20,0x20,0x20,0x20,0x20,0x20,0x20,0x20,0x20,0x20,0x44,0xFF,0xEB,0x00,
    0x00,0xFF,0xFF,0x00,0x00,0x00,0x00,0x00,0x00,0x00,0x00,0x00,0x00,0x00,0x00,0x00,0x00,0x00,0x00,0x00,0x00,0xD3,0xFF,0x14,
    0x00,0xFF,0xFF,0x00,0x00,0x00,0x00,0x00,0x00,0x00,0x00,0x00,0x00,0x00,0x00,0x00,0x00,0x00,0x00,0x00,0x00,0xDF,0xFF,0x20,
    0x00,0xFF,0xFF,0x00,0x00,0x00,0x00,0x00,0x00,0x00,0x00,0x00,0x00,0x00,0x00,0x00,0x00,0x00,0x00,0x00,0x00,0xDF,0xFF,0x20,
    0x00,0xFF,0xFF,0x00,0x00,0x00,0x00,0x00,0x00,0x00,0x00,0x00,0x00,0x00,0x00,0x00,0x00,0x00,0x00,0x00,0x00,0xDF,0xFF,0x20,
    0x00,0xFF,0xFF,0x00,0x00,0x00,0x00,0x00,0x00,0x00,0x00,0x00,0x00,0x00,0x00,0x00,0x00,0x00,0x00,0x00,0x00,0xDF,0xFF,0x20,
    0x00,0xFF,0xFF,0x00,0x00,0x00,0x00,0x00,0x00,0x00,0x00,0x00,0x00,0x00,0x00,0x00,0x00,0x00,0x00,0x00,0x00,0xDF,0xFF,0x20,
    0x00,0xFF,0xFF,0x00,0x00,0x00,0x00,0x00,0x00,0x00,0x00,0x00,0x00,0x00,0x00,0x00,0x00,0x00,0x00,0x00,0x00,0xDF,0xFF,0x20,
    0x00,0xFF,0xFF,0x00,0x00,0x00,0x00,0x00,0x00,0x00,0x00,0x00,0x00,0x00,0x00,0x00,0x00,0x00,0x00,0x00,0x00,0xDF,0xFF,0x20,
    0x00,0xFF,0xFF,0x00,0x00,0x00,0x00,0x00,0x00,0x00,0x00,0x00,0x00,0x00,0x00,0x00,0x00,0x00,0x00,0x00,0x00,0xDF,0xFF,0x20,
    0x00,0xFF,0xFF,0x00,0x00,0x00,0x00,0x00,0x00,0x00,0x00,0x00,0x00,0x00,0x00,0x00,0x00,0x00,0x00,0x00,0x00,0xDF,0xFF,0x08,
    0x00,0xCB,0xFF,0xAB,0x80,0x80,0x80,0x80,0x80,0x80,0x80,0x80,0x80,0x80,0x80,0x80,0x80,0x80,0x80,0x80,0xAB,0xFF,0xCB,0x00,
    0x00,0x4C,0xF7,0xFF,0xFF,0xFF,0xFF,0xFF,0xFF,0xFF,0xFF,0xFF,0xFF,0xFF,0xFF,0xFF,0xFF,0xFF,0xFF,0xFF,0xFF,0xF7,0x4C,0x00,
    0x00,0x00,0x18,0x74,0x80,0x80,0x80,0x80,0x80,0x80,0x80,0xEF,0xFF,0x90,0x80,0x80,0x80,0x80,0x80,0x80,0x74,0x18,0x00,0x00,
    0x00,0x00,0x00,0x00,0x00,0x00,0x00,0x1C,0x2C,0x20,0x20,0xE3,0xFF,0x3C,0x20,0x2C,0x1C,0x00,0x00,0x00,0x00,0x00,0x00,0x00,
    0x00,0x00,0x00,0x00,0x00,0x00,0x00,0xEB,0xFF,0xFF,0xFF,0xFF,0xFF,0xFF,0xFF,0xFF,0xEB,0x00,0x00,0x00,0x00,0x00,0x00,0x00,
    0x00,0x00,0x00,0x00,0x00,0x00,0x00,0x88,0xDF,0xDF,0xDF,0xDF,0xDF,0xDF,0xDF,0xDF,0x8C,0x00,0x00,0x00,0x00,0x00,0x00,0x00,
    0x00,0x00,0x00,0x00,0x00,0x00,0x00,0x00,0x00,0x00,0x00,0x00,0x00,0x00,0x00,0x00,0x00,0x00,0x00,0x00,0x00,0x00,0x00,0x00,
    0x00,0x00,0x00,0x00,0x00,0x00,0x00,0x00,0x00,0x00,0x00,0x00,0x00,0x00,0x00,0x00,0x00,0x00,0x00,0x00,0x00,0x00,0x00,0x00,
  },
  { // music
    0x00,0x00,0x00,0x00,0x00,0x00,0x00,0x00,0x00,0x00,0x00,0x00,0x00,0x00,0x00,0x00,0x00,0x00,0x00,0x00,0x00,0x00,0x00,0x00,
    0x00,0x00,0x00,0x00,0x00,0x00,0x00,0x00,0x00,0x00,0x00,0x00,0x00,0x00,0x00,0x00,0x08,0x30,0x7C,0x84,0x04,0x00,0x00,0x00,
    0x00,0x00,0x00,0x00,0x00,0x00,0x00,0x00,0x00,0x00,0x00,0x10,0x3C,0x70,0x9F,0xCF,0xFB,0xFF,0xFF,0xFF,0x58,0x00,0x00,0x00,
    0x00,0x00,0x00,0x00,0x00,0x00,0x00,0x00,0x00,0x84,0xFF,0xFF,0xFF,0xFF,0xFF,0xFF,0xFF,0xFF,0xFF,0xFF,0x20,0x00,0x00,0x00,
    0x00,0x00,0x00,0x00,0x00,0x00,0x00,0x00,0x00,0xD7,0xFF,0xFF,0xFF,0xFF,0xF7,0xCF,0x9B,0x6C,0xFF,0xFF,0x00,0x00,0x00,0x00,
    0x00,0x00,0x00,0x00,0x00,0x00,0x00,0x00,0x00,0x84,0xFF,0xC0,0x60,0x30,0x04,0x00,0x00,0x00,0xFF,0xFF,0x00,0x00,0x00,0x00,
    0x00,0x00,0x00,0x00,0x00,0x00,0x00,0x00,0x00,0x80,0xFF,0x80,0x00,0x00,0x00,0x00,0x00,0x00,0xFF,0xFF,0x00,0x00,0x00,0x00,
    0x00,0x00,0x00,0x00,0x00,0x00,0x00,0x00,0x00,0x80,0xFF,0x80,0x00,0x00,0x00,0x00,0x00,0x00,0xFF,0xFF,0x00,0x00,0x00,0x00,
    0x00,0x00,0x00,0x00,0x00,0x00,0x00,0x00,0x00,0x80,0xFF,0x80,0x00,0x00,0x00,0x00,0x00,0x00,0xFF,0xFF,0x00,0x00,0x00,0x00,
    0x00,0x00,0x00,0x00,0x00,0x00,0x00,0x00,0x00,0x80,0xFF,0x80,0x00,0x00,0x00,0x00,0x00,0x00,0xFF,0xFF,0x00,0x00,0x00,0x00,
    0x00,0x00,0x00,0x00,0x00,0x00,0x00,0x00,0x00,0x80,0xFF,0x80,0x00,0x00,0x00,0x00,0x00,0x00,0xFF,0xFF,0x00,0x00,0x00,0x00,
    0x00,0x00,0x00,0x00,0x00,0x00,0x00,0x00,0x00,0x80,0xFF,0x80,0x00,0x00,0x00,0x00,0x00,0x00,0xFF,0xFF,0x00,0x00,0x00,0x00,
    0x00,0x00,0x00,0x00,0x00,0x00,0x00,0x00,0x00,0x80,0xFF,0x80,0x00,0x00,0x00,0x24,0x40,0x10,0xFF,0xFF,0x00,0x00,0x00,0x00,
    0x00,0x00,0x00,0x00,0x00,0x00,0x00,0x00,0x00,0x80,0xFF,0x80,0x00,0x18,0xAF,0xFB,0xFF,0xF7,0xFF,0xFF,0x00,0x00,0x00,0x00,
    0x00,0x00,0x00,0x00,0x00,0x08,0x64,0x9F,0x90,0xA8,0xFF,0x80,0x00,0xC7,0xFF,0xE7,0xBF,0xF7,0xFF,0xFF,0x00,0x00,0x00,0x00,
    0x00,0x00,0x00,0x00,0x14,0xD7,0xFF,0xFF,0xFF,0xFF,0xFF,0x80,0x28,0xFB,0xDB,0x18,0x00,0x3C,0xFF,0xFF,0x08,0x00,0x00,0x00,
    0x00,0x00,0x00,0x00,0x8C,0xFF,0xAB,0x68,0x84,0xF3,0xFF,0x80,0x5C,0xFF,0xA3,0x00,0x00,0x00,0xF7,0xFF,0x20,0x00,0x00,0x00,
    0x00,0x00,0x00,0x00,0xDB,0xEF,0x24,0x00,0x00,0x98,0xFF,0x80,0x1C,0xFF,0xDF,0x2C,0x00,0x58,0xFF,0xDB,0x00,0x00,0x00,0x00,
    0x00,0x00,0x00,0x00,0xDB,0xEF,0x24,0x00,0x00,0x98,0xFF,0x74,0x00,0x9F,0xFF,0xEF,0xFF,0xFF,0xFF,0x68,0x00,0x00,0x00,0x00,
    0x00,0x00,0x00,0x00,0x8C,0xFF,0xAB,0x68,0x84,0xF3,0xFF,0x2C,0x00,0x0C,0x7C,0xE7,0xFF,0xD7,0x68,0x00,0x00,0x00,0x00,0x00,
    0x00,0x00,0x00,0x00,0x14,0xD7,0xFF,0xFF,0xFF,0xFF,0x78,0x00,0x00,0x00,0x00,0x00,0x00,0x00,0x00,0x00,0x00,0x00,0x00,0x00,
    0x00,0x00,0x00,0x00,0x00,0x08,0x64,0x9F,0x90,0x34,0x00,0x00,0x00,0x00,0x00,0x00,0x00,0x00,0x00,0x00,0x00,0x00,0x00,0x00,
    0x00,0x00,0x00,0x00,0x00,0x00,0x00,0x00,0x00,0x00,0x00,0x00,0x00,0x00,0x00,0x00,0x00,0x00,0x00,0x00,0x00,0x00,0x00,0x00,
    0x00,0x00,0x00,0x00,0x00,0x00,0x00,0x00,0x00,0x00,0x00,0x00,0x00,0x00,0x00,0x00,0x00,0x00,0x00,0x00,0x00,0x00,0x00,0x00,
  },
  { // speaker
    0x00,0x00,0x00,0x00,0x00,0x00,0x00,0x00,0x00,0x00,0x00,0x00,0x00,0x00,0x00,0x00,0x00,0x00,0x00,0x00,0x00,0x00,0x00,0x00,
    0x00,0x00,0x00,0x00,0x00,0x00,0x00,0x00,0x00,0x00,0x00,0x00,0x00,0x00,0x00,0x00,0x00,0x00,0x00,0x00,0x00,0x00,0x00,0x00,
    0x00,0x00,0x00,0x00,0x00,0x00,0x00,0x00,0x00,0x00,0x00,0x00,0x00,0x00,0x00,0x00,0x00,0x00,0x00,0x00,0x00,0x00,0x00,0x00,
    0x00,0x00,0x00,0x00,0x00,0x00,0x00,0x00,0x00,0x00,0x00,0x00,0x00,0x00,0x00,0x00,0x00,0x00,0x00,0x00,0x00,0x00,0x00,0x00,
    0x00,0x00,0x00,0x00,0x00,0x00,0x00,0x00,0x00,0x00,0x40,0xB7,0x3C,0x00,0x00,0x00,0x08,0x74,0x20,0x00,0x00,0x00,0x00,0x00,
    0x00,0x00,0x00,0x00,0x00,0x00,0x00,0x00,0x00,0x54,0xFB,0xFF,0xCF,0x00,0x00,0x00,0x58,0xFF,0xE7,0x30,0x00,0x00,0x00,0x00,
    0x00,0x00,0x00,0x00,0x00,0x00,0x00,0x00,0x54,0xFB,0xFF,0xFF,0xDF,0x00,0x00,0x00,0x08,0xC3,0xFF,0xDB,0x08,0x00,0x00,0x00,
    0x00,0x00,0x00,0x00,0x00,0x00,0x00,0x54,0xFB,0xFF,0xAB,0xFF,0xDF,0x00,0xC7,0xCF,0x1C,0x08,0xBB,0xFF,0x8C,0x00,0x00,0x00,
    0x00,0x00,0x18,0x60,0x60,0x60,0x74,0xFB,0xFF,0x90,0x20,0xFF,0xDF,0x00,0xCF,0xFF,0xDF,0x14,0x24,0xF7,0xF7,0x18,0x00,0x00,
    0x00,0x20,0xEB,0xFF,0xFF,0xFF,0xFF,0xFF,0x80,0x00,0x20,0xFF,0xDF,0x00,0x08,0xB7,0xFF,0x94,0x00,0x9B,0xFF,0x78,0x00,0x00,
    0x00,0x7C,0xFF,0xCF,0x9F,0x9F,0x97,0x38,0x00,0x00,0x20,0xFF,0xDF,0x00,0x00,0x2C,0xF3,0xF7,0x0C,0x60,0xFF,0xB3,0x00,0x00,
    0x00,0x80,0xFF,0x80,0x00,0x00,0x00,0x00,0x00,0x00,0x20,0xFF,0xDF,0x00,0x00,0x00,0xCF,0xFF,0x3C,0x2C,0xFF,0xDF,0x00,0x00,
    0x00,0x80,0xFF,0x80,0x00,0x00,0x00,0x00,0x00,0x00,0x20,0xFF,0xDF,0x00,0x00,0x00,0xCF,0xFF,0x3C,0x2C,0xFF,0xDF,0x00,0x00,
    0x00,0x78,0xFF,0xCF,0x9F,0x9F,0x97,0x38,0x00,0x00,0x20,0xFF,0xDF,0x00,0x00,0x2C,0xF3,0xF7,0x0C,0x60,0xFF,0xB3,0x00,0x00,
    0x00,0x20,0xEB,0xFF,0xFF,0xFF,0xFF,0xFF,0x80,0x00,0x20,0xFF,0xDF,0x00,0x10,0xB7,0xFF,0x94,0x00,0x9B,0xFF,0x78,0x00,0x00,
    0x00,0x00,0x18,0x60,0x60,0x60,0x74,0xFB,0xFF,0x90,0x20,0xFF,0xDF,0x00,0xDB,0xFF,0xDF,0x14,0x24,0xF7,0xF7,0x18,0x00,0x00,
    0x00,0x00,0x00,0x00,0x00,0x00,0x00,0x54,0xFB,0xFF,0xAB,0xFF,0xDF,0x00,0xA7,0xB7,0x1C,0x08,0xBB,0xFF,0x8C,0x00,0x00,0x00,
    0x00,0x00,0x00,0x00,0x00,0x00,0x00,0x00,0x54,0xFB,0xFF,0xFF,0xDF,0x00,0x00,0x00,0x10,0xC3,0xFF,0xDB,0x08,0x00,0x00,0x00,
    0x00,0x00,0x00,0x00,0x00,0x00,0x00,0x00,0x00,0x54,0xFB,0xFF,0xCF,0x00,0x00,0x00,0x54,0xFF,0xE7,0x30,0x00,0x00,0x00,0x00,
    0x00,0x00,0x00,0x00,0x00,0x00,0x00,0x00,0x00,0x00,0x40,0xB7,0x3C,0x00,0x00,0x00,0x04,0x54,0x14,0x00,0x00,0x00,0x00,0x00,
    0x00,0x00,0x00,0x00,0x00,0x00,0x00,0x00,0x00,0x00,0x00,0x00,0x00,0x00,0x00,0x00,0x00,0x00,0x00,0x00,0x00,0x00,0x00,0x00,
    0x00,0x00,0x00,0x00,0x00,0x00,0x00,0x00,0x00,0x00,0x00,0x00,0x00,0x00,0x00,0x00,0x00,0x00,0x00,0x00,0x00,0x00,0x00,0x00,
    0x00,0x00,0x00,0x00,0x00,0x00,0x00,0x00,0x00,0x00,0x00,0x00,0x00,0x00,0x00,0x00,0x00,0x00,0x00,0x00,0x00,0x00,0x00,0x00,
    0x00,0x00,0x00,0x00,0x00,0x00,0x00,0x00,0x00,0x00,0x00,0x00,0x00,0x00,0x00,0x00,0x00,0x00,0x00,0x00,0x00,0x00,0x00,0x00,
  },
  { // camera
    0x00,0x00,0x00,0x00,0x00,0x00,0x00,0x00,0x00,0x00,0x00,0x00,0x00,0x00,0x00,0x00,0x00,0x00,0x00,0x00,0x00,0x00,0x00,0x00,
    0x00,0x00,0x00,0x00,0x00,0x00,0x00,0x00,0x00,0x00,0x00,0x00,0x00,0x00,0x00,0x00,0x00,0x00,0x00,0x00,0x00,0x00,0x00,0x00,
    0x00,0x00,0x00,0x00,0x00,0x00,0x00,0x00,0x00,0x0C,0x20,0x20,0x10,0x00,0x00,0x00,0x00,0x00,0x00,0x00,0x00,0x00,0x00,0x00,
    0x00,0x00,0x00,0x00,0x00,0x00,0x00,0x04,0x90,0xF7,0xFF,0xFF,0xFF,0xA3,0x18,0x00,0x00,0x00,0x00,0x00,0x00,0x00,0x00,0x00,
    0x00,0x00,0x00,0x00,0x00,0x00,0x00,0x8C,0xFF,0xFB,0xDF,0xDF,0xF3,0xFF,0xBF,0x00,0x00,0x00,0x00,0x00,0x00,0x00,0x00,0x00,
    0x00,0x00,0x00,0x00,0x00,0x00,0x34,0xF7,0xFB,0x34,0x00,0x00,0x18,0xE7,0xFF,0x5C,0x00,0x00,0x00,0x00,0x00,0x00,0x00,0x00,
    0x00,0x58,0xCB,0xDF,0xDF,0xE7,0xFF,0xFF,0x94,0x00,0x00,0x00,0x00,0x64,0xFF,0xFF,0xEF,0xDF,0xDF,0xDF,0xDF,0xCB,0x58,0x00,
    0x24,0xFF,0xFF,0xFF,0xFF,0xFF,0xEF,0x8C,0x04,0x00,0x00,0x00,0x00,0x00,0x64,0xE3,0xFF,0xFF,0xFF,0xFF,0xFF,0xFF,0xFF,0x24,
    0x74,0xFF,0x9C,0x20,0x20,0x18,0x00,0x00,0x00,0x00,0x38,0x60,0x5C,0x38,0x00,0x00,0x10,0x20,0x20,0x20,0x20,0x9C,0xFF,0x74,
    0x80,0xFF,0x80,0x00,0x00,0x00,0x00,0x00,0x34,0xD3,0xFF,0xFF,0xFF,0xFF,0xD3,0x34,0x00,0x00,0x74,0x74,0x00,0x80,0xFF,0x80,
    0x80,0xFF,0x80,0x00,0x00,0x00,0x00,0x28,0xEF,0xFF,0xE3,0xA3,0xA3,0xE3,0xFF,0xEF,0x28,0x00,0xFB,0xFB,0x04,0x80,0xFF,0x80,
    0x80,0xFF,0x80,0x00,0x00,0x00,0x00,0xBF,0xFB,0x90,0x04,0x00,0x00,0x04,0x90,0xFB,0xBF,0x00,0x4C,0x50,0x00,0x80,0xFF,0x80,
    0x80,0xFF,0x80,0x00,0x00,0x00,0x28,0xFF,0xDF,0x0C,0x00,0x00,0x00,0x00,0x0C,0xDF,0xFF,0x28,0x00,0x00,0x00,0x80,0xFF,0x80,
    0x80,0xFF,0x80,0x00,0x00,0x00,0x5C,0xFB,0x8F,0x00,0x00,0x00,0x00,0x00,0x00,0xB3,0xFF,0x5C,0x00,0x00,0x00,0x80,0xFF,0x80,
    0x80,0xFF,0x80,0x00,0x00,0x00,0x50,0xFB,0xA3,0x00,0x00,0x00,0x00,0x00,0x00,0xAF,0xFF,0x50,0x00,0x00,0x00,0x80,0xFF,0x80,
    0x80,0xFF,0x80,0x00,0x00,0x00,0x1C,0xF3,0xF3,0x24,0x00,0x00,0x00,0x00,0x24,0xF3,0xF3,0x1C,0x00,0x00,0x00,0x80,0xFF,0x80,
    0x80,0xFF,0x80,0x00,0x00,0x00,0x00,0x8C,0xFF,0xDB,0x48,0x04,0x04,0x48,0xDB,0xFF,0x8C,0x00,0x00,0x00,0x00,0x80,0xFF,0x80,
    0x80,0xFF,0x80,0x00,0x00,0x00,0x00,0x04,0xBB,0xFF,0xFF,0xFF,0xFF,0xFF,0xFF,0xBB,0x04,0x00,0x00,0x00,0x00,0x80,0xFF,0x80,
    0x80,0xFF,0x80,0x00,0x00,0x00,0x00,0x00,0x04,0x6C,0xD7,0xFF,0xFB,0xD7,0x6C,0x04,0x00,0x00,0x00,0x00,0x00,0x80,0xFF,0x80,
    0x48,0xFF,0xE7,0x9F,0x9F,0x9F,0x9F,0x9F,0x9F,0x9F,0x9F,0x9F,0x9F,0x9F,0x9F,0x9F,0x9F,0x9F,0x9F,0x9F,0x9F,0xE7,0xFF,0x48,
    0x04,0xBB,0xFF,0xFF,0xFF,0xFF,0xFF,0xFF,0xFF,0xFF,0xFF,0xFF,0xFF,0xFF,0xFF,0xFF,0xFF,0xFF,0xFF,0xFF,0xFF,0xFF,0xBB,0x04,
    0x00,0x00,0x34,0x60,0x60,0x60,0x60,0x60,0x60,0x60,0x60,0x60,0x60,0x60,0x60,0x60,0x60,0x60,0x60,0x60,0x60,0x34,0x00,0x00,
    0x00,0x00,0x00,0x00,0x00,0x00,0x00,0x00,0x00,0x00,0x00,0x00,0x00,0x00,0x00,0x00,0x00,0x00,0x00,0x00,0x00,0x00,0x00,0x00,
    0x00,0x00,0x00,0x00,0x00,0x00,0x00,0x00,0x00,0x00,0x00,0x00,0x00,0x00,0x00,0x00,0x00,0x00,0x00,0x00,0x00,0x00,0x00,0x00,
  },
  { // alarm
    0x00,0x00,0x00,0x00,0x00,0x00,0x00,0x00,0x00,0x00,0x00,0x00,0x00,0x00,0x00,0x00,0x00,0x00,0x00,0x00,0x00,0x00,0x00,0x00,
    0x00,0x00,0x00,0x00,0x00,0x00,0x00,0x00,0x00,0x00,0x00,0x00,0x00,0x00,0x00,0x00,0x00,0x00,0x00,0x00,0x00,0x00,0x00,0x00,
    0x00,0x00,0x00,0x00,0x00,0x00,0x00,0x00,0x00,0x00,0x00,0x48,0x48,0x00,0x00,0x00,0x00,0x00,0x00,0x00,0x00,0x00,0x00,0x00,
    0x00,0x00,0x00,0x00,0x00,0x00,0x00,0x00,0x00,0x00,0x94,0xFF,0xFF,0x90,0x00,0x00,0x00,0x00,0x00,0x00,0x00,0x00,0x00,0x00,
    0x00,0x00,0x00,0x00,0x00,0x00,0x00,0x00,0x00,0x34,0xFF,0xFB,0xEB,0xFB,0x30,0x00,0x00,0x00,0x00,0x00,0x00,0x00,0x00,0x00,
    0x00,0x00,0x00,0x00,0x00,0x00,0x00,0x00,0x00,0xBB,0xFF,0x84,0x84,0xFF,0xBB,0x00,0x00,0x00,0x00,0x00,0x00,0x00,0x00,0x00,
    0x00,0x00,0x00,0x00,0x00,0x00,0x00,0x00,0x48,0xFF,0xE7,0x0C,0x0C,0xE7,0xFF,0x48,0x00,0x00,0x00,0x00,0x00,0x00,0x00,0x00,
    0x00,0x00,0x00,0x00,0x00,0x00,0x00,0x04,0xD3,0xFF,0x64,0x00,0x00,0x64,0xFF,0xD3,0x04,0x00,0x00,0x00,0x00,0x00,0x00,0x00,
    0x00,0x00,0x00,0x00,0x00,0x00,0x00,0x64,0xFF,0xD3,0x04,0x68,0x68,0x04,0xD3,0xFF,0x64,0x00,0x00,0x00,0x00,0x00,0x00,0x00,
    0x00,0x00,0x00,0x00,0x00,0x00,0x0C,0xE7,0xFF,0x48,0x00,0xF7,0xFF,0x14,0x48,0xFF,0xE7,0x0C,0x00,0x00,0x00,0x00,0x00,0x00,
    0x00,0x00,0x00,0x00,0x00,0x00,0x80,0xFF,0xBB,0x00,0x00,0xDF,0xFF,0x20,0x00,0xBB,0xFF,0x80,0x00,0x00,0x00,0x00,0x00,0x00,
    0x00,0x00,0x00,0x00,0x00,0x1C,0xF7,0xFB,0x30,0x00,0x00,0xDF,0xFF,0x20,0x00,0x30,0xFB,0xF7,0x1C,0x00,0x00,0x00,0x00,0x00,
    0x00,0x00,0x00,0x00,0x00,0x9F,0xFF,0x9B,0x00,0x00,0x00,0xDF,0xFF,0x20,0x00,0x00,0x9B,0xFF,0x9F,0x00,0x00,0x00,0x00,0x00,
    0x00,0x00,0x00,0x00,0x30,0xFF,0xF3,0x18,0x00,0x00,0x00,0xDF,0xFF,0x20,0x00,0x00,0x18,0xF3,0xFF,0x30,0x00,0x00,0x00,0x00,
    0x00,0x00,0x00,0x00,0xBF,0xFF,0x80,0x00,0x00,0x00,0x00,0xDF,0xFF,0x20,0x00,0x00,0x00,0x80,0xFF,0xBF,0x00,0x00,0x00,0x00,
    0x00,0x00,0x00,0x4C,0xFF,0xE7,0x08,0x00,0x00,0x00,0x00,0xF3,0xF3,0x10,0x00,0x00,0x00,0x08,0xE7,0xFF,0x4C,0x00,0x00,0x00,
    0x00,0x00,0x04,0xD7,0xFF,0x60,0x00,0x00,0x00,0x00,0x00,0x34,0x34,0x00,0x00,0x00,0x00,0x00,0x60,0xFF,0xD7,0x04,0x00,0x00,
    0x00,0x00,0x68,0xFF,0xCF,0x04,0x00,0x00,0x00,0x00,0x18,0xE7,0xE7,0x18,0x00,0x00,0x00,0x00,0x04,0xCF,0xFF,0x68,0x00,0x00,
    0x00,0x14,0xEB,0xFF,0x44,0x00,0x00,0x00,0x00,0x00,0x30,0xFF,0xFF,0x30,0x00,0x00,0x00,0x00,0x00,0x44,0xFF,0xEB,0x14,0x00,
    0x00,0x70,0xFF,0xCF,0x40,0x40,0x40,0x40,0x40,0x40,0x40,0x8F,0x8F,0x40,0x40,0x40,0x40,0x40,0x40,0x40,0xCF,0xFF,0x70,0x00,
    0x00,0x5C,0xFF,0xFF,0xFF,0xFF,0xFF,0xFF,0xFF,0xFF,0xFF,0xFF,0xFF,0xFF,0xFF,0xFF,0xFF,0xFF,0xFF,0xFF,0xFF,0xFF,0x5C,0x00,
    0x00,0x04,0x68,0xBB,0xBF,0xBF,0xBF,0xBF,0xBF,0xBF,0xBF,0xBF,0xBF,0xBF,0xBF,0xBF,0xBF,0xBF,0xBF,0xBF,0xB7,0x68,0x04,0x00,
    0x00,0x00,0x00,0x00,0x00,0x00,0x00,0x00,0x00,0x00,0x00,0x00,0x00,0x00,0x00,0x00,0x00,0x00,0x00,0x00,0x00,0x00,0x00,0x00,
    0x00,0x00,0x00,0x00,0x00,0x00,0x00,0x00,0x00,0x00,0x00,0x00,0x00,0x00,0x00,0x00,0x00,0x00,0x00,0x00,0x00,0x00,0x00,0x00,
  },
  { // shield
    0x00,0x00,0x00,0x00,0x00,0x00,0x00,0x00,0x00,0x00,0x00,0x00,0x00,0x00,0x00,0x00,0x00,0x00,0x00,0x00,0x00,0x00,0x00,0x00,
    0x00,0x00,0x00,0x00,0x00,0x00,0x00,0x00,0x00,0x1C,0x70,0x9B,0x9B,0x68,0x14,0x00,0x00,0x00,0x00,0x00,0x00,0x00,0x00,0x00,
    0x00,0x00,0x00,0x00,0x00,0x00,0x00,0x40,0xA7,0xF7,0xFF,0xFF,0xFF,0xFF,0xF7,0xA7,0x40,0x00,0x00,0x00,0x00,0x00,0x00,0x00,
    0x00,0x00,0x00,0x00,0x14,0x74,0xD7,0xFF,0xFF,0xF7,0xA7,0x68,0x68,0xA7,0xF7,0xFF,0xFF,0xD7,0x74,0x14,0x00,0x00,0x00,0x00,
    0x00,0x00,0x04,0x93,0xFB,0xFF,0xFF,0xD7,0x74,0x14,0x00,0x00,0x00,0x00,0x14,0x74,0xD7,0xFF,0xFF,0xFB,0x93,0x04,0x00,0x00,
    0x00,0x00,0x68,0xFF,0xF7,0xA3,0x40,0x00,0x00,0x00,0x00,0x00,0x00,0x00,0x00,0x00,0x00,0x40,0xA3,0xF7,0xFF,0x68,0x00,0x00,
    0x00,0x00,0xC7,0xFF,0x48,0x00,0x00,0x00,0x00,0x00,0x00,0x00,0x00,0x00,0x00,0x00,0x00,0x00,0x00,0x48,0xFF,0xC7,0x00,0x00,
    0x00,0x00,0xDF,0xFF,0x20,0x00,0x00,0x00,0x00,0x00,0x00,0x00,0x00,0x00,0x00,0x1C,0x1C,0x00,0x00,0x20,0xFF,0xDF,0x00,0x00,
    0x00,0x00,0xDF,0xFF,0x20,0x00,0x00,0x00,0x00,0x00,0x00,0x00,0x00,0x00,0x0C,0xEB,0xEB,0x00,0x00,0x20,0xFF,0xDF,0x00,0x00,
    0x00,0x00,0xDF,0xFF,0x20,0x00,0x00,0x00,0x00,0x00,0x00,0x00,0x00,0x04,0xB7,0xFF,0xAB,0x00,0x00,0x20,0xFF,0xDF,0x00,0x00,
    0x00,0x00,0xDF,0xFF,0x20,0x00,0x00,0x00,0x00,0x00,0x00,0x00,0x00,0x88,0xFF,0xD3,0x0C,0x00,0x00,0x20,0xFF,0xDF,0x00,0x00,
    0x00,0x00,0xB7,0xFF,0x4C,0x00,0x00,0xC7,0xCF,0x18,0x00,0x00,0x5C,0xFF,0xEB,0x24,0x00,0x00,0x00,0x4C,0xFF,0xB7,0x00,0x00,
    0x00,0x00,0x60,0xFF,0xD3,0x08,0x00,0xCF,0xFF,0xD7,0x14,0x38,0xF7,0xFB,0x40,0x00,0x00,0x00,0x08,0xD3,0xFF,0x60,0x00,0x00,
    0x00,0x00,0x08,0xDB,0xFF,0xA7,0x00,0x18,0xD7,0xFF,0xC3,0xE7,0xFF,0x68,0x00,0x00,0x00,0x00,0xA7,0xFF,0xDB,0x08,0x00,0x00,
    0x00,0x00,0x00,0x28,0xE7,0xFF,0x90,0x00,0x1C,0xE7,0xFF,0xFF,0x9C,0x00,0x00,0x00,0x00,0x90,0xFF,0xE7,0x28,0x00,0x00,0x00,
    0x00,0x00,0x00,0x00,0x3C,0xF3,0xFF,0x80,0x00,0x28,0xDF,0xBB,0x04,0x00,0x00,0x00,0x80,0xFF,0xF3,0x3C,0x00,0x00,0x00,0x00,
    0x00,0x00,0x00,0x00,0x00,0x3C,0xFB,0xFF,0x70,0x00,0x00,0x00,0x00,0x00,0x00,0x70,0xFF,0xFB,0x3C,0x00,0x00,0x00,0x00,0x00,
    0x00,0x00,0x00,0x00,0x00,0x00,0x54,0xFB,0xFF,0x58,0x00,0x00,0x00,0x00,0x58,0xFF,0xFB,0x54,0x00,0x00,0x00,0x00,0x00,0x00,
    0x00,0x00,0x00,0x00,0x00,0x00,0x00,0x60,0xFF,0xFB,0x54,0x00,0x00,0x54,0xFB,0xFF,0x60,0x00,0x00,0x00,0x00,0x00,0x00,0x00,
    0x00,0x00,0x00,0x00,0x00,0x00,0x00,0x00,0x70,0xFF,0xF3,0x44,0x44,0xF3,0xFF,0x70,0x00,0x00,0x00,0x00,0x00,0x00,0x00,0x00,
    0x00,0x00,0x00,0x00,0x00,0x00,0x00,0x00,0x00,0x88,0xFF,0xF7,0xF7,0xFF,0x88,0x00,0x00,0x00,0x00,0x00,0x00,0x00,0x00,0x00,
    0x00,0x00,0x00,0x00,0x00,0x00,0x00,0x00,0x00,0x00,0x80,0xEF,0xEF,0x80,0x00,0x00,0x00,0x00,0x00,0x00,0x00,0x00,0x00,0x00,
    0x00,0x00,0x00,0x00,0x00,0x00,0x00,0x00,0x00,0x00,0x00,0x08,0x08,0x00,0x00,0x00,0x00,0x00,0x00,0x00,0x00,0x00,0x00,0x00,
    0x00,0x00,0x00,0x00,0x00,0x00,0x00,0x00,0x00,0x00,0x00,0x00,0x00,0x00,0x00,0x00,0x00,0x00,0x00,0x00,0x00,0x00,0x00,0x00,
  },
  { // scene
    0x00,0x00,0x00,0x00,0x00,0x00,0x00,0x00,0x04,0x34,0x00,0x00,0x00,0x00,0x00,0x00,0x00,0x00,0x00,0x00,0x00,0x00,0x00,0x00,
    0x00,0x00,0x00,0x00,0x00,0x00,0x00,0x00,0x8B,0xFF,0x58,0x00,0x00,0x00,0x00,0x00,0x00,0x00,0x00,0x00,0x00,0x00,0x00,0x00,
    0x00,0x00,0x00,0x00,0x00,0x00,0x00,0x00,0xBF,0xFF,0xA3,0x00,0x00,0x00,0x00,0x00,0x00,0x00,0x00,0x00,0x00,0x00,0x00,0x00,
    0x00,0x00,0x00,0x00,0x00,0x00,0x00,0x18,0xEF,0xFF,0xD7,0x00,0x00,0x00,0x00,0x00,0x00,0x00,0x00,0x3C,0x08,0x00,0x00,0x00,
    0x00,0x00,0x00,0x00,0x00,0x00,0x00,0x58,0xFF,0xFF,0xFF,0x18,0x00,0x00,0x00,0x00,0x00,0x00,0x84,0xFF,0xBB,0x00,0x00,0x00,
    0x00,0x00,0x00,0x00,0x00,0x00,0x00,0x9B,0xFB,0xFF,0xFB,0x5C,0x00,0x00,0x00,0x00,0x00,0x00,0x84,0xFF,0xBB,0x00,0x00,0x00,
    0x00,0x00,0x00,0x00,0x00,0x00,0x10,0xEB,0xFF,0xC7,0xFB,0xA7,0x00,0x00,0x00,0x00,0x00,0x00,0x00,0x3C,0x08,0x00,0x00,0x00,
    0x00,0x00,0x00,0x00,0x08,0x50,0xC3,0xFF,0xBB,0x0C,0xE7,0xFF,0x9F,0x3C,0x00,0x00,0x00,0x00,0x00,0x00,0x00,0x00,0x00,0x00,
    0x04,0x5C,0x8C,0xBB,0xF3,0xFF,0xFF,0xCF,0x20,0x00,0x38,0xEB,0xFF,0xFF,0xEF,0xAF,0x7C,0x48,0x00,0x00,0x00,0x00,0x00,0x00,
    0x54,0xFF,0xFF,0xFF,0xFF,0xFF,0xAF,0x08,0x00,0x00,0x00,0x18,0xD3,0xFF,0xFF,0xFF,0xFF,0xFF,0x14,0x00,0x00,0x00,0x00,0x00,
    0x0C,0x7C,0xB7,0xF7,0xFF,0xFF,0xFF,0xA7,0x0C,0x00,0x24,0xCB,0xFF,0xFF,0xFF,0xEF,0x9F,0x68,0x00,0x00,0x00,0x00,0x00,0x00,
    0x00,0x00,0x00,0x04,0x3C,0x90,0xE3,0xFF,0x9B,0x04,0xC7,0xFF,0xD7,0x7C,0x30,0x00,0x00,0x00,0x00,0x00,0x00,0x00,0x00,0x00,
    0x00,0x00,0x00,0x00,0x00,0x00,0x28,0xEB,0xFF,0x98,0xFF,0xCB,0x0C,0x00,0x00,0x00,0x00,0x20,0x38,0x00,0x00,0x00,0x00,0x00,
    0x00,0x00,0x00,0x00,0x00,0x00,0x00,0xAF,0xFB,0xFF,0xFB,0x70,0x00,0x00,0x00,0x00,0x00,0xBF,0xF7,0x20,0x00,0x00,0x00,0x00,
    0x00,0x00,0x00,0x00,0x00,0x00,0x00,0x60,0xFF,0xFF,0xFF,0x20,0x00,0x00,0x00,0x00,0x04,0xEB,0xFB,0x48,0x00,0x00,0x00,0x00,
    0x00,0x00,0x00,0x00,0x00,0x00,0x00,0x24,0xFF,0xFF,0xE3,0x00,0x00,0x00,0x00,0x00,0x28,0xEF,0xFF,0x80,0x00,0x00,0x00,0x00,
    0x00,0x00,0x00,0x00,0x00,0x00,0x00,0x00,0xC3,0xFF,0xAF,0x00,0x00,0x00,0x04,0x30,0xBF,0xFB,0xEB,0xEF,0x54,0x0C,0x00,0x00,
    0x00,0x00,0x00,0x00,0x00,0x00,0x00,0x00,0x8C,0xFF,0x6C,0x00,0x08,0xB3,0xF7,0xF3,0xFF,0x8C,0x3C,0xEF,0xFB,0xF7,0xDB,0x38,
    0x00,0x00,0x00,0x00,0x00,0x00,0x00,0x00,0x0C,0x54,0x04,0x00,0x0C,0xCB,0xF7,0xF3,0xFF,0x8C,0x3C,0xEF,0xFB,0xF7,0xE7,0x48,
    0x00,0x00,0x00,0x00,0x00,0x00,0x00,0x00,0x00,0x00,0x00,0x00,0x00,0x00,0x04,0x30,0xBF,0xFB,0xEB,0xEF,0x54,0x0C,0x00,0x00,
    0x00,0x00,0x00,0x00,0x00,0x00,0x00,0x00,0x00,0x00,0x00,0x00,0x00,0x00,0x00,0x00,0x28,0xEF,0xFF,0x80,0x00,0x00,0x00,0x00,
    0x00,0x00,0x00,0x00,0x00,0x00,0x00,0x00,0x00,0x00,0x00,0x00,0x00,0x00,0x00,0x00,0x04,0xEB,0xFB,0x48,0x00,0x00,0x00,0x00,
    0x00,0x00,0x00,0x00,0x00,0x00,0x00,0x00,0x00,0x00,0x00,0x00,0x00,0x00,0x00,0x00,0x00,0xBB,0xF7,0x24,0x00,0x00,0x00,0x00,
    0x00,0x00,0x00,0x00,0x00,0x00,0x00,0x00,0x00,0x00,0x00,0x00,0x00,0x00,0x00,0x00,0x00,0x18,0x3C,0x00,0x00,0x00,0x00,0x00,
  },
  { // movie
    0x00,0x00,0x00,0x00,0x00,0x00,0x00,0x00,0x00,0x00,0x00,0x00,0x00,0x00,0x00,0x00,0x00,0x18,0x38,0x58,0x3C,0x00,0x00,0x00,
    0x00,0x00,0x00,0x00,0x00,0x00,0x00,0x00,0x00,0x10,0x30,0x58,0x78,0x93,0xB3,0xD3,0xF3,0xFF,0xFF,0xFF,0xFF,0x50,0x00,0x00,
    0x00,0x00,0x2C,0x48,0x68,0x8C,0xAB,0xD7,0xEB,0xFF,0xFF,0xFF,0xFF,0xFF,0xFF,0xFF,0xFF,0xFF,0xB3,0xAF,0xFF,0xE3,0x00,0x00,
    0x00,0x6C,0xFF,0xFF,0xFF,0xFF,0xFF,0xFF,0xFF,0xDB,0xBB,0xC3,0xFF,0xA4,0x38,0x18,0xAF,0xFF,0x3C,0x04,0xEB,0xFF,0x3C,0x00,
    0x00,0xCF,0xFF,0xBF,0x84,0x64,0x40,0xE3,0xF7,0x08,0x00,0x2C,0xFF,0xBB,0x00,0x00,0x5C,0xFF,0x88,0x00,0x9F,0xFF,0x84,0x00,
    0x00,0x9B,0xFF,0x90,0x00,0x00,0x00,0x9B,0xFF,0x4C,0x00,0x00,0xDB,0xFB,0x14,0x00,0x10,0xFB,0xDB,0x00,0x50,0xFF,0xDB,0x00,
    0x00,0x44,0xFF,0xDF,0x00,0x00,0x00,0x4C,0xFF,0x9B,0x00,0x00,0x84,0xFF,0x60,0x00,0x1C,0xCF,0xFF,0x8C,0xA7,0xFF,0xFB,0x00,
    0x00,0x08,0xF3,0xFF,0x30,0x00,0x00,0x08,0xF7,0xE3,0x54,0x74,0xB3,0xFF,0xEF,0xF7,0xFF,0xFF,0xFF,0xFF,0xFF,0xFF,0xA7,0x00,
    0x00,0x00,0xA3,0xFF,0xC7,0xAB,0xCF,0xEF,0xFF,0xFF,0xFF,0xFF,0xFF,0xFF,0xFF,0xF3,0xCF,0xAF,0x90,0x70,0x4C,0x34,0x00,0x00,
    0x00,0x00,0x2C,0xFF,0xFF,0xFF,0xFF,0xFF,0xFB,0xDB,0xB7,0x97,0x78,0x54,0x34,0x20,0x20,0x20,0x20,0x20,0x20,0x00,0x00,0x00,
    0x00,0x28,0xD3,0xFF,0xFF,0xFF,0xFF,0xFF,0xFF,0xFF,0xFF,0xFF,0xFF,0xFF,0xFF,0xFF,0xFF,0xFF,0xFF,0xFF,0xFF,0xD3,0x2C,0x00,
    0x00,0xC7,0xFF,0xEB,0xDF,0xDF,0xDF,0xDF,0xDF,0xDF,0xDF,0xDF,0xDF,0xDF,0xDF,0xDF,0xDF,0xDF,0xDF,0xDF,0xEB,0xFF,0xC7,0x00,
    0x00,0xFF,0xFF,0x0C,0x00,0x00,0x00,0x00,0x00,0x00,0x00,0x00,0x00,0x00,0x00,0x00,0x00,0x00,0x00,0x00,0x04,0xF7,0xFF,0x08,
    0x00,0xFF,0xFF,0x00,0x00,0x00,0x00,0x00,0x00,0x00,0x00,0x00,0x00,0x00,0x00,0x00,0x00,0x00,0x00,0x00,0x00,0xDF,0xFF,0x20,
    0x00,0xFF,0xFF,0x00,0x00,0x00,0x00,0x00,0x00,0x00,0x00,0x00,0x00,0x00,0x00,0x00,0x00,0x00,0x00,0x00,0x00,0xDF,0xFF,0x20,
    0x00,0xFF,0xFF,0x00,0x00,0x00,0x00,0x00,0x00,0x00,0x00,0x00,0x00,0x00,0x00,0x00,0x00,0x00,0x00,0x00,0x00,0xDF,0xFF,0x20,
    0x00,0xFF,0xFF,0x00,0x00,0x00,0x00,0x00,0x00,0x00,0x00,0x00,0x00,0x00,0x00,0x00,0x00,0x00,0x00,0x00,0x00,0xDF,0xFF,0x20,
    0x00,0xFF,0xFF,0x00,0x00,0x00,0x00,0x00,0x00,0x00,0x00,0x00,0x00,0x00,0x00,0x00,0x00,0x00,0x00,0x00,0x00,0xDF,0xFF,0x20,
    0x00,0xFF,0xFF,0x00,0x00,0x00,0x00,0x00,0x00,0x00,0x00,0x00,0x00,0x00,0x00,0x00,0x00,0x00,0x00,0x00,0x00,0xDF,0xFF,0x20,
    0x00,0xFF,0xFF,0x00,0x00,0x00,0x00,0x00,0x00,0x00,0x00,0x00,0x00,0x00,0x00,0x00,0x00,0x00,0x00,0x00,0x00,0xE3,0xFF,0x1C,
    0x00,0xF3,0xFF,0x58,0x40,0x40,0x40,0x40,0x40,0x40,0x40,0x40,0x40,0x40,0x40,0x40,0x40,0x40,0x40,0x40,0x50,0xFF,0xF3,0x00,
    0x00,0x8F,0xFF,0xFF,0xFF,0xFF,0xFF,0xFF,0xFF,0xFF,0xFF,0xFF,0xFF,0xFF,0xFF,0xFF,0xFF,0xFF,0xFF,0xFF,0xFF,0xFF,0x8B,0x00,
    0x00,0x04,0x68,0xBB,0xBF,0xBF,0xBF,0xBF,0xBF,0xBF,0xBF,0xBF,0xBF,0xBF,0xBF,0xBF,0xBF,0xBF,0xBF,0xBF,0xB7,0x68,0x04,0x00,
    0x00,0x00,0x00,0x00,0x00,0x00,0x00,0x00,0x00,0x00,0x00,0x00,0x00,0x00,0x00,0x00,0x00,0x00,0x00,0x00,0x00,0x00,0x00,0x00,
  },
  { // night
    0x00,0x00,0x00,0x00,0x00,0x00,0x00,0x00,0x00,0x00,0x00,0x00,0x00,0x00,0x00,0x00,0x00,0x00,0x00,0x00,0x00,0x00,0x00,0x00,
    0x00,0x00,0x00,0x00,0x00,0x00,0x00,0x00,0x00,0x00,0x00,0x00,0x00,0x00,0x00,0x00,0x00,0x00,0x00,0x00,0x00,0x00,0x00,0x00,
    0x00,0x00,0x00,0x00,0x00,0x00,0x00,0x00,0x00,0x00,0x00,0x00,0x00,0x00,0x00,0x00,0x00,0x00,0x00,0x00,0x00,0x00,0x00,0x00,
    0x00,0x00,0x00,0x00,0x00,0x00,0x00,0x00,0x00,0x00,0x00,0x00,0x00,0x00,0x00,0x00,0x00,0x00,0x00,0x00,0x00,0x00,0x00,0x00,
    0x00,0x00,0x00,0x00,0x00,0x00,0x00,0x00,0x00,0x00,0x00,0x00,0x00,0x00,0x00,0x00,0x00,0x00,0x00,0x00,0x00,0x00,0x00,0x00,
    0x00,0x00,0x00,0x00,0x00,0x00,0x00,0x00,0x00,0x00,0x00,0x00,0x00,0x00,0x00,0x00,0x00,0x00,0x00,0x00,0x00,0x00,0x00,0x00,
    0x00,0x3C,0x5C,0x00,0x00,0x00,0x00,0x00,0x00,0x00,0x00,0x00,0x00,0x00,0x00,0x00,0x00,0x00,0x00,0x00,0x00,0x00,0x00,0x00,
    0x00,0xDB,0xFF,0x1C,0x00,0x00,0x00,0x00,0x00,0x00,0x00,0x00,0x00,0x00,0x00,0x00,0x00,0x00,0x00,0x00,0x00,0x00,0x00,0x00,
    0x00,0xDF,0xFF,0x20,0x00,0x4C,0x80,0x80,0x80,0x80,0x7C,0x20,0x00,0x00,0x00,0x00,0x00,0x00,0x00,0x00,0x00,0x00,0x00,0x00,
    0x00,0xDF,0xFF,0x20,0x70,0xFF,0xFF,0xFF,0xFF,0xFF,0xFF,0xF3,0x1C,0x00,0x00,0x00,0x00,0x00,0x00,0x00,0x00,0x00,0x00,0x00,
    0x00,0xDF,0xFF,0x20,0xD3,0xFF,0x90,0x80,0x80,0x80,0xC3,0xFF,0x74,0x00,0x00,0x00,0x00,0x00,0x00,0x00,0x00,0x00,0x00,0x00,
    0x00,0xDF,0xFF,0x20,0xDF,0xFF,0x2C,0x00,0x00,0x00,0x90,0xFF,0x80,0x00,0x00,0x00,0x00,0x00,0x00,0x00,0x00,0x00,0x00,0x00,
    0x00,0xDF,0xFF,0xE3,0xF7,0xFF,0xFF,0xFF,0xFF,0xFF,0xFF,0xFF,0xEB,0xDF,0xDF,0xDF,0xDF,0xDF,0xDF,0xDF,0xDB,0x84,0x04,0x00,
    0x00,0xDF,0xFF,0xFF,0xFF,0xFF,0xFF,0xFF,0xFF,0xFF,0xFF,0xFF,0xFF,0xFF,0xFF,0xFF,0xFF,0xFF,0xFF,0xFF,0xFF,0xFF,0x74,0x00,
    0x00,0xDF,0xFF,0x54,0x20,0x20,0x20,0x20,0x20,0x20,0x20,0x20,0x20,0x20,0x20,0x20,0x20,0x20,0x20,0x20,0x54,0xFF,0xD3,0x00,
    0x00,0xDF,0xFF,0x20,0x00,0x00,0x00,0x00,0x00,0x00,0x00,0x00,0x00,0x00,0x00,0x00,0x00,0x00,0x00,0x00,0x20,0xFF,0xDF,0x00,
    0x00,0xDF,0xFF,0x2C,0x00,0x00,0x00,0x00,0x00,0x00,0x00,0x00,0x00,0x00,0x00,0x00,0x00,0x00,0x00,0x00,0x2C,0xFF,0xDB,0x00,
    0x00,0xDF,0xFF,0xEF,0xDF,0xDF,0xDF,0xDF,0xDF,0xDF,0xDF,0xDF,0xDF,0xDF,0xDF,0xDF,0xDF,0xDF,0xDF,0xDF,0xEF,0xFF,0xAB,0x00,
    0x00,0xDF,0xFF,0xFF,0xFF,0xFF,0xFF,0xFF,0xFF,0xFF,0xFF,0xFF,0xFF,0xFF,0xFF,0xFF,0xFF,0xFF,0xFF,0xFF,0xFF,0xFF,0xDB,0x00,
    0x00,0xDF,0xFF,0x38,0x20,0x20,0x20,0x20,0x20,0x20,0x20,0x20,0x20,0x20,0x20,0x20,0x20,0x20,0x20,0x20,0x38,0xFF,0xDF,0x00,
    0x00,0xDB,0xFF,0x1C,0x00,0x00,0x00,0x00,0x00,0x00,0x00,0x00,0x00,0x00,0x00,0x00,0x00,0x00,0x00,0x00,0x38,0xFF,0xCF,0x00,
    0x00,0x3C,0x5C,0x00,0x00,0x00,0x00,0x00,0x00,0x00,0x00,0x00,0x00,0x00,0x00,0x00,0x00,0x00,0x00,0x00,0x00,0x6C,0x2C,0x00,
    0x00,0x00,0x00,0x00,0x00,0x00,0x00,0x00,0x00,0x00,0x00,0x00,0x00,0x00,0x00,0x00,0x00,0x00,0x00,0x00,0x00,0x00,0x00,0x00,
    0x00,0x00,0x00,0x00,0x00,0x00,0x00,0x00,0x00,0x00,0x00,0x00,0x00,0x00,0x00,0x00,0x00,0x00,0x00,0x00,0x00,0x00,0x00,0x00,
  },
  { // sun
    0x00,0x00,0x00,0x00,0x00,0x00,0x00,0x00,0x00,0x00,0x08,0xBB,0x8B,0x00,0x00,0x00,0x00,0x00,0x00,0x00,0x00,0x00,0x00,0x00,
    0x00,0x00,0x00,0x00,0x00,0x00,0x00,0x00,0x00,0x00,0x20,0xFF,0xDF,0x00,0x00,0x00,0x00,0x00,0x00,0x00,0x00,0x00,0x00,0x00,
    0x00,0x00,0x00,0x00,0x00,0x00,0x00,0x00,0x00,0x00,0x20,0xFF,0xDF,0x00,0x00,0x00,0x00,0x00,0x00,0x00,0x00,0x00,0x00,0x00,
    0x00,0x00,0x00,0x58,0xAB,0x18,0x00,0x00,0x00,0x00,0x20,0xFF,0xDF,0x00,0x00,0x00,0x00,0x00,0x1C,0xB3,0x40,0x00,0x00,0x00,
    0x00,0x00,0x00,0xAB,0xFF,0xD7,0x18,0x00,0x00,0x00,0x0C,0xDB,0xA7,0x00,0x00,0x00,0x00,0x18,0xD7,0xFF,0x8B,0x00,0x00,0x00,
    0x00,0x00,0x00,0x18,0xD7,0xFF,0xD7,0x10,0x00,0x00,0x00,0x00,0x00,0x00,0x00,0x00,0x1C,0xD7,0xFF,0xD7,0x18,0x00,0x00,0x00,
    0x00,0x00,0x00,0x00,0x18,0xD7,0xFF,0x54,0x04,0x64,0xBF,0xDF,0xDF,0xBB,0x64,0x04,0x74,0xFF,0xD7,0x18,0x00,0x00,0x00,0x00,
    0x00,0x00,0x00,0x00,0x00,0x10,0x54,0x1C,0xCF,0xFB,0xFF,0xFF,0xFF,0xFF,0xFB,0xCF,0x20,0x58,0x10,0x00,0x00,0x00,0x00,0x00,
    0x00,0x00,0x00,0x00,0x00,0x00,0x0C,0xD3,0xFF,0xDB,0x4C,0x24,0x24,0x4C,0xDB,0xFF,0xD3,0x0C,0x00,0x00,0x00,0x00,0x00,0x00,
    0x00,0x00,0x00,0x00,0x00,0x00,0x78,0xFF,0xD7,0x18,0x00,0x00,0x00,0x00,0x18,0xD7,0xFF,0x78,0x00,0x00,0x00,0x00,0x00,0x00,
    0x00,0x00,0x00,0x00,0x00,0x00,0xDF,0xF7,0x48,0x00,0x00,0x00,0x00,0x00,0x00,0x48,0xF7,0xDF,0x00,0x00,0x00,0x00,0x00,0x00,
    0xA7,0xFF,0xFF,0xFF,0xC7,0x00,0xFF,0xFF,0x04,0x00,0x00,0x00,0x00,0x00,0x00,0x04,0xFF,0xFF,0x10,0xDB,0xE7,0xDF,0xF3,0x88,
    0xA7,0xFF,0xFF,0xFF,0xC7,0x00,0xFF,0xFF,0x04,0x00,0x00,0x00,0x00,0x00,0x00,0x04,0xFF,0xFF,0x10,0xDB,0xFF,0xFF,0xFF,0x88,
    0x00,0x00,0x00,0x00,0x00,0x00,0xDF,0xF7,0x48,0x00,0x00,0x00,0x00,0x00,0x00,0x48,0xF7,0xDF,0x00,0x04,0x20,0x20,0x1C,0x00,
    0x00,0x00,0x00,0x00,0x00,0x00,0x78,0xFF,0xD7,0x18,0x00,0x00,0x00,0x00,0x18,0xD7,0xFF,0x78,0x00,0x00,0x00,0x00,0x00,0x00,
    0x00,0x00,0x00,0x00,0x00,0x00,0x0C,0xD3,0xFF,0xDF,0x54,0x24,0x24,0x4C,0xDB,0xFF,0xD3,0x0C,0x00,0x00,0x00,0x00,0x00,0x00,
    0x00,0x00,0x00,0x00,0x00,0x1C,0x74,0x20,0xCF,0xFF,0xFF,0xFF,0xFF,0xFF,0xFB,0xCF,0x28,0x78,0x14,0x00,0x00,0x00,0x00,0x00,
    0x00,0x00,0x00,0x00,0x18,0xD7,0xFF,0x58,0x08,0x5C,0xBF,0xDF,0xDF,0xBB,0x64,0x04,0x78,0xFF,0xD7,0x18,0x00,0x00,0x00,0x00,
    0x00,0x00,0x00,0x1C,0xD7,0xFF,0xD7,0x10,0x00,0x00,0x00,0x0C,0x0C,0x00,0x00,0x00,0x14,0xD7,0xFF,0xD7,0x18,0x00,0x00,0x00,
    0x00,0x00,0x00,0xB3,0xFF,0xD7,0x18,0x00,0x00,0x00,0x00,0xDB,0xDB,0x04,0x00,0x00,0x00,0x18,0xD7,0xFF,0x97,0x00,0x00,0x00,
    0x00,0x00,0x00,0x40,0x8B,0x18,0x00,0x00,0x00,0x00,0x00,0xE7,0xFF,0x20,0x00,0x00,0x00,0x00,0x18,0x97,0x2C,0x00,0x00,0x00,
    0x00,0x00,0x00,0x00,0x00,0x00,0x00,0x00,0x00,0x00,0x00,0xDF,0xFF,0x20,0x00,0x00,0x00,0x00,0x00,0x00,0x00,0x00,0x00,0x00,
    0x00,0x00,0x00,0x00,0x00,0x00,0x00,0x00,0x00,0x00,0x00,0xF3,0xFF,0x1C,0x00,0x00,0x00,0x00,0x00,0x00,0x00,0x00,0x00,0x00,
    0x00,0x00,0x00,0x00,0x00,0x00,0x00,0x00,0x00,0x00,0x00,0x88,0x88,0x00,0x00,0x00,0x00,0x00,0x00,0x00,0x00,0x00,0x00,0x00,
  },
  { // moon
    0x00,0x00,0x00,0x00,0x00,0x00,0x00,0x00,0x00,0x00,0x00,0x00,0x00,0x00,0x00,0x00,0x00,0x00,0x00,0x00,0x00,0x00,0x00,0x00,
    0x00,0x00,0x00,0x00,0x00,0x00,0x00,0x00,0x00,0x00,0x1C,0x40,0x40,0x1C,0x00,0x00,0x00,0x00,0x00,0x00,0x00,0x00,0x00,0x00,
    0x00,0x00,0x00,0x00,0x00,0x00,0x00,0x28,0x8B,0xDF,0xFF,0xFF,0xFF,0xFF,0xDF,0x8B,0x28,0x00,0x00,0x00,0x00,0x00,0x00,0x00,
    0x00,0x00,0x00,0x00,0x00,0x0C,0x97,0xF7,0xFF,0xFB,0xDB,0xBF,0xBF,0xEB,0xFF,0xFF,0xFF,0xDB,0x18,0x00,0x00,0x00,0x00,0x00,
    0x00,0x00,0x00,0x00,0x18,0xC7,0xFF,0xEB,0x88,0x24,0x00,0x30,0xB3,0xFF,0xFF,0xFF,0xFF,0xEF,0x20,0x00,0x00,0x00,0x00,0x00,
    0x00,0x00,0x00,0x0C,0xD3,0xFF,0xD7,0x28,0x00,0x00,0x4C,0xEF,0xFF,0xEB,0x84,0x38,0x20,0x0C,0x00,0x00,0x00,0x00,0x00,0x00,
    0x00,0x00,0x00,0x8F,0xFF,0xD3,0x18,0x00,0x00,0x24,0xF7,0xFF,0xA3,0x08,0x00,0x00,0x00,0x00,0x00,0x00,0x00,0x00,0x00,0x00,
    0x00,0x00,0x18,0xF3,0xFB,0x20,0x00,0x00,0x00,0xCB,0xFF,0x98,0x00,0x00,0x00,0x00,0x00,0x00,0x00,0x00,0x00,0x00,0x00,0x00,
    0x00,0x00,0x88,0xFF,0xA7,0x00,0x00,0x00,0x50,0xFF,0xDB,0x10,0x00,0x00,0x00,0x00,0x00,0x00,0x00,0x00,0x00,0x00,0x00,0x00,
    0x00,0x00,0xCF,0xFF,0x44,0x00,0x00,0x00,0xB3,0xFF,0x60,0x00,0x00,0x00,0x00,0x00,0x00,0x00,0x00,0x00,0x00,0x00,0x00,0x00,
    0x00,0x08,0xFB,0xFF,0x10,0x00,0x00,0x00,0xEB,0xFF,0x24,0x00,0x00,0x00,0x00,0x00,0x00,0x00,0x00,0x00,0x00,0x00,0x00,0x00,
    0x00,0x1C,0xFF,0xE3,0x00,0x00,0x00,0x1C,0xFB,0xEB,0x00,0x00,0x00,0x00,0x00,0x00,0x00,0x00,0x00,0x00,0x00,0x00,0x00,0x00,
    0x00,0x1C,0xFF,0xE3,0x00,0x00,0x00,0x1C,0xFB,0xEB,0x00,0x00,0x00,0x00,0x00,0x00,0x00,0x00,0x00,0x00,0x00,0x00,0x00,0x00,
    0x00,0x08,0xFB,0xFF,0x10,0x00,0x00,0x00,0xEB,0xFF,0x24,0x00,0x00,0x00,0x00,0x00,0x00,0x00,0x00,0x00,0x00,0x00,0x00,0x00,
    0x00,0x00,0xCF,0xFF,0x44,0x00,0x00,0x00,0xB3,0xFF,0x60,0x00,0x00,0x00,0x00,0x00,0x00,0x00,0x00,0x00,0x00,0x00,0x00,0x00,
    0x00,0x00,0x88,0xFF,0xA7,0x00,0x00,0x00,0x50,0xFF,0xDB,0x10,0x00,0x00,0x00,0x00,0x00,0x00,0x00,0x00,0x00,0x00,0x00,0x00,
    0x00,0x00,0x18,0xF3,0xFB,0x20,0x00,0x00,0x00,0xCB,0xFF,0x98,0x00,0x00,0x00,0x00,0x00,0x00,0x00,0x00,0x00,0x00,0x00,0x00,
    0x00,0x00,0x00,0x8F,0xFF,0xD3,0x18,0x00,0x00,0x24,0xF7,0xFF,0xA3,0x08,0x00,0x00,0x00,0x00,0x00,0x00,0x00,0x00,0x00,0x00,
    0x00,0x00,0x00,0x0C,0xD3,0xFF,0xD7,0x28,0x00,0x00,0x4C,0xEF,0xFF,0xEB,0x84,0x38,0x20,0x0C,0x00,0x00,0x00,0x00,0x00,0x00,
    0x00,0x00,0x00,0x00,0x18,0xC7,0xFF,0xEB,0x88,0x24,0x00,0x30,0xB3,0xFF,0xFF,0xFF,0xFF,0xEF,0x20,0x00,0x00,0x00,0x00,0x00,
    0x00,0x00,0x00,0x00,0x00,0x0C,0x97,0xF7,0xFF,0xFB,0xDB,0xBF,0xBF,0xEB,0xFF,0xFF,0xFF,0xDB,0x18,0x00,0x00,0x00,0x00,0x00,
    0x00,0x00,0x00,0x00,0x00,0x00,0x00,0x28,0x8B,0xDF,0xFF,0xFF,0xFF,0xFF,0xDF,0x8B,0x28,0x00,0x00,0x00,0x00,0x00,0x00,0x00,
    0x00,0x00,0x00,0x00,0x00,0x00,0x00,0x00,0x00,0x00,0x1C,0x40,0x40,0x1C,0x00,0x00,0x00,0x00,0x00,0x00,0x00,0x00,0x00,0x00,
    0x00,0x00,0x00,0x00,0x00,0x00,0x00,0x00,0x00,0x00,0x00,0x00,0x00,0x00,0x00,0x00,0x00,0x00,0x00,0x00,0x00,0x00,0x00,0x00,
  },
  { // coffee
    0x00,0x00,0x00,0x00,0x00,0x00,0x00,0x00,0x00,0x00,0x00,0x00,0x00,0x00,0x00,0x00,0x00,0x00,0x00,0x00,0x00,0x00,0x00,0x00,
    0x00,0x00,0x00,0x00,0x00,0x00,0x00,0x00,0x00,0x00,0x00,0x00,0x00,0x00,0x00,0x00,0x00,0x00,0x00,0x00,0x00,0x00,0x00,0x00,
    0x00,0x00,0x00,0x00,0x00,0x00,0x60,0x8F,0x00,0x00,0x04,0xA3,0x48,0x00,0x00,0x00,0x00,0x00,0x00,0x00,0x00,0x00,0x00,0x00,
    0x00,0x00,0x00,0x00,0x00,0x00,0xBF,0xFF,0x00,0x00,0x20,0xFF,0x9F,0x00,0x00,0x00,0x00,0x00,0x00,0x00,0x00,0x00,0x00,0x00,
    0x00,0x00,0x00,0x00,0x00,0x00,0xBF,0xFF,0x00,0x00,0x20,0xFF,0x9F,0x00,0x00,0x00,0x00,0x00,0x00,0x00,0x00,0x00,0x00,0x00,
    0x00,0x00,0x00,0x00,0x00,0x00,0xBF,0xFF,0x00,0x00,0x20,0xFF,0x9F,0x00,0x00,0x00,0x00,0x00,0x00,0x00,0x00,0x00,0x00,0x00,
    0x00,0x00,0x00,0x00,0x00,0x00,0xBF,0xFF,0x00,0x00,0x20,0xFF,0x9F,0x00,0x00,0x00,0x00,0x00,0x00,0x00,0x00,0x00,0x00,0x00,
    0x00,0x00,0x00,0x00,0x00,0x00,0x48,0x70,0x00,0x00,0x00,0x84,0x34,0x00,0x00,0x00,0x00,0x00,0x00,0x00,0x00,0x00,0x00,0x00,
    0x00,0x00,0x00,0x1C,0x5C,0x60,0x60,0x60,0x60,0x60,0x60,0x60,0x60,0x60,0x5C,0x1C,0x00,0x00,0x00,0x00,0x00,0x00,0x00,0x00,
    0x00,0x00,0x38,0xFB,0xFF,0xFF,0xFF,0xFF,0xFF,0xFF,0xFF,0xFF,0xFF,0xFF,0xFF,0xFB,0x38,0x00,0x00,0x00,0x00,0x00,0x00,0x00,
    0x00,0x00,0xA7,0xFF,0xC3,0x9F,0x9F,0x9F,0x9F,0x9F,0x9F,0x9F,0x9F,0x9F,0xCF,0xFF,0xEB,0x8C,0x0C,0x00,0x00,0x00,0x00,0x00,
    0x00,0x00,0x90,0xFF,0x78,0x00,0x00,0x00,0x00,0x00,0x00,0x00,0x00,0x00,0x80,0xFF,0xFF,0xFF,0xD7,0x18,0x00,0x00,0x00,0x00,
    0x00,0x00,0x6C,0xFF,0x9B,0x00,0x00,0x00,0x00,0x00,0x00,0x00,0x00,0x00,0x9B,0xFF,0x8C,0xC7,0xFF,0x88,0x00,0x00,0x00,0x00,
    0x00,0x00,0x48,0xFF,0xC3,0x00,0x00,0x00,0x00,0x00,0x00,0x00,0x00,0x00,0xC3,0xFF,0x48,0x50,0xFF,0xBB,0x00,0x00,0x00,0x00,
    0x00,0x00,0x24,0xFF,0xE3,0x00,0x00,0x00,0x00,0x00,0x00,0x00,0x00,0x00,0xE3,0xFF,0x24,0x94,0xFF,0xA7,0x00,0x00,0x00,0x00,
    0x00,0x00,0x04,0xFF,0xFF,0x08,0x00,0x00,0x00,0x00,0x00,0x00,0x00,0x08,0xFF,0xFF,0xAF,0xFF,0xFB,0x30,0x00,0x00,0x00,0x00,
    0x00,0x00,0x00,0xDB,0xFF,0x2C,0x00,0x00,0x00,0x00,0x00,0x00,0x00,0x2C,0xFF,0xFF,0xFF,0xEB,0x50,0x00,0x00,0x00,0x00,0x00,
    0x00,0x00,0x00,0xB7,0xFF,0x50,0x00,0x00,0x00,0x00,0x00,0x00,0x00,0x50,0xFF,0xD7,0x68,0x10,0x00,0x00,0x00,0x00,0x00,0x00,
    0x00,0x00,0x00,0x88,0xFF,0xCF,0x9F,0x9F,0x9F,0x9F,0x9F,0x9F,0x9F,0xCF,0xFF,0x88,0x00,0x00,0x00,0x00,0x00,0x00,0x00,0x00,
    0x00,0x00,0x00,0x18,0xE3,0xFF,0xFF,0xFF,0xFF,0xFF,0xFF,0xFF,0xFF,0xFF,0xE3,0x14,0x00,0x00,0x00,0x00,0x00,0x00,0x00,0x00,
    0x00,0x2C,0x24,0x20,0x24,0x70,0x80,0x80,0x80,0x80,0x80,0x80,0x80,0x70,0x24,0x20,0x20,0x20,0x38,0x00,0x00,0x00,0x00,0x00,
    0x2C,0xFF,0xFF,0xFF,0xFF,0xFF,0xFF,0xFF,0xFF,0xFF,0xFF,0xFF,0xFF,0xFF,0xFF,0xFF,0xFF,0xFF,0xFF,0x6C,0x00,0x00,0x00,0x00,
    0x0C,0xB3,0xDF,0xDF,0xDF,0xDF,0xDF,0xDF,0xDF,0xDF,0xDF,0xDF,0xDF,0xDF,0xDF,0xDF,0xDF,0xDF,0xCF,0x2C,0x00,0x00,0x00,0x00,
    0x00,0x00,0x00,0x00,0x00,0x00,0x00,0x00,0x00,0x00,0x00,0x00,0x00,0x00,0x00,0x00,0x00,0x00,0x00,0x00,0x00,0x00,0x00,0x00,
  },
  { // folder
    0x00,0x00,0x00,0x00,0x00,0x00,0x00,0x00,0x00,0x00,0x00,0x00,0x00,0x00,0x00,0x00,0x00,0x00,0x00,0x00,0x00,0x00,0x00,0x00,
    0x00,0x00,0x00,0x00,0x00,0x00,0x00,0x00,0x00,0x00,0x00,0x00,0x00,0x00,0x00,0x00,0x00,0x00,0x00,0x00,0x00,0x00,0x00,0x00,
    0x00,0x00,0x00,0x00,0x00,0x00,0x00,0x00,0x00,0x00,0x00,0x00,0x00,0x00,0x00,0x00,0x00,0x00,0x00,0x00,0x00,0x00,0x00,0x00,
    0x00,0x00,0x00,0x00,0x00,0x00,0x00,0x00,0x00,0x00,0x00,0x00,0x00,0x00,0x00,0x00,0x00,0x00,0x00,0x00,0x00,0x00,0x00,0x00,
    0x00,0x00,0x4C,0x80,0x80,0x80,0x80,0x80,0x48,0x04,0x00,0x00,0x00,0x00,0x00,0x00,0x00,0x00,0x00,0x00,0x00,0x00,0x00,0x00,
    0x00,0x7C,0xFF,0xFF,0xFF,0xFF,0xFF,0xFF,0xFF,0xD7,0x28,0x00,0x00,0x00,0x00,0x00,0x00,0x00,0x00,0x00,0x00,0x00,0x00,0x00,
    0x00,0xEF,0xFF,0x80,0x80,0x80,0x80,0x84,0xD7,0xF7,0xE7,0x24,0x00,0x00,0x00,0x00,0x00,0x00,0x00,0x00,0x00,0x00,0x00,0x00,
    0x00,0xFF,0xFF,0x00,0x00,0x00,0x00,0x00,0x0C,0xBF,0xFF,0xEB,0x90,0x80,0x80,0x80,0x80,0x80,0x80,0x80,0x80,0x4C,0x00,0x00,
    0x00,0xFF,0xFF,0x00,0x00,0x00,0x00,0x00,0x00,0x14,0xAF,0xFB,0xFF,0xFF,0xFF,0xFF,0xFF,0xFF,0xFF,0xFF,0xFF,0xFF,0x7C,0x00,
    0x00,0xFF,0xFF,0x00,0x00,0x00,0x00,0x00,0x00,0x00,0x00,0x2C,0x70,0x80,0x80,0x80,0x80,0x80,0x80,0x80,0x80,0xFF,0xEF,0x00,
    0x00,0xFF,0xFF,0x00,0x00,0x00,0x00,0x00,0x00,0x00,0x00,0x00,0x00,0x00,0x00,0x00,0x00,0x00,0x00,0x00,0x00,0xE3,0xFF,0x1C,
    0x00,0xFF,0xFF,0x00,0x00,0x00,0x00,0x00,0x00,0x00,0x00,0x00,0x00,0x00,0x00,0x00,0x00,0x00,0x00,0x00,0x00,0xDF,0xFF,0x20,
    0x00,0xFF,0xFF,0x00,0x00,0x00,0x00,0x00,0x00,0x00,0x00,0x00,0x00,0x00,0x00,0x00,0x00,0x00,0x00,0x00,0x00,0xDF,0xFF,0x20,
    0x00,0xFF,0xFF,0x00,0x00,0x00,0x00,0x00,0x00,0x00,0x00,0x00,0x00,0x00,0x00,0x00,0x00,0x00,0x00,0x00,0x00,0xDF,0xFF,0x20,
    0x00,0xFF,0xFF,0x00,0x00,0x00,0x00,0x00,0x00,0x00,0x00,0x00,0x00,0x00,0x00,0x00,0x00,0x00,0x00,0x00,0x00,0xDF,0xFF,0x20,
    0x00,0xFF,0xFF,0x00,0x00,0x00,0x00,0x00,0x00,0x00,0x00,0x00,0x00,0x00,0x00,0x00,0x00,0x00,0x00,0x00,0x00,0xDF,0xFF,0x20,
    0x00,0xFF,0xFF,0x00,0x00,0x00,0x00,0x00,0x00,0x00,0x00,0x00,0x00,0x00,0x00,0x00,0x00,0x00,0x00,0x00,0x00,0xDF,0xFF,0x20,
    0x00,0xFF,0xFF,0x00,0x00,0x00,0x00,0x00,0x00,0x00,0x00,0x00,0x00,0x00,0x00,0x00,0x00,0x00,0x00,0x00,0x00,0xDF,0xFF,0x20,
    0x00,0xF7,0xFF,0x4C,0x40,0x40,0x40,0x40,0x40,0x40,0x40,0x40,0x40,0x40,0x40,0x40,0x40,0x40,0x40,0x40,0x4C,0xFB,0xF7,0x04,
    0x00,0x9F,0xFF,0xFF,0xFF,0xFF,0xFF,0xFF,0xFF,0xFF,0xFF,0xFF,0xFF,0xFF,0xFF,0xFF,0xFF,0xFF,0xFF,0xFF,0xFF,0xFF,0x9F,0x00,
    0x00,0x0C,0x7C,0xBF,0xBF,0xBF,0xBF,0xBF,0xBF,0xBF,0xBF,0xBF,0xBF,0xBF,0xBF,0xBF,0xBF,0xBF,0xBF,0xBF,0xBB,0x7C,0x0C,0x00,
    0x00,0x00,0x00,0x00,0x00,0x00,0x00,0x00,0x00,0x00,0x00,0x00,0x00,0x00,0x00,0x00,0x00,0x00,0x00,0x00,0x00,0x00,0x00,0x00,
    0x00,0x00,0x00,0x00,0x00,0x00,0x00,0x00,0x00,0x00,0x00,0x00,0x00,0x00,0x00,0x00,0x00,0x00,0x00,0x00,0x00,0x00,0x00,0x00,
    0x00,0x00,0x00,0x00,0x00,0x00,0x00,0x00,0x00,0x00,0x00,0x00,0x00,0x00,0x00,0x00,0x00,0x00,0x00,0x00,0x00,0x00,0x00,0x00,
  },
  { // home
    0x00,0x00,0x00,0x00,0x00,0x00,0x00,0x00,0x00,0x00,0x00,0x00,0x00,0x00,0x00,0x00,0x00,0x00,0x00,0x00,0x00,0x00,0x00,0x00,
    0x00,0x00,0x00,0x00,0x00,0x00,0x00,0x00,0x00,0x00,0x00,0x00,0x00,0x00,0x00,0x00,0x00,0x00,0x00,0x00,0x00,0x00,0x00,0x00,
    0x00,0x00,0x00,0x00,0x00,0x00,0x00,0x00,0x00,0x00,0x0C,0x9F,0xB3,0x14,0x00,0x00,0x00,0x00,0x00,0x00,0x00,0x00,0x00,0x00,
    0x00,0x00,0x00,0x00,0x00,0x00,0x00,0x00,0x00,0x20,0xCF,0xFF,0xFF,0xDF,0x2C,0x00,0x00,0x00,0x00,0x00,0x00,0x00,0x00,0x00,
    0x00,0x00,0x00,0x00,0x00,0x00,0x00,0x00,0x40,0xEB,0xFF,0xB7,0x9F,0xFF,0xF3,0x50,0x00,0x00,0x00,0x00,0x00,0x00,0x00,0x00,
    0x00,0x00,0x00,0x00,0x00,0x00,0x00,0x6C,0xFB,0xFF,0x84,0x04,0x00,0x74,0xFB,0xFF,0x80,0x00,0x00,0x00,0x00,0x00,0x00,0x00,
    0x00,0x00,0x00,0x00,0x00,0x04,0x9F,0xFF,0xF3,0x5C,0x00,0x00,0x00,0x00,0x48,0xEF,0xFF,0xA7,0x0C,0x00,0x00,0x00,0x00,0x00,
    0x00,0x00,0x00,0x00,0x18,0xC7,0xFF,0xDF,0x30,0x00,0x00,0x00,0x00,0x00,0x00,0x28,0xD7,0xFF,0xCF,0x1C,0x00,0x00,0x00,0x00,
    0x00,0x00,0x00,0x38,0xE7,0xFF,0xBF,0x18,0x00,0x00,0x00,0x00,0x00,0x00,0x00,0x00,0x0C,0xB7,0xFF,0xE7,0x3C,0x00,0x00,0x00,
    0x00,0x00,0x60,0xF7,0xFF,0xB0,0x04,0x00,0x00,0x00,0x00,0x00,0x00,0x00,0x00,0x00,0x00,0x04,0xAC,0xFF,0xFB,0x64,0x00,0x00,
    0x10,0xA0,0xFF,0xFF,0xFF,0x80,0x00,0x00,0x00,0x00,0x00,0x00,0x00,0x00,0x00,0x00,0x00,0x00,0x80,0xFF,0xFF,0xFF,0x98,0x08,
    0x78,0xFF,0xE7,0xB4,0xFF,0x80,0x00,0x00,0x00,0x00,0x00,0x00,0x00,0x00,0x00,0x00,0x00,0x00,0x80,0xFF,0xB4,0xE7,0xFF,0x58,
    0x10,0x78,0x18,0x80,0xFF,0x80,0x00,0x00,0x00,0x00,0x00,0x00,0x00,0x00,0x00,0x00,0x00,0x00,0x80,0xFF,0x80,0x1C,0x74,0x08,
    0x00,0x00,0x00,0x80,0xFF,0x80,0x00,0x00,0x00,0x00,0x00,0x00,0x00,0x00,0x00,0x00,0x00,0x00,0x80,0xFF,0x80,0x00,0x00,0x00,
    0x00,0x00,0x00,0x80,0xFF,0x80,0x00,0x00,0x0C,0x5C,0x60,0x60,0x60,0x60,0x5C,0x0C,0x00,0x00,0x80,0xFF,0x80,0x00,0x00,0x00,
    0x00,0x00,0x00,0x80,0xFF,0x80,0x00,0x00,0x88,0xFF,0xFF,0xFF,0xFF,0xFF,0xFF,0x88,0x00,0x00,0x80,0xFF,0x80,0x00,0x00,0x00,
    0x00,0x00,0x00,0x80,0xFF,0x80,0x00,0x00,0x9F,0xFF,0xC3,0x9F,0x9F,0xC3,0xFF,0x9F,0x00,0x00,0x80,0xFF,0x80,0x00,0x00,0x00,
    0x00,0x00,0x00,0x80,0xFF,0x80,0x00,0x00,0x9F,0xFF,0x60,0x00,0x00,0x60,0xFF,0x9F,0x00,0x00,0x80,0xFF,0x80,0x00,0x00,0x00,
    0x00,0x00,0x00,0x80,0xFF,0x80,0x00,0x00,0x9F,0xFF,0x60,0x00,0x00,0x60,0xFF,0x9F,0x00,0x00,0x80,0xFF,0x80,0x00,0x00,0x00,
    0x00,0x00,0x00,0x80,0xFF,0x80,0x00,0x00,0x9F,0xFF,0x60,0x00,0x00,0x60,0xFF,0x9F,0x00,0x00,0x80,0xFF,0x80,0x00,0x00,0x00,
    0x00,0x00,0x00,0x80,0xFF,0xDF,0xBF,0xBF,0xE7,0xFF,0xD7,0xBF,0xBF,0xD7,0xFF,0xE7,0xBF,0xBF,0xDF,0xFF,0x80,0x00,0x00,0x00,
    0x00,0x00,0x00,0x64,0xFF,0xFF,0xFF,0xFF,0xFF,0xFF,0xFF,0xFF,0xFF,0xFF,0xFF,0xFF,0xFF,0xFF,0xFF,0xFF,0x64,0x00,0x00,0x00,
    0x00,0x00,0x00,0x00,0x30,0x40,0x40,0x40,0x40,0x40,0x40,0x40,0x40,0x40,0x40,0x40,0x40,0x40,0x40,0x30,0x00,0x00,0x00,0x00,
    0x00,0x00,0x00,0x00,0x00,0x00,0x00,0x00,0x00,0x00,0x00,0x00,0x00,0x00,0x00,0x00,0x00,0x00,0x00,0x00,0x00,0x00,0x00,0x00,
  },
  { // grid
    0x00,0x00,0x00,0x00,0x00,0x00,0x00,0x00,0x00,0x00,0x00,0x00,0x00,0x00,0x00,0x00,0x00,0x00,0x00,0x00,0x00,0x00,0x00,0x00,
    0x00,0x00,0x20,0x7C,0x80,0x80,0x80,0x80,0x80,0x80,0x4C,0x00,0x00,0x4C,0x80,0x80,0x80,0x80,0x80,0x80,0x7C,0x20,0x00,0x00,
    0x00,0x2C,0xEF,0xFF,0xFF,0xFF,0xFF,0xFF,0xFF,0xFF,0xFF,0x7C,0x7C,0xFF,0xFF,0xFF,0xFF,0xFF,0xFF,0xFF,0xFF,0xEF,0x2C,0x00,
    0x00,0x8F,0xFF,0xB0,0x80,0x80,0x80,0x80,0x80,0x80,0xFF,0xEF,0xEF,0xFF,0x80,0x80,0x80,0x80,0x80,0x80,0xB0,0xFF,0x8F,0x00,
    0x00,0x9F,0xFF,0x60,0x00,0x00,0x00,0x00,0x00,0x00,0xE3,0xFF,0xFF,0xFF,0x00,0x00,0x00,0x00,0x00,0x00,0x60,0xFF,0x9F,0x00,
    0x00,0x9F,0xFF,0x60,0x00,0x00,0x00,0x00,0x00,0x00,0xDF,0xFF,0xFF,0xFF,0x00,0x00,0x00,0x00,0x00,0x00,0x60,0xFF,0x9F,0x00,
    0x00,0x9F,0xFF,0x60,0x00,0x00,0x00,0x00,0x00,0x00,0xDF,0xFF,0xFF,0xFF,0x00,0x00,0x00,0x00,0x00,0x00,0x60,0xFF,0x9F,0x00,
    0x00,0x9F,0xFF,0x60,0x00,0x00,0x00,0x00,0x00,0x00,0xDF,0xFF,0xFF,0xFF,0x00,0x00,0x00,0x00,0x00,0x00,0x60,0xFF,0x9F,0x00,
    0x00,0x9F,0xFF,0x60,0x00,0x00,0x00,0x00,0x00,0x00,0xDF,0xFF,0xFF,0xFF,0x00,0x00,0x00,0x00,0x00,0x00,0x60,0xFF,0x9F,0x00,
    0x00,0x9F,0xFF,0x74,0x04,0x00,0x00,0x00,0x00,0x18,0xF7,0xFF,0xFF,0xFF,0x18,0x00,0x00,0x00,0x00,0x04,0x74,0xFF,0x9F,0x00,
    0x00,0x58,0xFF,0xFF,0xFF,0xFF,0xFF,0xFF,0xFF,0xFF,0xFF,0xB7,0xB7,0xFF,0xFF,0xFF,0xFF,0xFF,0xFF,0xFF,0xFF,0xFF,0x58,0x00,
    0x00,0x00,0x70,0xDB,0xFF,0xFF,0xFF,0xFF,0xFF,0xEB,0xAB,0x14,0x14,0xAB,0xEB,0xFF,0xFF,0xFF,0xFF,0xFF,0xDB,0x70,0x00,0x00,
    0x00,0x00,0x70,0xDB,0xDF,0xDF,0xDF,0xDF,0xDF,0xDF,0xAB,0x14,0x14,0xAB,0xDF,0xDF,0xDF,0xDF,0xDF,0xDF,0xDB,0x70,0x00,0x00,
    0x00,0x58,0xFF,0xFF,0xFF,0xFF,0xFF,0xFF,0xFF,0xFF,0xFF,0xB7,0xB7,0xFF,0xFF,0xFF,0xFF,0xFF,0xFF,0xFF,0xFF,0xFF,0x58,0x00,
    0x00,0x9F,0xFF,0x74,0x20,0x20,0x20,0x20,0x20,0x20,0xF7,0xFF,0xFF,0xFF,0x20,0x20,0x20,0x20,0x20,0x20,0x74,0xFF,0x9F,0x00,
    0x00,0x9F,0xFF,0x60,0x00,0x00,0x00,0x00,0x00,0x00,0xDF,0xFF,0xFF,0xFF,0x00,0x00,0x00,0x00,0x00,0x00,0x60,0xFF,0x9F,0x00,
    0x00,0x9F,0xFF,0x60,0x00,0x00,0x00,0x00,0x00,0x00,0xDF,0xFF,0xFF,0xFF,0x00,0x00,0x00,0x00,0x00,0x00,0x60,0xFF,0x9F,0x00,
    0x00,0x9F,0xFF,0x60,0x00,0x00,0x00,0x00,0x00,0x00,0xDF,0xFF,0xFF,0xFF,0x00,0x00,0x00,0x00,0x00,0x00,0x60,0xFF,0x9F,0x00,
    0x00,0x9F,0xFF,0x60,0x00,0x00,0x00,0x00,0x00,0x00,0xDF,0xFF,0xFF,0xFF,0x00,0x00,0x00,0x00,0x00,0x00,0x60,0xFF,0x9F,0x00,
    0x00,0x9F,0xFF,0x60,0x00,0x00,0x00,0x00,0x00,0x00,0xE3,0xFF,0xFF,0xFF,0x00,0x00,0x00,0x00,0x00,0x00,0x60,0xFF,0x9F,0x00,
    0x00,0x8F,0xFF,0xB0,0x80,0x80,0x80,0x80,0x80,0x80,0xFF,0xEF,0xEF,0xFF,0x80,0x80,0x80,0x80,0x80,0x80,0xB0,0xFF,0x8F,0x00,
    0x00,0x2C,0xEF,0xFF,0xFF,0xFF,0xFF,0xFF,0xFF,0xFF,0xFF,0x7C,0x7C,0xFF,0xFF,0xFF,0xFF,0xFF,0xFF,0xFF,0xFF,0xEF,0x2C,0x00,
    0x00,0x00,0x20,0x7C,0x80,0x80,0x80,0x80,0x80,0x80,0x4C,0x00,0x00,0x4C,0x80,0x80,0x80,0x80,0x80,0x80,0x7C,0x20,0x00,0x00,
    0x00,0x00,0x00,0x00,0x00,0x00,0x00,0x00,0x00,0x00,0x00,0x00,0x00,0x00,0x00,0x00,0x00,0x00,0x00,0x00,0x00,0x00,0x00,0x00,
  },
  { // car
    0x00,0x00,0x00,0x00,0x00,0x00,0x00,0x00,0x00,0x00,0x00,0x00,0x00,0x00,0x00,0x00,0x00,0x00,0x00,0x00,0x00,0x00,0x00,0x00,
    0x00,0x00,0x00,0x00,0x00,0x00,0x00,0x00,0x00,0x00,0x00,0x00,0x00,0x00,0x00,0x00,0x00,0x00,0x00,0x00,0x00,0x00,0x00,0x00,
    0x00,0x00,0x00,0x00,0x00,0x00,0x00,0x00,0x00,0x00,0x00,0x00,0x00,0x00,0x00,0x00,0x00,0x00,0x00,0x00,0x00,0x00,0x00,0x00,
    0x00,0x00,0x00,0x00,0x00,0x00,0x00,0x00,0x00,0x00,0x00,0x00,0x00,0x00,0x00,0x00,0x00,0x00,0x00,0x00,0x00,0x00,0x00,0x00,
    0x00,0x00,0x00,0x00,0x00,0x00,0x00,0x00,0x00,0x00,0x00,0x00,0x00,0x00,0x00,0x00,0x00,0x00,0x00,0x00,0x00,0x00,0x00,0x00,
    0x00,0x00,0x00,0x00,0x00,0x00,0x00,0x04,0x4C,0x60,0x60,0x60,0x60,0x60,0x60,0x4C,0x04,0x00,0x00,0x00,0x00,0x00,0x00,0x00,
    0x00,0x00,0x00,0x00,0x00,0x00,0x3C,0xE7,0xFF,0xFF,0xFF,0xFF,0xFF,0xFF,0xFF,0xFF,0xE7,0x3C,0x00,0x00,0x00,0x00,0x00,0x00,
    0x00,0x00,0x00,0x00,0x00,0x14,0xEF,0xFF,0xC7,0x9F,0x9F,0xF3,0xFF,0xAB,0x9F,0xC7,0xFF,0xEF,0x14,0x00,0x00,0x00,0x00,0x00,
    0x00,0x00,0x00,0x00,0x00,0x90,0xFF,0xAF,0x00,0x00,0x00,0xDF,0xFF,0x20,0x00,0x00,0xAF,0xFF,0x90,0x00,0x00,0x00,0x00,0x00,
    0x00,0x00,0x00,0x00,0x18,0xF7,0xFB,0x24,0x00,0x00,0x00,0xDF,0xFF,0x20,0x00,0x00,0x24,0xFB,0xF7,0x18,0x00,0x00,0x00,0x00,
    0x00,0x00,0x00,0x00,0x8C,0xFF,0x9F,0x00,0x00,0x00,0x00,0xDF,0xFF,0x20,0x00,0x00,0x00,0x9F,0xFF,0x8C,0x00,0x00,0x00,0x00,
    0x00,0x10,0x6C,0x94,0xE7,0xFF,0xA0,0x80,0x80,0x80,0x80,0xEF,0xFF,0x90,0x80,0x80,0x80,0xA0,0xFF,0xE7,0x94,0x6C,0x10,0x00,
    0x04,0xCB,0xFF,0xFF,0xFF,0xFF,0xFF,0xFF,0xFF,0xFF,0xFF,0xFF,0xFF,0xFF,0xFF,0xFF,0xFF,0xFF,0xFF,0xFF,0xFF,0xFF,0xC7,0x04,
    0x3C,0xFF,0xDF,0x74,0x58,0x80,0x80,0x80,0x80,0x80,0x80,0x80,0x80,0x80,0x80,0x80,0x80,0x80,0x80,0x50,0x74,0xDF,0xFF,0x3C,
    0x40,0xFF,0xBF,0x00,0x30,0xAF,0xFB,0xFF,0xAF,0x30,0x00,0x00,0x00,0x00,0x30,0xAF,0xFB,0xFF,0xAF,0x30,0x00,0xBF,0xFF,0x40,
    0x40,0xFF,0xBF,0x1C,0xEB,0xFB,0xFF,0xFF,0xFB,0xEB,0x1C,0x00,0x00,0x1C,0xEB,0xFB,0xFF,0xFF,0xFB,0xEB,0x1C,0xBF,0xFF,0x40,
    0x34,0xFF,0xE3,0xB4,0xFF,0xF3,0x8C,0x8C,0xF3,0xFF,0xB4,0x80,0x80,0xB4,0xFF,0xF3,0x8C,0x8C,0xF3,0xFF,0xB4,0xE3,0xFF,0x34,
    0x00,0xCB,0xFF,0xFF,0xFF,0xFF,0xFF,0xFF,0xFF,0xFF,0xFF,0xFF,0xFF,0xFF,0xFF,0xFF,0xFF,0xFF,0xFF,0xFF,0xFF,0xFF,0xC7,0x00,
    0x00,0x0C,0x6C,0xBF,0xFF,0xE7,0x80,0x80,0xE7,0xFF,0xBF,0x80,0x80,0xBF,0xFF,0xE7,0x80,0x80,0xE7,0xFF,0xBF,0x6C,0x0C,0x00,
    0x00,0x00,0x00,0x2C,0xFB,0xFF,0xC7,0xC7,0xFF,0xFB,0x2C,0x00,0x00,0x2C,0xFB,0xFF,0xC7,0xC7,0xFF,0xFB,0x2C,0x00,0x00,0x00,
    0x00,0x00,0x00,0x00,0x48,0xE3,0xFF,0xFF,0xE3,0x48,0x00,0x00,0x00,0x00,0x48,0xE3,0xFF,0xFF,0xE3,0x48,0x00,0x00,0x00,0x00,
    0x00,0x00,0x00,0x00,0x00,0x04,0x38,0x34,0x04,0x00,0x00,0x00,0x00,0x00,0x00,0x04,0x38,0x34,0x04,0x00,0x00,0x00,0x00,0x00,
    0x00,0x00,0x00,0x00,0x00,0x00,0x00,0x00,0x00,0x00,0x00,0x00,0x00,0x00,0x00,0x00,0x00,0x00,0x00,0x00,0x00,0x00,0x00,0x00,
    0x00,0x00,0x00,0x00,0x00,0x00,0x00,0x00,0x00,0x00,0x00,0x00,0x00,0x00,0x00,0x00,0x00,0x00,0x00,0x00,0x00,0x00,0x00,0x00,
  },
  { // mower
    0x00,0x00,0x00,0x00,0x00,0x00,0x00,0x00,0x00,0x00,0x00,0x00,0x00,0x00,0x00,0x00,0x00,0x00,0x00,0x00,0x00,0x00,0x00,0x00,
    0x00,0x00,0x00,0x00,0x00,0x00,0x00,0x00,0x00,0x00,0x00,0x00,0x00,0x00,0x00,0x00,0x00,0x00,0x00,0x00,0x00,0x00,0x00,0x00,
    0x00,0x00,0x00,0x00,0x00,0x00,0x00,0x00,0x00,0x00,0x00,0x00,0x00,0x00,0x00,0x00,0x00,0x00,0x00,0x00,0x00,0x00,0x00,0x00,
    0x00,0x00,0x00,0x00,0x00,0x00,0x00,0x00,0x00,0x00,0x00,0x00,0x00,0x00,0x00,0x00,0x00,0x00,0x00,0x00,0x00,0x00,0x00,0x00,
    0x00,0x00,0x00,0x00,0x00,0x00,0x00,0x00,0x00,0x00,0x00,0x00,0x00,0x00,0x38,0xC7,0xDF,0xDF,0xDF,0xDB,0x74,0x00,0x00,0x00,
    0x00,0x00,0x00,0x00,0x00,0x00,0x00,0x00,0x00,0x00,0x00,0x00,0x00,0x00,0xD3,0xFF,0xFF,0xFF,0xFF,0xFF,0xFF,0x40,0x00,0x00,
    0x00,0x00,0x00,0x00,0x00,0x00,0x00,0x00,0x00,0x00,0x00,0x00,0x00,0x00,0xFF,0xFF,0x20,0x20,0x20,0x90,0xFF,0x80,0x00,0x00,
    0x00,0x00,0x00,0x00,0x00,0x00,0x00,0x00,0x00,0x00,0x00,0x00,0x00,0x00,0xFF,0xFF,0x00,0x00,0x00,0x80,0xFF,0x80,0x00,0x00,
    0x00,0x00,0x00,0x00,0x00,0x00,0x00,0x00,0x10,0x20,0x20,0x20,0x20,0x2C,0xFF,0xF3,0x00,0x00,0x00,0x80,0xFF,0x80,0x00,0x00,
    0x00,0x00,0x00,0x00,0x00,0x00,0x00,0x58,0xF3,0xFF,0xFF,0xFF,0xFF,0xFF,0xFF,0xB3,0x00,0x00,0x00,0x80,0xFF,0x80,0x00,0x00,
    0x00,0x00,0x00,0x00,0x00,0x00,0x00,0xE3,0xFF,0xDF,0xDF,0xDF,0xDF,0xDF,0xA3,0x20,0x00,0x00,0x00,0x80,0xFF,0x80,0x00,0x00,
    0x00,0x00,0x00,0x00,0x00,0x00,0x00,0xFF,0xFF,0x00,0x00,0x00,0x00,0x00,0x00,0x00,0x00,0x00,0x00,0x80,0xFF,0x80,0x00,0x00,
    0x00,0x00,0x00,0x00,0x00,0x00,0x00,0xFF,0xFF,0x00,0x00,0x00,0x00,0x00,0x00,0x00,0x00,0x00,0x00,0x80,0xFF,0x80,0x00,0x00,
    0x00,0x14,0x58,0x60,0x60,0x60,0x6C,0xFF,0xE7,0x00,0x00,0x00,0x00,0x00,0x44,0x97,0x9F,0x6C,0x10,0x80,0xFF,0x80,0x00,0x00,
    0x28,0xF3,0xFF,0xFF,0xFF,0xFF,0xFF,0xFF,0x9B,0x00,0x00,0x00,0x0C,0xBB,0xFF,0xFF,0xFF,0xFF,0xE7,0xBF,0xFF,0x80,0x00,0x00,
    0x8F,0xFF,0xF3,0xFF,0xFF,0xFF,0xEF,0x74,0x0C,0x00,0x00,0x00,0xA7,0xF3,0xDF,0x6C,0x58,0xAF,0xFB,0xFF,0xFF,0x80,0x00,0x00,
    0x9B,0xFF,0xFF,0xFF,0xFF,0xFF,0xFF,0xA0,0x80,0x80,0x80,0x84,0xF7,0xFB,0x8C,0x80,0x80,0x80,0xE7,0xFF,0xFF,0x74,0x00,0x00,
    0x44,0xFF,0xFF,0xFF,0xFF,0xFF,0xFF,0xFF,0xFF,0xFF,0xFF,0xFF,0xFF,0xFF,0xFF,0xFF,0xFF,0xFF,0xFF,0xFF,0xEF,0x1C,0x00,0x00,
    0x00,0x8C,0xFF,0xD3,0x80,0xA0,0xFF,0xF3,0x80,0x80,0x80,0x9C,0xFF,0xDB,0x80,0x80,0x80,0x80,0xB4,0xFF,0xA7,0x00,0x00,0x00,
    0x00,0x2C,0xFF,0xFB,0xAB,0xE3,0xFF,0x94,0x00,0x00,0x00,0x04,0xE7,0xF3,0x64,0x00,0x00,0x20,0xCB,0xFF,0x54,0x00,0x00,0x00,
    0x00,0x00,0x80,0xFB,0xFF,0xFF,0xCB,0x14,0x00,0x00,0x00,0x00,0x68,0xFB,0xFF,0xCF,0xBB,0xF3,0xFF,0xB7,0x04,0x00,0x00,0x00,
    0x00,0x00,0x00,0x14,0x58,0x34,0x00,0x00,0x00,0x00,0x00,0x00,0x00,0x58,0xDF,0xFF,0xFF,0xFB,0x98,0x0C,0x00,0x00,0x00,0x00,
    0x00,0x00,0x00,0x00,0x00,0x00,0x00,0x00,0x00,0x00,0x00,0x00,0x00,0x00,0x04,0x2C,0x38,0x10,0x00,0x00,0x00,0x00,0x00,0x00,
    0x00,0x00,0x00,0x00,0x00,0x00,0x00,0x00,0x00,0x00,0x00,0x00,0x00,0x00,0x00,0x00,0x00,0x00,0x00,0x00,0x00,0x00,0x00,0x00,
  },
  { // vacuum
    0x00,0x00,0x00,0x00,0x00,0x00,0x00,0x00,0x00,0x00,0x00,0x00,0x00,0x00,0x00,0x00,0x00,0x00,0x00,0x00,0x00,0x00,0x00,0x00,
    0x00,0x00,0x00,0x00,0x00,0x00,0x00,0x00,0x00,0x00,0x08,0x20,0x20,0x08,0x00,0x00,0x00,0x00,0x00,0x00,0x00,0x00,0x00,0x00,
    0x00,0x00,0x00,0x00,0x00,0x00,0x00,0x1C,0x78,0xBF,0xFB,0xFF,0xFF,0xFB,0xBF,0x78,0x1C,0x00,0x00,0x00,0x00,0x00,0x00,0x00,
    0x00,0x00,0x00,0x00,0x00,0x0C,0x88,0xFB,0xFF,0xF7,0xF3,0xDF,0xDF,0xF3,0xF7,0xFF,0xFB,0x88,0x0C,0x00,0x00,0x00,0x00,0x00,
    0x00,0x00,0x00,0x00,0x18,0xCF,0xFF,0xFB,0x88,0x38,0x00,0x00,0x00,0x00,0x38,0x88,0xFB,0xFF,0xCF,0x18,0x00,0x00,0x00,0x00,
    0x00,0x00,0x00,0x04,0xD3,0xFF,0xD7,0x28,0x00,0x00,0x00,0x00,0x00,0x00,0x00,0x00,0x28,0xD7,0xFF,0xD3,0x04,0x00,0x00,0x00,
    0x00,0x00,0x00,0x94,0xFF,0xFB,0x78,0x60,0x60,0x60,0x60,0x60,0x60,0x60,0x60,0x60,0x60,0x78,0xFB,0xFF,0x90,0x00,0x00,0x00,
    0x00,0x00,0x34,0xFF,0xFF,0xFF,0xFF,0xFF,0xFF,0xFF,0xFF,0xFF,0xFF,0xFF,0xFF,0xFF,0xFF,0xFF,0xFF,0xFF,0xFB,0x30,0x00,0x00,
    0x00,0x00,0x94,0xFF,0xC3,0x9F,0x9F,0x9F,0x9F,0x9F,0x9F,0x9F,0x9F,0x9F,0x9F,0x9F,0x9F,0x9F,0x9F,0xC3,0xFF,0x94,0x00,0x00,
    0x00,0x00,0xEB,0xFF,0x2C,0x00,0x00,0x00,0x00,0x00,0x00,0x1C,0x18,0x00,0x00,0x00,0x00,0x00,0x00,0x2C,0xFF,0xEB,0x00,0x00,
    0x00,0x1C,0xFF,0xF3,0x00,0x00,0x00,0x00,0x00,0x50,0xCB,0xFF,0xFF,0xCB,0x50,0x00,0x00,0x00,0x00,0x00,0xF3,0xFF,0x1C,0x00,
    0x00,0x40,0xFF,0xC7,0x00,0x00,0x00,0x00,0x44,0xFF,0xFB,0xEB,0xEB,0xFB,0xFF,0x44,0x00,0x00,0x00,0x00,0xD3,0xFF,0x40,0x00,
    0x00,0x40,0xFF,0xC7,0x00,0x00,0x00,0x00,0xC3,0xF7,0x74,0x00,0x00,0x74,0xF7,0xC3,0x00,0x00,0x00,0x00,0xD3,0xFF,0x40,0x00,
    0x00,0x1C,0xFF,0xF3,0x00,0x00,0x00,0x00,0xFF,0xFF,0x04,0x00,0x00,0x04,0xFF,0xFF,0x00,0x00,0x00,0x00,0xF3,0xFF,0x1C,0x00,
    0x00,0x00,0xEB,0xFF,0x2C,0x00,0x00,0x00,0xF3,0xF7,0x1C,0x00,0x00,0x1C,0xF7,0xF3,0x00,0x00,0x00,0x2C,0xFF,0xEB,0x00,0x00,
    0x00,0x00,0x94,0xFF,0x88,0x00,0x00,0x00,0x9B,0xFF,0xBF,0x50,0x50,0xC3,0xFF,0x9B,0x00,0x00,0x00,0x88,0xFF,0x94,0x00,0x00,
    0x00,0x00,0x30,0xFB,0xF3,0x2C,0x00,0x00,0x18,0xDB,0xFF,0xFF,0xFF,0xFF,0xDB,0x18,0x00,0x00,0x2C,0xF3,0xFB,0x30,0x00,0x00,
    0x00,0x00,0x00,0x90,0xFF,0xD7,0x18,0x00,0x00,0x08,0x68,0xBB,0xB7,0x68,0x10,0x00,0x00,0x18,0xD7,0xFF,0x90,0x00,0x00,0x00,
    0x00,0x00,0x00,0x04,0xD3,0xFF,0xD7,0x28,0x00,0x00,0x00,0x00,0x00,0x00,0x00,0x00,0x28,0xD7,0xFF,0xD3,0x04,0x00,0x00,0x00,
    0x00,0x00,0x00,0x00,0x18,0xCF,0xFF,0xFB,0x88,0x38,0x00,0x00,0x00,0x00,0x38,0x88,0xFB,0xFF,0xCF,0x18,0x00,0x00,0x00,0x00,
    0x00,0x00,0x00,0x00,0x00,0x0C,0x88,0xFB,0xFF,0xF7,0xF3,0xDF,0xDF,0xF3,0xF7,0xFF,0xFB,0x88,0x0C,0x00,0x00,0x00,0x00,0x00,
    0x00,0x00,0x00,0x00,0x00,0x00,0x00,0x1C,0x78,0xBF,0xFB,0xFF,0xFF,0xFB,0xBF,0x78,0x1C,0x00,0x00,0x00,0x00,0x00,0x00,0x00,
    0x00,0x00,0x00,0x00,0x00,0x00,0x00,0x00,0x00,0x00,0x08,0x20,0x20,0x08,0x00,0x00,0x00,0x00,0x00,0x00,0x00,0x00,0x00,0x00,
    0x00,0x00,0x00,0x00,0x00,0x00,0x00,0x00,0x00,0x00,0x00,0x00,0x00,0x00,0x00,0x00,0x00,0x00,0x00,0x00,0x00,0x00,0x00,0x00,
  },
  { // bell
    0x00,0x00,0x00,0x00,0x00,0x00,0x00,0x00,0x00,0x00,0x08,0x70,0x70,0x08,0x00,0x00,0x00,0x00,0x00,0x00,0x00,0x00,0x00,0x00,
    0x00,0x00,0x00,0x00,0x00,0x00,0x00,0x00,0x00,0x00,0xBB,0xFF,0xFF,0xBB,0x00,0x00,0x00,0x00,0x00,0x00,0x00,0x00,0x00,0x00,
    0x00,0x00,0x00,0x00,0x00,0x00,0x00,0x00,0x00,0x20,0xFF,0xCF,0xDF,0xFF,0x20,0x00,0x00,0x00,0x00,0x00,0x00,0x00,0x00,0x00,
    0x00,0x00,0x00,0x00,0x00,0x00,0x00,0x00,0x00,0x54,0xFB,0xFF,0xFF,0xFB,0x54,0x00,0x00,0x00,0x00,0x00,0x00,0x00,0x00,0x00,
    0x00,0x00,0x00,0x00,0x00,0x00,0x00,0x14,0xBB,0xFF,0xFF,0xFF,0xFF,0xFF,0xFF,0xBB,0x14,0x00,0x00,0x00,0x00,0x00,0x00,0x00,
    0x00,0x00,0x00,0x00,0x00,0x00,0x04,0xC7,0xFF,0xDF,0x64,0x20,0x20,0x64,0xDF,0xFF,0xC3,0x04,0x00,0x00,0x00,0x00,0x00,0x00,
    0x00,0x00,0x00,0x00,0x00,0x00,0x64,0xFF,0xBF,0x14,0x00,0x00,0x00,0x00,0x14,0xBF,0xFF,0x64,0x00,0x00,0x00,0x00,0x00,0x00,
    0x00,0x00,0x00,0x00,0x00,0x00,0xD3,0xFB,0x5C,0x00,0x00,0x00,0x00,0x00,0x00,0x5C,0xFB,0xD3,0x00,0x00,0x00,0x00,0x00,0x00,
    0x00,0x00,0x00,0x00,0x00,0x1C,0xF7,0xDF,0x0C,0x00,0x00,0x00,0x00,0x00,0x00,0x0C,0xDF,0xF7,0x1C,0x00,0x00,0x00,0x00,0x00,
    0x00,0x00,0x00,0x00,0x00,0x38,0xFF,0xBF,0x00,0x00,0x00,0x00,0x00,0x00,0x00,0x00,0xBF,0xFF,0x38,0x00,0x00,0x00,0x00,0x00,
    0x00,0x00,0x00,0x00,0x00,0x40,0xFF,0xBF,0x00,0x00,0x00,0x00,0x00,0x00,0x00,0x00,0xBF,0xFF,0x40,0x00,0x00,0x00,0x00,0x00,
    0x00,0x00,0x00,0x00,0x00,0x48,0xFF,0xB3,0x00,0x00,0x00,0x00,0x00,0x00,0x00,0x00,0xB3,0xFF,0x48,0x00,0x00,0x00,0x00,0x00,
    0x00,0x00,0x00,0x00,0x00,0x58,0xFB,0x9B,0x00,0x00,0x00,0x00,0x00,0x00,0x00,0x00,0x9B,0xFB,0x58,0x00,0x00,0x00,0x00,0x00,
    0x00,0x00,0x00,0x00,0x00,0x80,0xFF,0x6C,0x00,0x00,0x00,0x00,0x00,0x00,0x00,0x00,0x6C,0xFF,0x80,0x00,0x00,0x00,0x00,0x00,
    0x00,0x00,0x00,0x00,0x00,0xAB,0xFB,0x38,0x00,0x00,0x00,0x00,0x00,0x00,0x00,0x00,0x38,0xFB,0xAB,0x00,0x00,0x00,0x00,0x00,
    0x00,0x00,0x00,0x00,0x28,0xFB,0xEB,0x08,0x00,0x00,0x00,0x00,0x00,0x00,0x00,0x00,0x08,0xEB,0xFB,0x28,0x00,0x00,0x00,0x00,
    0x00,0x00,0x00,0x00,0x8F,0xFB,0xDF,0x80,0x80,0x80,0x80,0x80,0x80,0x80,0x80,0x80,0x80,0xDF,0xFB,0x93,0x00,0x00,0x00,0x00,
    0x00,0x00,0x00,0x00,0xF7,0xFF,0xFF,0xFF,0xFF,0xFF,0xFF,0xFF,0xFF,0xFF,0xFF,0xFF,0xFF,0xFF,0xFF,0xF3,0x00,0x00,0x00,0x00,
    0x00,0x00,0x00,0x00,0x4C,0x80,0x80,0x80,0xA8,0xFF,0xDF,0x80,0x80,0xDF,0xFF,0xA8,0x80,0x80,0x80,0x54,0x00,0x00,0x00,0x00,
    0x00,0x00,0x00,0x00,0x00,0x00,0x00,0x00,0x14,0xF3,0xFF,0xD7,0xD7,0xFF,0xF3,0x14,0x00,0x00,0x00,0x00,0x00,0x00,0x00,0x00,
    0x00,0x00,0x00,0x00,0x00,0x00,0x00,0x00,0x00,0x44,0xD7,0xFF,0xFF,0xD7,0x4C,0x00,0x00,0x00,0x00,0x00,0x00,0x00,0x00,0x00,
    0x00,0x00,0x00,0x00,0x00,0x00,0x00,0x00,0x00,0x00,0x04,0x34,0x30,0x04,0x00,0x00,0x00,0x00,0x00,0x00,0x00,0x00,0x00,0x00,
    0x00,0x00,0x00,0x00,0x00,0x00,0x00,0x00,0x00,0x00,0x00,0x00,0x00,0x00,0x00,0x00,0x00,0x00,0x00,0x00,0x00,0x00,0x00,0x00,
    0x00,0x00,0x00,0x00,0x00,0x00,0x00,0x00,0x00,0x00,0x00,0x00,0x00,0x00,0x00,0x00,0x00,0x00,0x00,0x00,0x00,0x00,0x00,0x00,
  },
  { // clock
    0x00,0x00,0x00,0x00,0x00,0x00,0x00,0x00,0x00,0x00,0x00,0x00,0x00,0x00,0x00,0x00,0x00,0x00,0x00,0x00,0x00,0x00,0x00,0x00,
    0x00,0x00,0x00,0x00,0x00,0x00,0x00,0x00,0x00,0x00,0x08,0x20,0x20,0x08,0x00,0x00,0x00,0x00,0x00,0x00,0x00,0x00,0x00,0x00,
    0x00,0x00,0x00,0x00,0x00,0x00,0x00,0x1C,0x78,0xBF,0xFB,0xFF,0xFF,0xFB,0xBF,0x78,0x1C,0x00,0x00,0x00,0x00,0x00,0x00,0x00,
    0x00,0x00,0x00,0x00,0x00,0x0C,0x88,0xFB,0xFF,0xF7,0xF3,0xDF,0xDF,0xF3,0xF7,0xFF,0xFB,0x88,0x0C,0x00,0x00,0x00,0x00,0x00,
    0x00,0x00,0x00,0x00,0x18,0xCF,0xFF,0xFB,0x88,0x38,0x00,0x00,0x00,0x00,0x38,0x88,0xFB,0xFF,0xCF,0x18,0x00,0x00,0x00,0x00,
    0x00,0x00,0x00,0x04,0xD3,0xFF,0xD7,0x28,0x00,0x00,0x00,0x68,0x68,0x00,0x00,0x00,0x28,0xD7,0xFF,0xD3,0x04,0x00,0x00,0x00,
    0x00,0x00,0x00,0x90,0xFF,0xD7,0x18,0x00,0x00,0x00,0x00,0xFF,0xFF,0x00,0x00,0x00,0x00,0x18,0xD7,0xFF,0x90,0x00,0x00,0x00,
    0x00,0x00,0x30,0xFB,0xF3,0x2C,0x00,0x00,0x00,0x00,0x00,0xFF,0xFF,0x00,0x00,0x00,0x00,0x00,0x2C,0xF3,0xFB,0x30,0x00,0x00,
    0x00,0x00,0x94,0xFF,0x88,0x00,0x00,0x00,0x00,0x00,0x00,0xFF,0xFF,0x00,0x00,0x00,0x00,0x00,0x00,0x88,0xFF,0x94,0x00,0x00,
    0x00,0x00,0xEB,0xFF,0x2C,0x00,0x00,0x00,0x00,0x00,0x00,0xFF,0xFF,0x00,0x00,0x00,0x00,0x00,0x00,0x2C,0xFF,0xEB,0x00,0x00,
    0x00,0x1C,0xFF,0xF3,0x00,0x00,0x00,0x00,0x00,0x00,0x00,0xFF,0xFF,0x00,0x00,0x00,0x00,0x00,0x00,0x00,0xF3,0xFF,0x1C,0x00,
    0x00,0x40,0xFF,0xC7,0x00,0x00,0x00,0x00,0x00,0x00,0x00,0xFF,0xFF,0x2C,0x00,0x00,0x00,0x00,0x00,0x00,0xD3,0xFF,0x40,0x00,
    0x00,0x40,0xFF,0xC7,0x00,0x00,0x00,0x00,0x00,0x00,0x00,0xCB,0xFF,0xFB,0x8C,0x0C,0x00,0x00,0x00,0x00,0xD3,0xFF,0x40,0x00,
    0x00,0x1C,0xFF,0xF3,0x00,0x00,0x00,0x00,0x00,0x00,0x00,0x0C,0x88,0xFB,0xFF,0xE3,0x60,0x00,0x00,0x00,0xF3,0xFF,0x1C,0x00,
    0x00,0x00,0xEB,0xFF,0x2C,0x00,0x00,0x00,0x00,0x00,0x00,0x00,0x00,0x28,0xC3,0xFF,0xFF,0x18,0x00,0x2C,0xFF,0xEB,0x00,0x00,
    0x00,0x00,0x94,0xFF,0x88,0x00,0x00,0x00,0x00,0x00,0x00,0x00,0x00,0x00,0x00,0x58,0x5C,0x00,0x00,0x88,0xFF,0x94,0x00,0x00,
    0x00,0x00,0x30,0xFB,0xF3,0x2C,0x00,0x00,0x00,0x00,0x00,0x00,0x00,0x00,0x00,0x00,0x00,0x00,0x2C,0xF3,0xFB,0x30,0x00,0x00,
    0x00,0x00,0x00,0x90,0xFF,0xD7,0x18,0x00,0x00,0x00,0x00,0x00,0x00,0x00,0x00,0x00,0x00,0x18,0xD7,0xFF,0x90,0x00,0x00,0x00,
    0x00,0x00,0x00,0x04,0xD3,0xFF,0xD7,0x28,0x00,0x00,0x00,0x00,0x00,0x00,0x00,0x00,0x28,0xD7,0xFF,0xD3,0x04,0x00,0x00,0x00,
    0x00,0x00,0x00,0x00,0x18,0xCF,0xFF,0xFB,0x88,0x38,0x00,0x00,0x00,0x00,0x38,0x88,0xFB,0xFF,0xCF,0x18,0x00,0x00,0x00,0x00,
    0x00,0x00,0x00,0x00,0x00,0x0C,0x88,0xFB,0xFF,0xF7,0xF3,0xDF,0xDF,0xF3,0xF7,0xFF,0xFB,0x88,0x0C,0x00,0x00,0x00,0x00,0x00,
    0x00,0x00,0x00,0x00,0x00,0x00,0x00,0x1C,0x78,0xBF,0xFB,0xFF,0xFF,0xFB,0xBF,0x78,0x1C,0x00,0x00,0x00,0x00,0x00,0x00,0x00,
    0x00,0x00,0x00,0x00,0x00,0x00,0x00,0x00,0x00,0x00,0x08,0x20,0x20,0x08,0x00,0x00,0x00,0x00,0x00,0x00,0x00,0x00,0x00,0x00,
    0x00,0x00,0x00,0x00,0x00,0x00,0x00,0x00,0x00,0x00,0x00,0x00,0x00,0x00,0x00,0x00,0x00,0x00,0x00,0x00,0x00,0x00,0x00,0x00,
  },
};

const uint8_t ICON_A40[39][ICON_A40_BYTES] PROGMEM = {
  { // bulb
    0x00,0x00,0x00,0x00,0x00,0x00,0x00,0x00,0x00,0x00,0x00,0x00,0x00,0x00,0x00,0x00,0x00,0x00,0x00,0x00,0x00,0x00,0x00,0x00,0x00,0x00,0x00,0x00,0x00,0x00,0x00,0x00,0x00,0x00,0x00,0x00,0x00,0x00,0x00,0x00,
    0x00,0x00,0x00,0x00,0x00,0x00,0x00,0x00,0x00,0x00,0x00,0x00,0x00,0x00,0x00,0x00,0x00,0x00,0x00,0x00,0x00,0x00,0x00,0x00,0x00,0x00,0x00,0x00,0x00,0x00,0x00,0x00,0x00,0x00,0x00,0x00,0x00,0x00,0x00,0x00,
    0x00,0x00,0x00,0x00,0x00,0x00,0x00,0x00,0x00,0x00,0x00,0x00,0x00,0x00,0x00,0x00,0x00,0x00,0x00,0x00,0x00,0x00,0x00,0x00,0x00,0x00,0x00,0x00,0x00,0x00,0x00,0x00,0x00,0x00,0x00,0x00,0x00,0x00,0x00,0x00,
    0x00,0x00,0x00,0x00,0x00,0x00,0x00,0x00,0x00,0x00,0x00,0x00,0x00,0x00,0x00,0x00,0x00,0x00,0x00,0x00,0x00,0x00,0x00,0x00,0x00,0x00,0x00,0x00,0x00,0x00,0x00,0x00,0x00,0x00,0x00,0x00,0x00,0x00,0x00,0x00,
    0x00,0x00,0x00,0x00,0x00,0x00,0x00,0x00,0x00,0x00,0x00,0x00,0x00,0x00,0x00,0x00,0x00,0x00,0x00,0x00,0x00,0x00,0x00,0x00,0x00,0x00,0x00,0x00,0x00,0x00,0x00,0x00,0x00,0x00,0x00,0x00,0x00,0x00,0x00,0x00,
    0x00,0x00,0x00,0x00,0x00,0x00,0x00,0x00,0x00,0x00,0x00,0x00,0x00,0x00,0x00,0x04,0x38,0x83,0xB7,0xC7,0xC7,0xB7,0x83,0x38,0x04,0x00,0x00,0x00,0x00,0x00,0x00,0x00,0x00,0x00,0x00,0x00,0x00,0x00,0x00,0x00,
    0x00,0x00,0x00,0x00,0x00,0x00,0x00,0x00,0x00,0x00,0x00,0x00,0x00,0x00,0x48,0xD7,0xFF,0xFF,0xFF,0xFF,0xFF,0xFF,0xFF,0xFF,0xD7,0x48,0x00,0x00,0x00,0x00,0x00,0x00,0x00,0x00,0x00,0x00,0x00,0x00,0x00,0x00,
    0x00,0x00,0x00,0x00,0x00,0x00,0x00,0x00,0x00,0x00,0x00,0x00,0x00,0x90,0xFF,0xFF,0xFF,0xFB,0xFF,0xF7,0xF7,0xFF,0xFB,0xFF,0xFF,0xFF,0x90,0x00,0x00,0x00,0x00,0x00,0x00,0x00,0x00,0x00,0x00,0x00,0x00,0x00,
    0x00,0x00,0x00,0x00,0x00,0x00,0x00,0x00,0x00,0x00,0x00,0x04,0xA3,0xFF,0xFF,0xFF,0xFF,0xCB,0xAF,0x70,0x70,0xAF,0xCB,0xFF,0xFF,0xFF,0xFF,0xA3,0x04,0x00,0x00,0x00,0x00,0x00,0x00,0x00,0x00,0x00,0x00,0x00,
    0x00,0x00,0x00,0x00,0x00,0x00,0x00,0x00,0x00,0x00,0x00,0x80,0xFF,0xFF,0xFB,0xEF,0x70,0x08,0x00,0x00,0x00,0x00,0x08,0x70,0xEF,0xFB,0xFF,0xFF,0x80,0x00,0x00,0x00,0x00,0x00,0x00,0x00,0x00,0x00,0x00,0x00,
    0x00,0x00,0x00,0x00,0x00,0x00,0x00,0x00,0x00,0x00,0x28,0xFB,0xFF,0xFF,0xBB,0x20,0x00,0x00,0x00,0x00,0x00,0x00,0x00,0x00,0x20,0xBB,0xFF,0xFF,0xFB,0x28,0x00,0x00,0x00,0x00,0x00,0x00,0x00,0x00,0x00,0x00,
    0x00,0x00,0x00,0x00,0x00,0x00,0x00,0x00,0x00,0x00,0xA7,0xFF,0xFF,0xEB,0x30,0x00,0x00,0x00,0x00,0x00,0x00,0x00,0x00,0x00,0x00,0x30,0xEB,0xFF,0xFF,0xA7,0x00,0x00,0x00,0x00,0x00,0x00,0x00,0x00,0x00,0x00,
    0x00,0x00,0x00,0x00,0x00,0x00,0x00,0x00,0x00,0x0C,0xEF,0xFF,0xFF,0x9F,0x00,0x00,0x00,0x00,0x00,0x00,0x00,0x00,0x00,0x00,0x00,0x00,0x9F,0xFF,0xFF,0xEF,0x0C,0x00,0x00,0x00,0x00,0x00,0x00,0x00,0x00,0x00,
    0x00,0x00,0x00,0x00,0x00,0x00,0x00,0x00,0x00,0x44,0xFF,0xFB,0xDF,0x34,0x00,0x00,0x00,0x00,0x00,0x00,0x00,0x00,0x00,0x00,0x00,0x00,0x34,0xDF,0xFB,0xFF,0x44,0x00,0x00,0x00,0x00,0x00,0x00,0x00,0x00,0x00,
    0x00,0x00,0x00,0x00,0x00,0x00,0x00,0x00,0x00,0x64,0xFF,0xFB,0xCF,0x00,0x00,0x00,0x00,0x00,0x00,0x00,0x00,0x00,0x00,0x00,0x00,0x00,0x00,0xE3,0xFF,0xFF,0x6C,0x00,0x00,0x00,0x00,0x00,0x00,0x00,0x00,0x00,
    0x00,0x00,0x00,0x00,0x00,0x00,0x00,0x00,0x00,0x80,0xFF,0xFF,0xE3,0x00,0x00,0x00,0x00,0x00,0x00,0x00,0x00,0x00,0x00,0x00,0x00,0x00,0x00,0xE3,0xFF,0xFF,0x80,0x00,0x00,0x00,0x00,0x00,0x00,0x00,0x00,0x00,
    0x00,0x00,0x00,0x00,0x00,0x00,0x00,0x00,0x00,0x70,0xFF,0xFB,0xCB,0x00,0x00,0x00,0x00,0x00,0x00,0x00,0x00,0x00,0x00,0x00,0x00,0x00,0x00,0xD3,0xFF,0xFF,0x74,0x00,0x00,0x00,0x00,0x00,0x00,0x00,0x00,0x00,
    0x00,0x00,0x00,0x00,0x00,0x00,0x00,0x00,0x00,0x54,0xFB,0xFB,0xDB,0x18,0x00,0x00,0x00,0x00,0x00,0x00,0x00,0x00,0x00,0x00,0x00,0x00,0x18,0xDB,0xFB,0xFB,0x54,0x00,0x00,0x00,0x00,0x00,0x00,0x00,0x00,0x00,
    0x00,0x00,0x00,0x00,0x00,0x00,0x00,0x00,0x00,0x18,0xF7,0xFF,0xFF,0x78,0x00,0x00,0x00,0x00,0x00,0x00,0x00,0x00,0x00,0x00,0x00,0x00,0x78,0xFF,0xFF,0xF7,0x18,0x00,0x00,0x00,0x00,0x00,0x00,0x00,0x00,0x00,
    0x00,0x00,0x00,0x00,0x00,0x00,0x00,0x00,0x00,0x00,0xC3,0xFF,0xFF,0xBB,0x18,0x00,0x00,0x00,0x00,0x00,0x00,0x00,0x00,0x00,0x00,0x18,0xBB,0xFF,0xFF,0xC3,0x00,0x00,0x00,0x00,0x00,0x00,0x00,0x00,0x00,0x00,
    0x00,0x00,0x00,0x00,0x00,0x00,0x00,0x00,0x00,0x00,0x50,0xFF,0xFB,0xFF,0xAF,0x04,0x00,0x00,0x00,0x00,0x00,0x00,0x00,0x00,0x04,0xAF,0xFF,0xFB,0xFF,0x50,0x00,0x00,0x00,0x00,0x00,0x00,0x00,0x00,0x00,0x00,
    0x00,0x00,0x00,0x00,0x00,0x00,0x00,0x00,0x00,0x00,0x00,0xAB,0xFF,0xFF,0xFF,0xAB,0x1C,0x00,0x00,0x00,0x00,0x00,0x00,0x1C,0xAB,0xFF,0xFF,0xFF,0xAB,0x00,0x00,0x00,0x00,0x00,0x00,0x00,0x00,0x00,0x00,0x00,
    0x00,0x00,0x00,0x00,0x00,0x00,0x00,0x00,0x00,0x00,0x00,0x14,0xD7,0xFF,0xFF,0xFF,0xFF,0xAF,0x64,0x40,0x40,0x64,0xAF,0xFF,0xFF,0xFF,0xFF,0xD7,0x14,0x00,0x00,0x00,0x00,0x00,0x00,0x00,0x00,0x00,0x00,0x00,
    0x00,0x00,0x00,0x00,0x00,0x00,0x00,0x00,0x00,0x00,0x00,0x00,0x18,0xD3,0xFF,0xFF,0xFF,0xFF,0xFF,0xFF,0xFF,0xFF,0xFF,0xFF,0xFF,0xFF,0xD3,0x18,0x00,0x00,0x00,0x00,0x00,0x00,0x00,0x00,0x00,0x00,0x00,0x00,
    0x00,0x00,0x00,0x00,0x00,0x00,0x00,0x00,0x00,0x00,0x00,0x00,0x00,0x28,0xFF,0xFF,0xFF,0xFF,0xFF,0xFF,0xFF,0xFF,0xFF,0xFF,0xFF,0xFF,0x40,0x00,0x00,0x00,0x00,0x00,0x00,0x00,0x00,0x00,0x00,0x00,0x00,0x00,
    0x00,0x00,0x00,0x00,0x00,0x00,0x00,0x00,0x00,0x00,0x00,0x00,0x00,0x20,0xFF,0xFF,0xFF,0xFF,0xFF,0xFF,0xFF,0xFF,0xFF,0xFF,0xFF,0xFF,0x40,0x00,0x00,0x00,0x00,0x00,0x00,0x00,0x00,0x00,0x00,0x00,0x00,0x00,
    0x00,0x00,0x00,0x00,0x00,0x00,0x00,0x00,0x00,0x00,0x00,0x00,0x00,0x20,0xFF,0xFF,0xFF,0xFF,0xFF,0xFF,0xFF,0xFF,0xFF,0xFF,0xFF,0xFF,0x40,0x00,0x00,0x00,0x00,0x00,0x00,0x00,0x00,0x00,0x00,0x00,0x00,0x00,
    0x00,0x00,0x00,0x00,0x00,0x00,0x00,0x00,0x00,0x00,0x00,0x00,0x00,0x18,0xFF,0xFF,0xFF,0xFF,0xFF,0xFF,0xFF,0xFF,0xFF,0xFF,0xFF,0xFF,0x24,0x00,0x00,0x00,0x00,0x00,0x00,0x00,0x00,0x00,0x00,0x00,0x00,0x00,
    0x00,0x00,0x00,0x00,0x00,0x00,0x00,0x00,0x00,0x00,0x00,0x00,0x00,0x00,0x93,0xFB,0xFF,0xFF,0xFF,0xFF,0xFF,0xFF,0xFF,0xFF,0xFB,0x93,0x00,0x00,0x00,0x00,0x00,0x00,0x00,0x00,0x00,0x00,0x00,0x00,0x00,0x00,
    0x00,0x00,0x00,0x00,0x00,0x00,0x00,0x00,0x00,0x00,0x00,0x00,0x00,0x00,0x00,0x14,0x5C,0x60,0x60,0x60,0x60,0x60,0x60,0x58,0x0C,0x00,0x00,0x00,0x00,0x00,0x00,0x00,0x00,0x00,0x00,0x00,0x00,0x00,0x00,0x00,
    0x00,0x00,0x00,0x00,0x00,0x00,0x00,0x00,0x00,0x00,0x00,0x00,0x00,0x00,0x04,0xD7,0xFF,0xFF,0xFF,0xFF,0xFF,0xFF,0xFF,0xFF,0xBB,0x00,0x00,0x00,0x00,0x00,0x00,0x00,0x00,0x00,0x00,0x00,0x00,0x00,0x00,0x00,
    0x00,0x00,0x00,0x00,0x00,0x00,0x00,0x00,0x00,0x00,0x00,0x00,0x00,0x00,0x18,0xFF,0xFF,0xFF,0xFF,0xFF,0xFF,0xFF,0xFF,0xFF,0xF7,0x00,0x00,0x00,0x00,0x00,0x00,0x00,0x00,0x00,0x00,0x00,0x00,0x00,0x00,0x00,
    0x00,0x00,0x00,0x00,0x00,0x00,0x00,0x00,0x00,0x00,0x00,0x00,0x00,0x00,0x00,0x8C,0xFB,0xFF,0xFF,0xFF,0xFF,0xFF,0xFF,0xF7,0x70,0x00,0x00,0x00,0x00,0x00,0x00,0x00,0x00,0x00,0x00,0x00,0x00,0x00,0x00,0x00,
    0x00,0x00,0x00,0x00,0x00,0x00,0x00,0x00,0x00,0x00,0x00,0x00,0x00,0x00,0x00,0x00,0x0C,0x9F,0xAF,0x9F,0x9F,0xB3,0x8F,0x04,0x00,0x00,0x00,0x00,0x00,0x00,0x00,0x00,0x00,0x00,0x00,0x00,0x00,0x00,0x00,0x00,
    0x00,0x00,0x00,0x00,0x00,0x00,0x00,0x00,0x00,0x00,0x00,0x00,0x00,0x00,0x00,0x00,0x8C,0xFF,0xFF,0xFF,0xFF,0xFF,0xFF,0x6C,0x00,0x00,0x00,0x00,0x00,0x00,0x00,0x00,0x00,0x00,0x00,0x00,0x00,0x00,0x00,0x00,
    0x00,0x00,0x00,0x00,0x00,0x00,0x00,0x00,0x00,0x00,0x00,0x00,0x00,0x00,0x00,0x00,0x80,0xFF,0xFF,0xFF,0xFF,0xFF,0xFF,0x60,0x00,0x00,0x00,0x00,0x00,0x00,0x00,0x00,0x00,0x00,0x00,0x00,0x00,0x00,0x00,0x00,
    0x00,0x00,0x00,0x00,0x00,0x00,0x00,0x00,0x00,0x00,0x00,0x00,0x00,0x00,0x00,0x00,0x04,0x80,0xBB,0xBF,0xBF,0xBB,0x70,0x00,0x00,0x00,0x00,0x00,0x00,0x00,0x00,0x00,0x00,0x00,0x00,0x00,0x00,0x00,0x00,0x00,
    0x00,0x00,0x00,0x00,0x00,0x00,0x00,0x00,0x00,0x00,0x00,0x00,0x00,0x00,0x00,0x00,0x00,0x00,0x00,0x00,0x00,0x00,0x00,0x00,0x00,0x00,0x00,0x00,0x00,0x00,0x00,0x00,0x00,0x00,0x00,0x00,0x00,0x00,0x00,0x00,
    0x00,0x00,0x00,0x00,0x00,0x00,0x00,0x00,0x00,0x00,0x00,0x00,0x00,0x00,0x00,0x00,0x00,0x00,0x00,0x00,0x00,0x00,0x00,0x00,0x00,0x00,0x00,0x00,0x00,0x00,0x00,0x00,0x00,0x00,0x00,0x00,0x00,0x00,0x00,0x00,
    0x00,0x00,0x00,0x00,0x00,0x00,0x00,0x00,0x00,0x00,0x00,0x00,0x00,0x00,0x00,0x00,0x00,0x00,0x00,0x00,0x00,0x00,0x00,0x00,0x00,0x00,0x00,0x00,0x00,0x00,0x00,0x00,0x00,0x00,0x00,0x00,0x00,0x00,0x00,0x00,
  },
  { // lamp
    0x00,0x00,0x00,0x00,0x00,0x00,0x00,0x00,0x00,0x00,0x00,0x00,0x00,0x00,0x00,0x00,0x00,0x00,0x00,0x00,0x00,0x00,0x00,0x00,0x00,0x00,0x00,0x00,0x00,0x00,0x00,0x00,0x00,0x00,0x00,0x00,0x00,0x00,0x00,0x00,
    0x00,0x00,0x00,0x00,0x00,0x00,0x00,0x00,0x00,0x00,0x00,0x00,0x00,0x00,0x00,0x00,0x00,0x00,0x00,0x00,0x00,0x00,0x00,0x00,0x00,0x00,0x00,0x00,0x00,0x00,0x00,0x00,0x00,0x00,0x00,0x00,0x00,0x00,0x00,0x00,
    0x00,0x00,0x00,0x00,0x00,0x00,0x00,0x00,0x00,0x00,0x00,0x00,0x00,0x00,0x00,0x00,0x00,0x00,0x00,0x00,0x00,0x00,0x00,0x00,0x00,0x00,0x00,0x00,0x00,0x00,0x00,0x00,0x00,0x00,0x00,0x00,0x00,0x00,0x00,0x00,
    0x00,0x00,0x00,0x00,0x00,0x00,0x00,0x00,0x00,0x00,0x00,0x00,0x00,0x00,0x00,0x00,0x00,0x00,0x00,0x00,0x00,0x00,0x00,0x00,0x00,0x00,0x00,0x00,0x00,0x00,0x00,0x00,0x00,0x00,0x00,0x00,0x00,0x00,0x00,0x00,
    0x00,0x00,0x00,0x00,0x00,0x00,0x00,0x00,0x00,0x00,0x00,0x00,0x00,0x00,0x00,0x00,0x00,0x00,0x00,0x00,0x00,0x00,0x00,0x00,0x00,0x00,0x00,0x00,0x00,0x00,0x00,0x00,0x00,0x00,0x00,0x00,0x00,0x00,0x00,0x00,
    0x00,0x00,0x00,0x00,0x00,0x00,0x00,0x00,0x00,0x00,0x00,0x00,0x00,0x00,0x00,0x00,0x3C,0x60,0x60,0x60,0x60,0x60,0x60,0x3C,0x00,0x00,0x00,0x00,0x00,0x00,0x00,0x00,0x00,0x00,0x00,0x00,0x00,0x00,0x00,0x00,
    0x00,0x00,0x00,0x00,0x00,0x00,0x00,0x00,0x00,0x00,0x00,0x00,0x00,0x00,0x38,0xE3,0xFF,0xFF,0xFF,0xFF,0xFF,0xFF,0xFF,0xFF,0xDF,0x38,0x00,0x00,0x00,0x00,0x00,0x00,0x00,0x00,0x00,0x00,0x00,0x00,0x00,0x00,
    0x00,0x00,0x00,0x00,0x00,0x00,0x00,0x00,0x00,0x00,0x00,0x00,0x00,0x14,0xEB,0xFF,0xFF,0xFF,0xFF,0xFF,0xFF,0xFF,0xFF,0xFF,0xFF,0xEB,0x14,0x00,0x00,0x00,0x00,0x00,0x00,0x00,0x00,0x00,0x00,0x00,0x00,0x00,
    0x00,0x00,0x00,0x00,0x00,0x00,0x00,0x00,0x00,0x00,0x00,0x00,0x00,0x88,0xFF,0xFF,0xFF,0xFF,0xFF,0xFF,0xFF,0xFF,0xFF,0xFF,0xFF,0xFF,0x88,0x00,0x00,0x00,0x00,0x00,0x00,0x00,0x00,0x00,0x00,0x00,0x00,0x00,
    0x00,0x00,0x00,0x00,0x00,0x00,0x00,0x00,0x00,0x00,0x00,0x00,0x04,0xEB,0xFF,0xFB,0x94,0x00,0x00,0x00,0x00,0x00,0x00,0x94,0xFB,0xFF,0xEB,0x04,0x00,0x00,0x00,0x00,0x00,0x00,0x00,0x00,0x00,0x00,0x00,0x00,
    0x00,0x00,0x00,0x00,0x00,0x00,0x00,0x00,0x00,0x00,0x00,0x00,0x50,0xFF,0xFF,0xFF,0x48,0x00,0x00,0x00,0x00,0x00,0x00,0x48,0xFF,0xFF,0xFF,0x50,0x00,0x00,0x00,0x00,0x00,0x00,0x00,0x00,0x00,0x00,0x00,0x00,
    0x00,0x00,0x00,0x00,0x00,0x00,0x00,0x00,0x00,0x00,0x00,0x00,0xAB,0xFF,0xFF,0xE3,0x04,0x00,0x00,0x00,0x00,0x00,0x00,0x04,0xE3,0xFF,0xFF,0xAB,0x00,0x00,0x00,0x00,0x00,0x00,0x00,0x00,0x00,0x00,0x00,0x00,
    0x00,0x00,0x00,0x00,0x00,0x00,0x00,0x00,0x00,0x00,0x00,0x14,0xF7,0xFF,0xFF,0x8C,0x00,0x00,0x00,0x00,0x00,0x00,0x00,0x00,0x8C,0xFF,0xFF,0xF7,0x14,0x00,0x00,0x00,0x00,0x00,0x00,0x00,0x00,0x00,0x00,0x00,
    0x00,0x00,0x00,0x00,0x00,0x00,0x00,0x00,0x00,0x00,0x00,0x68,0xFF,0xFF,0xFF,0x2C,0x00,0x00,0x00,0x00,0x00,0x00,0x00,0x00,0x2C,0xFF,0xFF,0xFF,0x68,0x00,0x00,0x00,0x00,0x00,0x00,0x00,0x00,0x00,0x00,0x00,
    0x00,0x00,0x00,0x00,0x00,0x00,0x00,0x00,0x00,0x00,0x00,0xC7,0xFF,0xFF,0xCB,0x00,0x00,0x00,0x00,0x00,0x00,0x00,0x00,0x00,0x00,0xCB,0xFF,0xFF,0xC7,0x00,0x00,0x00,0x00,0x00,0x00,0x00,0x00,0x00,0x00,0x00,
    0x00,0x00,0x00,0x00,0x00,0x00,0x00,0x00,0x00,0x00,0x28,0xFF,0xFF,0xFF,0x70,0x00,0x00,0x00,0x00,0x00,0x00,0x00,0x00,0x00,0x00,0x70,0xFF,0xFF,0xFF,0x28,0x00,0x00,0x00,0x00,0x00,0x00,0x00,0x00,0x00,0x00,
    0x00,0x00,0x00,0x00,0x00,0x00,0x00,0x00,0x00,0x00,0x84,0xFF,0xFF,0xFB,0x14,0x00,0x00,0x00,0x00,0x00,0x00,0x00,0x00,0x00,0x00,0x14,0xFB,0xFF,0xFF,0x84,0x00,0x00,0x00,0x00,0x00,0x00,0x00,0x00,0x00,0x00,
    0x00,0x00,0x00,0x00,0x00,0x00,0x00,0x00,0x00,0x00,0xE3,0xFF,0xFF,0xAF,0x00,0x00,0x00,0x00,0x00,0x00,0x00,0x00,0x00,0x00,0x00,0x00,0xAF,0xFF,0xFF,0xE3,0x00,0x00,0x00,0x00,0x00,0x00,0x00,0x00,0x00,0x00,
    0x00,0x00,0x00,0x00,0x00,0x00,0x00,0x00,0x00,0x40,0xFF,0xFF,0xFF,0x54,0x00,0x00,0x00,0x00,0x00,0x00,0x00,0x00,0x00,0x00,0x00,0x00,0x54,0xFF,0xFF,0xFF,0x40,0x00,0x00,0x00,0x00,0x00,0x00,0x00,0x00,0x00,
    0x00,0x00,0x00,0x00,0x00,0x00,0x00,0x00,0x00,0x74,0xFF,0xFF,0xFF,0xA7,0x9F,0x9F,0x9F,0x9F,0x9F,0xAF,0xAB,0x9F,0x9F,0x9F,0x9F,0x9F,0xA7,0xFF,0xFF,0xFF,0x74,0x00,0x00,0x00,0x00,0x00,0x00,0x00,0x00,0x00,
    0x00,0x00,0x00,0x00,0x00,0x00,0x00,0x00,0x00,0x88,0xFF,0xFF,0xFF,0xFF,0xFF,0xFF,0xFF,0xFF,0xFF,0xFF,0xFF,0xFF,0xFF,0xFF,0xFF,0xFF,0xFF,0xFF,0xFF,0xFF,0x88,0x00,0x00,0x00,0x00,0x00,0x00,0x00,0x00,0x00,
    0x00,0x00,0x00,0x00,0x00,0x00,0x00,0x00,0x00,0x24,0xF3,0xFF,0xFF,0xFF,0xFF,0xFF,0xFF,0xFF,0xFF,0xFF,0xFF,0xFF,0xFF,0xFF,0xFF,0xFF,0xFF,0xFF,0xFF,0xF3,0x24,0x00,0x00,0x00,0x00,0x00,0x00,0x00,0x00,0x00,
    0x00,0x00,0x00,0x00,0x00,0x00,0x00,0x00,0x00,0x00,0x1C,0x8F,0xB7,0xBF,0xBF,0xBF,0xBF,0xBF,0xE7,0xFF,0xFF,0xEF,0xBF,0xBF,0xBF,0xBF,0xBF,0xB7,0x8F,0x1C,0x00,0x00,0x00,0x00,0x00,0x00,0x00,0x00,0x00,0x00,
    0x00,0x00,0x00,0x00,0x00,0x00,0x00,0x00,0x00,0x00,0x00,0x00,0x00,0x00,0x00,0x00,0x00,0x00,0x9F,0xFF,0xFF,0xBF,0x00,0x00,0x00,0x00,0x00,0x00,0x00,0x00,0x00,0x00,0x00,0x00,0x00,0x00,0x00,0x00,0x00,0x00,
    0x00,0x00,0x00,0x00,0x00,0x00,0x00,0x00,0x00,0x00,0x00,0x00,0x00,0x00,0x00,0x00,0x00,0x00,0x9F,0xFF,0xFF,0xBF,0x00,0x00,0x00,0x00,0x00,0x00,0x00,0x00,0x00,0x00,0x00,0x00,0x00,0x00,0x00,0x00,0x00,0x00,
    0x00,0x00,0x00,0x00,0x00,0x00,0x00,0x00,0x00,0x00,0x00,0x00,0x00,0x00,0x00,0x00,0x00,0x00,0x9F,0xFF,0xFF,0xBF,0x00,0x00,0x00,0x00,0x00,0x00,0x00,0x00,0x00,0x00,0x00,0x00,0x00,0x00,0x00,0x00,0x00,0x00,
    0x00,0x00,0x00,0x00,0x00,0x00,0x00,0x00,0x00,0x00,0x00,0x00,0x00,0x00,0x00,0x00,0x00,0x00,0x9F,0xFF,0xFF,0xBF,0x00,0x00,0x00,0x00,0x00,0x00,0x00,0x00,0x00,0x00,0x00,0x00,0x00,0x00,0x00,0x00,0x00,0x00,
    0x00,0x00,0x00,0x00,0x00,0x00,0x00,0x00,0x00,0x00,0x00,0x00,0x00,0x00,0x00,0x00,0x00,0x00,0x9F,0xFF,0xFF,0xBF,0x00,0x00,0x00,0x00,0x00,0x00,0x00,0x00,0x00,0x00,0x00,0x00,0x00,0x00,0x00,0x00,0x00,0x00,
    0x00,0x00,0x00,0x00,0x00,0x00,0x00,0x00,0x00,0x00,0x00,0x00,0x00,0x00,0x00,0x00,0x00,0x00,0x9F,0xFF,0xFF,0xBF,0x00,0x00,0x00,0x00,0x00,0x00,0x00,0x00,0x00,0x00,0x00,0x00,0x00,0x00,0x00,0x00,0x00,0x00,
    0x00,0x00,0x00,0x00,0x00,0x00,0x00,0x00,0x00,0x00,0x00,0x00,0x00,0x00,0x00,0x00,0x00,0x00,0x9F,0xFF,0xFF,0xBF,0x00,0x00,0x00,0x00,0x00,0x00,0x00,0x00,0x00,0x00,0x00,0x00,0x00,0x00,0x00,0x00,0x00,0x00,
    0x00,0x00,0x00,0x00,0x00,0x00,0x00,0x00,0x00,0x00,0x00,0x00,0x00,0x00,0x00,0x00,0x00,0x00,0x9F,0xFF,0xFF,0xBF,0x00,0x00,0x00,0x00,0x00,0x00,0x00,0x00,0x00,0x00,0x00,0x00,0x00,0x00,0x00,0x00,0x00,0x00,
    0x00,0x00,0x00,0x00,0x00,0x00,0x00,0x00,0x00,0x00,0x00,0x50,0xBB,0x9F,0x9F,0x9F,0x9F,0x9F,0xDB,0xFF,0xFF,0xE7,0x9F,0x9F,0x9F,0x9F,0xA3,0xB7,0x3C,0x00,0x00,0x00,0x00,0x00,0x00,0x00,0x00,0x00,0x00,0x00,
    0x00,0x00,0x00,0x00,0x00,0x00,0x00,0x00,0x00,0x00,0x10,0xFB,0xFF,0xFF,0xFF,0xFF,0xFF,0xFF,0xFF,0xFF,0xFF,0xFF,0xFF,0xFF,0xFF,0xFF,0xFF,0xFF,0xEB,0x00,0x00,0x00,0x00,0x00,0x00,0x00,0x00,0x00,0x00,0x00,
    0x00,0x00,0x00,0x00,0x00,0x00,0x00,0x00,0x00,0x00,0x0C,0xF3,0xFF,0xFF,0xFF,0xFF,0xFF,0xFF,0xFF,0xFF,0xFF,0xFF,0xFF,0xFF,0xFF,0xFF,0xFF,0xFF,0xDF,0x00,0x00,0x00,0x00,0x00,0x00,0x00,0x00,0x00,0x00,0x00,
    0x00,0x00,0x00,0x00,0x00,0x00,0x00,0x00,0x00,0x00,0x00,0x38,0xA7,0xBF,0xBF,0xBF,0xBF,0xBF,0xBF,0xBF,0xBF,0xBF,0xBF,0xBF,0xBF,0xBF,0xBF,0xA3,0x28,0x00,0x00,0x00,0x00,0x00,0x00,0x00,0x00,0x00,0x00,0x00,
    0x00,0x00,0x00,0x00,0x00,0x00,0x00,0x00,0x00,0x00,0x00,0x00,0x00,0x00,0x00,0x00,0x00,0x00,0x00,0x00,0x00,0x00,0x00,0x00,0x00,0x00,0x00,0x00,0x00,0x00,0x00,0x00,0x00,0x00,0x00,0x00,0x00,0x00,0x00,0x00,
    0x00,0x00,0x00,0x00,0x00,0x00,0x00,0x00,0x00,0x00,0x00,0x00,0x00,0x00,0x00,0x00,0x00,0x00,0x00,0x00,0x00,0x00,0x00,0x00,0x00,0x00,0x00,0x00,0x00,0x00,0x00,0x00,0x00,0x00,0x00,0x00,0x00,0x00,0x00,0x00,
    0x00,0x00,0x00,0x00,0x00,0x00,0x00,0x00,0x00,0x00,0x00,0x00,0x00,0x00,0x00,0x00,0x00,0x00,0x00,0x00,0x00,0x00,0x00,0x00,0x00,0x00,0x00,0x00,0x00,0x00,0x00,0x00,0x00,0x00,0x00,0x00,0x00,0x00,0x00,0x00,
    0x00,0x00,0x00,0x00,0x00,0x00,0x00,0x00,0x00,0x00,0x00,0x00,0x00,0x00,0x00,0x00,0x00,0x00,0x00,0x00,0x00,0x00,0x00,0x00,0x00,0x00,0x00,0x00,0x00,0x00,0x00,0x00,0x00,0x00,0x00,0x00,0x00,0x00,0x00,0x00,
    0x00,0x00,0x00,0x00,0x00,0x00,0x00,0x00,0x00,0x00,0x00,0x00,0x00,0x00,0x00,0x00,0x00,0x00,0x00,0x00,0x00,0x00,0x00,0x00,0x00,0x00,0x00,0x00,0x00,0x00,0x00,0x00,0x00,0x00,0x00,0x00,0x00,0x00,0x00,0x00,
  },
  { // ceiling
    0x00,0x00,0x00,0x00,0x00,0x00,0x00,0x00,0x00,0x00,0x00,0x00,0x00,0x00,0x00,0x00,0x00,0x00,0x00,0x00,0x00,0x00,0x00,0x00,0x00,0x00,0x00,0x00,0x00,0x00,0x00,0x00,0x00,0x00,0x00,0x00,0x00,0x00,0x00,0x00,
    0x00,0x00,0x00,0x00,0x00,0x00,0x00,0x00,0x00,0x00,0x00,0x00,0x00,0x00,0x00,0x00,0x00,0x00,0x18,0xAB,0x9F,0x0C,0x00,0x00,0x00,0x00,0x00,0x00,0x00,0x00,0x00,0x00,0x00,0x00,0x00,0x00,0x00,0x00,0x00,0x00,
    0x00,0x00,0x00,0x00,0x00,0x00,0x00,0x00,0x00,0x00,0x00,0x00,0x00,0x00,0x00,0x00,0x00,0x00,0xAB,0xFF,0xFF,0x8C,0x00,0x00,0x00,0x00,0x00,0x00,0x00,0x00,0x00,0x00,0x00,0x00,0x00,0x00,0x00,0x00,0x00,0x00,
    0x00,0x00,0x00,0x00,0x00,0x00,0x00,0x00,0x00,0x00,0x00,0x00,0x00,0x00,0x00,0x00,0x00,0x00,0xAB,0xFF,0xFF,0xBF,0x00,0x00,0x00,0x00,0x00,0x00,0x00,0x00,0x00,0x00,0x00,0x00,0x00,0x00,0x00,0x00,0x00,0x00,
    0x00,0x00,0x00,0x00,0x00,0x00,0x00,0x00,0x00,0x00,0x00,0x00,0x00,0x00,0x00,0x00,0x00,0x00,0x9F,0xFF,0xFF,0xBF,0x00,0x00,0x00,0x00,0x00,0x00,0x00,0x00,0x00,0x00,0x00,0x00,0x00,0x00,0x00,0x00,0x00,0x00,
    0x00,0x00,0x00,0x00,0x00,0x00,0x00,0x00,0x00,0x00,0x00,0x00,0x00,0x00,0x00,0x00,0x00,0x00,0x9F,0xFF,0xFF,0xBF,0x00,0x00,0x00,0x00,0x00,0x00,0x00,0x00,0x00,0x00,0x00,0x00,0x00,0x00,0x00,0x00,0x00,0x00,
    0x00,0x00,0x00,0x00,0x00,0x00,0x00,0x00,0x00,0x00,0x00,0x00,0x00,0x00,0x00,0x00,0x00,0x00,0x9F,0xFF,0xFF,0xBF,0x00,0x00,0x00,0x00,0x00,0x00,0x00,0x00,0x00,0x00,0x00,0x00,0x00,0x00,0x00,0x00,0x00,0x00,
    0x00,0x00,0x00,0x00,0x00,0x00,0x00,0x00,0x00,0x00,0x00,0x00,0x1C,0x84,0x9F,0x9F,0x9F,0x9F,0xDB,0xFF,0xFF,0xE7,0x9F,0x9F,0x9F,0x9F,0x84,0x1C,0x00,0x00,0x00,0x00,0x00,0x00,0x00,0x00,0x00,0x00,0x00,0x00,
    0x00,0x00,0x00,0x00,0x00,0x00,0x00,0x00,0x00,0x00,0x00,0x50,0xF3,0xFF,0xFF,0xFF,0xFF,0xFF,0xFF,0xFF,0xFF,0xFF,0xFF,0xFF,0xFF,0xFF,0xFF,0xF3,0x50,0x00,0x00,0x00,0x00,0x00,0x00,0x00,0x00,0x00,0x00,0x00,
    0x00,0x00,0x00,0x00,0x00,0x00,0x00,0x00,0x00,0x00,0x20,0xEF,0xFF,0xFF,0xFF,0xFF,0xFF,0xFF,0xFF,0xFF,0xFF,0xFF,0xFF,0xFF,0xFF,0xFF,0xFF,0xFF,0xEF,0x20,0x00,0x00,0x00,0x00,0x00,0x00,0x00,0x00,0x00,0x00,
    0x00,0x00,0x00,0x00,0x00,0x00,0x00,0x00,0x00,0x00,0xAF,0xFF,0xFF,0xF3,0xBF,0xBF,0xBF,0xBF,0xBF,0xBF,0xBF,0xBF,0xBF,0xBF,0xBF,0xBF,0xF3,0xFF,0xFF,0xAF,0x00,0x00,0x00,0x00,0x00,0x00,0x00,0x00,0x00,0x00,
    0x00,0x00,0x00,0x00,0x00,0x00,0x00,0x00,0x00,0x30,0xFF,0xFF,0xFF,0xA7,0x00,0x00,0x00,0x00,0x00,0x00,0x00,0x00,0x00,0x00,0x00,0x00,0xA7,0xFF,0xFF,0xFF,0x30,0x00,0x00,0x00,0x00,0x00,0x00,0x00,0x00,0x00,
    0x00,0x00,0x00,0x00,0x00,0x00,0x00,0x00,0x00,0xAF,0xFF,0xFF,0xFF,0x30,0x00,0x00,0x00,0x00,0x00,0x00,0x00,0x00,0x00,0x00,0x00,0x00,0x30,0xFF,0xFF,0xFF,0xAF,0x00,0x00,0x00,0x00,0x00,0x00,0x00,0x00,0x00,
    0x00,0x00,0x00,0x00,0x00,0x00,0x00,0x00,0x30,0xFF,0xFF,0xFF,0xAF,0x00,0x00,0x00,0x00,0x00,0x00,0x00,0x00,0x00,0x00,0x00,0x00,0x00,0x00,0xAF,0xFF,0xFF,0xFF,0x30,0x00,0x00,0x00,0x00,0x00,0x00,0x00,0x00,
    0x00,0x00,0x00,0x00,0x00,0x00,0x00,0x00,0xAF,0xFF,0xFF,0xFF,0x30,0x00,0x00,0x00,0x00,0x00,0x00,0x00,0x00,0x00,0x00,0x00,0x00,0x00,0x00,0x30,0xFF,0xFF,0xFF,0xAF,0x00,0x00,0x00,0x00,0x00,0x00,0x00,0x00,
    0x00,0x00,0x00,0x00,0x00,0x00,0x00,0x30,0xFF,0xFF,0xFF,0xAF,0x00,0x00,0x00,0x00,0x00,0x00,0x00,0x00,0x00,0x00,0x00,0x00,0x00,0x00,0x00,0x00,0xAF,0xFF,0xFF,0xFF,0x30,0x00,0x00,0x00,0x00,0x00,0x00,0x00,
    0x00,0x00,0x00,0x00,0x00,0x00,0x00,0xAF,0xFF,0xFF,0xFF,0x30,0x00,0x00,0x00,0x00,0x00,0x00,0x00,0x00,0x00,0x00,0x00,0x00,0x00,0x00,0x00,0x00,0x30,0xFF,0xFF,0xFF,0xAF,0x00,0x00,0x00,0x00,0x00,0x00,0x00,
    0x00,0x00,0x00,0x00,0x00,0x00,0x30,0xFF,0xFF,0xFF,0xAF,0x00,0x00,0x00,0x00,0x00,0x00,0x00,0x00,0x00,0x00,0x00,0x00,0x00,0x00,0x00,0x00,0x00,0x00,0xAF,0xFF,0xFF,0xFF,0x30,0x00,0x00,0x00,0x00,0x00,0x00,
    0x00,0x00,0x00,0x00,0x00,0x00,0xAF,0xFF,0xFF,0xFF,0x30,0x00,0x00,0x00,0x00,0x00,0x00,0x00,0x00,0x00,0x00,0x00,0x00,0x00,0x00,0x00,0x00,0x00,0x00,0x30,0xFF,0xFF,0xFF,0xAF,0x00,0x00,0x00,0x00,0x00,0x00,
    0x00,0x00,0x00,0x00,0x00,0x30,0xFF,0xFF,0xFF,0xAF,0x00,0x00,0x00,0x00,0x00,0x00,0x00,0x00,0x00,0x00,0x00,0x00,0x00,0x00,0x00,0x00,0x00,0x00,0x00,0x00,0xAF,0xFF,0xFF,0xFF,0x30,0x00,0x00,0x00,0x00,0x00,
    0x00,0x00,0x00,0x00,0x00,0x84,0xFF,0xFF,0xFF,0x8C,0x60,0x60,0x60,0x60,0x60,0x60,0x60,0x60,0x60,0x60,0x60,0x60,0x60,0x60,0x60,0x60,0x60,0x60,0x60,0x60,0x8C,0xFF,0xFF,0xFF,0x84,0x00,0x00,0x00,0x00,0x00,
    0x00,0x00,0x00,0x00,0x00,0xCF,0xFF,0xFF,0xFF,0xFF,0xFF,0xFF,0xFF,0xFF,0xFF,0xFF,0xFF,0xFF,0xFF,0xFF,0xFF,0xFF,0xFF,0xFF,0xFF,0xFF,0xFF,0xFF,0xFF,0xFF,0xFF,0xFF,0xFF,0xFF,0xCF,0x00,0x00,0x00,0x00,0x00,
    0x00,0x00,0x00,0x00,0x00,0x9B,0xFF,0xFF,0xFF,0xFF,0xFF,0xFF,0xFF,0xFF,0xFF,0xFF,0xFF,0xFF,0xFF,0xFF,0xFF,0xFF,0xFF,0xFF,0xFF,0xFF,0xFF,0xFF,0xFF,0xFF,0xFF,0xFF,0xFF,0xFF,0x9B,0x00,0x00,0x00,0x00,0x00,
    0x00,0x00,0x00,0x00,0x00,0x14,0xA3,0xF7,0xFF,0xFF,0xFF,0xFF,0xFF,0xFF,0xFF,0xFF,0xFF,0xFF,0xFF,0xFF,0xFF,0xFF,0xFF,0xFF,0xFF,0xFF,0xFF,0xFF,0xFF,0xFF,0xFF,0xFF,0xF7,0xA3,0x14,0x00,0x00,0x00,0x00,0x00,
    0x00,0x00,0x00,0x00,0x00,0x00,0x00,0x00,0x00,0x00,0x00,0x00,0x00,0x00,0x00,0x00,0x00,0x00,0x00,0x00,0x00,0x00,0x00,0x00,0x00,0x00,0x00,0x00,0x00,0x00,0x00,0x00,0x00,0x00,0x00,0x00,0x00,0x00,0x00,0x00,
    0x00,0x00,0x00,0x00,0x00,0x00,0x00,0x00,0x00,0x00,0x28,0x58,0x0C,0x00,0x00,0x00,0x00,0x00,0x00,0x00,0x00,0x00,0x00,0x00,0x00,0x00,0x00,0x14,0x5C,0x1C,0x00,0x00,0x00,0x00,0x00,0x00,0x00,0x00,0x00,0x00,
    0x00,0x00,0x00,0x00,0x00,0x00,0x00,0x00,0x00,0x28,0xF3,0xFF,0xBB,0x00,0x00,0x00,0x00,0x00,0x18,0xAB,0x9F,0x0C,0x00,0x00,0x00,0x00,0x04,0xD7,0xFF,0xE7,0x18,0x00,0x00,0x00,0x00,0x00,0x00,0x00,0x00,0x00,
    0x00,0x00,0x00,0x00,0x00,0x00,0x00,0x00,0x00,0x80,0xFF,0xFF,0xFF,0x00,0x00,0x00,0x00,0x00,0xAB,0xFF,0xFF,0x8C,0x00,0x00,0x00,0x00,0x18,0xFF,0xFF,0xFF,0x80,0x00,0x00,0x00,0x00,0x00,0x00,0x00,0x00,0x00,
    0x00,0x00,0x00,0x00,0x00,0x00,0x00,0x00,0x00,0xBF,0xFF,0xFF,0xCF,0x00,0x00,0x00,0x00,0x00,0xAB,0xFF,0xFF,0xBF,0x00,0x00,0x00,0x00,0x00,0xD3,0xFF,0xFF,0xBF,0x00,0x00,0x00,0x00,0x00,0x00,0x00,0x00,0x00,
    0x00,0x00,0x00,0x00,0x00,0x00,0x00,0x00,0x08,0xF7,0xFF,0xFF,0x90,0x00,0x00,0x00,0x00,0x00,0x9F,0xFF,0xFF,0xBF,0x00,0x00,0x00,0x00,0x00,0x90,0xFF,0xFF,0xF7,0x08,0x00,0x00,0x00,0x00,0x00,0x00,0x00,0x00,
    0x00,0x00,0x00,0x00,0x00,0x00,0x00,0x00,0x38,0xFF,0xFF,0xFF,0x50,0x00,0x00,0x00,0x00,0x00,0x9F,0xFF,0xFF,0xBF,0x00,0x00,0x00,0x00,0x00,0x50,0xFF,0xFF,0xFF,0x38,0x00,0x00,0x00,0x00,0x00,0x00,0x00,0x00,
    0x00,0x00,0x00,0x00,0x00,0x00,0x00,0x00,0x78,0xFF,0xFF,0xFF,0x14,0x00,0x00,0x00,0x00,0x00,0x9F,0xFF,0xFF,0xBF,0x00,0x00,0x00,0x00,0x00,0x14,0xFF,0xFF,0xFF,0x78,0x00,0x00,0x00,0x00,0x00,0x00,0x00,0x00,
    0x00,0x00,0x00,0x00,0x00,0x00,0x00,0x00,0xB7,0xFF,0xFF,0xD7,0x00,0x00,0x00,0x00,0x00,0x00,0x9F,0xFF,0xFF,0xBF,0x00,0x00,0x00,0x00,0x00,0x00,0xD7,0xFF,0xFF,0xB7,0x00,0x00,0x00,0x00,0x00,0x00,0x00,0x00,
    0x00,0x00,0x00,0x00,0x00,0x00,0x00,0x10,0xFB,0xFF,0xFF,0x97,0x00,0x00,0x00,0x00,0x00,0x00,0x9F,0xFF,0xFF,0xBF,0x00,0x00,0x00,0x00,0x00,0x00,0x97,0xFF,0xFF,0xF3,0x00,0x00,0x00,0x00,0x00,0x00,0x00,0x00,
    0x00,0x00,0x00,0x00,0x00,0x00,0x00,0x0C,0xF3,0xFF,0xFB,0x38,0x00,0x00,0x00,0x00,0x00,0x00,0xA3,0xFF,0xFF,0xBF,0x00,0x00,0x00,0x00,0x00,0x00,0x48,0xFF,0xFF,0xDF,0x00,0x00,0x00,0x00,0x00,0x00,0x00,0x00,
    0x00,0x00,0x00,0x00,0x00,0x00,0x00,0x00,0x38,0x9B,0x48,0x00,0x00,0x00,0x00,0x00,0x00,0x00,0xB7,0xFF,0xFF,0xA3,0x00,0x00,0x00,0x00,0x00,0x00,0x00,0x5C,0x97,0x28,0x00,0x00,0x00,0x00,0x00,0x00,0x00,0x00,
    0x00,0x00,0x00,0x00,0x00,0x00,0x00,0x00,0x00,0x00,0x00,0x00,0x00,0x00,0x00,0x00,0x00,0x00,0x3C,0xEB,0xDF,0x28,0x00,0x00,0x00,0x00,0x00,0x00,0x00,0x00,0x00,0x00,0x00,0x00,0x00,0x00,0x00,0x00,0x00,0x00,
    0x00,0x00,0x00,0x00,0x00,0x00,0x00,0x00,0x00,0x00,0x00,0x00,0x00,0x00,0x00,0x00,0x00,0x00,0x00,0x00,0x00,0x00,0x00,0x00,0x00,0x00,0x00,0x00,0x00,0x00,0x00,0x00,0x00,0x00,0x00,0x00,0x00,0x00,0x00,0x00,
    0x00,0x00,0x00,0x00,0x00,0x00,0x00,0x00,0x00,0x00,0x00,0x00,0x00,0x00,0x00,0x00,0x00,0x00,0x00,0x00,0x00,0x00,0x00,0x00,0x00,0x00,0x00,0x00,0x00,0x00,0x00,0x00,0x00,0x00,0x00,0x00,0x00,0x00,0x00,0x00,
    0x00,0x00,0x00,0x00,0x00,0x00,0x00,0x00,0x00,0x00,0x00,0x00,0x00,0x00,0x00,0x00,0x00,0x00,0x00,0x00,0x00,0x00,0x00,0x00,0x00,0x00,0x00,0x00,0x00,0x00,0x00,0x00,0x00,0x00,0x00,0x00,0x00,0x00,0x00,0x00,
  },
  { // strip
    0x00,0x00,0x00,0x00,0x00,0x00,0x00,0x00,0x00,0x00,0x00,0x00,0x00,0x00,0x00,0x00,0x00,0x00,0x00,0x00,0x00,0x00,0x00,0x00,0x00,0x00,0x00,0x00,0x00,0x00,0x00,0x00,0x00,0x00,0x00,0x00,0x00,0x00,0x00,0x00,
    0x00,0x00,0x00,0x00,0x00,0x00,0x00,0x00,0x00,0x00,0x00,0x00,0x00,0x00,0x00,0x00,0x00,0x00,0x00,0x00,0x00,0x00,0x00,0x00,0x00,0x00,0x00,0x00,0x00,0x00,0x00,0x00,0x00,0x00,0x00,0x00,0x00,0x00,0x00,0x00,
    0x00,0x00,0x00,0x00,0x00,0x00,0x00,0x00,0x00,0x00,0x00,0x00,0x00,0x00,0x00,0x00,0x00,0x00,0x00,0x00,0x00,0x00,0x00,0x00,0x00,0x00,0x00,0x00,0x00,0x00,0x00,0x00,0x00,0x00,0x00,0x00,0x00,0x00,0x00,0x00,
    0x00,0x00,0x00,0x00,0x00,0x00,0x00,0x00,0x00,0x00,0x00,0x00,0x00,0x00,0x00,0x00,0x00,0x00,0x00,0x00,0x00,0x00,0x00,0x00,0x00,0x00,0x00,0x00,0x00,0x00,0x00,0x00,0x00,0x00,0x00,0x00,0x00,0x00,0x00,0x00,
    0x00,0x00,0x00,0x00,0x00,0x00,0x00,0x00,0x00,0x00,0x00,0x00,0x00,0x00,0x00,0x00,0x00,0x00,0x00,0x00,0x00,0x00,0x00,0x00,0x00,0x00,0x00,0x00,0x00,0x00,0x00,0x00,0x00,0x00,0x00,0x00,0x00,0x00,0x00,0x00,
    0x00,0x00,0x00,0x00,0x00,0x00,0x00,0x00,0x00,0x00,0x00,0x00,0x00,0x00,0x00,0x00,0x00,0x00,0x00,0x00,0x00,0x00,0x00,0x00,0x00,0x00,0x00,0x00,0x00,0x00,0x00,0x00,0x00,0x00,0x00,0x00,0x00,0x00,0x00,0x00,
    0x00,0x00,0x00,0x00,0x00,0x00,0x00,0x00,0x00,0x00,0x00,0x00,0x00,0x00,0x00,0x00,0x00,0x00,0x00,0x00,0x00,0x00,0x00,0x00,0x00,0x00,0x00,0x00,0x00,0x00,0x00,0x00,0x00,0x00,0x00,0x00,0x00,0x00,0x00,0x00,
    0x00,0x00,0x00,0x00,0x00,0x00,0x00,0x00,0x00,0x00,0x00,0x00,0x00,0x00,0x00,0x00,0x00,0x00,0x00,0x00,0x00,0x00,0x00,0x00,0x00,0x00,0x00,0x00,0x00,0x00,0x00,0x00,0x00,0x00,0x00,0x00,0x00,0x00,0x00,0x00,
    0x00,0x00,0x00,0x1C,0xA3,0xE7,0xFF,0xFF,0xFF,0xFF,0xFF,0xFF,0xFF,0xFF,0xFF,0xFF,0xFF,0xFF,0xFF,0xFF,0xFF,0xFF,0xFF,0xFF,0xFF,0xFF,0xFF,0xFF,0xFF,0xFF,0xFF,0xFF,0xFF,0xFF,0xE7,0xA3,0x1C,0x00,0x00,0x00,
    0x00,0x00,0x34,0xEB,0xFF,0xFF,0xFF,0xFF,0xFF,0xFF,0xFF,0xFF,0xFF,0xFF,0xFF,0xFF,0xFF,0xFF,0xFF,0xFF,0xFF,0xFF,0xFF,0xFF,0xFF,0xFF,0xFF,0xFF,0xFF,0xFF,0xFF,0xFF,0xFF,0xFF,0xFF,0xFF,0xEB,0x30,0x00,0x00,
    0x00,0x00,0xC3,0xFF,0xFB,0xF7,0xFF,0xFF,0xFF,0xFF,0xFF,0xFF,0xFF,0xFF,0xFF,0xFF,0xFF,0xFF,0xFF,0xFF,0xFF,0xFF,0xFF,0xFF,0xFF,0xFF,0xFF,0xFF,0xFF,0xFF,0xFF,0xFF,0xFF,0xFF,0xF7,0xFB,0xFF,0xBF,0x00,0x00,
    0x00,0x24,0xFF,0xFF,0xFF,0xA3,0x60,0x60,0x60,0x60,0x60,0x60,0x60,0x60,0x60,0x60,0x60,0x60,0x60,0x60,0x60,0x60,0x60,0x60,0x60,0x60,0x60,0x60,0x60,0x60,0x60,0x60,0x60,0x60,0xA3,0xFF,0xFF,0xFF,0x24,0x00,
    0x00,0x50,0xFF,0xFF,0xFB,0x0C,0x00,0x00,0x04,0x58,0x3C,0x00,0x00,0x00,0x00,0x10,0x5C,0x2C,0x00,0x00,0x00,0x00,0x2C,0x5C,0x10,0x00,0x00,0x00,0x00,0x3C,0x58,0x04,0x00,0x00,0x0C,0xF7,0xF7,0xFF,0x50,0x00,
    0x00,0x60,0xFF,0xFF,0xFF,0x00,0x00,0x00,0xA7,0xFF,0xFF,0x4C,0x00,0x00,0x00,0xCB,0xFF,0xF7,0x30,0x00,0x00,0x30,0xF7,0xFF,0xCB,0x00,0x00,0x00,0x4C,0xFF,0xFF,0xA7,0x00,0x00,0x00,0xFF,0xFF,0xFF,0x60,0x00,
    0x00,0x60,0xFF,0xFF,0xFF,0x00,0x00,0x00,0xDB,0xFF,0xFF,0x84,0x00,0x00,0x00,0xFF,0xFF,0xFF,0x5C,0x00,0x00,0x5C,0xFF,0xFF,0xFF,0x04,0x00,0x00,0x80,0xFF,0xFF,0xDB,0x00,0x00,0x00,0xFF,0xFF,0xFF,0x60,0x00,
    0x00,0x60,0xFF,0xFF,0xFF,0x00,0x00,0x00,0x64,0xFB,0xE3,0x20,0x00,0x00,0x00,0x84,0xFF,0xD3,0x10,0x00,0x00,0x10,0xCF,0xFF,0x84,0x00,0x00,0x00,0x20,0xE3,0xFB,0x68,0x00,0x00,0x00,0xFF,0xFF,0xFF,0x60,0x00,
    0x00,0x48,0xFF,0xF3,0xF3,0x24,0x00,0x00,0x00,0x00,0x00,0x00,0x00,0x00,0x00,0x00,0x00,0x00,0x00,0x00,0x00,0x00,0x00,0x00,0x00,0x00,0x00,0x00,0x00,0x00,0x00,0x00,0x00,0x00,0x24,0xF3,0xF3,0xFF,0x48,0x00,
    0x00,0x10,0xFF,0xFF,0xF7,0xD7,0x9B,0x9F,0x9F,0x9F,0x9F,0x9F,0x9F,0x9F,0x9F,0x9F,0x9F,0x9F,0x9F,0x9F,0x9F,0x9F,0x9F,0x9F,0x9F,0x9F,0x9F,0x9F,0x9F,0x9F,0x9F,0x9F,0x9F,0x9B,0xD7,0xF7,0xFF,0xFF,0x10,0x00,
    0x00,0x00,0xA3,0xFF,0xFB,0xFF,0xEB,0xFF,0xFF,0xFF,0xFF,0xFF,0xFF,0xFF,0xFF,0xFF,0xFF,0xFF,0xFF,0xFF,0xFF,0xFF,0xFF,0xFF,0xFF,0xFF,0xFF,0xFF,0xFF,0xFF,0xFF,0xFF,0xFF,0xEB,0xFF,0xFB,0xFF,0xA3,0x00,0x00,
    0x00,0x00,0x0C,0xBB,0xFF,0xFF,0xFF,0xFF,0xFF,0xFF,0xFF,0xFF,0xFF,0xFF,0xFF,0xFF,0xFF,0xFF,0xFF,0xFF,0xFF,0xFF,0xFF,0xFF,0xFF,0xFF,0xFF,0xFF,0xFF,0xFF,0xFF,0xFF,0xFF,0xFF,0xFF,0xFF,0xBB,0x0C,0x00,0x00,
    0x00,0x00,0x00,0x00,0x48,0x90,0xAB,0xBF,0xBF,0xBF,0xBF,0xBF,0xBF,0xBF,0xBF,0xBF,0xBF,0xBF,0xBF,0xBF,0xBF,0xBF,0xBF,0xBF,0xBF,0xBF,0xBF,0xBF,0xBF,0xBF,0xBF,0xBF,0xBF,0xAB,0x90,0x48,0x00,0x00,0x00,0x00,
    0x00,0x00,0x00,0x00,0x00,0x00,0x00,0x00,0x00,0x00,0x04,0x18,0x00,0x00,0x00,0x00,0x00,0x00,0x00,0x00,0x00,0x00,0x00,0x00,0x00,0x00,0x00,0x00,0x1C,0x00,0x00,0x00,0x00,0x00,0x00,0x00,0x00,0x00,0x00,0x00,
    0x00,0x00,0x00,0x00,0x00,0x00,0x00,0x00,0x00,0x14,0xD7,0xFF,0x8C,0x00,0x00,0x00,0x00,0x00,0x00,0x4C,0x40,0x00,0x00,0x00,0x00,0x00,0x00,0xAB,0xFF,0xC3,0x08,0x00,0x00,0x00,0x00,0x00,0x00,0x00,0x00,0x00,
    0x00,0x00,0x00,0x00,0x00,0x00,0x00,0x00,0x00,0x68,0xFF,0xFF,0xFB,0x00,0x00,0x00,0x00,0x00,0x7C,0xFF,0xFF,0x5C,0x00,0x00,0x00,0x00,0x1C,0xFF,0xFF,0xFF,0x60,0x00,0x00,0x00,0x00,0x00,0x00,0x00,0x00,0x00,
    0x00,0x00,0x00,0x00,0x00,0x00,0x00,0x00,0x00,0xA7,0xFF,0xFF,0xE7,0x00,0x00,0x00,0x00,0x00,0xB7,0xFF,0xFF,0xB7,0x00,0x00,0x00,0x00,0x00,0xE7,0xFF,0xFF,0xA7,0x00,0x00,0x00,0x00,0x00,0x00,0x00,0x00,0x00,
    0x00,0x00,0x00,0x00,0x00,0x00,0x00,0x00,0x00,0xE7,0xFF,0xFF,0xA7,0x00,0x00,0x00,0x00,0x00,0x9F,0xFF,0xFF,0xBF,0x00,0x00,0x00,0x00,0x00,0xA7,0xFF,0xFF,0xE7,0x00,0x00,0x00,0x00,0x00,0x00,0x00,0x00,0x00,
    0x00,0x00,0x00,0x00,0x00,0x00,0x00,0x00,0x28,0xFF,0xFF,0xFF,0x68,0x00,0x00,0x00,0x00,0x00,0x9F,0xFF,0xFF,0xBF,0x00,0x00,0x00,0x00,0x00,0x68,0xFF,0xFF,0xFF,0x28,0x00,0x00,0x00,0x00,0x00,0x00,0x00,0x00,
    0x00,0x00,0x00,0x00,0x00,0x00,0x00,0x00,0x68,0xFF,0xFF,0xFF,0x28,0x00,0x00,0x00,0x00,0x00,0x9F,0xFF,0xFF,0xBF,0x00,0x00,0x00,0x00,0x00,0x28,0xFF,0xFF,0xFF,0x68,0x00,0x00,0x00,0x00,0x00,0x00,0x00,0x00,
    0x00,0x00,0x00,0x00,0x00,0x00,0x00,0x00,0xA7,0xFF,0xFF,0xE7,0x00,0x00,0x00,0x00,0x00,0x00,0x9F,0xFF,0xFF,0xBF,0x00,0x00,0x00,0x00,0x00,0x00,0xE7,0xFF,0xFF,0xA7,0x00,0x00,0x00,0x00,0x00,0x00,0x00,0x00,
    0x00,0x00,0x00,0x00,0x00,0x00,0x00,0x04,0xEB,0xFF,0xFF,0xA7,0x00,0x00,0x00,0x00,0x00,0x00,0x9F,0xFF,0xFF,0xBF,0x00,0x00,0x00,0x00,0x00,0x00,0xA7,0xFF,0xFF,0xE7,0x00,0x00,0x00,0x00,0x00,0x00,0x00,0x00,
    0x00,0x00,0x00,0x00,0x00,0x00,0x00,0x18,0xFF,0xFF,0xFF,0x5C,0x00,0x00,0x00,0x00,0x00,0x00,0x9F,0xFF,0xFF,0xBF,0x00,0x00,0x00,0x00,0x00,0x00,0x64,0xFF,0xFF,0xF7,0x00,0x00,0x00,0x00,0x00,0x00,0x00,0x00,
    0x00,0x00,0x00,0x00,0x00,0x00,0x00,0x00,0x8C,0xFB,0xA3,0x04,0x00,0x00,0x00,0x00,0x00,0x00,0xBB,0xFF,0xFF,0xB7,0x00,0x00,0x00,0x00,0x00,0x00,0x0C,0xBB,0xF7,0x70,0x00,0x00,0x00,0x00,0x00,0x00,0x00,0x00,
    0x00,0x00,0x00,0x00,0x00,0x00,0x00,0x00,0x00,0x00,0x00,0x00,0x00,0x00,0x00,0x00,0x00,0x00,0x64,0xFF,0xFB,0x48,0x00,0x00,0x00,0x00,0x00,0x00,0x00,0x00,0x00,0x00,0x00,0x00,0x00,0x00,0x00,0x00,0x00,0x00,
    0x00,0x00,0x00,0x00,0x00,0x00,0x00,0x00,0x00,0x00,0x00,0x00,0x00,0x00,0x00,0x00,0x00,0x00,0x00,0x2C,0x24,0x00,0x00,0x00,0x00,0x00,0x00,0x00,0x00,0x00,0x00,0x00,0x00,0x00,0x00,0x00,0x00,0x00,0x00,0x00,
    0x00,0x00,0x00,0x00,0x00,0x00,0x00,0x00,0x00,0x00,0x00,0x00,0x00,0x00,0x00,0x00,0x00,0x00,0x00,0x00,0x00,0x00,0x00,0x00,0x00,0x00,0x00,0x00,0x00,0x00,0x00,0x00,0x00,0x00,0x00,0x00,0x00,0x00,0x00,0x00,
    0x00,0x00,0x00,0x00,0x00,0x00,0x00,0x00,0x00,0x00,0x00,0x00,0x00,0x00,0x00,0x00,0x00,0x00,0x00,0x00,0x00,0x00,0x00,0x00,0x00,0x00,0x00,0x00,0x00,0x00,0x00,0x00,0x00,0x00,0x00,0x00,0x00,0x00,0x00,0x00,
    0x00,0x00,0x00,0x00,0x00,0x00,0x00,0x00,0x00,0x00,0x00,0x00,0x00,0x00,0x00,0x00,0x00,0x00,0x00,0x00,0x00,0x00,0x00,0x00,0x00,0x00,0x00,0x00,0x00,0x00,0x00,0x00,0x00,0x00,0x00,0x00,0x00,0x00,0x00,0x00,
    0x00,0x00,0x00,0x00,0x00,0x00,0x00,0x00,0x00,0x00,0x00,0x00,0x00,0x00,0x00,0x00,0x00,0x00,0x00,0x00,0x00,0x00,0x00,0x00,0x00,0x00,0x00,0x00,0x00,0x00,0x00,0x00,0x00,0x00,0x00,0x00,0x00,0x00,0x00,0x00,
    0x00,0x00,0x00,0x00,0x00,0x00,0x00,0x00,0x00,0x00,0x00,0x00,0x00,0x00,0x00,0x00,0x00,0x00,0x00,0x00,0x00,0x00,0x00,0x00,0x00,0x00,0x00,0x00,0x00,0x00,0x00,0x00,0x00,0x00,0x00,0x00,0x00,0x00,0x00,0x00,
    0x00,0x00,0x00,0x00,0x00,0x00,0x00,0x00,0x00,0x00,0x00,0x00,0x00,0x00,0x00,0x00,0x00,0x00,0x00,0x00,0x00,0x00,0x00,0x00,0x00,0x00,0x00,0x00,0x00,0x00,0x00,0x00,0x00,0x00,0x00,0x00,0x00,0x00,0x00,0x00,
  },
  { // plug
    0x00,0x00,0x00,0x00,0x00,0x00,0x00,0x00,0x00,0x00,0x00,0x00,0x00,0x00,0x00,0x00,0x00,0x00,0x00,0x00,0x00,0x00,0x00,0x00,0x00,0x00,0x00,0x00,0x00,0x00,0x00,0x00,0x00,0x00,0x00,0x00,0x00,0x00,0x00,0x00,
    0x00,0x00,0x00,0x00,0x00,0x00,0x00,0x00,0x00,0x00,0x00,0x00,0x00,0x00,0x10,0x0C,0x00,0x00,0x00,0x00,0x00,0x00,0x00,0x00,0x10,0x0C,0x00,0x00,0x00,0x00,0x00,0x00,0x00,0x00,0x00,0x00,0x00,0x00,0x00,0x00,
    0x00,0x00,0x00,0x00,0x00,0x00,0x00,0x00,0x00,0x00,0x00,0x00,0x00,0x50,0xFB,0xF3,0x38,0x00,0x00,0x00,0x00,0x00,0x00,0x50,0xFB,0xF3,0x38,0x00,0x00,0x00,0x00,0x00,0x00,0x00,0x00,0x00,0x00,0x00,0x00,0x00,
    0x00,0x00,0x00,0x00,0x00,0x00,0x00,0x00,0x00,0x00,0x00,0x00,0x00,0xBB,0xFF,0xFF,0xA7,0x00,0x00,0x00,0x00,0x00,0x00,0xBB,0xFF,0xFF,0xA7,0x00,0x00,0x00,0x00,0x00,0x00,0x00,0x00,0x00,0x00,0x00,0x00,0x00,
    0x00,0x00,0x00,0x00,0x00,0x00,0x00,0x00,0x00,0x00,0x00,0x00,0x00,0x9F,0xFF,0xFF,0xBF,0x00,0x00,0x00,0x00,0x00,0x00,0x9F,0xFF,0xFF,0xBF,0x00,0x00,0x00,0x00,0x00,0x00,0x00,0x00,0x00,0x00,0x00,0x00,0x00,
    0x00,0x00,0x00,0x00,0x00,0x00,0x00,0x00,0x00,0x00,0x00,0x00,0x00,0x9F,0xFF,0xFF,0xBF,0x00,0x00,0x00,0x00,0x00,0x00,0x9F,0xFF,0xFF,0xBF,0x00,0x00,0x00,0x00,0x00,0x00,0x00,0x00,0x00,0x00,0x00,0x00,0x00,
    0x00,0x00,0x00,0x00,0x00,0x00,0x00,0x00,0x00,0x00,0x00,0x00,0x00,0x9F,0xFF,0xFF,0xBF,0x00,0x00,0x00,0x00,0x00,0x00,0x9F,0xFF,0xFF,0xBF,0x00,0x00,0x00,0x00,0x00,0x00,0x00,0x00,0x00,0x00,0x00,0x00,0x00,
    0x00,0x00,0x00,0x00,0x00,0x00,0x00,0x00,0x00,0x00,0x00,0x00,0x00,0x9F,0xFF,0xFF,0xBF,0x00,0x00,0x00,0x00,0x00,0x00,0x9F,0xFF,0xFF,0xBF,0x00,0x00,0x00,0x00,0x00,0x00,0x00,0x00,0x00,0x00,0x00,0x00,0x00,
    0x00,0x00,0x00,0x00,0x00,0x00,0x00,0x00,0x00,0x00,0x00,0x00,0x00,0x9F,0xFF,0xFF,0xBF,0x00,0x00,0x00,0x00,0x00,0x00,0x9F,0xFF,0xFF,0xBF,0x00,0x00,0x00,0x00,0x00,0x00,0x00,0x00,0x00,0x00,0x00,0x00,0x00,
    0x00,0x00,0x00,0x00,0x00,0x00,0x00,0x00,0x00,0x00,0x00,0x00,0x00,0x9F,0xFF,0xFF,0xBF,0x00,0x00,0x00,0x00,0x00,0x00,0x9F,0xFF,0xFF,0xBF,0x00,0x00,0x00,0x00,0x00,0x00,0x00,0x00,0x00,0x00,0x00,0x00,0x00,
    0x00,0x00,0x00,0x00,0x00,0x00,0x00,0x00,0x00,0x00,0x00,0x00,0x00,0x9F,0xFF,0xFF,0xBF,0x00,0x00,0x00,0x00,0x00,0x00,0x9F,0xFF,0xFF,0xBF,0x00,0x00,0x00,0x00,0x00,0x00,0x00,0x00,0x00,0x00,0x00,0x00,0x00,
    0x00,0x00,0x00,0x00,0x00,0x00,0x00,0x00,0x00,0x18,0x70,0x9B,0x9F,0xDB,0xFF,0xFF,0xE7,0x9F,0x9F,0x9F,0x9F,0x9F,0x9F,0xDB,0xFF,0xFF,0xE7,0x9F,0x9B,0x70,0x18,0x00,0x00,0x00,0x00,0x00,0x00,0x00,0x00,0x00,
    0x00,0x00,0x00,0x00,0x00,0x00,0x00,0x00,0x3C,0xEB,0xFF,0xFF,0xFF,0xFF,0xFF,0xFF,0xFF,0xFF,0xFF,0xFF,0xFF,0xFF,0xFF,0xFF,0xFF,0xFF,0xFF,0xFF,0xFF,0xFF,0xEB,0x3C,0x00,0x00,0x00,0x00,0x00,0x00,0x00,0x00,
    0x00,0x00,0x00,0x00,0x00,0x00,0x00,0x18,0xEB,0xFF,0xEF,0xFB,0xFF,0xFF,0xFF,0xFF,0xFF,0xFF,0xFF,0xFF,0xFF,0xFF,0xFF,0xFF,0xFF,0xFF,0xFF,0xFF,0xFB,0xEF,0xFF,0xEB,0x18,0x00,0x00,0x00,0x00,0x00,0x00,0x00,
    0x00,0x00,0x00,0x00,0x00,0x00,0x00,0x70,0xFF,0xEF,0xF7,0xCB,0xBF,0xBF,0xBF,0xBF,0xBF,0xBF,0xBF,0xBF,0xBF,0xBF,0xBF,0xBF,0xBF,0xBF,0xBF,0xBF,0xCB,0xF7,0xEF,0xFF,0x70,0x00,0x00,0x00,0x00,0x00,0x00,0x00,
    0x00,0x00,0x00,0x00,0x00,0x00,0x00,0x9F,0xFF,0xFF,0xCB,0x00,0x00,0x00,0x00,0x00,0x00,0x00,0x00,0x00,0x00,0x00,0x00,0x00,0x00,0x00,0x00,0x00,0x00,0xCB,0xFB,0xFF,0x9B,0x00,0x00,0x00,0x00,0x00,0x00,0x00,
    0x00,0x00,0x00,0x00,0x00,0x00,0x00,0xB7,0xFF,0xFF,0xBF,0x00,0x00,0x00,0x00,0x00,0x00,0x00,0x00,0x00,0x00,0x00,0x00,0x00,0x00,0x00,0x00,0x00,0x00,0x8F,0xEB,0xFF,0xB7,0x00,0x00,0x00,0x00,0x00,0x00,0x00,
    0x00,0x00,0x00,0x00,0x00,0x00,0x00,0x9F,0xFF,0xFF,0xBF,0x00,0x00,0x00,0x00,0x00,0x00,0x00,0x00,0x00,0x00,0x00,0x00,0x00,0x00,0x00,0x00,0x00,0x00,0x9F,0xFF,0xFF,0xBF,0x00,0x00,0x00,0x00,0x00,0x00,0x00,
    0x00,0x00,0x00,0x00,0x00,0x00,0x00,0x9F,0xFF,0xFF,0xBF,0x00,0x00,0x00,0x00,0x00,0x00,0x00,0x00,0x00,0x00,0x00,0x00,0x00,0x00,0x00,0x00,0x00,0x00,0x9F,0xFF,0xFF,0xBF,0x00,0x00,0x00,0x00,0x00,0x00,0x00,
    0x00,0x00,0x00,0x00,0x00,0x00,0x00,0x9F,0xFF,0xFF,0xBF,0x00,0x00,0x00,0x00,0x00,0x00,0x00,0x00,0x00,0x00,0x00,0x00,0x00,0x00,0x00,0x00,0x00,0x00,0x9F,0xFF,0xFF,0xBF,0x00,0x00,0x00,0x00,0x00,0x00,0x00,
    0x00,0x00,0x00,0x00,0x00,0x00,0x00,0x9F,0xFF,0xFF,0xBF,0x00,0x00,0x00,0x00,0x00,0x00,0x00,0x00,0x00,0x00,0x00,0x00,0x00,0x00,0x00,0x00,0x00,0x00,0x9F,0xFF,0xFF,0xBF,0x00,0x00,0x00,0x00,0x00,0x00,0x00,
    0x00,0x00,0x00,0x00,0x00,0x00,0x00,0x9F,0xFF,0xFF,0xC3,0x00,0x00,0x00,0x00,0x00,0x00,0x00,0x00,0x00,0x00,0x00,0x00,0x00,0x00,0x00,0x00,0x00,0x00,0xB3,0xEB,0xFF,0xA3,0x00,0x00,0x00,0x00,0x00,0x00,0x00,
    0x00,0x00,0x00,0x00,0x00,0x00,0x00,0x7C,0xFF,0xFF,0xFB,0x6C,0x60,0x60,0x60,0x60,0x60,0x60,0x60,0x60,0x60,0x60,0x60,0x60,0x60,0x60,0x60,0x60,0x6C,0xFB,0xFF,0xFF,0x7C,0x00,0x00,0x00,0x00,0x00,0x00,0x00,
    0x00,0x00,0x00,0x00,0x00,0x00,0x00,0x24,0xFB,0xFF,0xFF,0xFB,0xFF,0xFF,0xFF,0xFF,0xFF,0xFF,0xFF,0xFF,0xFF,0xFF,0xFF,0xFF,0xFF,0xFF,0xFF,0xFF,0xFB,0xFF,0xFF,0xFB,0x24,0x00,0x00,0x00,0x00,0x00,0x00,0x00,
    0x00,0x00,0x00,0x00,0x00,0x00,0x00,0x00,0x6C,0xFB,0xFF,0xFF,0xFF,0xFF,0xFF,0xFF,0xFF,0xFF,0xFF,0xFF,0xFF,0xFF,0xFF,0xFF,0xFF,0xFF,0xFF,0xFF,0xFF,0xFF,0xFB,0x6C,0x00,0x00,0x00,0x00,0x00,0x00,0x00,0x00,
    0x00,0x00,0x00,0x00,0x00,0x00,0x00,0x00,0x00,0x48,0xB7,0xF3,0xFF,0xFF,0xFF,0xFF,0xFF,0xFF,0xFF,0xFF,0xFF,0xFF,0xFF,0xFF,0xFF,0xFF,0xFF,0xFF,0xF3,0xBB,0x48,0x00,0x00,0x00,0x00,0x00,0x00,0x00,0x00,0x00,
    0x00,0x00,0x00,0x00,0x00,0x00,0x00,0x00,0x00,0x00,0x00,0x00,0x00,0x00,0x00,0x00,0x00,0x00,0x9F,0xFF,0xFF,0xBF,0x00,0x00,0x00,0x00,0x00,0x00,0x00,0x00,0x00,0x00,0x00,0x00,0x00,0x00,0x00,0x00,0x00,0x00,
    0x00,0x00,0x00,0x00,0x00,0x00,0x00,0x00,0x00,0x00,0x00,0x00,0x00,0x00,0x00,0x00,0x00,0x00,0x9F,0xFF,0xFF,0xBF,0x00,0x00,0x00,0x00,0x00,0x00,0x00,0x00,0x00,0x00,0x00,0x00,0x00,0x00,0x00,0x00,0x00,0x00,
    0x00,0x00,0x00,0x00,0x00,0x00,0x00,0x00,0x00,0x00,0x00,0x00,0x00,0x00,0x00,0x00,0x00,0x00,0x9F,0xFF,0xFF,0xBF,0x00,0x00,0x00,0x00,0x00,0x00,0x00,0x00,0x00,0x00,0x00,0x00,0x00,0x00,0x00,0x00,0x00,0x00,
    0x00,0x00,0x00,0x00,0x00,0x00,0x00,0x00,0x00,0x00,0x00,0x00,0x00,0x00,0x00,0x00,0x00,0x00,0x9F,0xFF,0xFF,0xBF,0x00,0x00,0x00,0x00,0x00,0x00,0x00,0x00,0x00,0x00,0x00,0x00,0x00,0x00,0x00,0x00,0x00,0x00,
    0x00,0x00,0x00,0x00,0x00,0x00,0x00,0x00,0x00,0x00,0x00,0x00,0x00,0x00,0x00,0x00,0x00,0x00,0x9F,0xFF,0xFF,0xBF,0x00,0x00,0x00,0x00,0x00,0x00,0x00,0x00,0x00,0x00,0x00,0x00,0x00,0x00,0x00,0x00,0x00,0x00,
    0x00,0x00,0x00,0x00,0x00,0x00,0x00,0x00,0x00,0x00,0x00,0x00,0x00,0x00,0x00,0x00,0x00,0x00,0x9F,0xFF,0xFF,0xBF,0x00,0x00,0x00,0x00,0x00,0x00,0x00,0x00,0x00,0x00,0x00,0x00,0x00,0x00,0x00,0x00,0x00,0x00,
    0x00,0x00,0x00,0x00,0x00,0x00,0x00,0x00,0x00,0x00,0x00,0x00,0x00,0x00,0x00,0x00,0x00,0x00,0x9F,0xFF,0xFF,0xBF,0x00,0x00,0x00,0x00,0x00,0x00,0x00,0x00,0x00,0x00,0x00,0x00,0x00,0x00,0x00,0x00,0x00,0x00,
    0x00,0x00,0x00,0x00,0x00,0x00,0x00,0x00,0x00,0x00,0x00,0x00,0x00,0x00,0x00,0x00,0x00,0x00,0x9F,0xFF,0xFF,0xBF,0x00,0x00,0x00,0x00,0x00,0x00,0x00,0x00,0x00,0x00,0x00,0x00,0x00,0x00,0x00,0x00,0x00,0x00,
    0x00,0x00,0x00,0x00,0x00,0x00,0x00,0x00,0x00,0x00,0x00,0x00,0x00,0x00,0x00,0x00,0x00,0x00,0x9F,0xFF,0xFF,0xBF,0x00,0x00,0x00,0x00,0x00,0x00,0x00,0x00,0x00,0x00,0x00,0x00,0x00,0x00,0x00,0x00,0x00,0x00,
    0x00,0x00,0x00,0x00,0x00,0x00,0x00,0x00,0x00,0x00,0x00,0x00,0x00,0x00,0x00,0x00,0x00,0x00,0xAF,0xFF,0xFF,0xBF,0x00,0x00,0x00,0x00,0x00,0x00,0x00,0x00,0x00,0x00,0x00,0x00,0x00,0x00,0x00,0x00,0x00,0x00,
    0x00,0x00,0x00,0x00,0x00,0x00,0x00,0x00,0x00,0x00,0x00,0x00,0x00,0x00,0x00,0x00,0x00,0x00,0x9F,0xFF,0xFF,0x84,0x00,0x00,0x00,0x00,0x00,0x00,0x00,0x00,0x00,0x00,0x00,0x00,0x00,0x00,0x00,0x00,0x00,0x00,
    0x00,0x00,0x00,0x00,0x00,0x00,0x00,0x00,0x00,0x00,0x00,0x00,0x00,0x00,0x00,0x00,0x00,0x00,0x0C,0x8C,0x80,0x04,0x00,0x00,0x00,0x00,0x00,0x00,0x00,0x00,0x00,0x00,0x00,0x00,0x00,0x00,0x00,0x00,0x00,0x00,
    0x00,0x00,0x00,0x00,0x00,0x00,0x00,0x00,0x00,0x00,0x00,0x00,0x00,0x00,0x00,0x00,0x00,0x00,0x00,0x00,0x00,0x00,0x00,0x00,0x00,0x00,0x00,0x00,0x00,0x00,0x00,0x00,0x00,0x00,0x00,0x00,0x00,0x00,0x00,0x00,
    0x00,0x00,0x00,0x00,0x00,0x00,0x00,0x00,0x00,0x00,0x00,0x00,0x00,0x00,0x00,0x00,0x00,0x00,0x00,0x00,0x00,0x00,0x00,0x00,0x00,0x00,0x00,0x00,0x00,0x00,0x00,0x00,0x00,0x00,0x00,0x00,0x00,0x00,0x00,0x00,
  },
  { // power
    0x00,0x00,0x00,0x00,0x00,0x00,0x00,0x00,0x00,0x00,0x00,0x00,0x00,0x00,0x00,0x00,0x00,0x00,0x00,0x00,0x00,0x00,0x00,0x00,0x00,0x00,0x00,0x00,0x00,0x00,0x00,0x00,0x00,0x00,0x00,0x00,0x00,0x00,0x00,0x00,
    0x00,0x00,0x00,0x00,0x00,0x00,0x00,0x00,0x00,0x00,0x00,0x00,0x00,0x00,0x00,0x00,0x00,0x00,0x00,0x00,0x00,0x00,0x00,0x00,0x00,0x00,0x00,0x00,0x00,0x00,0x00,0x00,0x00,0x00,0x00,0x00,0x00,0x00,0x00,0x00,
    0x00,0x00,0x00,0x00,0x00,0x00,0x00,0x00,0x00,0x00,0x00,0x00,0x00,0x00,0x00,0x00,0x00,0x00,0x00,0x00,0x00,0x00,0x00,0x00,0x00,0x00,0x00,0x00,0x00,0x00,0x00,0x00,0x00,0x00,0x00,0x00,0x00,0x00,0x00,0x00,
    0x00,0x00,0x00,0x00,0x00,0x00,0x00,0x00,0x00,0x00,0x00,0x00,0x00,0x00,0x00,0x00,0x00,0x00,0x00,0x00,0x00,0x00,0x00,0x00,0x00,0x00,0x00,0x00,0x00,0x00,0x00,0x00,0x00,0x00,0x00,0x00,0x00,0x00,0x00,0x00,
    0x00,0x00,0x00,0x00,0x00,0x00,0x00,0x00,0x00,0x00,0x00,0x00,0x00,0x00,0x00,0x00,0x00,0x00,0x18,0xAB,0x9F,0x0C,0x00,0x00,0x00,0x00,0x00,0x00,0x00,0x00,0x00,0x00,0x00,0x00,0x00,0x00,0x00,0x00,0x00,0x00,
    0x00,0x00,0x00,0x00,0x00,0x00,0x00,0x00,0x00,0x00,0x00,0x00,0x00,0x00,0x00,0x00,0x00,0x00,0xAB,0xFF,0xFF,0x8C,0x00,0x00,0x00,0x00,0x00,0x00,0x00,0x00,0x00,0x00,0x00,0x00,0x00,0x00,0x00,0x00,0x00,0x00,
    0x00,0x00,0x00,0x00,0x00,0x00,0x00,0x00,0x00,0x00,0x00,0x00,0x00,0x00,0x00,0x00,0x00,0x00,0xAB,0xFF,0xFF,0xBF,0x00,0x00,0x00,0x00,0x00,0x00,0x00,0x00,0x00,0x00,0x00,0x00,0x00,0x00,0x00,0x00,0x00,0x00,
    0x00,0x00,0x00,0x00,0x00,0x00,0x00,0x00,0x00,0x00,0x00,0x00,0x00,0x00,0x00,0x00,0x00,0x00,0x9F,0xFF,0xFF,0xBF,0x00,0x00,0x00,0x00,0x00,0x00,0x00,0x00,0x00,0x00,0x00,0x00,0x00,0x00,0x00,0x00,0x00,0x00,
    0x00,0x00,0x00,0x00,0x00,0x00,0x00,0x00,0x00,0x00,0x00,0x00,0x00,0x00,0x00,0x00,0x00,0x00,0x9F,0xFF,0xFF,0xBF,0x00,0x00,0x00,0x00,0x00,0x00,0x00,0x00,0x00,0x00,0x00,0x00,0x00,0x00,0x00,0x00,0x00,0x00,
    0x00,0x00,0x00,0x00,0x00,0x00,0x00,0x00,0x00,0x00,0x00,0x00,0x00,0x00,0x00,0x00,0x00,0x00,0x9F,0xFF,0xFF,0xBF,0x00,0x00,0x00,0x00,0x00,0x00,0x00,0x00,0x00,0x00,0x00,0x00,0x00,0x00,0x00,0x00,0x00,0x00,
    0x00,0x00,0x00,0x00,0x00,0x00,0x00,0x00,0x00,0x00,0x00,0x04,0x8F,0xB3,0x28,0x00,0x00,0x00,0x9F,0xFF,0xFF,0xBF,0x00,0x00,0x00,0x3C,0xB7,0x84,0x04,0x00,0x00,0x00,0x00,0x00,0x00,0x00,0x00,0x00,0x00,0x00,
    0x00,0x00,0x00,0x00,0x00,0x00,0x00,0x00,0x00,0x00,0x10,0xC3,0xFF,0xFF,0xCB,0x00,0x00,0x00,0x9F,0xFF,0xFF,0xBF,0x00,0x00,0x00,0xEB,0xFF,0xFF,0xC3,0x10,0x00,0x00,0x00,0x00,0x00,0x00,0x00,0x00,0x00,0x00,
    0x00,0x00,0x00,0x00,0x00,0x00,0x00,0x00,0x00,0x14,0xCF,0xFF,0xFF,0xFF,0xBF,0x00,0x00,0x00,0x9F,0xFF,0xFF,0xBF,0x00,0x00,0x00,0xDF,0xFF,0xFF,0xFF,0xCF,0x14,0x00,0x00,0x00,0x00,0x00,0x00,0x00,0x00,0x00,
    0x00,0x00,0x00,0x00,0x00,0x00,0x00,0x00,0x00,0xBB,0xFF,0xFF,0xFF,0xC7,0x18,0x00,0x00,0x00,0x9F,0xFF,0xFF,0xBF,0x00,0x00,0x00,0x28,0xC7,0xFF,0xFF,0xFF,0xBB,0x00,0x00,0x00,0x00,0x00,0x00,0x00,0x00,0x00,
    0x00,0x00,0x00,0x00,0x00,0x00,0x00,0x00,0x68,0xFF,0xFF,0xFF,0xAF,0x0C,0x00,0x00,0x00,0x00,0x9F,0xFF,0xFF,0xBF,0x00,0x00,0x00,0x00,0x0C,0xAF,0xFF,0xFF,0xFF,0x68,0x00,0x00,0x00,0x00,0x00,0x00,0x00,0x00,
    0x00,0x00,0x00,0x00,0x00,0x00,0x00,0x18,0xF7,0xFF,0xFF,0xD7,0x10,0x00,0x00,0x00,0x00,0x00,0x9F,0xFF,0xFF,0xBF,0x00,0x00,0x00,0x00,0x00,0x10,0xD7,0xFF,0xFF,0xF7,0x18,0x00,0x00,0x00,0x00,0x00,0x00,0x00,
    0x00,0x00,0x00,0x00,0x00,0x00,0x00,0x7C,0xFF,0xFF,0xFF,0x40,0x00,0x00,0x00,0x00,0x00,0x00,0x9F,0xFF,0xFF,0xBF,0x00,0x00,0x00,0x00,0x00,0x00,0x40,0xFF,0xFF,0xFF,0x7C,0x00,0x00,0x00,0x00,0x00,0x00,0x00,
    0x00,0x00,0x00,0x00,0x00,0x00,0x00,0xCB,0xFF,0xFF,0xBF,0x00,0x00,0x00,0x00,0x00,0x00,0x00,0x9F,0xFF,0xFF,0xBF,0x00,0x00,0x00,0x00,0x00,0x00,0x00,0xBF,0xFF,0xFF,0xCB,0x00,0x00,0x00,0x00,0x00,0x00,0x00,
    0x00,0x00,0x00,0x00,0x00,0x00,0x1C,0xFF,0xFF,0xFF,0x54,0x00,0x00,0x00,0x00,0x00,0x00,0x00,0x9F,0xFF,0xFF,0xBF,0x00,0x00,0x00,0x00,0x00,0x00,0x00,0x54,0xFF,0xFF,0xFF,0x1C,0x00,0x00,0x00,0x00,0x00,0x00,
    0x00,0x00,0x00,0x00,0x00,0x00,0x64,0xFB,0xFF,0xFF,0x0C,0x00,0x00,0x00,0x00,0x00,0x00,0x00,0xAF,0xFF,0xFF,0xBF,0x00,0x00,0x00,0x00,0x00,0x00,0x00,0x0C,0xFF,0xFF,0xFB,0x64,0x00,0x00,0x00,0x00,0x00,0x00,
    0x00,0x00,0x00,0x00,0x00,0x00,0x7C,0xFF,0xFF,0xE3,0x00,0x00,0x00,0x00,0x00,0x00,0x00,0x00,0x9F,0xFF,0xFF,0x84,0x00,0x00,0x00,0x00,0x00,0x00,0x00,0x00,0xE3,0xFF,0xFF,0x7C,0x00,0x00,0x00,0x00,0x00,0x00,
    0x00,0x00,0x00,0x00,0x00,0x00,0x80,0xFF,0xFF,0xDF,0x00,0x00,0x00,0x00,0x00,0x00,0x00,0x00,0x0C,0x8C,0x80,0x04,0x00,0x00,0x00,0x00,0x00,0x00,0x00,0x00,0xDF,0xFF,0xFF,0x80,0x00,0x00,0x00,0x00,0x00,0x00,
    0x00,0x00,0x00,0x00,0x00,0x00,0x7C,0xFF,0xFF,0xDF,0x00,0x00,0x00,0x00,0x00,0x00,0x00,0x00,0x00,0x00,0x00,0x00,0x00,0x00,0x00,0x00,0x00,0x00,0x00,0x00,0xDF,0xFF,0xFF,0x7C,0x00,0x00,0x00,0x00,0x00,0x00,
    0x00,0x00,0x00,0x00,0x00,0x00,0x6C,0xFF,0xFF,0xFF,0x08,0x00,0x00,0x00,0x00,0x00,0x00,0x00,0x00,0x00,0x00,0x00,0x00,0x00,0x00,0x00,0x00,0x00,0x00,0x08,0xFF,0xFF,0xFF,0x6C,0x00,0x00,0x00,0x00,0x00,0x00,
    0x00,0x00,0x00,0x00,0x00,0x00,0x40,0xFF,0xFF,0xFF,0x34,0x00,0x00,0x00,0x00,0x00,0x00,0x00,0x00,0x00,0x00,0x00,0x00,0x00,0x00,0x00,0x00,0x00,0x00,0x34,0xFF,0xFF,0xFF,0x40,0x00,0x00,0x00,0x00,0x00,0x00,
    0x00,0x00,0x00,0x00,0x00,0x00,0x04,0xEB,0xFF,0xFF,0x90,0x00,0x00,0x00,0x00,0x00,0x00,0x00,0x00,0x00,0x00,0x00,0x00,0x00,0x00,0x00,0x00,0x00,0x00,0x90,0xFF,0xFF,0xEB,0x04,0x00,0x00,0x00,0x00,0x00,0x00,
    0x00,0x00,0x00,0x00,0x00,0x00,0x00,0xA3,0xFF,0xFF,0xF7,0x18,0x00,0x00,0x00,0x00,0x00,0x00,0x00,0x00,0x00,0x00,0x00,0x00,0x00,0x00,0x00,0x00,0x18,0xF7,0xFF,0xFF,0xA3,0x00,0x00,0x00,0x00,0x00,0x00,0x00,
    0x00,0x00,0x00,0x00,0x00,0x00,0x00,0x40,0xFF,0xFF,0xFF,0xAF,0x00,0x00,0x00,0x00,0x00,0x00,0x00,0x00,0x00,0x00,0x00,0x00,0x00,0x00,0x00,0x00,0xAF,0xFF,0xFF,0xFF,0x40,0x00,0x00,0x00,0x00,0x00,0x00,0x00,
    0x00,0x00,0x00,0x00,0x00,0x00,0x00,0x00,0xA4,0xFF,0xFF,0xFF,0x74,0x00,0x00,0x00,0x00,0x00,0x00,0x00,0x00,0x00,0x00,0x00,0x00,0x00,0x00,0x74,0xFF,0xFF,0xFF,0xA4,0x00,0x00,0x00,0x00,0x00,0x00,0x00,0x00,
    0x00,0x00,0x00,0x00,0x00,0x00,0x00,0x00,0x10,0xE3,0xFF,0xFF,0xFB,0x7C,0x04,0x00,0x00,0x00,0x00,0x00,0x00,0x00,0x00,0x00,0x00,0x04,0x7C,0xFB,0xFF,0xFF,0xE3,0x10,0x00,0x00,0x00,0x00,0x00,0x00,0x00,0x00,
    0x00,0x00,0x00,0x00,0x00,0x00,0x00,0x00,0x00,0x34,0xF7,0xFF,0xFF,0xFB,0xCF,0x50,0x00,0x00,0x00,0x00,0x00,0x00,0x00,0x00,0x50,0xCF,0xFB,0xFF,0xFF,0xF7,0x34,0x00,0x00,0x00,0x00,0x00,0x00,0x00,0x00,0x00,
    0x00,0x00,0x00,0x00,0x00,0x00,0x00,0x00,0x00,0x00,0x4C,0xF3,0xFF,0xFF,0xFF,0xFF,0xCF,0x74,0x44,0x28,0x28,0x44,0x74,0xCF,0xFF,0xFF,0xFF,0xFF,0xF3,0x4C,0x00,0x00,0x00,0x00,0x00,0x00,0x00,0x00,0x00,0x00,
    0x00,0x00,0x00,0x00,0x00,0x00,0x00,0x00,0x00,0x00,0x00,0x28,0xCB,0xFF,0xFF,0xFF,0xFF,0xF7,0xFF,0xF7,0xF7,0xFF,0xF7,0xFF,0xFF,0xFF,0xFF,0xCB,0x28,0x00,0x00,0x00,0x00,0x00,0x00,0x00,0x00,0x00,0x00,0x00,
    0x00,0x00,0x00,0x00,0x00,0x00,0x00,0x00,0x00,0x00,0x00,0x00,0x08,0x80,0xEF,0xFF,0xFF,0xFF,0xFF,0xFF,0xFF,0xFF,0xFF,0xFF,0xFF,0xEF,0x80,0x08,0x00,0x00,0x00,0x00,0x00,0x00,0x00,0x00,0x00,0x00,0x00,0x00,
    0x00,0x00,0x00,0x00,0x00,0x00,0x00,0x00,0x00,0x00,0x00,0x00,0x00,0x00,0x10,0x60,0xAF,0xE3,0xFF,0xFF,0xFF,0xFF,0xE3,0xAF,0x60,0x10,0x00,0x00,0x00,0x00,0x00,0x00,0x00,0x00,0x00,0x00,0x00,0x00,0x00,0x00,
    0x00,0x00,0x00,0x00,0x00,0x00,0x00,0x00,0x00,0x00,0x00,0x00,0x00,0x00,0x00,0x00,0x00,0x00,0x18,0x24,0x24,0x18,0x00,0x00,0x00,0x00,0x00,0x00,0x00,0x00,0x00,0x00,0x00,0x00,0x00,0x00,0x00,0x00,0x00,0x00,
    0x00,0x00,0x00,0x00,0x00,0x00,0x00,0x00,0x00,0x00,0x00,0x00,0x00,0x00,0x00,0x00,0x00,0x00,0x00,0x00,0x00,0x00,0x00,0x00,0x00,0x00,0x00,0x00,0x00,0x00,0x00,0x00,0x00,0x00,0x00,0x00,0x00,0x00,0x00,0x00,
    0x00,0x00,0x00,0x00,0x00,0x00,0x00,0x00,0x00,0x00,0x00,0x00,0x00,0x00,0x00,0x00,0x00,0x00,0x00,0x00,0x00,0x00,0x00,0x00,0x00,0x00,0x00,0x00,0x00,0x00,0x00,0x00,0x00,0x00,0x00,0x00,0x00,0x00,0x00,0x00,
    0x00,0x00,0x00,0x00,0x00,0x00,0x00,0x00,0x00,0x00,0x00,0x00,0x00,0x00,0x00,0x00,0x00,0x00,0x00,0x00,0x00,0x00,0x00,0x00,0x00,0x00,0x00,0x00,0x00,0x00,0x00,0x00,0x00,0x00,0x00,0x00,0x00,0x00,0x00,0x00,
    0x00,0x00,0x00,0x00,0x00,0x00,0x00,0x00,0x00,0x00,0x00,0x00,0x00,0x00,0x00,0x00,0x00,0x00,0x00,0x00,0x00,0x00,0x00,0x00,0x00,0x00,0x00,0x00,0x00,0x00,0x00,0x00,0x00,0x00,0x00,0x00,0x00,0x00,0x00,0x00,
  },
  { // gate
    0x00,0x00,0x00,0x00,0x00,0x00,0x00,0x00,0x00,0x00,0x00,0x00,0x00,0x00,0x00,0x00,0x00,0x00,0x00,0x00,0x00,0x00,0x00,0x00,0x00,0x00,0x00,0x00,0x00,0x00,0x00,0x00,0x00,0x00,0x00,0x00,0x00,0x00,0x00,0x00,
    0x00,0x00,0x00,0x00,0x00,0x00,0x00,0x00,0x00,0x00,0x00,0x00,0x00,0x00,0x00,0x00,0x00,0x00,0x00,0x00,0x00,0x00,0x00,0x00,0x00,0x00,0x00,0x00,0x00,0x00,0x00,0x00,0x00,0x00,0x00,0x00,0x00,0x00,0x00,0x00,
    0x00,0x00,0x00,0x00,0x00,0x00,0x00,0x00,0x00,0x00,0x00,0x00,0x00,0x00,0x00,0x00,0x00,0x00,0x00,0x00,0x00,0x00,0x00,0x00,0x00,0x00,0x00,0x00,0x00,0x00,0x00,0x00,0x00,0x00,0x00,0x00,0x00,0x00,0x00,0x00,
    0x00,0x00,0x00,0x00,0x00,0x00,0x00,0x00,0x00,0x00,0x00,0x00,0x00,0x00,0x00,0x00,0x00,0x00,0x00,0x00,0x00,0x00,0x00,0x00,0x00,0x00,0x00,0x00,0x00,0x00,0x00,0x00,0x00,0x00,0x00,0x00,0x00,0x00,0x00,0x00,
    0x00,0x00,0x00,0x00,0x00,0x00,0x00,0x00,0x00,0x00,0x00,0x00,0x00,0x00,0x00,0x00,0x00,0x00,0x00,0x00,0x00,0x00,0x00,0x00,0x00,0x00,0x00,0x00,0x00,0x00,0x00,0x00,0x00,0x00,0x00,0x00,0x00,0x00,0x00,0x00,
    0x00,0x00,0x00,0x00,0x00,0x00,0x00,0x00,0x00,0x00,0x00,0x00,0x00,0x00,0x00,0x00,0x00,0x00,0x00,0x00,0x00,0x00,0x00,0x00,0x00,0x00,0x00,0x00,0x00,0x00,0x00,0x00,0x00,0x00,0x00,0x00,0x00,0x00,0x00,0x00,
    0x00,0x00,0x00,0x00,0x10,0x0C,0x00,0x00,0x00,0x00,0x00,0x00,0x00,0x00,0x00,0x00,0x00,0x00,0x00,0x00,0x00,0x00,0x00,0x00,0x00,0x00,0x00,0x00,0x00,0x00,0x00,0x00,0x00,0x00,0x10,0x0C,0x00,0x00,0x00,0x00,
    0x00,0x00,0x00,0x50,0xFB,0xF3,0x38,0x00,0x00,0x00,0x00,0x00,0x00,0x00,0x00,0x00,0x00,0x00,0x00,0x00,0x00,0x00,0x00,0x00,0x00,0x00,0x00,0x00,0x00,0x00,0x00,0x00,0x00,0x50,0xFB,0xF3,0x38,0x00,0x00,0x00,
    0x00,0x00,0x00,0xBB,0xFF,0xFF,0xA7,0x00,0x00,0x00,0x00,0x00,0x00,0x00,0x00,0x00,0x00,0x00,0x00,0x00,0x00,0x00,0x00,0x00,0x00,0x00,0x00,0x00,0x00,0x00,0x00,0x00,0x00,0xBB,0xFF,0xFF,0xA7,0x00,0x00,0x00,
    0x00,0x00,0x00,0x9F,0xFF,0xFF,0xBF,0x00,0x00,0x00,0x00,0x00,0x00,0x00,0x00,0x00,0x00,0x00,0x00,0x00,0x00,0x00,0x00,0x00,0x00,0x00,0x00,0x00,0x00,0x00,0x00,0x00,0x00,0x9F,0xFF,0xFF,0xBF,0x00,0x00,0x00,
    0x00,0x00,0x00,0x9F,0xFF,0xFF,0xBF,0x00,0x00,0x00,0x00,0x00,0x00,0x00,0x00,0x00,0x00,0x00,0x00,0x00,0x00,0x00,0x00,0x00,0x00,0x00,0x00,0x00,0x00,0x00,0x00,0x00,0x00,0x9F,0xFF,0xFF,0xBF,0x00,0x00,0x00,
    0x00,0x00,0x00,0x9F,0xFF,0xFF,0xD7,0x60,0x60,0x60,0x60,0x60,0x60,0x60,0x60,0x60,0x60,0x60,0x60,0x60,0x60,0x60,0x60,0x60,0x60,0x60,0x60,0x60,0x60,0x60,0x60,0x60,0x60,0xC3,0xFF,0xFF,0xBF,0x00,0x00,0x00,
    0x00,0x00,0x00,0xA3,0xFF,0xFF,0xFF,0xFF,0xFF,0xFF,0xFF,0xFF,0xFF,0xFF,0xFF,0xFF,0xFF,0xFF,0xFF,0xFF,0xFF,0xFF,0xFF,0xFF,0xFF,0xFF,0xFF,0xFF,0xFF,0xFF,0xFF,0xFF,0xFF,0xFF,0xFF,0xFF,0xBF,0x00,0x00,0x00,
    0x00,0x00,0x00,0xB7,0xFF,0xFF,0xFF,0xFF,0xFF,0xFF,0xFF,0xFF,0xFF,0xFF,0xFF,0xFF,0xFF,0xFF,0xFF,0xFF,0xFF,0xFF,0xFF,0xFF,0xFF,0xFF,0xFF,0xFF,0xFF,0xFF,0xFF,0xFF,0xFF,0xFF,0xFF,0xFF,0xBF,0x00,0x00,0x00,
    0x00,0x00,0x00,0x9F,0xFF,0xFF,0xFF,0xFF,0xFF,0xFF,0xFF,0xFF,0xFF,0xFF,0xFF,0xFF,0xFF,0xFF,0xFF,0xFF,0xFF,0xFF,0xFF,0xFF,0xFF,0xFF,0xFF,0xFF,0xFF,0xFF,0xFF,0xFF,0xFF,0xFF,0xFF,0xFF,0xBF,0x00,0x00,0x00,
    0x00,0x00,0x00,0x9F,0xFF,0xFF,0xBF,0x00,0x00,0x00,0x00,0x00,0x00,0x00,0x00,0x9F,0xFF,0xFF,0xFF,0x30,0x00,0x00,0x00,0x00,0x00,0x00,0x08,0xE7,0xFF,0xFF,0xE7,0x08,0x00,0x9F,0xFF,0xFF,0xBF,0x00,0x00,0x00,
    0x00,0x00,0x00,0x9F,0xFF,0xFF,0xBF,0x00,0x00,0x00,0x00,0x00,0x00,0x00,0x24,0xFB,0xFF,0xFF,0xB7,0x00,0x00,0x00,0x00,0x00,0x00,0x00,0x60,0xFF,0xFF,0xFF,0x70,0x00,0x00,0x9F,0xFF,0xFF,0xBF,0x00,0x00,0x00,
    0x00,0x00,0x00,0x9F,0xFF,0xFF,0xBF,0x00,0x00,0x00,0x00,0x00,0x00,0x00,0x97,0xFF,0xFF,0xFF,0x40,0x00,0x00,0x00,0x00,0x00,0x00,0x04,0xDB,0xFF,0xFF,0xEF,0x08,0x00,0x00,0x9F,0xFF,0xFF,0xBF,0x00,0x00,0x00,
    0x00,0x00,0x00,0x9F,0xFF,0xFF,0xBF,0x00,0x00,0x00,0x00,0x00,0x00,0x18,0xF7,0xFF,0xFF,0xBF,0x00,0x00,0x00,0x00,0x00,0x00,0x00,0x60,0xFF,0xFF,0xFF,0x80,0x00,0x00,0x00,0x9F,0xFF,0xFF,0xBF,0x00,0x00,0x00,
    0x00,0x00,0x00,0x9F,0xFF,0xFF,0xBF,0x00,0x00,0x00,0x00,0x00,0x00,0x90,0xFF,0xFF,0xFF,0x50,0x00,0x00,0x00,0x00,0x00,0x00,0x00,0xD7,0xFF,0xFF,0xEF,0x10,0x00,0x00,0x00,0x9F,0xFF,0xFF,0xBF,0x00,0x00,0x00,
    0x00,0x00,0x00,0x9F,0xFF,0xFF,0xBF,0x00,0x00,0x00,0x00,0x00,0x10,0xEF,0xFF,0xFF,0xCF,0x00,0x00,0x00,0x00,0x00,0x00,0x00,0x50,0xFF,0xFF,0xFF,0x80,0x00,0x00,0x00,0x00,0x9F,0xFF,0xFF,0xBF,0x00,0x00,0x00,
    0x00,0x00,0x00,0x9F,0xFF,0xFF,0xBF,0x00,0x00,0x00,0x00,0x00,0x80,0xFF,0xFF,0xFF,0x58,0x00,0x00,0x00,0x00,0x00,0x00,0x00,0xCF,0xFF,0xFF,0xF7,0x18,0x00,0x00,0x00,0x00,0x9F,0xFF,0xFF,0xBF,0x00,0x00,0x00,
    0x00,0x00,0x00,0x9F,0xFF,0xFF,0xBF,0x00,0x00,0x00,0x00,0x08,0xEF,0xFF,0xFF,0xDB,0x04,0x00,0x00,0x00,0x00,0x00,0x00,0x50,0xFF,0xFF,0xFF,0x90,0x00,0x00,0x00,0x00,0x00,0x9F,0xFF,0xFF,0xBF,0x00,0x00,0x00,
    0x00,0x00,0x00,0x9F,0xFF,0xFF,0xBF,0x00,0x00,0x00,0x00,0x70,0xFF,0xFF,0xFF,0x60,0x00,0x00,0x00,0x00,0x00,0x00,0x00,0xBF,0xFF,0xFF,0xF7,0x18,0x00,0x00,0x00,0x00,0x00,0x9F,0xFF,0xFF,0xBF,0x00,0x00,0x00,
    0x00,0x00,0x00,0x9F,0xFF,0xFF,0xBF,0x00,0x00,0x00,0x08,0xE7,0xFF,0xFF,0xE7,0x08,0x00,0x00,0x00,0x00,0x00,0x00,0x40,0xFF,0xFF,0xFF,0x97,0x00,0x00,0x00,0x00,0x00,0x00,0x9F,0xFF,0xFF,0xBF,0x00,0x00,0x00,
    0x00,0x00,0x00,0x9F,0xFF,0xFF,0xBF,0x00,0x00,0x00,0x60,0xFF,0xFF,0xFF,0x70,0x00,0x00,0x00,0x00,0x00,0x00,0x00,0xBF,0xFF,0xFF,0xFB,0x24,0x00,0x00,0x00,0x00,0x00,0x00,0x9F,0xFF,0xFF,0xBF,0x00,0x00,0x00,
    0x00,0x00,0x00,0x9F,0xFF,0xFF,0xBF,0x00,0x00,0x04,0xDB,0xFF,0xFF,0xEF,0x08,0x00,0x00,0x00,0x00,0x00,0x00,0x38,0xFF,0xFF,0xFF,0x9F,0x00,0x00,0x00,0x00,0x00,0x00,0x00,0x9F,0xFF,0xFF,0xBF,0x00,0x00,0x00,
    0x00,0x00,0x00,0x9F,0xFF,0xFF,0xBF,0x00,0x00,0x58,0xFF,0xFF,0xFF,0x80,0x00,0x00,0x00,0x00,0x00,0x00,0x00,0xAF,0xFF,0xFF,0xFB,0x24,0x00,0x00,0x00,0x00,0x00,0x00,0x00,0x9F,0xFF,0xFF,0xBF,0x00,0x00,0x00,
    0x00,0x00,0x00,0x9F,0xFF,0xFF,0xBF,0x00,0x00,0xCF,0xFF,0xFF,0xEF,0x10,0x00,0x00,0x00,0x00,0x00,0x00,0x30,0xFF,0xFF,0xFF,0xAF,0x00,0x00,0x00,0x00,0x00,0x00,0x00,0x00,0x9F,0xFF,0xFF,0xBF,0x00,0x00,0x00,
    0x00,0x00,0x00,0x9F,0xFF,0xFF,0xFF,0xFF,0xFF,0xFF,0xFF,0xFF,0xFF,0xFF,0xFF,0xFF,0xFF,0xFF,0xFF,0xFF,0xFF,0xFF,0xFF,0xFF,0xFF,0xFF,0xFF,0xFF,0xFF,0xFF,0xFF,0xFF,0xFF,0xFF,0xFF,0xFF,0xBF,0x00,0x00,0x00,
    0x00,0x00,0x00,0xBB,0xFF,0xFF,0xFF,0xFF,0xFF,0xFF,0xFF,0xFF,0xFF,0xFF,0xFF,0xFF,0xFF,0xFF,0xFF,0xFF,0xFF,0xFF,0xFF,0xFF,0xFF,0xFF,0xFF,0xFF,0xFF,0xFF,0xFF,0xFF,0xFF,0xFF,0xFF,0xFF,0xBF,0x00,0x00,0x00,
    0x00,0x00,0x00,0x9F,0xFF,0xFF,0xFF,0xFF,0xFF,0xFF,0xFF,0xFF,0xFF,0xFF,0xFF,0xFF,0xFF,0xFF,0xFF,0xFF,0xFF,0xFF,0xFF,0xFF,0xFF,0xFF,0xFF,0xFF,0xFF,0xFF,0xFF,0xFF,0xFF,0xFF,0xFF,0xFF,0xBF,0x00,0x00,0x00,
    0x00,0x00,0x00,0x9F,0xFF,0xFF,0xD7,0x60,0x60,0x60,0x60,0x60,0x60,0x60,0x60,0x60,0x60,0x60,0x60,0x60,0x60,0x60,0x60,0x60,0x60,0x60,0x60,0x60,0x60,0x60,0x60,0x60,0x60,0xC3,0xFF,0xFF,0xBF,0x00,0x00,0x00,
    0x00,0x00,0x00,0x9F,0xFF,0xFF,0xBF,0x00,0x00,0x00,0x00,0x00,0x00,0x00,0x00,0x00,0x00,0x00,0x00,0x00,0x00,0x00,0x00,0x00,0x00,0x00,0x00,0x00,0x00,0x00,0x00,0x00,0x00,0x9F,0xFF,0xFF,0xBF,0x00,0x00,0x00,
    0x00,0x00,0x00,0xA3,0xFF,0xFF,0xBF,0x00,0x00,0x00,0x00,0x00,0x00,0x00,0x00,0x00,0x00,0x00,0x00,0x00,0x00,0x00,0x00,0x00,0x00,0x00,0x00,0x00,0x00,0x00,0x00,0x00,0x00,0xA3,0xFF,0xFF,0xBF,0x00,0x00,0x00,
    0x00,0x00,0x00,0xB7,0xFF,0xFF,0xA3,0x00,0x00,0x00,0x00,0x00,0x00,0x00,0x00,0x00,0x00,0x00,0x00,0x00,0x00,0x00,0x00,0x00,0x00,0x00,0x00,0x00,0x00,0x00,0x00,0x00,0x00,0xB7,0xFF,0xFF,0xA3,0x00,0x00,0x00,
    0x00,0x00,0x00,0x3C,0xEB,0xDF,0x28,0x00,0x00,0x00,0x00,0x00,0x00,0x00,0x00,0x00,0x00,0x00,0x00,0x00,0x00,0x00,0x00,0x00,0x00,0x00,0x00,0x00,0x00,0x00,0x00,0x00,0x00,0x3C,0xEB,0xDF,0x28,0x00,0x00,0x00,
    0x00,0x00,0x00,0x00,0x00,0x00,0x00,0x00,0x00,0x00,0x00,0x00,0x00,0x00,0x00,0x00,0x00,0x00,0x00,0x00,0x00,0x00,0x00,0x00,0x00,0x00,0x00,0x00,0x00,0x00,0x00,0x00,0x00,0x00,0x00,0x00,0x00,0x00,0x00,0x00,
    0x00,0x00,0x00,0x00,0x00,0x00,0x00,0x00,0x00,0x00,0x00,0x00,0x00,0x00,0x00,0x00,0x00,0x00,0x00,0x00,0x00,0x00,0x00,0x00,0x00,0x00,0x00,0x00,0x00,0x00,0x00,0x00,0x00,0x00,0x00,0x00,0x00,0x00,0x00,0x00,
    0x00,0x00,0x00,0x00,0x00,0x00,0x00,0x00,0x00,0x00,0x00,0x00,0x00,0x00,0x00,0x00,0x00,0x00,0x00,0x00,0x00,0x00,0x00,0x00,0x00,0x00,0x00,0x00,0x00,0x00,0x00,0x00,0x00,0x00,0x00,0x00,0x00,0x00,0x00,0x00,
  },
  { // garage
    0x00,0x00,0x00,0x00,0x00,0x00,0x00,0x00,0x00,0x00,0x00,0x00,0x00,0x00,0x00,0x00,0x00,0x00,0x00,0x00,0x00,0x00,0x00,0x00,0x00,0x00,0x00,0x00,0x00,0x00,0x00,0x00,0x00,0x00,0x00,0x00,0x00,0x00,0x00,0x00,
    0x00,0x00,0x00,0x00,0x00,0x00,0x00,0x00,0x00,0x00,0x00,0x00,0x00,0x00,0x00,0x00,0x00,0x00,0x00,0x00,0x00,0x00,0x00,0x00,0x00,0x00,0x00,0x00,0x00,0x00,0x00,0x00,0x00,0x00,0x00,0x00,0x00,0x00,0x00,0x00,
    0x00,0x00,0x00,0x00,0x00,0x00,0x00,0x00,0x00,0x00,0x00,0x00,0x00,0x00,0x00,0x00,0x00,0x00,0x00,0x00,0x00,0x00,0x00,0x00,0x00,0x00,0x00,0x00,0x00,0x00,0x00,0x00,0x00,0x00,0x00,0x00,0x00,0x00,0x00,0x00,
    0x00,0x00,0x00,0x00,0x00,0x00,0x00,0x00,0x00,0x00,0x00,0x00,0x00,0x00,0x00,0x00,0x00,0x00,0x00,0x00,0x00,0x00,0x00,0x00,0x00,0x00,0x00,0x00,0x00,0x00,0x00,0x00,0x00,0x00,0x00,0x00,0x00,0x00,0x00,0x00,
    0x00,0x00,0x00,0x00,0x00,0x00,0x00,0x00,0x00,0x00,0x00,0x00,0x00,0x00,0x00,0x00,0x00,0x00,0x34,0xDF,0xDF,0x48,0x00,0x00,0x00,0x00,0x00,0x00,0x00,0x00,0x00,0x00,0x00,0x00,0x00,0x00,0x00,0x00,0x00,0x00,
    0x00,0x00,0x00,0x00,0x00,0x00,0x00,0x00,0x00,0x00,0x00,0x00,0x00,0x00,0x00,0x00,0x00,0x68,0xF7,0xFF,0xFF,0xFB,0x80,0x00,0x00,0x00,0x00,0x00,0x00,0x00,0x00,0x00,0x00,0x00,0x00,0x00,0x00,0x00,0x00,0x00,
    0x00,0x00,0x00,0x00,0x00,0x00,0x00,0x00,0x00,0x00,0x00,0x00,0x00,0x00,0x00,0x0C,0x9F,0xFF,0xFF,0xFF,0xFF,0xFF,0xFF,0xB7,0x14,0x00,0x00,0x00,0x00,0x00,0x00,0x00,0x00,0x00,0x00,0x00,0x00,0x00,0x00,0x00,
    0x00,0x00,0x00,0x00,0x00,0x00,0x00,0x00,0x00,0x00,0x00,0x00,0x00,0x00,0x24,0xD3,0xFF,0xFF,0xFF,0xFB,0xF3,0xFF,0xFF,0xFF,0xDF,0x34,0x00,0x00,0x00,0x00,0x00,0x00,0x00,0x00,0x00,0x00,0x00,0x00,0x00,0x00,
    0x00,0x00,0x00,0x00,0x00,0x00,0x00,0x00,0x00,0x00,0x00,0x00,0x00,0x54,0xF3,0xFF,0xFF,0xFF,0xE3,0x34,0x28,0xD3,0xFF,0xFF,0xFF,0xF7,0x64,0x00,0x00,0x00,0x00,0x00,0x00,0x00,0x00,0x00,0x00,0x00,0x00,0x00,
    0x00,0x00,0x00,0x00,0x00,0x00,0x00,0x00,0x00,0x00,0x00,0x04,0x90,0xFF,0xFF,0xFF,0xFF,0xB7,0x14,0x00,0x00,0x0C,0xA3,0xFF,0xFF,0xFF,0xFF,0x9F,0x08,0x00,0x00,0x00,0x00,0x00,0x00,0x00,0x00,0x00,0x00,0x00,
    0x00,0x00,0x00,0x00,0x00,0x00,0x00,0x00,0x00,0x00,0x1C,0xC3,0xFF,0xFF,0xFF,0xFB,0x80,0x04,0x00,0x00,0x00,0x00,0x00,0x6C,0xFB,0xFF,0xFF,0xFF,0xCF,0x20,0x00,0x00,0x00,0x00,0x00,0x00,0x00,0x00,0x00,0x00,
    0x00,0x00,0x00,0x00,0x00,0x00,0x00,0x00,0x00,0x44,0xE7,0xFF,0xFF,0xFF,0xEB,0x48,0x00,0x00,0x00,0x00,0x00,0x00,0x00,0x00,0x38,0xE3,0xFF,0xFF,0xFF,0xEF,0x4C,0x00,0x00,0x00,0x00,0x00,0x00,0x00,0x00,0x00,
    0x00,0x00,0x00,0x00,0x00,0x00,0x00,0x00,0x7C,0xFB,0xFF,0xFF,0xFF,0xCB,0x1C,0x00,0x00,0x00,0x00,0x00,0x00,0x00,0x00,0x00,0x00,0x18,0xBB,0xFF,0xFF,0xFF,0xFF,0x84,0x04,0x00,0x00,0x00,0x00,0x00,0x00,0x00,
    0x00,0x00,0x00,0x00,0x00,0x00,0x10,0xB7,0xFF,0xFF,0xFF,0xFF,0x94,0x04,0x00,0x00,0x00,0x00,0x00,0x00,0x00,0x00,0x00,0x00,0x00,0x00,0x04,0x88,0xFF,0xFF,0xFF,0xFF,0xBB,0x14,0x00,0x00,0x00,0x00,0x00,0x00,
    0x00,0x00,0x00,0x00,0x00,0x34,0xDF,0xFF,0xFF,0xFF,0xF3,0x58,0x00,0x00,0x00,0x00,0x00,0x00,0x00,0x00,0x00,0x00,0x00,0x00,0x00,0x00,0x00,0x00,0x4C,0xEF,0xFF,0xFF,0xFF,0xE3,0x34,0x00,0x00,0x00,0x00,0x00,
    0x00,0x00,0x00,0x00,0x68,0xF7,0xFF,0xFF,0xFF,0xD3,0x2C,0x00,0x00,0x00,0x00,0x00,0x00,0x00,0x00,0x00,0x00,0x00,0x00,0x00,0x00,0x00,0x00,0x00,0x00,0x24,0xCF,0xFF,0xFF,0xFF,0xFB,0x68,0x00,0x00,0x00,0x00,
    0x00,0x00,0x0C,0x9F,0xFF,0xFF,0xFF,0xFF,0xA7,0x0C,0x00,0x00,0x00,0x00,0x00,0x00,0x00,0x00,0x00,0x00,0x00,0x00,0x00,0x00,0x00,0x00,0x00,0x00,0x00,0x00,0x0C,0x9F,0xFF,0xFF,0xFF,0xFF,0xA3,0x0C,0x00,0x00,
    0x00,0x50,0xDB,0xFF,0xFF,0xFF,0xFF,0xC7,0x00,0x00,0x00,0x00,0x00,0x00,0x00,0x00,0x00,0x00,0x00,0x00,0x00,0x00,0x00,0x00,0x00,0x00,0x00,0x00,0x00,0x00,0x00,0x00,0xB3,0xFF,0xFF,0xFF,0xFF,0xD7,0x3C,0x00,
    0x10,0xFB,0xFF,0xFF,0xFF,0xFF,0xFF,0xBF,0x00,0x00,0x00,0x00,0x00,0x00,0x00,0x00,0x00,0x00,0x00,0x00,0x00,0x00,0x00,0x00,0x00,0x00,0x00,0x00,0x00,0x00,0x00,0x00,0x9F,0xFF,0xFF,0xFF,0xFF,0xFF,0xEB,0x00,
    0x0C,0xF3,0xFF,0xFF,0xFB,0xFF,0xFF,0xBF,0x00,0x00,0x00,0x00,0x00,0x00,0x00,0x00,0x00,0x00,0x00,0x00,0x00,0x00,0x00,0x00,0x00,0x00,0x00,0x00,0x00,0x00,0x00,0x00,0x9F,0xFF,0xFF,0xFF,0xFF,0xFF,0xDF,0x00,
    0x00,0x38,0x9B,0x5C,0xA3,0xFF,0xFF,0xBF,0x00,0x00,0x00,0x00,0x00,0x00,0x00,0x00,0x00,0x00,0x00,0x00,0x00,0x00,0x00,0x00,0x00,0x00,0x00,0x00,0x00,0x00,0x00,0x00,0x9F,0xFF,0xFF,0xC3,0x68,0x97,0x28,0x00,
    0x00,0x00,0x00,0x00,0x9F,0xFF,0xFF,0xBF,0x00,0x00,0x00,0x00,0x00,0x00,0x00,0x00,0x00,0x00,0x00,0x00,0x00,0x00,0x00,0x00,0x00,0x00,0x00,0x00,0x00,0x00,0x00,0x00,0x9F,0xFF,0xFF,0xBF,0x00,0x00,0x00,0x00,
    0x00,0x00,0x00,0x00,0x9F,0xFF,0xFF,0xBF,0x00,0x00,0x10,0x0C,0x00,0x00,0x00,0x00,0x00,0x00,0x00,0x00,0x00,0x00,0x00,0x00,0x00,0x00,0x00,0x00,0x10,0x0C,0x00,0x00,0x9F,0xFF,0xFF,0xBF,0x00,0x00,0x00,0x00,
    0x00,0x00,0x00,0x00,0x9F,0xFF,0xFF,0xBF,0x00,0x50,0xFB,0xFF,0xFF,0xFF,0xFF,0xFF,0xFF,0xFF,0xFF,0xFF,0xFF,0xFF,0xFF,0xFF,0xFF,0xFF,0xFF,0xFF,0xFF,0xF3,0x38,0x00,0x9F,0xFF,0xFF,0xBF,0x00,0x00,0x00,0x00,
    0x00,0x00,0x00,0x00,0x9F,0xFF,0xFF,0xBF,0x00,0xBB,0xFF,0xFF,0xFF,0xFF,0xFF,0xFF,0xFF,0xFF,0xFF,0xFF,0xFF,0xFF,0xFF,0xFF,0xFF,0xFF,0xFF,0xFF,0xFF,0xFF,0x9B,0x00,0x9F,0xFF,0xFF,0xBF,0x00,0x00,0x00,0x00,
    0x00,0x00,0x00,0x00,0x9F,0xFF,0xFF,0xBF,0x00,0x64,0xFF,0xFF,0xFF,0xFF,0xFF,0xFF,0xFF,0xFF,0xFF,0xFF,0xFF,0xFF,0xFF,0xFF,0xFF,0xFF,0xFF,0xFF,0xFF,0xFB,0x48,0x00,0x9F,0xFF,0xFF,0xBF,0x00,0x00,0x00,0x00,
    0x00,0x00,0x00,0x00,0x9F,0xFF,0xFF,0xBF,0x00,0x00,0x2C,0x60,0x60,0x60,0x60,0x60,0x60,0x60,0x60,0x60,0x60,0x60,0x60,0x60,0x60,0x60,0x60,0x60,0x60,0x28,0x00,0x00,0x9F,0xFF,0xFF,0xBF,0x00,0x00,0x00,0x00,
    0x00,0x00,0x00,0x00,0x9F,0xFF,0xFF,0xBF,0x00,0x00,0x00,0x00,0x00,0x00,0x00,0x00,0x00,0x00,0x00,0x00,0x00,0x00,0x00,0x00,0x00,0x00,0x00,0x00,0x00,0x00,0x00,0x00,0x9F,0xFF,0xFF,0xBF,0x00,0x00,0x00,0x00,
    0x00,0x00,0x00,0x00,0x9F,0xFF,0xFF,0xBF,0x00,0x18,0xAB,0xAB,0x9F,0x9F,0x9F,0x9F,0x9F,0x9F,0x9F,0x9F,0x9F,0x9F,0x9F,0x9F,0x9F,0x9F,0x9F,0x9F,0xAF,0x9F,0x0C,0x00,0x9F,0xFF,0xFF,0xBF,0x00,0x00,0x00,0x00,
    0x00,0x00,0x00,0x00,0x9F,0xFF,0xFF,0xBF,0x00,0xAB,0xFF,0xFF,0xFF,0xFF,0xFF,0xFF,0xFF,0xFF,0xFF,0xFF,0xFF,0xFF,0xFF,0xFF,0xFF,0xFF,0xFF,0xFF,0xFF,0xFF,0x8C,0x00,0x9F,0xFF,0xFF,0xBF,0x00,0x00,0x00,0x00,
    0x00,0x00,0x00,0x00,0x9F,0xFF,0xFF,0xBF,0x00,0x9F,0xFF,0xFF,0xFF,0xFF,0xFF,0xFF,0xFF,0xFF,0xFF,0xFF,0xFF,0xFF,0xFF,0xFF,0xFF,0xFF,0xFF,0xFF,0xFF,0xFF,0x80,0x00,0x9F,0xFF,0xFF,0xBF,0x00,0x00,0x00,0x00,
    0x00,0x00,0x00,0x00,0x9F,0xFF,0xFF,0xBF,0x00,0x0C,0x8C,0xBF,0xBF,0xBF,0xBF,0xBF,0xBF,0xBF,0xBF,0xBF,0xBF,0xBF,0xBF,0xBF,0xBF,0xBF,0xBF,0xBF,0xBF,0x84,0x04,0x00,0x9F,0xFF,0xFF,0xBF,0x00,0x00,0x00,0x00,
    0x00,0x00,0x00,0x00,0x9F,0xFF,0xFF,0xBF,0x00,0x00,0x00,0x00,0x00,0x00,0x00,0x00,0x00,0x00,0x00,0x00,0x00,0x00,0x00,0x00,0x00,0x00,0x00,0x00,0x00,0x00,0x00,0x00,0x9F,0xFF,0xFF,0xBF,0x00,0x00,0x00,0x00,
    0x00,0x00,0x00,0x00,0x9F,0xFF,0xFF,0xD7,0x60,0x60,0x60,0x60,0x60,0x60,0x60,0x60,0x60,0x60,0x60,0x60,0x60,0x60,0x60,0x60,0x60,0x60,0x60,0x60,0x60,0x60,0x60,0x60,0xC3,0xFF,0xFF,0xBF,0x00,0x00,0x00,0x00,
    0x00,0x00,0x00,0x00,0x9F,0xFF,0xFF,0xFF,0xFF,0xFF,0xFF,0xFF,0xFF,0xFF,0xFF,0xFF,0xFF,0xFF,0xFF,0xFF,0xFF,0xFF,0xFF,0xFF,0xFF,0xFF,0xFF,0xFF,0xFF,0xFF,0xFF,0xFF,0xFF,0xFF,0xFF,0xBF,0x00,0x00,0x00,0x00,
    0x00,0x00,0x00,0x00,0x97,0xFF,0xFF,0xFF,0xFF,0xFF,0xFF,0xFF,0xFF,0xFF,0xFF,0xFF,0xFF,0xFF,0xFF,0xFF,0xFF,0xFF,0xFF,0xFF,0xFF,0xFF,0xFF,0xFF,0xFF,0xFF,0xFF,0xFF,0xFF,0xFF,0xFF,0xA3,0x00,0x00,0x00,0x00,
    0x00,0x00,0x00,0x00,0x30,0xDF,0xFF,0xFF,0xFF,0xFF,0xFF,0xFF,0xFF,0xFF,0xFF,0xFF,0xFF,0xFF,0xFF,0xFF,0xFF,0xFF,0xFF,0xFF,0xFF,0xFF,0xFF,0xFF,0xFF,0xFF,0xFF,0xFF,0xFF,0xFF,0xDF,0x30,0x00,0x00,0x00,0x00,
    0x00,0x00,0x00,0x00,0x00,0x00,0x00,0x00,0x00,0x00,0x00,0x00,0x00,0x00,0x00,0x00,0x00,0x00,0x00,0x00,0x00,0x00,0x00,0x00,0x00,0x00,0x00,0x00,0x00,0x00,0x00,0x00,0x00,0x00,0x00,0x00,0x00,0x00,0x00,0x00,
    0x00,0x00,0x00,0x00,0x00,0x00,0x00,0x00,0x00,0x00,0x00,0x00,0x00,0x00,0x00,0x00,0x00,0x00,0x00,0x00,0x00,0x00,0x00,0x00,0x00,0x00,0x00,0x00,0x00,0x00,0x00,0x00,0x00,0x00,0x00,0x00,0x00,0x00,0x00,0x00,
    0x00,0x00,0x00,0x00,0x00,0x00,0x00,0x00,0x00,0x00,0x00,0x00,0x00,0x00,0x00,0x00,0x00,0x00,0x00,0x00,0x00,0x00,0x00,0x00,0x00,0x00,0x00,0x00,0x00,0x00,0x00,0x00,0x00,0x00,0x00,0x00,0x00,0x00,0x00,0x00,
  },
  { // door
    0x00,0x00,0x00,0x00,0x00,0x00,0x00,0x00,0x00,0x00,0x00,0x00,0x00,0x00,0x00,0x00,0x00,0x00,0x00,0x00,0x00,0x00,0x00,0x00,0x00,0x00,0x00,0x00,0x00,0x00,0x00,0x00,0x00,0x00,0x00,0x00,0x00,0x00,0x00,0x00,
    0x00,0x00,0x00,0x00,0x00,0x00,0x00,0x00,0x00,0x00,0x00,0x00,0x00,0x00,0x00,0x00,0x00,0x00,0x00,0x00,0x00,0x00,0x00,0x00,0x00,0x00,0x00,0x00,0x00,0x00,0x00,0x00,0x00,0x00,0x00,0x00,0x00,0x00,0x00,0x00,
    0x00,0x00,0x00,0x00,0x00,0x00,0x00,0x00,0x00,0x08,0x44,0x60,0x60,0x60,0x60,0x60,0x60,0x60,0x60,0x60,0x60,0x60,0x60,0x60,0x60,0x60,0x60,0x60,0x60,0x44,0x08,0x00,0x00,0x00,0x00,0x00,0x00,0x00,0x00,0x00,
    0x00,0x00,0x00,0x00,0x00,0x00,0x00,0x00,0x44,0xEF,0xFF,0xFF,0xFF,0xFF,0xFF,0xFF,0xFF,0xFF,0xFF,0xFF,0xFF,0xFF,0xFF,0xFF,0xFF,0xFF,0xFF,0xFF,0xFF,0xFF,0xEF,0x44,0x00,0x00,0x00,0x00,0x00,0x00,0x00,0x00,
    0x00,0x00,0x00,0x00,0x00,0x00,0x00,0x20,0xF7,0xFF,0xFB,0xFF,0xFF,0xFF,0xFF,0xFF,0xFF,0xFF,0xFF,0xFF,0xFF,0xFF,0xFF,0xFF,0xFF,0xFF,0xFF,0xFF,0xFF,0xFB,0xFF,0xF7,0x20,0x00,0x00,0x00,0x00,0x00,0x00,0x00,
    0x00,0x00,0x00,0x00,0x00,0x00,0x00,0x88,0xFF,0xFF,0xFF,0xFF,0xFF,0xFF,0xFF,0xFF,0xFF,0xFF,0xFF,0xFF,0xFF,0xFF,0xFF,0xFF,0xFF,0xFF,0xFF,0xFF,0xFF,0xFF,0xFF,0xFF,0x88,0x00,0x00,0x00,0x00,0x00,0x00,0x00,
    0x00,0x00,0x00,0x00,0x00,0x00,0x00,0xBB,0xFF,0xFF,0xC3,0x00,0x00,0x00,0x00,0x00,0x00,0x00,0x00,0x00,0x00,0x00,0x00,0x00,0x00,0x00,0x00,0x00,0x00,0xAB,0xEF,0xFF,0xAB,0x00,0x00,0x00,0x00,0x00,0x00,0x00,
    0x00,0x00,0x00,0x00,0x00,0x00,0x00,0x9F,0xFF,0xFF,0xBF,0x00,0x00,0x00,0x00,0x00,0x00,0x00,0x00,0x00,0x00,0x00,0x00,0x00,0x00,0x00,0x00,0x00,0x00,0x9F,0xFF,0xFF,0xBF,0x00,0x00,0x00,0x00,0x00,0x00,0x00,
    0x00,0x00,0x00,0x00,0x00,0x00,0x00,0x9F,0xFF,0xFF,0xBF,0x00,0x00,0x00,0x00,0x00,0x00,0x00,0x00,0x00,0x00,0x00,0x00,0x00,0x00,0x00,0x00,0x00,0x00,0x9F,0xFF,0xFF,0xBF,0x00,0x00,0x00,0x00,0x00,0x00,0x00,
    0x00,0x00,0x00,0x00,0x00,0x00,0x00,0x9F,0xFF,0xFF,0xBF,0x00,0x00,0x00,0x00,0x00,0x00,0x00,0x00,0x00,0x00,0x00,0x00,0x00,0x00,0x00,0x00,0x00,0x00,0x9F,0xFF,0xFF,0xBF,0x00,0x00,0x00,0x00,0x00,0x00,0x00,
    0x00,0x00,0x00,0x00,0x00,0x00,0x00,0x9F,0xFF,0xFF,0xBF,0x00,0x00,0x00,0x00,0x00,0x00,0x00,0x00,0x00,0x00,0x00,0x00,0x00,0x00,0x00,0x00,0x00,0x00,0x9F,0xFF,0xFF,0xBF,0x00,0x00,0x00,0x00,0x00,0x00,0x00,
    0x00,0x00,0x00,0x00,0x00,0x00,0x00,0x9F,0xFF,0xFF,0xBF,0x00,0x00,0x00,0x00,0x00,0x00,0x00,0x00,0x00,0x00,0x00,0x00,0x00,0x00,0x00,0x00,0x00,0x00,0x9F,0xFF,0xFF,0xBF,0x00,0x00,0x00,0x00,0x00,0x00,0x00,
    0x00,0x00,0x00,0x00,0x00,0x00,0x00,0x9F,0xFF,0xFF,0xBF,0x00,0x00,0x00,0x00,0x00,0x00,0x00,0x00,0x00,0x00,0x00,0x00,0x00,0x00,0x00,0x00,0x00,0x00,0x9F,0xFF,0xFF,0xBF,0x00,0x00,0x00,0x00,0x00,0x00,0x00,
    0x00,0x00,0x00,0x00,0x00,0x00,0x00,0x9F,0xFF,0xFF,0xBF,0x00,0x00,0x00,0x00,0x00,0x00,0x00,0x00,0x00,0x00,0x00,0x00,0x00,0x00,0x00,0x00,0x00,0x00,0x9F,0xFF,0xFF,0xBF,0x00,0x00,0x00,0x00,0x00,0x00,0x00,
    0x00,0x00,0x00,0x00,0x00,0x00,0x00,0x9F,0xFF,0xFF,0xBF,0x00,0x00,0x00,0x00,0x00,0x00,0x00,0x00,0x00,0x00,0x00,0x00,0x00,0x00,0x00,0x00,0x00,0x00,0x9F,0xFF,0xFF,0xBF,0x00,0x00,0x00,0x00,0x00,0x00,0x00,
    0x00,0x00,0x00,0x00,0x00,0x00,0x00,0x9F,0xFF,0xFF,0xBF,0x00,0x00,0x00,0x00,0x00,0x00,0x00,0x00,0x00,0x00,0x00,0x00,0x00,0x00,0x00,0x00,0x00,0x00,0x9F,0xFF,0xFF,0xBF,0x00,0x00,0x00,0x00,0x00,0x00,0x00,
    0x00,0x00,0x00,0x00,0x00,0x00,0x00,0x9F,0xFF,0xFF,0xBF,0x00,0x00,0x00,0x00,0x00,0x00,0x00,0x00,0x00,0x00,0x00,0x00,0x00,0x00,0x00,0x00,0x00,0x00,0x9F,0xFF,0xFF,0xBF,0x00,0x00,0x00,0x00,0x00,0x00,0x00,
    0x00,0x00,0x00,0x00,0x00,0x00,0x00,0x9F,0xFF,0xFF,0xBF,0x00,0x00,0x00,0x00,0x00,0x00,0x00,0x00,0x00,0x00,0x00,0x00,0x00,0x00,0x00,0x00,0x00,0x00,0x9F,0xFF,0xFF,0xBF,0x00,0x00,0x00,0x00,0x00,0x00,0x00,
    0x00,0x00,0x00,0x00,0x00,0x00,0x00,0x9F,0xFF,0xFF,0xBF,0x00,0x00,0x00,0x00,0x00,0x00,0x00,0x00,0x00,0x00,0x00,0x00,0x50,0xE3,0xE3,0x50,0x00,0x00,0x9F,0xFF,0xFF,0xBF,0x00,0x00,0x00,0x00,0x00,0x00,0x00,
    0x00,0x00,0x00,0x00,0x00,0x00,0x00,0x9F,0xFF,0xFF,0xBF,0x00,0x00,0x00,0x00,0x00,0x00,0x00,0x00,0x00,0x00,0x00,0x00,0xE7,0xFF,0xFF,0xE7,0x00,0x00,0x9F,0xFF,0xFF,0xBF,0x00,0x00,0x00,0x00,0x00,0x00,0x00,
    0x00,0x00,0x00,0x00,0x00,0x00,0x00,0x9F,0xFF,0xFF,0xBF,0x00,0x00,0x00,0x00,0x00,0x00,0x00,0x00,0x00,0x00,0x00,0x00,0xE7,0xFF,0xFF,0xE7,0x00,0x00,0x9F,0xFF,0xFF,0xBF,0x00,0x00,0x00,0x00,0x00,0x00,0x00,
    0x00,0x00,0x00,0x00,0x00,0x00,0x00,0x9F,0xFF,0xFF,0xBF,0x00,0x00,0x00,0x00,0x00,0x00,0x00,0x00,0x00,0x00,0x00,0x00,0x50,0xE3,0xE3,0x50,0x00,0x00,0x9F,0xFF,0xFF,0xBF,0x00,0x00,0x00,0x00,0x00,0x00,0x00,
    0x00,0x00,0x00,0x00,0x00,0x00,0x00,0x9F,0xFF,0xFF,0xBF,0x00,0x00,0x00,0x00,0x00,0x00,0x00,0x00,0x00,0x00,0x00,0x00,0x00,0x00,0x00,0x00,0x00,0x00,0x9F,0xFF,0xFF,0xBF,0x00,0x00,0x00,0x00,0x00,0x00,0x00,
    0x00,0x00,0x00,0x00,0x00,0x00,0x00,0x9F,0xFF,0xFF,0xBF,0x00,0x00,0x00,0x00,0x00,0x00,0x00,0x00,0x00,0x00,0x00,0x00,0x00,0x00,0x00,0x00,0x00,0x00,0x9F,0xFF,0xFF,0xBF,0x00,0x00,0x00,0x00,0x00,0x00,0x00,
    0x00,0x00,0x00,0x00,0x00,0x00,0x00,0x9F,0xFF,0xFF,0xBF,0x00,0x00,0x00,0x00,0x00,0x00,0x00,0x00,0x00,0x00,0x00,0x00,0x00,0x00,0x00,0x00,0x00,0x00,0x9F,0xFF,0xFF,0xBF,0x00,0x00,0x00,0x00,0x00,0x00,0x00,
    0x00,0x00,0x00,0x00,0x00,0x00,0x00,0x9F,0xFF,0xFF,0xBF,0x00,0x00,0x00,0x00,0x00,0x00,0x00,0x00,0x00,0x00,0x00,0x00,0x00,0x00,0x00,0x00,0x00,0x00,0x9F,0xFF,0xFF,0xBF,0x00,0x00,0x00,0x00,0x00,0x00,0x00,
    0x00,0x00,0x00,0x00,0x00,0x00,0x00,0x9F,0xFF,0xFF,0xBF,0x00,0x00,0x00,0x00,0x00,0x00,0x00,0x00,0x00,0x00,0x00,0x00,0x00,0x00,0x00,0x00,0x00,0x00,0x9F,0xFF,0xFF,0xBF,0x00,0x00,0x00,0x00,0x00,0x00,0x00,
    0x00,0x00,0x00,0x00,0x00,0x00,0x00,0x9F,0xFF,0xFF,0xBF,0x00,0x00,0x00,0x00,0x00,0x00,0x00,0x00,0x00,0x00,0x00,0x00,0x00,0x00,0x00,0x00,0x00,0x00,0x9F,0xFF,0xFF,0xBF,0x00,0x00,0x00,0x00,0x00,0x00,0x00,
    0x00,0x00,0x00,0x00,0x00,0x00,0x00,0x9F,0xFF,0xFF,0xBF,0x00,0x00,0x00,0x00,0x00,0x00,0x00,0x00,0x00,0x00,0x00,0x00,0x00,0x00,0x00,0x00,0x00,0x00,0x9F,0xFF,0xFF,0xBF,0x00,0x00,0x00,0x00,0x00,0x00,0x00,
    0x00,0x00,0x00,0x00,0x00,0x00,0x00,0x9F,0xFF,0xFF,0xBF,0x00,0x00,0x00,0x00,0x00,0x00,0x00,0x00,0x00,0x00,0x00,0x00,0x00,0x00,0x00,0x00,0x00,0x00,0x9F,0xFF,0xFF,0xBF,0x00,0x00,0x00,0x00,0x00,0x00,0x00,
    0x00,0x00,0x00,0x00,0x00,0x00,0x00,0x9F,0xFF,0xFF,0xBF,0x00,0x00,0x00,0x00,0x00,0x00,0x00,0x00,0x00,0x00,0x00,0x00,0x00,0x00,0x00,0x00,0x00,0x00,0x9F,0xFF,0xFF,0xBF,0x00,0x00,0x00,0x00,0x00,0x00,0x00,
    0x00,0x00,0x00,0x00,0x00,0x00,0x00,0x9F,0xFF,0xFF,0xBF,0x00,0x00,0x00,0x00,0x00,0x00,0x00,0x00,0x00,0x00,0x00,0x00,0x00,0x00,0x00,0x00,0x00,0x00,0x9F,0xFF,0xFF,0xBF,0x00,0x00,0x00,0x00,0x00,0x00,0x00,
    0x00,0x00,0x00,0x04,0x18,0x00,0x00,0x9F,0xFF,0xFF,0xC3,0x00,0x00,0x00,0x00,0x00,0x00,0x00,0x00,0x00,0x00,0x00,0x00,0x00,0x00,0x00,0x00,0x00,0x00,0xAB,0xEF,0xFF,0xAB,0x00,0x00,0x1C,0x00,0x00,0x00,0x00,
    0x00,0x00,0x14,0xD7,0xFF,0xFF,0xFF,0xFF,0xFF,0xFF,0xFF,0xFF,0xFF,0xFF,0xFF,0xFF,0xFF,0xFF,0xFF,0xFF,0xFF,0xFF,0xFF,0xFF,0xFF,0xFF,0xFF,0xFF,0xFF,0xFF,0xFF,0xFF,0xFF,0xFF,0xFF,0xFF,0xC3,0x08,0x00,0x00,
    0x00,0x00,0x5C,0xFF,0xFF,0xFF,0xFF,0xFF,0xFF,0xFF,0xFF,0xFF,0xFF,0xFF,0xFF,0xFF,0xFF,0xFF,0xFF,0xFF,0xFF,0xFF,0xFF,0xFF,0xFF,0xFF,0xFF,0xFF,0xFF,0xFF,0xFF,0xFF,0xFF,0xFF,0xFF,0xFF,0xFF,0x3C,0x00,0x00,
    0x00,0x00,0x1C,0xE7,0xFF,0xFF,0xFF,0xFF,0xFF,0xFF,0xFF,0xFF,0xFF,0xFF,0xFF,0xFF,0xFF,0xFF,0xFF,0xFF,0xFF,0xFF,0xFF,0xFF,0xFF,0xFF,0xFF,0xFF,0xFF,0xFF,0xFF,0xFF,0xFF,0xFF,0xFF,0xFF,0xD7,0x0C,0x00,0x00,
    0x00,0x00,0x00,0x14,0x58,0x60,0x60,0x60,0x60,0x60,0x60,0x60,0x60,0x60,0x60,0x60,0x60,0x60,0x60,0x60,0x60,0x60,0x60,0x60,0x60,0x60,0x60,0x60,0x60,0x60,0x60,0x60,0x60,0x60,0x60,0x58,0x0C,0x00,0x00,0x00,
    0x00,0x00,0x00,0x00,0x00,0x00,0x00,0x00,0x00,0x00,0x00,0x00,0x00,0x00,0x00,0x00,0x00,0x00,0x00,0x00,0x00,0x00,0x00,0x00,0x00,0x00,0x00,0x00,0x00,0x00,0x00,0x00,0x00,0x00,0x00,0x00,0x00,0x00,0x00,0x00,
    0x00,0x00,0x00,0x00,0x00,0x00,0x00,0x00,0x00,0x00,0x00,0x00,0x00,0x00,0x00,0x00,0x00,0x00,0x00,0x00,0x00,0x00,0x00,0x00,0x00,0x00,0x00,0x00,0x00,0x00,0x00,0x00,0x00,0x00,0x00,0x00,0x00,0x00,0x00,0x00,
    0x00,0x00,0x00,0x00,0x00,0x00,0x00,0x00,0x00,0x00,0x00,0x00,0x00,0x00,0x00,0x00,0x00,0x00,0x00,0x00,0x00,0x00,0x00,0x00,0x00,0x00,0x00,0x00,0x00,0x00,0x00,0x00,0x00,0x00,0x00,0x00,0x00,0x00,0x00,0x00,
  },
  { // window
    0x00,0x00,0x00,0x00,0x00,0x00,0x00,0x00,0x00,0x00,0x00,0x00,0x00,0x00,0x00,0x00,0x00,0x00,0x00,0x00,0x00,0x00,0x00,0x00,0x00,0x00,0x00,0x00,0x00,0x00,0x00,0x00,0x00,0x00,0x00,0x00,0x00,0x00,0x00,0x00,
    0x00,0x00,0x00,0x00,0x00,0x00,0x00,0x00,0x00,0x00,0x00,0x00,0x00,0x00,0x00,0x00,0x00,0x00,0x00,0x00,0x00,0x00,0x00,0x00,0x00,0x00,0x00,0x00,0x00,0x00,0x00,0x00,0x00,0x00,0x00,0x00,0x00,0x00,0x00,0x00,
    0x00,0x00,0x00,0x00,0x00,0x00,0x00,0x00,0x00,0x00,0x00,0x00,0x00,0x00,0x00,0x00,0x00,0x00,0x00,0x00,0x00,0x00,0x00,0x00,0x00,0x00,0x00,0x00,0x00,0x00,0x00,0x00,0x00,0x00,0x00,0x00,0x00,0x00,0x00,0x00,
    0x00,0x00,0x00,0x00,0x00,0x18,0x70,0x9B,0x9F,0x9F,0x9F,0x9F,0x9F,0x9F,0x9F,0x9F,0x9F,0x9F,0x9F,0x9F,0x9F,0x9F,0x9F,0x9F,0x9F,0x9F,0x9F,0x9F,0x9F,0x9F,0x9F,0x9F,0x9B,0x70,0x18,0x00,0x00,0x00,0x00,0x00,
    0x00,0x00,0x00,0x00,0x3C,0xEB,0xFF,0xFF,0xFF,0xFF,0xFF,0xFF,0xFF,0xFF,0xFF,0xFF,0xFF,0xFF,0xFF,0xFF,0xFF,0xFF,0xFF,0xFF,0xFF,0xFF,0xFF,0xFF,0xFF,0xFF,0xFF,0xFF,0xFF,0xFF,0xEB,0x3C,0x00,0x00,0x00,0x00,
    0x00,0x00,0x00,0x18,0xEB,0xFF,0xEF,0xFB,0xFF,0xFF,0xFF,0xFF,0xFF,0xFF,0xFF,0xFF,0xFF,0xFF,0xFF,0xFF,0xFF,0xFF,0xFF,0xFF,0xFF,0xFF,0xFF,0xFF,0xFF,0xFF,0xFF,0xFF,0xFB,0xEF,0xFF,0xEB,0x18,0x00,0x00,0x00,
    0x00,0x00,0x00,0x70,0xFF,0xEF,0xF7,0xCB,0xBF,0xBF,0xBF,0xBF,0xBF,0xBF,0xBF,0xBF,0xBF,0xBF,0xE7,0xFF,0xFF,0xEF,0xBF,0xBF,0xBF,0xBF,0xBF,0xBF,0xBF,0xBF,0xBF,0xBF,0xCB,0xF7,0xEF,0xFF,0x70,0x00,0x00,0x00,
    0x00,0x00,0x00,0x9F,0xFF,0xFF,0xCB,0x00,0x00,0x00,0x00,0x00,0x00,0x00,0x00,0x00,0x00,0x00,0x9F,0xFF,0xFF,0xBF,0x00,0x00,0x00,0x00,0x00,0x00,0x00,0x00,0x00,0x00,0x00,0xCB,0xFB,0xFF,0x9B,0x00,0x00,0x00,
    0x00,0x00,0x00,0xB7,0xFF,0xFF,0xBF,0x00,0x00,0x00,0x00,0x00,0x00,0x00,0x00,0x00,0x00,0x00,0x9F,0xFF,0xFF,0xBF,0x00,0x00,0x00,0x00,0x00,0x00,0x00,0x00,0x00,0x00,0x00,0x8F,0xEB,0xFF,0xB7,0x00,0x00,0x00,
    0x00,0x00,0x00,0x9F,0xFF,0xFF,0xBF,0x00,0x00,0x00,0x00,0x00,0x00,0x00,0x00,0x00,0x00,0x00,0x9F,0xFF,0xFF,0xBF,0x00,0x00,0x00,0x00,0x00,0x00,0x00,0x00,0x00,0x00,0x00,0x9F,0xFF,0xFF,0xBF,0x00,0x00,0x00,
    0x00,0x00,0x00,0x9F,0xFF,0xFF,0xBF,0x00,0x00,0x00,0x00,0x00,0x00,0x00,0x00,0x00,0x00,0x00,0x9F,0xFF,0xFF,0xBF,0x00,0x00,0x00,0x00,0x00,0x00,0x00,0x00,0x00,0x00,0x00,0x9F,0xFF,0xFF,0xBF,0x00,0x00,0x00,
    0x00,0x00,0x00,0x9F,0xFF,0xFF,0xBF,0x00,0x00,0x00,0x00,0x00,0x00,0x00,0x00,0x00,0x00,0x00,0x9F,0xFF,0xFF,0xBF,0x00,0x00,0x00,0x00,0x00,0x00,0x00,0x00,0x00,0x00,0x00,0x9F,0xFF,0xFF,0xBF,0x00,0x00,0x00,
    0x00,0x00,0x00,0x9F,0xFF,0xFF,0xBF,0x00,0x00,0x00,0x00,0x00,0x00,0x00,0x00,0x00,0x00,0x00,0x9F,0xFF,0xFF,0xBF,0x00,0x00,0x00,0x00,0x00,0x00,0x00,0x00,0x00,0x00,0x00,0x9F,0xFF,0xFF,0xBF,0x00,0x00,0x00,
    0x00,0x00,0x00,0x9F,0xFF,0xFF,0xBF,0x00,0x00,0x00,0x00,0x00,0x00,0x00,0x00,0x00,0x00,0x00,0x9F,0xFF,0xFF,0xBF,0x00,0x00,0x00,0x00,0x00,0x00,0x00,0x00,0x00,0x00,0x00,0x9F,0xFF,0xFF,0xBF,0x00,0x00,0x00,
    0x00,0x00,0x00,0x9F,0xFF,0xFF,0xBF,0x00,0x00,0x00,0x00,0x00,0x00,0x00,0x00,0x00,0x00,0x00,0x9F,0xFF,0xFF,0xBF,0x00,0x00,0x00,0x00,0x00,0x00,0x00,0x00,0x00,0x00,0x00,0x9F,0xFF,0xFF,0xBF,0x00,0x00,0x00,
    0x00,0x00,0x00,0x9F,0xFF,0xFF,0xBF,0x00,0x00,0x00,0x00,0x00,0x00,0x00,0x00,0x00,0x00,0x00,0x9F,0xFF,0xFF,0xBF,0x00,0x00,0x00,0x00,0x00,0x00,0x00,0x00,0x00,0x00,0x00,0x9F,0xFF,0xFF,0xBF,0x00,0x00,0x00,
    0x00,0x00,0x00,0x9F,0xFF,0xFF,0xBF,0x00,0x00,0x00,0x00,0x00,0x00,0x00,0x00,0x00,0x00,0x00,0x9F,0xFF,0xFF,0xBF,0x00,0x00,0x00,0x00,0x00,0x00,0x00,0x00,0x00,0x00,0x00,0x9F,0xFF,0xFF,0xBF,0x00,0x00,0x00,
    0x00,0x00,0x00,0x9F,0xFF,0xFF,0xBF,0x00,0x00,0x00,0x00,0x00,0x00,0x00,0x00,0x00,0x00,0x00,0x9F,0xFF,0xFF,0xBF,0x00,0x00,0x00,0x00,0x00,0x00,0x00,0x00,0x00,0x00,0x00,0x9F,0xFF,0xFF,0xBF,0x00,0x00,0x00,
    0x00,0x00,0x00,0x9F,0xFF,0xFF,0xE7,0x9F,0x9F,0x9F,0x9F,0x9F,0x9F,0x9F,0x9F,0x9F,0x9F,0x9F,0xDB,0xFF,0xFF,0xE7,0x9F,0x9F,0x9F,0x9F,0x9F,0x9F,0x9F,0x9F,0x9F,0x9F,0x9F,0xDB,0xFF,0xFF,0xBF,0x00,0x00,0x00,
    0x00,0x00,0x00,0x9F,0xFF,0xFF,0xFF,0xFF,0xFF,0xFF,0xFF,0xFF,0xFF,0xFF,0xFF,0xFF,0xFF,0xFF,0xFF,0xFF,0xFF,0xFF,0xFF,0xFF,0xFF,0xFF,0xFF,0xFF,0xFF,0xFF,0xFF,0xFF,0xFF,0xFF,0xFF,0xFF,0xBF,0x00,0x00,0x00,
    0x00,0x00,0x00,0x9F,0xFF,0xFF,0xFF,0xFF,0xFF,0xFF,0xFF,0xFF,0xFF,0xFF,0xFF,0xFF,0xFF,0xFF,0xFF,0xFF,0xFF,0xFF,0xFF,0xFF,0xFF,0xFF,0xFF,0xFF,0xFF,0xFF,0xFF,0xFF,0xFF,0xFF,0xFF,0xFF,0xBF,0x00,0x00,0x00,
    0x00,0x00,0x00,0x9F,0xFF,0xFF,0xEF,0xBF,0xBF,0xBF,0xBF,0xBF,0xBF,0xBF,0xBF,0xBF,0xBF,0xBF,0xE7,0xFF,0xFF,0xEF,0xBF,0xBF,0xBF,0xBF,0xBF,0xBF,0xBF,0xBF,0xBF,0xBF,0xBF,0xE7,0xFF,0xFF,0xBF,0x00,0x00,0x00,
    0x00,0x00,0x00,0x9F,0xFF,0xFF,0xBF,0x00,0x00,0x00,0x00,0x00,0x00,0x00,0x00,0x00,0x00,0x00,0x9F,0xFF,0xFF,0xBF,0x00,0x00,0x00,0x00,0x00,0x00,0x00,0x00,0x00,0x00,0x00,0x9F,0xFF,0xFF,0xBF,0x00,0x00,0x00,
    0x00,0x00,0x00,0x9F,0xFF,0xFF,0xBF,0x00,0x00,0x00,0x00,0x00,0x00,0x00,0x00,0x00,0x00,0x00,0x9F,0xFF,0xFF,0xBF,0x00,0x00,0x00,0x00,0x00,0x00,0x00,0x00,0x00,0x00,0x00,0x9F,0xFF,0xFF,0xBF,0x00,0x00,0x00,
    0x00,0x00,0x00,0x9F,0xFF,0xFF,0xBF,0x00,0x00,0x00,0x00,0x00,0x00,0x00,0x00,0x00,0x00,0x00,0x9F,0xFF,0xFF,0xBF,0x00,0x00,0x00,0x00,0x00,0x00,0x00,0x00,0x00,0x00,0x00,0x9F,0xFF,0xFF,0xBF,0x00,0x00,0x00,
    0x00,0x00,0x00,0x9F,0xFF,0xFF,0xBF,0x00,0x00,0x00,0x00,0x00,0x00,0x00,0x00,0x00,0x00,0x00,0x9F,0xFF,0xFF,0xBF,0x00,0x00,0x00,0x00,0x00,0x00,0x00,0x00,0x00,0x00,0x00,0x9F,0xFF,0xFF,0xBF,0x00,0x00,0x00,
    0x00,0x00,0x00,0x9F,0xFF,0xFF,0xBF,0x00,0x00,0x00,0x00,0x00,0x00,0x00,0x00,0x00,0x00,0x00,0x9F,0xFF,0xFF,0xBF,0x00,0x00,0x00,0x00,0x00,0x00,0x00,0x00,0x00,0x00,0x00,0x9F,0xFF,0xFF,0xBF,0x00,0x00,0x00,
    0x00,0x00,0x00,0x9F,0xFF,0xFF,0xBF,0x00,0x00,0x00,0x00,0x00,0x00,0x00,0x00,0x00,0x00,0x00,0x9F,0xFF,0xFF,0xBF,0x00,0x00,0x00,0x00,0x00,0x00,0x00,0x00,0x00,0x00,0x00,0x9F,0xFF,0xFF,0xBF,0x00,0x00,0x00,
    0x00,0x00,0x00,0x9F,0xFF,0xFF,0xBF,0x00,0x00,0x00,0x00,0x00,0x00,0x00,0x00,0x00,0x00,0x00,0x9F,0xFF,0xFF,0xBF,0x00,0x00,0x00,0x00,0x00,0x00,0x00,0x00,0x00,0x00,0x00,0x9F,0xFF,0xFF,0xBF,0x00,0x00,0x00,
    0x00,0x00,0x00,0x9F,0xFF,0xFF,0xBF,0x00,0x00,0x00,0x00,0x00,0x00,0x00,0x00,0x00,0x00,0x00,0x9F,0xFF,0xFF,0xBF,0x00,0x00,0x00,0x00,0x00,0x00,0x00,0x00,0x00,0x00,0x00,0x9F,0xFF,0xFF,0xBF,0x00,0x00,0x00,
    0x00,0x00,0x00,0x9F,0xFF,0xFF,0xBF,0x00,0x00,0x00,0x00,0x00,0x00,0x00,0x00,0x00,0x00,0x00,0x9F,0xFF,0xFF,0xBF,0x00,0x00,0x00,0x00,0x00,0x00,0x00,0x00,0x00,0x00,0x00,0x9F,0xFF,0xFF,0xBF,0x00,0x00,0x00,
    0x00,0x00,0x00,0x9F,0xFF,0xFF,0xBF,0x00,0x00,0x00,0x00,0x00,0x00,0x00,0x00,0x00,0x00,0x00,0x9F,0xFF,0xFF,0xBF,0x00,0x00,0x00,0x00,0x00,0x00,0x00,0x00,0x00,0x00,0x00,0x8F,0xEB,0xFF,0xB7,0x00,0x00,0x00,
    0x00,0x00,0x00,0x9B,0xFF,0xFB,0xCB,0x00,0x00,0x00,0x00,0x00,0x00,0x00,0x00,0x00,0x00,0x00,0x9F,0xFF,0xFF,0xBF,0x00,0x00,0x00,0x00,0x00,0x00,0x00,0x00,0x00,0x00,0x00,0xCB,0xFB,0xFF,0x9B,0x00,0x00,0x00,
    0x00,0x00,0x00,0x70,0xFF,0xEF,0xF7,0xCB,0x8F,0x9F,0x9F,0x9F,0x9F,0x9F,0x9F,0x9F,0x9F,0x9F,0xDB,0xFF,0xFF,0xE7,0x9F,0x9F,0x9F,0x9F,0x9F,0x9F,0x9F,0x9F,0x9F,0x8F,0xCB,0xF7,0xEF,0xFF,0x70,0x00,0x00,0x00,
    0x00,0x00,0x00,0x18,0xEB,0xFF,0xEF,0xFB,0xEB,0xFF,0xFF,0xFF,0xFF,0xFF,0xFF,0xFF,0xFF,0xFF,0xFF,0xFF,0xFF,0xFF,0xFF,0xFF,0xFF,0xFF,0xFF,0xFF,0xFF,0xFF,0xFF,0xEB,0xFB,0xEF,0xFF,0xEB,0x18,0x00,0x00,0x00,
    0x00,0x00,0x00,0x00,0x3C,0xEB,0xFF,0xFF,0xFF,0xFF,0xFF,0xFF,0xFF,0xFF,0xFF,0xFF,0xFF,0xFF,0xFF,0xFF,0xFF,0xFF,0xFF,0xFF,0xFF,0xFF,0xFF,0xFF,0xFF,0xFF,0xFF,0xFF,0xFF,0xFF,0xEB,0x3C,0x00,0x00,0x00,0x00,
    0x00,0x00,0x00,0x00,0x00,0x18,0x70,0x9B,0xB7,0xBF,0xBF,0xBF,0xBF,0xBF,0xBF,0xBF,0xBF,0xBF,0xBF,0xBF,0xBF,0xBF,0xBF,0xBF,0xBF,0xBF,0xBF,0xBF,0xBF,0xBF,0xBF,0xB7,0x9B,0x70,0x18,0x00,0x00,0x00,0x00,0x00,
    0x00,0x00,0x00,0x00,0x00,0x00,0x00,0x00,0x00,0x00,0x00,0x00,0x00,0x00,0x00,0x00,0x00,0x00,0x00,0x00,0x00,0x00,0x00,0x00,0x00,0x00,0x00,0x00,0x00,0x00,0x00,0x00,0x00,0x00,0x00,0x00,0x00,0x00,0x00,0x00,
    0x00,0x00,0x00,0x00,0x00,0x00,0x00,0x00,0x00,0x00,0x00,0x00,0x00,0x00,0x00,0x00,0x00,0x00,0x00,0x00,0x00,0x00,0x00,0x00,0x00,0x00,0x00,0x00,0x00,0x00,0x00,0x00,0x00,0x00,0x00,0x00,0x00,0x00,0x00,0x00,
    0x00,0x00,0x00,0x00,0x00,0x00,0x00,0x00,0x00,0x00,0x00,0x00,0x00,0x00,0x00,0x00,0x00,0x00,0x00,0x00,0x00,0x00,0x00,0x00,0x00,0x00,0x00,0x00,0x00,0x00,0x00,0x00,0x00,0x00,0x00,0x00,0x00,0x00,0x00,0x00,
  },
  { // shutter
    0x00,0x00,0x00,0x00,0x00,0x00,0x00,0x00,0x00,0x00,0x00,0x00,0x00,0x00,0x00,0x00,0x00,0x00,0x00,0x00,0x00,0x00,0x00,0x00,0x00,0x00,0x00,0x00,0x00,0x00,0x00,0x00,0x00,0x00,0x00,0x00,0x00,0x00,0x00,0x00,
    0x00,0x00,0x00,0x00,0x00,0x00,0x00,0x00,0x00,0x00,0x00,0x00,0x00,0x00,0x00,0x00,0x00,0x00,0x00,0x00,0x00,0x00,0x00,0x00,0x00,0x00,0x00,0x00,0x00,0x00,0x00,0x00,0x00,0x00,0x00,0x00,0x00,0x00,0x00,0x00,
    0x00,0x00,0x00,0x00,0x00,0x00,0x00,0x00,0x00,0x00,0x00,0x00,0x00,0x00,0x00,0x00,0x00,0x00,0x00,0x00,0x00,0x00,0x00,0x00,0x00,0x00,0x00,0x00,0x00,0x00,0x00,0x00,0x00,0x00,0x00,0x00,0x00,0x00,0x00,0x00,
    0x00,0x00,0x00,0x00,0x00,0x74,0xCF,0xFB,0xFF,0xFF,0xFF,0xFF,0xFF,0xFF,0xFF,0xFF,0xFF,0xFF,0xFF,0xFF,0xFF,0xFF,0xFF,0xFF,0xFF,0xFF,0xFF,0xFF,0xFF,0xFF,0xFF,0xFF,0xFB,0xCF,0x74,0x00,0x00,0x00,0x00,0x00,
    0x00,0x00,0x00,0x00,0x9B,0xFF,0xFF,0xFF,0xFF,0xFF,0xFF,0xFF,0xFF,0xFF,0xFF,0xFF,0xFF,0xFF,0xFF,0xFF,0xFF,0xFF,0xFF,0xFF,0xFF,0xFF,0xFF,0xFF,0xFF,0xFF,0xFF,0xFF,0xFF,0xFF,0xFF,0x9B,0x00,0x00,0x00,0x00,
    0x00,0x00,0x00,0x3C,0xFF,0xFF,0xF3,0xFB,0xFF,0xFF,0xFF,0xFF,0xFF,0xFF,0xFF,0xFF,0xFF,0xFF,0xFF,0xFF,0xFF,0xFF,0xFF,0xFF,0xFF,0xFF,0xFF,0xFF,0xFF,0xFF,0xFF,0xFF,0xFB,0xF7,0xFF,0xFF,0x3C,0x00,0x00,0x00,
    0x00,0x00,0x00,0x90,0xFF,0xFF,0xEF,0x5C,0x60,0x60,0x60,0x60,0x60,0x60,0x60,0x60,0x60,0x60,0x60,0x60,0x60,0x60,0x60,0x60,0x60,0x60,0x60,0x60,0x60,0x60,0x60,0x60,0x5C,0xEF,0xFF,0xFF,0x90,0x00,0x00,0x00,
    0x00,0x00,0x00,0xBB,0xFF,0xFF,0xBF,0x00,0x00,0x00,0x00,0x00,0x00,0x00,0x00,0x00,0x00,0x00,0x00,0x00,0x00,0x00,0x00,0x00,0x00,0x00,0x00,0x00,0x00,0x00,0x00,0x00,0x00,0xA7,0xEB,0xFF,0xAB,0x00,0x00,0x00,
    0x00,0x00,0x00,0x9F,0xFF,0xFF,0xBF,0x00,0x00,0x00,0x00,0x00,0x00,0x00,0x00,0x00,0x00,0x00,0x00,0x00,0x00,0x00,0x00,0x00,0x00,0x00,0x00,0x00,0x00,0x00,0x00,0x00,0x00,0x9F,0xFF,0xFF,0xBF,0x00,0x00,0x00,
    0x00,0x00,0x00,0x9F,0xFF,0xFF,0xBF,0x00,0x00,0x00,0x00,0x00,0x00,0x00,0x00,0x00,0x00,0x00,0x00,0x00,0x00,0x00,0x00,0x00,0x00,0x00,0x00,0x00,0x00,0x00,0x00,0x00,0x00,0x9F,0xFF,0xFF,0xBF,0x00,0x00,0x00,
    0x00,0x00,0x00,0x9F,0xFF,0xFF,0xE7,0x9F,0x9F,0x9F,0x9F,0x9F,0x9F,0x9F,0x9F,0x9F,0x9F,0x9F,0x9F,0x9F,0x9F,0x9F,0x9F,0x9F,0x9F,0x9F,0x9F,0x9F,0x9F,0x9F,0x9F,0x9F,0x9F,0xDB,0xFF,0xFF,0xBF,0x00,0x00,0x00,
    0x00,0x00,0x00,0x9F,0xFF,0xFF,0xFF,0xFF,0xFF,0xFF,0xFF,0xFF,0xFF,0xFF,0xFF,0xFF,0xFF,0xFF,0xFF,0xFF,0xFF,0xFF,0xFF,0xFF,0xFF,0xFF,0xFF,0xFF,0xFF,0xFF,0xFF,0xFF,0xFF,0xFF,0xFF,0xFF,0xBF,0x00,0x00,0x00,
    0x00,0x00,0x00,0x9F,0xFF,0xFF,0xFF,0xFF,0xFF,0xFF,0xFF,0xFF,0xFF,0xFF,0xFF,0xFF,0xFF,0xFF,0xFF,0xFF,0xFF,0xFF,0xFF,0xFF,0xFF,0xFF,0xFF,0xFF,0xFF,0xFF,0xFF,0xFF,0xFF,0xFF,0xFF,0xFF,0xBF,0x00,0x00,0x00,
    0x00,0x00,0x00,0x9F,0xFF,0xFF,0xFF,0xFF,0xFF,0xFF,0xFF,0xFF,0xFF,0xFF,0xFF,0xFF,0xFF,0xFF,0xFF,0xFF,0xFF,0xFF,0xFF,0xFF,0xFF,0xFF,0xFF,0xFF,0xFF,0xFF,0xFF,0xFF,0xFF,0xFF,0xFF,0xFF,0xBF,0x00,0x00,0x00,
    0x00,0x00,0x00,0x9F,0xFF,0xFF,0xD7,0x60,0x60,0x60,0x60,0x60,0x60,0x60,0x60,0x60,0x60,0x60,0x60,0x60,0x60,0x60,0x60,0x60,0x60,0x60,0x60,0x60,0x60,0x60,0x60,0x60,0x60,0xC3,0xFF,0xFF,0xBF,0x00,0x00,0x00,
    0x00,0x00,0x00,0x9F,0xFF,0xFF,0xBF,0x00,0x00,0x00,0x00,0x00,0x00,0x00,0x00,0x00,0x00,0x00,0x00,0x00,0x00,0x00,0x00,0x00,0x00,0x00,0x00,0x00,0x00,0x00,0x00,0x00,0x00,0x9F,0xFF,0xFF,0xBF,0x00,0x00,0x00,
    0x00,0x00,0x00,0x9F,0xFF,0xFF,0xBF,0x00,0x00,0x00,0x00,0x00,0x00,0x00,0x00,0x00,0x00,0x00,0x00,0x00,0x00,0x00,0x00,0x00,0x00,0x00,0x00,0x00,0x00,0x00,0x00,0x00,0x00,0x9F,0xFF,0xFF,0xBF,0x00,0x00,0x00,
    0x00,0x00,0x00,0x9F,0xFF,0xFF,0xBF,0x00,0x00,0x00,0x00,0x00,0x00,0x00,0x00,0x00,0x00,0x00,0x00,0x00,0x00,0x00,0x00,0x00,0x00,0x00,0x00,0x00,0x00,0x00,0x00,0x00,0x00,0x9F,0xFF,0xFF,0xBF,0x00,0x00,0x00,
    0x00,0x00,0x00,0x9F,0xFF,0xFF,0xBF,0x00,0x00,0x18,0xAB,0xAB,0x9F,0x9F,0x9F,0x9F,0x9F,0x9F,0x9F,0x9F,0x9F,0x9F,0x9F,0x9F,0x9F,0x9F,0x9F,0x9F,0xAF,0x9F,0x0C,0x00,0x00,0x9F,0xFF,0xFF,0xBF,0x00,0x00,0x00,
    0x00,0x00,0x00,0x9F,0xFF,0xFF,0xBF,0x00,0x00,0xAB,0xFF,0xFF,0xFF,0xFF,0xFF,0xFF,0xFF,0xFF,0xFF,0xFF,0xFF,0xFF,0xFF,0xFF,0xFF,0xFF,0xFF,0xFF,0xFF,0xFF,0x8C,0x00,0x00,0x9F,0xFF,0xFF,0xBF,0x00,0x00,0x00,
    0x00,0x00,0x00,0x9F,0xFF,0xFF,0xBF,0x00,0x00,0x9F,0xFF,0xFF,0xFF,0xFF,0xFF,0xFF,0xFF,0xFF,0xFF,0xFF,0xFF,0xFF,0xFF,0xFF,0xFF,0xFF,0xFF,0xFF,0xFF,0xFF,0x80,0x00,0x00,0x9F,0xFF,0xFF,0xBF,0x00,0x00,0x00,
    0x00,0x00,0x00,0x9F,0xFF,0xFF,0xBF,0x00,0x00,0x0C,0x8C,0xBF,0xBF,0xBF,0xBF,0xBF,0xBF,0xBF,0xBF,0xBF,0xBF,0xBF,0xBF,0xBF,0xBF,0xBF,0xBF,0xBF,0xBF,0x84,0x04,0x00,0x00,0x9F,0xFF,0xFF,0xBF,0x00,0x00,0x00,
    0x00,0x00,0x00,0x9F,0xFF,0xFF,0xBF,0x00,0x00,0x00,0x00,0x00,0x00,0x00,0x00,0x00,0x00,0x00,0x00,0x00,0x00,0x00,0x00,0x00,0x00,0x00,0x00,0x00,0x00,0x00,0x00,0x00,0x00,0x9F,0xFF,0xFF,0xBF,0x00,0x00,0x00,
    0x00,0x00,0x00,0x9F,0xFF,0xFF,0xBF,0x00,0x00,0x00,0x00,0x00,0x00,0x00,0x00,0x00,0x00,0x00,0x00,0x00,0x00,0x00,0x00,0x00,0x00,0x00,0x00,0x00,0x00,0x00,0x00,0x00,0x00,0x9F,0xFF,0xFF,0xBF,0x00,0x00,0x00,
    0x00,0x00,0x00,0x9F,0xFF,0xFF,0xBF,0x00,0x00,0x00,0x00,0x00,0x00,0x00,0x00,0x00,0x00,0x00,0x00,0x00,0x00,0x00,0x00,0x00,0x00,0x00,0x00,0x00,0x00,0x00,0x00,0x00,0x00,0x9F,0xFF,0xFF,0xBF,0x00,0x00,0x00,
    0x00,0x00,0x00,0x9F,0xFF,0xFF,0xBF,0x00,0x00,0x00,0x10,0x0C,0x00,0x00,0x00,0x00,0x00,0x00,0x00,0x00,0x00,0x00,0x00,0x00,0x00,0x00,0x00,0x00,0x10,0x0C,0x00,0x00,0x00,0x9F,0xFF,0xFF,0xBF,0x00,0x00,0x00,
    0x00,0x00,0x00,0x9F,0xFF,0xFF,0xBF,0x00,0x00,0x50,0xFB,0xFF,0xFF,0xFF,0xFF,0xFF,0xFF,0xFF,0xFF,0xFF,0xFF,0xFF,0xFF,0xFF,0xFF,0xFF,0xFF,0xFF,0xFF,0xF3,0x38,0x00,0x00,0x9F,0xFF,0xFF,0xBF,0x00,0x00,0x00,
    0x00,0x00,0x00,0x9F,0xFF,0xFF,0xBF,0x00,0x00,0xBB,0xFF,0xFF,0xFF,0xFF,0xFF,0xFF,0xFF,0xFF,0xFF,0xFF,0xFF,0xFF,0xFF,0xFF,0xFF,0xFF,0xFF,0xFF,0xFF,0xFF,0x9B,0x00,0x00,0x9F,0xFF,0xFF,0xBF,0x00,0x00,0x00,
    0x00,0x00,0x00,0x9F,0xFF,0xFF,0xBF,0x00,0x00,0x64,0xFF,0xFF,0xFF,0xFF,0xFF,0xFF,0xFF,0xFF,0xFF,0xFF,0xFF,0xFF,0xFF,0xFF,0xFF,0xFF,0xFF,0xFF,0xFF,0xFB,0x48,0x00,0x00,0x9F,0xFF,0xFF,0xBF,0x00,0x00,0x00,
    0x00,0x00,0x00,0x9F,0xFF,0xFF,0xBF,0x00,0x00,0x00,0x2C,0x60,0x60,0x60,0x60,0x60,0x60,0x60,0x60,0x60,0x60,0x60,0x60,0x60,0x60,0x60,0x60,0x60,0x60,0x28,0x00,0x00,0x00,0x9F,0xFF,0xFF,0xBF,0x00,0x00,0x00,
    0x00,0x00,0x00,0x9F,0xFF,0xFF,0xBF,0x00,0x00,0x00,0x00,0x00,0x00,0x00,0x00,0x00,0x00,0x00,0x00,0x00,0x00,0x00,0x00,0x00,0x00,0x00,0x00,0x00,0x00,0x00,0x00,0x00,0x00,0x9F,0xFF,0xFF,0xBF,0x00,0x00,0x00,
    0x00,0x00,0x00,0x9F,0xFF,0xFF,0xBF,0x00,0x00,0x00,0x00,0x00,0x00,0x00,0x00,0x00,0x00,0x00,0x00,0x00,0x00,0x00,0x00,0x00,0x00,0x00,0x00,0x00,0x00,0x00,0x00,0x00,0x00,0x9F,0xFF,0xFF,0xBF,0x00,0x00,0x00,
    0x00,0x00,0x00,0x9F,0xFF,0xFF,0xBF,0x00,0x00,0x00,0x00,0x00,0x00,0x00,0x00,0x00,0x00,0x00,0x00,0x00,0x00,0x00,0x00,0x00,0x00,0x00,0x00,0x00,0x00,0x00,0x00,0x00,0x00,0xA7,0xEB,0xFF,0xAB,0x00,0x00,0x00,
    0x00,0x00,0x00,0x90,0xFF,0xFF,0xEF,0x5C,0x60,0x60,0x60,0x60,0x60,0x60,0x60,0x60,0x60,0x60,0x60,0x60,0x60,0x60,0x60,0x60,0x60,0x60,0x60,0x60,0x60,0x60,0x60,0x60,0x5C,0xEF,0xFF,0xFF,0x90,0x00,0x00,0x00,
    0x00,0x00,0x00,0x3C,0xFF,0xFF,0xF3,0xFB,0xFF,0xFF,0xFF,0xFF,0xFF,0xFF,0xFF,0xFF,0xFF,0xFF,0xFF,0xFF,0xFF,0xFF,0xFF,0xFF,0xFF,0xFF,0xFF,0xFF,0xFF,0xFF,0xFF,0xFF,0xFB,0xF7,0xFF,0xFF,0x3C,0x00,0x00,0x00,
    0x00,0x00,0x00,0x00,0x9B,0xFF,0xFF,0xFF,0xFF,0xFF,0xFF,0xFF,0xFF,0xFF,0xFF,0xFF,0xFF,0xFF,0xFF,0xFF,0xFF,0xFF,0xFF,0xFF,0xFF,0xFF,0xFF,0xFF,0xFF,0xFF,0xFF,0xFF,0xFF,0xFF,0xFF,0x9B,0x00,0x00,0x00,0x00,
    0x00,0x00,0x00,0x00,0x00,0x74,0xCF,0xFB,0xFF,0xFF,0xFF,0xFF,0xFF,0xFF,0xFF,0xFF,0xFF,0xFF,0xFF,0xFF,0xFF,0xFF,0xFF,0xFF,0xFF,0xFF,0xFF,0xFF,0xFF,0xFF,0xFF,0xFF,0xFB,0xCF,0x74,0x00,0x00,0x00,0x00,0x00,
    0x00,0x00,0x00,0x00,0x00,0x00,0x00,0x00,0x00,0x00,0x00,0x00,0x00,0x00,0x00,0x00,0x00,0x00,0x00,0x00,0x00,0x00,0x00,0x00,0x00,0x00,0x00,0x00,0x00,0x00,0x00,0x00,0x00,0x00,0x00,0x00,0x00,0x00,0x00,0x00,
    0x00,0x00,0x00,0x00,0x00,0x00,0x00,0x00,0x00,0x00,0x00,0x00,0x00,0x00,0x00,0x00,0x00,0x00,0x00,0x00,0x00,0x00,0x00,0x00,0x00,0x00,0x00,0x00,0x00,0x00,0x00,0x00,0x00,0x00,0x00,0x00,0x00,0x00,0x00,0x00,
    0x00,0x00,0x00,0x00,0x00,0x00,0x00,0x00,0x00,0x00,0x00,0x00,0x00,0x00,0x00,0x00,0x00,0x00,0x00,0x00,0x00,0x00,0x00,0x00,0x00,0x00,0x00,0x00,0x00,0x00,0x00,0x00,0x00,0x00,0x00,0x00,0x00,0x00,0x00,0x00,
  },
  { // blind
    0x00,0x00,0x00,0x00,0x00,0x00,0x00,0x00,0x00,0x00,0x00,0x00,0x00,0x00,0x00,0x00,0x00,0x00,0x00,0x00,0x00,0x00,0x00,0x00,0x00,0x00,0x00,0x00,0x00,0x00,0x00,0x00,0x00,0x00,0x00,0x00,0x00,0x00,0x00,0x00,
    0x00,0x00,0x00,0x00,0x00,0x00,0x00,0x00,0x00,0x00,0x00,0x00,0x00,0x00,0x00,0x00,0x00,0x00,0x00,0x00,0x00,0x00,0x00,0x00,0x00,0x00,0x00,0x00,0x00,0x00,0x00,0x00,0x00,0x00,0x00,0x00,0x00,0x00,0x00,0x00,
    0x00,0x00,0x00,0x00,0x00,0x00,0x00,0x00,0x00,0x00,0x00,0x00,0x00,0x00,0x00,0x00,0x00,0x00,0x00,0x00,0x00,0x00,0x00,0x00,0x00,0x00,0x00,0x00,0x00,0x00,0x00,0x00,0x00,0x00,0x00,0x00,0x00,0x00,0x00,0x00,
    0x00,0x00,0x00,0x00,0x00,0x00,0x00,0x00,0x00,0x00,0x00,0x00,0x00,0x00,0x00,0x00,0x00,0x00,0x00,0x00,0x00,0x00,0x00,0x00,0x00,0x00,0x00,0x00,0x00,0x00,0x00,0x00,0x00,0x00,0x00,0x00,0x00,0x00,0x00,0x00,
    0x00,0x04,0x8C,0xDF,0xDF,0xDF,0xDF,0xDF,0xDF,0xDF,0xDF,0xDF,0xDF,0xDF,0xDF,0xDF,0xDF,0xDF,0xDF,0xDF,0xDF,0xDF,0xDF,0xDF,0xDF,0xDF,0xDF,0xDF,0xDF,0xDF,0xDF,0xDF,0xDF,0xDF,0xDF,0xDF,0xDB,0x78,0x00,0x00,
    0x00,0x70,0xFF,0xFF,0xFF,0xFF,0xFF,0xFF,0xFF,0xFF,0xFF,0xFF,0xFF,0xFF,0xFF,0xFF,0xFF,0xFF,0xFF,0xFF,0xFF,0xFF,0xFF,0xFF,0xFF,0xFF,0xFF,0xFF,0xFF,0xFF,0xFF,0xFF,0xFF,0xFF,0xFF,0xFF,0xFF,0xFF,0x50,0x00,
    0x00,0x9B,0xFF,0xFF,0xFF,0xFF,0xFF,0xFF,0xFF,0xFF,0xFF,0xFF,0xFF,0xFF,0xFF,0xFF,0xFF,0xFF,0xFF,0xFF,0xFF,0xFF,0xFF,0xFF,0xFF,0xFF,0xFF,0xFF,0xFF,0xFF,0xFF,0xFF,0xFF,0xFF,0xFF,0xFF,0xFF,0xFF,0x7C,0x00,
    0x00,0x3C,0xFB,0xFF,0xFF,0xFF,0xFF,0xFF,0xFF,0xFF,0xFF,0xFF,0xFF,0xFF,0xFF,0xFF,0xFF,0xFF,0xFF,0xFF,0xFF,0xFF,0xFF,0xFF,0xFF,0xFF,0xFF,0xFF,0xFF,0xFF,0xFF,0xFF,0xFF,0xFF,0xFF,0xFF,0xFF,0xF3,0x24,0x00,
    0x00,0x00,0x30,0x80,0x80,0x80,0x80,0x80,0x80,0x80,0x80,0x80,0x80,0x80,0x80,0x80,0x80,0x80,0x80,0x80,0x80,0x80,0x80,0x80,0x80,0x80,0x80,0x80,0x80,0x80,0x80,0x80,0x80,0xE7,0xFF,0xFF,0x8C,0x24,0x00,0x00,
    0x00,0x00,0x00,0x00,0x00,0x00,0x00,0x00,0x00,0x00,0x00,0x00,0x00,0x00,0x00,0x00,0x00,0x00,0x00,0x00,0x00,0x00,0x00,0x00,0x00,0x00,0x00,0x00,0x00,0x00,0x00,0x00,0x00,0xBF,0xFF,0xFF,0x20,0x00,0x00,0x00,
    0x00,0x00,0x00,0x00,0x00,0x00,0x00,0x00,0x00,0x00,0x00,0x00,0x00,0x00,0x00,0x00,0x00,0x00,0x00,0x00,0x00,0x00,0x00,0x00,0x00,0x00,0x00,0x00,0x00,0x00,0x00,0x00,0x00,0xBF,0xFF,0xFF,0x20,0x00,0x00,0x00,
    0x00,0x00,0x00,0x00,0x00,0x00,0x00,0x00,0x00,0x00,0x00,0x00,0x00,0x00,0x00,0x00,0x00,0x00,0x00,0x00,0x00,0x00,0x00,0x00,0x00,0x00,0x00,0x00,0x00,0x00,0x00,0x00,0x00,0xBF,0xFF,0xFF,0x20,0x00,0x00,0x00,
    0x00,0x00,0x00,0x00,0x00,0x00,0x50,0xBB,0x9F,0x9F,0x9F,0x9F,0x9F,0x9F,0x9F,0x9F,0x9F,0x9F,0x9F,0x9F,0x9F,0x9F,0x9F,0x9F,0x9F,0x9F,0x9F,0x9F,0xAF,0x9F,0x0C,0x00,0x00,0xBF,0xFF,0xFF,0x20,0x00,0x00,0x00,
    0x00,0x00,0x00,0x00,0x00,0x10,0xFB,0xFF,0xFF,0xFF,0xFF,0xFF,0xFF,0xFF,0xFF,0xFF,0xFF,0xFF,0xFF,0xFF,0xFF,0xFF,0xFF,0xFF,0xFF,0xFF,0xFF,0xFF,0xFF,0xFF,0x8C,0x00,0x00,0xBF,0xFF,0xFF,0x20,0x00,0x00,0x00,
    0x00,0x00,0x00,0x00,0x00,0x0C,0xF3,0xFF,0xFF,0xFF,0xFF,0xFF,0xFF,0xFF,0xFF,0xFF,0xFF,0xFF,0xFF,0xFF,0xFF,0xFF,0xFF,0xFF,0xFF,0xFF,0xFF,0xFF,0xFF,0xFF,0x80,0x00,0x00,0xBF,0xFF,0xFF,0x20,0x00,0x00,0x00,
    0x00,0x00,0x00,0x00,0x00,0x00,0x38,0xA7,0xBF,0xBF,0xBF,0xBF,0xBF,0xBF,0xBF,0xBF,0xBF,0xBF,0xBF,0xBF,0xBF,0xBF,0xBF,0xBF,0xBF,0xBF,0xBF,0xBF,0xBF,0x84,0x04,0x00,0x00,0xBF,0xFF,0xFF,0x20,0x00,0x00,0x00,
    0x00,0x00,0x00,0x00,0x00,0x00,0x00,0x00,0x00,0x00,0x00,0x00,0x00,0x00,0x00,0x00,0x00,0x00,0x00,0x00,0x00,0x00,0x00,0x00,0x00,0x00,0x00,0x00,0x00,0x00,0x00,0x00,0x00,0xBF,0xFF,0xFF,0x20,0x00,0x00,0x00,
    0x00,0x00,0x00,0x00,0x00,0x00,0x00,0x1C,0x00,0x00,0x00,0x00,0x00,0x00,0x00,0x00,0x00,0x00,0x00,0x00,0x00,0x00,0x00,0x00,0x00,0x00,0x00,0x00,0x10,0x0C,0x00,0x00,0x00,0xBF,0xFF,0xFF,0x20,0x00,0x00,0x00,
    0x00,0x00,0x00,0x00,0x00,0x00,0xAB,0xFF,0xFF,0xFF,0xFF,0xFF,0xFF,0xFF,0xFF,0xFF,0xFF,0xFF,0xFF,0xFF,0xFF,0xFF,0xFF,0xFF,0xFF,0xFF,0xFF,0xFF,0xFF,0xF3,0x38,0x00,0x00,0xBF,0xFF,0xFF,0x20,0x00,0x00,0x00,
    0x00,0x00,0x00,0x00,0x00,0x1C,0xFF,0xFF,0xFF,0xFF,0xFF,0xFF,0xFF,0xFF,0xFF,0xFF,0xFF,0xFF,0xFF,0xFF,0xFF,0xFF,0xFF,0xFF,0xFF,0xFF,0xFF,0xFF,0xFF,0xFF,0x9B,0x00,0x00,0xBF,0xFF,0xFF,0x20,0x00,0x00,0x00,
    0x00,0x00,0x00,0x00,0x00,0x00,0xC3,0xFF,0xFF,0xFF,0xFF,0xFF,0xFF,0xFF,0xFF,0xFF,0xFF,0xFF,0xFF,0xFF,0xFF,0xFF,0xFF,0xFF,0xFF,0xFF,0xFF,0xFF,0xFF,0xFB,0x48,0x00,0x00,0xBF,0xFF,0xFF,0x20,0x00,0x00,0x00,
    0x00,0x00,0x00,0x00,0x00,0x00,0x08,0x48,0x60,0x60,0x60,0x60,0x60,0x60,0x60,0x60,0x60,0x60,0x60,0x60,0x60,0x60,0x60,0x60,0x60,0x60,0x60,0x60,0x60,0x28,0x00,0x00,0x00,0xBF,0xFF,0xFF,0x20,0x00,0x00,0x00,
    0x00,0x00,0x00,0x00,0x00,0x00,0x00,0x00,0x00,0x00,0x00,0x00,0x00,0x00,0x00,0x00,0x00,0x00,0x00,0x00,0x00,0x00,0x00,0x00,0x00,0x00,0x00,0x00,0x00,0x00,0x00,0x00,0x00,0xBF,0xFF,0xFF,0x20,0x00,0x00,0x00,
    0x00,0x00,0x00,0x00,0x00,0x00,0x14,0x5C,0x60,0x60,0x60,0x60,0x60,0x60,0x60,0x60,0x60,0x60,0x60,0x60,0x60,0x60,0x60,0x60,0x60,0x60,0x60,0x60,0x60,0x40,0x00,0x00,0x00,0xBF,0xFF,0xFF,0x20,0x00,0x00,0x00,
    0x00,0x00,0x00,0x00,0x00,0x04,0xD7,0xFF,0xFF,0xFF,0xFF,0xFF,0xFF,0xFF,0xFF,0xFF,0xFF,0xFF,0xFF,0xFF,0xFF,0xFF,0xFF,0xFF,0xFF,0xFF,0xFF,0xFF,0xFF,0xFF,0x5C,0x00,0x00,0xBF,0xFF,0xFF,0x20,0x00,0x00,0x00,
    0x00,0x00,0x00,0x00,0x00,0x18,0xFF,0xFF,0xFF,0xFF,0xFF,0xFF,0xFF,0xFF,0xFF,0xFF,0xFF,0xFF,0xFF,0xFF,0xFF,0xFF,0xFF,0xFF,0xFF,0xFF,0xFF,0xFF,0xFF,0xFF,0x97,0x00,0x00,0xBF,0xFF,0xFF,0x20,0x00,0x00,0x00,
    0x00,0x00,0x00,0x00,0x00,0x00,0x8C,0xFB,0xFF,0xFF,0xFF,0xFF,0xFF,0xFF,0xFF,0xFF,0xFF,0xFF,0xFF,0xFF,0xFF,0xFF,0xFF,0xFF,0xFF,0xFF,0xFF,0xFF,0xFF,0xDF,0x28,0x00,0x00,0xBF,0xFF,0xFF,0x20,0x00,0x00,0x00,
    0x00,0x00,0x00,0x00,0x00,0x00,0x00,0x00,0x00,0x00,0x00,0x00,0x00,0x00,0x00,0x00,0x00,0x00,0x00,0x00,0x00,0x00,0x00,0x00,0x00,0x00,0x00,0x00,0x00,0x00,0x00,0x00,0x00,0xBF,0xFF,0xFF,0x20,0x00,0x00,0x00,
    0x00,0x00,0x00,0x00,0x00,0x00,0x00,0x00,0x00,0x00,0x00,0x00,0x00,0x00,0x00,0x00,0x00,0x00,0x00,0x00,0x00,0x00,0x00,0x00,0x00,0x00,0x00,0x00,0x00,0x00,0x00,0x00,0x00,0xBF,0xFF,0xFF,0x20,0x00,0x00,0x00,
    0x00,0x00,0x00,0x00,0x00,0x00,0x00,0x00,0x00,0x00,0x00,0x00,0x00,0x00,0x00,0x00,0x00,0x00,0x00,0x00,0x00,0x00,0x00,0x00,0x00,0x00,0x00,0x00,0x00,0x00,0x00,0x00,0x00,0xBF,0xFF,0xFF,0x20,0x00,0x00,0x00,
    0x00,0x00,0x00,0x00,0x00,0x00,0x00,0x00,0x00,0x00,0x00,0x00,0x00,0x00,0x00,0x00,0x00,0x00,0x00,0x00,0x00,0x00,0x00,0x00,0x00,0x00,0x00,0x00,0x00,0x00,0x00,0x00,0x00,0xBF,0xFF,0xFF,0x20,0x00,0x00,0x00,
    0x00,0x00,0x00,0x00,0x00,0x00,0x00,0x00,0x00,0x00,0x00,0x00,0x00,0x00,0x00,0x00,0x00,0x00,0x00,0x00,0x00,0x00,0x00,0x00,0x00,0x00,0x00,0x00,0x00,0x00,0x00,0x00,0x00,0xCF,0xFF,0xFF,0x20,0x00,0x00,0x00,
    0x00,0x00,0x00,0x00,0x00,0x00,0x00,0x00,0x00,0x00,0x00,0x00,0x00,0x00,0x00,0x00,0x00,0x00,0x00,0x00,0x00,0x00,0x00,0x00,0x00,0x00,0x00,0x00,0x00,0x00,0x00,0x00,0x00,0xCF,0xFF,0xF7,0x14,0x00,0x00,0x00,
    0x00,0x00,0x00,0x00,0x00,0x00,0x00,0x00,0x00,0x00,0x00,0x00,0x00,0x00,0x00,0x00,0x00,0x00,0x00,0x00,0x00,0x00,0x00,0x00,0x00,0x00,0x00,0x00,0x00,0x00,0x00,0x00,0x48,0xFF,0xFF,0xFF,0x9B,0x00,0x00,0x00,
    0x00,0x00,0x00,0x00,0x00,0x00,0x00,0x00,0x00,0x00,0x00,0x00,0x00,0x00,0x00,0x00,0x00,0x00,0x00,0x00,0x00,0x00,0x00,0x00,0x00,0x00,0x00,0x00,0x00,0x00,0x00,0x00,0x74,0xFF,0xFF,0xFF,0xC3,0x00,0x00,0x00,
    0x00,0x00,0x00,0x00,0x00,0x00,0x00,0x00,0x00,0x00,0x00,0x00,0x00,0x00,0x00,0x00,0x00,0x00,0x00,0x00,0x00,0x00,0x00,0x00,0x00,0x00,0x00,0x00,0x00,0x00,0x00,0x00,0x24,0xF3,0xFF,0xFF,0x70,0x00,0x00,0x00,
    0x00,0x00,0x00,0x00,0x00,0x00,0x00,0x00,0x00,0x00,0x00,0x00,0x00,0x00,0x00,0x00,0x00,0x00,0x00,0x00,0x00,0x00,0x00,0x00,0x00,0x00,0x00,0x00,0x00,0x00,0x00,0x00,0x00,0x20,0x78,0x48,0x00,0x00,0x00,0x00,
    0x00,0x00,0x00,0x00,0x00,0x00,0x00,0x00,0x00,0x00,0x00,0x00,0x00,0x00,0x00,0x00,0x00,0x00,0x00,0x00,0x00,0x00,0x00,0x00,0x00,0x00,0x00,0x00,0x00,0x00,0x00,0x00,0x00,0x00,0x00,0x00,0x00,0x00,0x00,0x00,
    0x00,0x00,0x00,0x00,0x00,0x00,0x00,0x00,0x00,0x00,0x00,0x00,0x00,0x00,0x00,0x00,0x00,0x00,0x00,0x00,0x00,0x00,0x00,0x00,0x00,0x00,0x00,0x00,0x00,0x00,0x00,0x00,0x00,0x00,0x00,0x00,0x00,0x00,0x00,0x00,
    0x00,0x00,0x00,0x00,0x00,0x00,0x00,0x00,0x00,0x00,0x00,0x00,0x00,0x00,0x00,0x00,0x00,0x00,0x00,0x00,0x00,0x00,0x00,0x00,0x00,0x00,0x00,0x00,0x00,0x00,0x00,0x00,0x00,0x00,0x00,0x00,0x00,0x00,0x00,0x00,
  },
  { // lock
    0x00,0x00,0x00,0x00,0x00,0x00,0x00,0x00,0x00,0x00,0x00,0x00,0x00,0x00,0x00,0x00,0x00,0x00,0x00,0x00,0x00,0x00,0x00,0x00,0x00,0x00,0x00,0x00,0x00,0x00,0x00,0x00,0x00,0x00,0x00,0x00,0x00,0x00,0x00,0x00,
    0x00,0x00,0x00,0x00,0x00,0x00,0x00,0x00,0x00,0x00,0x00,0x00,0x00,0x00,0x00,0x00,0x00,0x00,0x00,0x00,0x00,0x00,0x00,0x00,0x00,0x00,0x00,0x00,0x00,0x00,0x00,0x00,0x00,0x00,0x00,0x00,0x00,0x00,0x00,0x00,
    0x00,0x00,0x00,0x00,0x00,0x00,0x00,0x00,0x00,0x00,0x00,0x00,0x00,0x00,0x00,0x00,0x00,0x00,0x00,0x00,0x00,0x00,0x00,0x00,0x00,0x00,0x00,0x00,0x00,0x00,0x00,0x00,0x00,0x00,0x00,0x00,0x00,0x00,0x00,0x00,
    0x00,0x00,0x00,0x00,0x00,0x00,0x00,0x00,0x00,0x00,0x00,0x00,0x00,0x00,0x00,0x00,0x00,0x00,0x00,0x00,0x00,0x00,0x00,0x00,0x00,0x00,0x00,0x00,0x00,0x00,0x00,0x00,0x00,0x00,0x00,0x00,0x00,0x00,0x00,0x00,
    0x00,0x00,0x00,0x00,0x00,0x00,0x00,0x00,0x00,0x00,0x00,0x00,0x00,0x00,0x00,0x00,0x00,0x00,0x00,0x00,0x00,0x00,0x00,0x00,0x00,0x00,0x00,0x00,0x00,0x00,0x00,0x00,0x00,0x00,0x00,0x00,0x00,0x00,0x00,0x00,
    0x00,0x00,0x00,0x00,0x00,0x00,0x00,0x00,0x00,0x00,0x00,0x00,0x00,0x00,0x00,0x00,0x00,0x00,0x00,0x00,0x00,0x00,0x00,0x00,0x00,0x00,0x00,0x00,0x00,0x00,0x00,0x00,0x00,0x00,0x00,0x00,0x00,0x00,0x00,0x00,
    0x00,0x00,0x00,0x00,0x00,0x00,0x00,0x00,0x00,0x00,0x00,0x00,0x00,0x00,0x00,0x00,0x00,0x00,0x00,0x00,0x00,0x00,0x00,0x00,0x00,0x00,0x00,0x00,0x00,0x00,0x00,0x00,0x00,0x00,0x00,0x00,0x00,0x00,0x00,0x00,
    0x00,0x00,0x00,0x00,0x00,0x00,0x00,0x00,0x00,0x00,0x00,0x00,0x00,0x00,0x00,0x00,0x28,0x7C,0xBB,0xDB,0xDB,0xBB,0x7C,0x28,0x00,0x00,0x00,0x00,0x00,0x00,0x00,0x00,0x00,0x00,0x00,0x00,0x00,0x00,0x00,0x00,
    0x00,0x00,0x00,0x00,0x00,0x00,0x00,0x00,0x00,0x00,0x00,0x00,0x00,0x00,0x14,0xB7,0xF3,0xFF,0xFF,0xFF,0xFF,0xFF,0xFF,0xF3,0xB7,0x14,0x00,0x00,0x00,0x00,0x00,0x00,0x00,0x00,0x00,0x00,0x00,0x00,0x00,0x00,
    0x00,0x00,0x00,0x00,0x00,0x00,0x00,0x00,0x00,0x00,0x00,0x00,0x00,0x28,0xDF,0xFF,0xFF,0xFF,0xFF,0xFF,0xFF,0xFF,0xFF,0xFF,0xFF,0xDB,0x28,0x00,0x00,0x00,0x00,0x00,0x00,0x00,0x00,0x00,0x00,0x00,0x00,0x00,
    0x00,0x00,0x00,0x00,0x00,0x00,0x00,0x00,0x00,0x00,0x00,0x00,0x18,0xDF,0xFF,0xFF,0xFF,0xCF,0xBB,0x84,0x84,0xBB,0xCF,0xFF,0xFF,0xFF,0xDF,0x18,0x00,0x00,0x00,0x00,0x00,0x00,0x00,0x00,0x00,0x00,0x00,0x00,
    0x00,0x00,0x00,0x00,0x00,0x00,0x00,0x00,0x00,0x00,0x00,0x00,0xC7,0xFF,0xF3,0xFF,0xA4,0x1C,0x00,0x00,0x00,0x00,0x1C,0xA4,0xFF,0xF3,0xFF,0xC7,0x00,0x00,0x00,0x00,0x00,0x00,0x00,0x00,0x00,0x00,0x00,0x00,
    0x00,0x00,0x00,0x00,0x00,0x00,0x00,0x00,0x00,0x00,0x00,0x50,0xFF,0xFF,0xFB,0x80,0x00,0x00,0x00,0x00,0x00,0x00,0x00,0x00,0x80,0xFB,0xFF,0xFF,0x50,0x00,0x00,0x00,0x00,0x00,0x00,0x00,0x00,0x00,0x00,0x00,
    0x00,0x00,0x00,0x00,0x00,0x00,0x00,0x00,0x00,0x00,0x00,0xAF,0xFF,0xFF,0xEF,0x10,0x00,0x00,0x00,0x00,0x00,0x00,0x00,0x00,0x10,0xEF,0xFF,0xFF,0xAF,0x00,0x00,0x00,0x00,0x00,0x00,0x00,0x00,0x00,0x00,0x00,
    0x00,0x00,0x00,0x00,0x00,0x00,0x00,0x00,0x00,0x00,0x08,0xF7,0xFF,0xFF,0x8C,0x00,0x00,0x00,0x00,0x00,0x00,0x00,0x00,0x00,0x00,0x8C,0xFF,0xFF,0xF7,0x08,0x00,0x00,0x00,0x00,0x00,0x00,0x00,0x00,0x00,0x00,
    0x00,0x00,0x00,0x00,0x00,0x00,0x00,0x00,0x00,0x00,0x1C,0xFF,0xFF,0xFF,0x4C,0x00,0x00,0x00,0x00,0x00,0x00,0x00,0x00,0x00,0x00,0x4C,0xFF,0xFF,0xFF,0x20,0x00,0x00,0x00,0x00,0x00,0x00,0x00,0x00,0x00,0x00,
    0x00,0x00,0x00,0x00,0x00,0x00,0x00,0x00,0x00,0x00,0x38,0xFF,0xFF,0xFF,0x40,0x00,0x00,0x00,0x00,0x00,0x00,0x00,0x00,0x00,0x00,0x38,0xFF,0xFF,0xFF,0x38,0x00,0x00,0x00,0x00,0x00,0x00,0x00,0x00,0x00,0x00,
    0x00,0x00,0x00,0x00,0x00,0x00,0x00,0x00,0x00,0x00,0x20,0xFF,0xFF,0xFF,0x40,0x00,0x00,0x00,0x00,0x00,0x00,0x00,0x00,0x00,0x00,0x20,0xFF,0xFF,0xFF,0x40,0x00,0x00,0x00,0x00,0x00,0x00,0x00,0x00,0x00,0x00,
    0x00,0x00,0x00,0x00,0x00,0x00,0x00,0x00,0x00,0x00,0x20,0xFF,0xFF,0xFF,0x40,0x00,0x00,0x00,0x00,0x00,0x00,0x00,0x00,0x00,0x00,0x20,0xFF,0xFF,0xFF,0x40,0x00,0x00,0x00,0x00,0x00,0x00,0x00,0x00,0x00,0x00,
    0x00,0x00,0x00,0x00,0x00,0x00,0x00,0x00,0x34,0x7C,0xAB,0xFF,0xFF,0xFF,0xB7,0x9F,0x9F,0x9F,0x9F,0x9F,0x9F,0x9F,0x9F,0x9F,0x9F,0xAB,0xFF,0xFF,0xFF,0xB7,0x7C,0x30,0x00,0x00,0x00,0x00,0x00,0x00,0x00,0x00,
    0x00,0x00,0x00,0x00,0x00,0x00,0x04,0x90,0xFF,0xFF,0xFF,0xFF,0xFF,0xFF,0xFF,0xFF,0xFF,0xFF,0xFF,0xFF,0xFF,0xFF,0xFF,0xFF,0xFF,0xFF,0xFF,0xFF,0xFF,0xFF,0xFF,0xFF,0x97,0x04,0x00,0x00,0x00,0x00,0x00,0x00,
    0x00,0x00,0x00,0x00,0x00,0x00,0x7C,0xFF,0xFF,0xFB,0xFF,0xFF,0xFF,0xFF,0xFF,0xFF,0xFF,0xFF,0xFF,0xFF,0xFF,0xFF,0xFF,0xFF,0xFF,0xFF,0xFF,0xFF,0xFF,0xFF,0xFB,0xFF,0xFF,0x7C,0x00,0x00,0x00,0x00,0x00,0x00,
    0x00,0x00,0x00,0x00,0x00,0x08,0xF3,0xFF,0xE3,0xE3,0xC3,0xBF,0xBF,0xBF,0xBF,0xBF,0xBF,0xBF,0xBF,0xBF,0xBF,0xBF,0xBF,0xBF,0xBF,0xBF,0xBF,0xBF,0xBF,0xC3,0xE3,0xEF,0xFF,0xEF,0x08,0x00,0x00,0x00,0x00,0x00,
    0x00,0x00,0x00,0x00,0x00,0x38,0xFF,0xFF,0xFB,0x3C,0x00,0x00,0x00,0x00,0x00,0x00,0x00,0x00,0x00,0x00,0x00,0x00,0x00,0x00,0x00,0x00,0x00,0x00,0x00,0x00,0x40,0xEB,0xF7,0xFF,0x38,0x00,0x00,0x00,0x00,0x00,
    0x00,0x00,0x00,0x00,0x00,0x60,0xFF,0xFF,0xFF,0x00,0x00,0x00,0x00,0x00,0x00,0x00,0x00,0x00,0x00,0x00,0x00,0x00,0x00,0x00,0x00,0x00,0x00,0x00,0x00,0x00,0x00,0xFF,0xFF,0xFF,0x60,0x00,0x00,0x00,0x00,0x00,
    0x00,0x00,0x00,0x00,0x00,0x60,0xFF,0xFF,0xFF,0x00,0x00,0x00,0x00,0x00,0x00,0x00,0x00,0x00,0x5C,0xF3,0xF3,0x5C,0x00,0x00,0x00,0x00,0x00,0x00,0x00,0x00,0x00,0xFF,0xFF,0xFF,0x60,0x00,0x00,0x00,0x00,0x00,
    0x00,0x00,0x00,0x00,0x00,0x60,0xFF,0xFF,0xFF,0x00,0x00,0x00,0x00,0x00,0x00,0x00,0x00,0x00,0xF7,0xFF,0xFF,0xF7,0x00,0x00,0x00,0x00,0x00,0x00,0x00,0x00,0x00,0xFF,0xFF,0xFF,0x60,0x00,0x00,0x00,0x00,0x00,
    0x00,0x00,0x00,0x00,0x00,0x60,0xFF,0xFF,0xFF,0x00,0x00,0x00,0x00,0x00,0x00,0x00,0x00,0x00,0xF7,0xFF,0xFF,0xF7,0x04,0x00,0x00,0x00,0x00,0x00,0x00,0x00,0x00,0xFF,0xFF,0xFF,0x60,0x00,0x00,0x00,0x00,0x00,
    0x00,0x00,0x00,0x00,0x00,0x60,0xFF,0xFF,0xFF,0x00,0x00,0x00,0x00,0x00,0x00,0x00,0x00,0x00,0x80,0xFF,0xFF,0xA3,0x00,0x00,0x00,0x00,0x00,0x00,0x00,0x00,0x00,0xFF,0xFF,0xFF,0x60,0x00,0x00,0x00,0x00,0x00,
    0x00,0x00,0x00,0x00,0x00,0x60,0xFF,0xFF,0xFF,0x00,0x00,0x00,0x00,0x00,0x00,0x00,0x00,0x00,0x60,0xFF,0xFF,0x9F,0x00,0x00,0x00,0x00,0x00,0x00,0x00,0x00,0x00,0xFF,0xFF,0xFF,0x60,0x00,0x00,0x00,0x00,0x00,
    0x00,0x00,0x00,0x00,0x00,0x60,0xFF,0xFF,0xFF,0x00,0x00,0x00,0x00,0x00,0x00,0x00,0x00,0x00,0x60,0xFF,0xFF,0x9F,0x00,0x00,0x00,0x00,0x00,0x00,0x00,0x00,0x00,0xFF,0xFF,0xFF,0x60,0x00,0x00,0x00,0x00,0x00,
    0x00,0x00,0x00,0x00,0x00,0x60,0xFF,0xFF,0xFF,0x00,0x00,0x00,0x00,0x00,0x00,0x00,0x00,0x00,0x78,0xFF,0xFF,0x8F,0x00,0x00,0x00,0x00,0x00,0x00,0x00,0x00,0x00,0xFF,0xFF,0xFF,0x60,0x00,0x00,0x00,0x00,0x00,
    0x00,0x00,0x00,0x00,0x00,0x60,0xFF,0xFF,0xFF,0x00,0x00,0x00,0x00,0x00,0x00,0x00,0x00,0x00,0x24,0xDF,0xDF,0x24,0x00,0x00,0x00,0x00,0x00,0x00,0x00,0x00,0x00,0xFF,0xFF,0xFF,0x60,0x00,0x00,0x00,0x00,0x00,
    0x00,0x00,0x00,0x00,0x00,0x38,0xFF,0xF7,0xEB,0x3C,0x00,0x00,0x00,0x00,0x00,0x00,0x00,0x00,0x00,0x00,0x00,0x00,0x00,0x00,0x00,0x00,0x00,0x00,0x00,0x00,0x40,0xEB,0xF7,0xFF,0x38,0x00,0x00,0x00,0x00,0x00,
    0x00,0x00,0x00,0x00,0x00,0x08,0xF3,0xFF,0xE3,0xE3,0x93,0x9F,0x9F,0x9F,0x9F,0x9F,0x9F,0x9F,0x9F,0x9F,0x9F,0x9F,0x9F,0x9F,0x9F,0x9F,0x9F,0x9F,0x9F,0xA7,0xE3,0xEF,0xFF,0xEF,0x08,0x00,0x00,0x00,0x00,0x00,
    0x00,0x00,0x00,0x00,0x00,0x00,0x7C,0xFF,0xFF,0xFB,0xF3,0xFF,0xFF,0xFF,0xFF,0xFF,0xFF,0xFF,0xFF,0xFF,0xFF,0xFF,0xFF,0xFF,0xFF,0xFF,0xFF,0xFF,0xFF,0xEB,0xFB,0xFF,0xFF,0x7C,0x00,0x00,0x00,0x00,0x00,0x00,
    0x00,0x00,0x00,0x00,0x00,0x00,0x04,0x90,0xFF,0xFF,0xFF,0xFF,0xFF,0xFF,0xFF,0xFF,0xFF,0xFF,0xFF,0xFF,0xFF,0xFF,0xFF,0xFF,0xFF,0xFF,0xFF,0xFF,0xFF,0xFF,0xFF,0xFF,0x97,0x04,0x00,0x00,0x00,0x00,0x00,0x00,
    0x00,0x00,0x00,0x00,0x00,0x00,0x00,0x00,0x34,0x7C,0x9B,0xBF,0xBF,0xBF,0xBF,0xBF,0xBF,0xBF,0xBF,0xBF,0xBF,0xBF,0xBF,0xBF,0xBF,0xBF,0xBF,0xBF,0xBF,0xA3,0x7C,0x30,0x00,0x00,0x00,0x00,0x00,0x00,0x00,0x00,
    0x00,0x00,0x00,0x00,0x00,0x00,0x00,0x00,0x00,0x00,0x00,0x00,0x00,0x00,0x00,0x00,0x00,0x00,0x00,0x00,0x00,0x00,0x00,0x00,0x00,0x00,0x00,0x00,0x00,0x00,0x00,0x00,0x00,0x00,0x00,0x00,0x00,0x00,0x00,0x00,
    0x00,0x00,0x00,0x00,0x00,0x00,0x00,0x00,0x00,0x00,0x00,0x00,0x00,0x00,0x00,0x00,0x00,0x00,0x00,0x00,0x00,0x00,0x00,0x00,0x00,0x00,0x00,0x00,0x00,0x00,0x00,0x00,0x00,0x00,0x00,0x00,0x00,0x00,0x00,0x00,
  },
  { // heat
    0x00,0x00,0x00,0x00,0x00,0x00,0x00,0x00,0x00,0x00,0x00,0x00,0x00,0x00,0x00,0x00,0x00,0x00,0x00,0x10,0x0C,0x00,0x00,0x00,0x00,0x00,0x00,0x00,0x00,0x00,0x00,0x00,0x00,0x00,0x00,0x00,0x00,0x00,0x00,0x00,
    0x00,0x00,0x00,0x00,0x00,0x00,0x00,0x00,0x00,0x00,0x00,0x00,0x00,0x00,0x00,0x00,0x00,0x00,0x50,0xFB,0xF3,0x3C,0x00,0x00,0x00,0x00,0x00,0x00,0x00,0x00,0x00,0x00,0x00,0x00,0x00,0x00,0x00,0x00,0x00,0x00,
    0x00,0x00,0x00,0x00,0x00,0x00,0x00,0x00,0x00,0x00,0x00,0x00,0x00,0x00,0x00,0x00,0x00,0x00,0xD3,0xFF,0xFF,0xE3,0x10,0x00,0x00,0x00,0x00,0x00,0x00,0x00,0x00,0x00,0x00,0x00,0x00,0x00,0x00,0x00,0x00,0x00,
    0x00,0x00,0x00,0x00,0x00,0x00,0x00,0x00,0x00,0x00,0x00,0x00,0x00,0x00,0x00,0x00,0x00,0x40,0xFF,0xFF,0xFF,0xFF,0xBB,0x04,0x00,0x00,0x00,0x00,0x00,0x00,0x00,0x00,0x00,0x00,0x00,0x00,0x00,0x00,0x00,0x00,
    0x00,0x00,0x00,0x00,0x00,0x00,0x00,0x00,0x00,0x00,0x00,0x00,0x00,0x00,0x00,0x00,0x00,0x9B,0xFF,0xFF,0xFF,0xFF,0xF7,0x88,0x00,0x00,0x00,0x00,0x00,0x00,0x00,0x00,0x00,0x00,0x00,0x00,0x00,0x00,0x00,0x00,
    0x00,0x00,0x00,0x00,0x00,0x00,0x00,0x00,0x00,0x00,0x00,0x00,0x00,0x00,0x00,0x00,0x04,0xEB,0xFF,0xEF,0xFF,0xFF,0xFF,0xFB,0x4C,0x00,0x00,0x00,0x00,0x00,0x00,0x00,0x00,0x00,0x00,0x00,0x00,0x00,0x00,0x00,
    0x00,0x00,0x00,0x00,0x00,0x00,0x00,0x00,0x00,0x00,0x00,0x00,0x00,0x00,0x00,0x00,0x3C,0xFF,0xFF,0xF7,0x70,0xE7,0xFF,0xFF,0xEB,0x18,0x00,0x00,0x00,0x00,0x00,0x00,0x00,0x00,0x00,0x00,0x00,0x00,0x00,0x00,
    0x00,0x00,0x00,0x00,0x00,0x00,0x00,0x00,0x00,0x00,0x00,0x00,0x00,0x00,0x00,0x00,0x58,0xFF,0xFF,0xFF,0x14,0x50,0xFF,0xFF,0xFF,0xB7,0x04,0x00,0x00,0x00,0x00,0x00,0x00,0x00,0x00,0x00,0x00,0x00,0x00,0x00,
    0x00,0x00,0x00,0x00,0x00,0x00,0x00,0x00,0x00,0x00,0x00,0x00,0x00,0x00,0x00,0x18,0x70,0xFF,0xFB,0xCB,0x00,0x00,0x84,0xE7,0xFF,0xFF,0x90,0x00,0x00,0x00,0x00,0x00,0x00,0x00,0x00,0x00,0x00,0x00,0x00,0x00,
    0x00,0x00,0x00,0x00,0x00,0x00,0x00,0x00,0x00,0x00,0x00,0x00,0x00,0x0C,0xAF,0xFF,0xF3,0xFF,0xF7,0xB3,0x00,0x00,0x0C,0xD3,0xFF,0xFF,0xFF,0x4C,0x00,0x00,0x00,0x00,0x00,0x00,0x00,0x00,0x00,0x00,0x00,0x00,
    0x00,0x00,0x00,0x00,0x00,0x00,0x00,0x00,0x00,0x00,0x00,0x00,0x08,0xBF,0xFF,0xFF,0xFF,0xFF,0xFF,0xC3,0x00,0x00,0x00,0x20,0xF3,0xFF,0xFF,0xE3,0x18,0x00,0x00,0x00,0x00,0x00,0x00,0x00,0x00,0x00,0x00,0x00,
    0x00,0x00,0x00,0x00,0x00,0x00,0x00,0x00,0x00,0x00,0x00,0x04,0xAF,0xFF,0xFF,0xFF,0xFF,0xFF,0xFF,0xBF,0x00,0x00,0x00,0x00,0x6C,0xFF,0xFF,0xFF,0xAF,0x00,0x00,0x00,0x00,0x00,0x00,0x00,0x00,0x00,0x00,0x00,
    0x00,0x00,0x00,0x00,0x00,0x00,0x00,0x00,0x00,0x00,0x00,0x7C,0xFF,0xFF,0xFF,0xFF,0xFF,0xFF,0xF7,0xB3,0x00,0x00,0x00,0x00,0x00,0xC3,0xFF,0xFF,0xFF,0x40,0x00,0x00,0x00,0x00,0x00,0x00,0x00,0x00,0x00,0x00,
    0x00,0x00,0x00,0x00,0x00,0x00,0x00,0x00,0x00,0x00,0x48,0xFF,0xFF,0xF3,0xF7,0xFF,0xFF,0xFF,0xFB,0xE7,0x00,0x00,0x00,0x00,0x00,0x2C,0xF3,0xFF,0xFF,0xD3,0x04,0x00,0x00,0x00,0x00,0x00,0x00,0x00,0x00,0x00,
    0x00,0x00,0x00,0x00,0x00,0x00,0x00,0x00,0x00,0x18,0xCF,0xFF,0xFF,0xBF,0x38,0xE7,0xFF,0xFF,0xFF,0xFF,0x28,0x00,0x00,0x00,0x00,0x00,0x74,0xFF,0xFF,0xFF,0x54,0x00,0x00,0x00,0x00,0x00,0x00,0x00,0x00,0x00,
    0x00,0x00,0x00,0x00,0x00,0x00,0x00,0x00,0x00,0x90,0xFF,0xFF,0xBF,0x58,0x00,0xA7,0xFF,0xFF,0xFF,0xFF,0x5C,0x00,0x00,0x00,0x00,0x00,0x08,0xDF,0xFF,0xFF,0xCB,0x00,0x00,0x00,0x00,0x00,0x00,0x00,0x00,0x00,
    0x00,0x00,0x00,0x00,0x00,0x00,0x00,0x00,0x10,0xF3,0xFF,0xFF,0xBF,0x00,0x00,0x44,0xF7,0xFF,0xFF,0xFB,0x68,0x00,0x00,0x00,0x00,0x00,0x00,0x54,0xFB,0xFF,0xFF,0x40,0x00,0x00,0x00,0x00,0x00,0x00,0x00,0x00,
    0x00,0x00,0x00,0x00,0x00,0x00,0x00,0x00,0x78,0xF7,0xFF,0xF3,0x38,0x00,0x00,0x00,0xB3,0xFF,0xFF,0xFF,0xDB,0x00,0x00,0x00,0x00,0x00,0x00,0x0C,0xE7,0xFF,0xFF,0xAF,0x00,0x00,0x00,0x00,0x00,0x00,0x00,0x00,
    0x00,0x00,0x00,0x00,0x00,0x00,0x00,0x00,0xDB,0xFF,0xF3,0x8F,0x00,0x00,0x00,0x00,0x28,0xEF,0xFF,0xFF,0xFF,0x2C,0x00,0x00,0x00,0x00,0x00,0x00,0x8C,0xFF,0xFF,0xF3,0x08,0x00,0x00,0x00,0x00,0x00,0x00,0x00,
    0x00,0x00,0x00,0x00,0x00,0x00,0x00,0x30,0xF3,0xFB,0xEF,0x60,0x00,0x00,0x00,0x00,0x00,0x48,0xFB,0xFF,0xFF,0x2C,0x00,0x00,0x00,0x00,0x00,0x00,0x38,0xFF,0xFF,0xFF,0x38,0x00,0x00,0x00,0x00,0x00,0x00,0x00,
    0x00,0x00,0x00,0x00,0x00,0x00,0x00,0x74,0xFF,0xFF,0xD7,0x08,0x00,0x00,0x00,0x00,0x00,0x00,0x9F,0xFF,0xFF,0x80,0x00,0x00,0x00,0x00,0x00,0x00,0x08,0xC7,0xFB,0xFF,0x70,0x00,0x00,0x00,0x00,0x00,0x00,0x00,
    0x00,0x00,0x00,0x00,0x00,0x00,0x00,0x84,0xFF,0xF7,0xB3,0x00,0x00,0x00,0x00,0x00,0x00,0x58,0xFF,0xFF,0xFF,0xFF,0x58,0x00,0x00,0x00,0x00,0x00,0x00,0xCB,0xFF,0xFF,0x9B,0x00,0x00,0x00,0x00,0x00,0x00,0x00,
    0x00,0x00,0x00,0x00,0x00,0x00,0x00,0x9F,0xFF,0xFF,0xC3,0x00,0x00,0x00,0x00,0x00,0x38,0xEF,0xFF,0xFF,0xFF,0xFF,0xEF,0x38,0x00,0x00,0x00,0x00,0x00,0xA7,0xFB,0xFF,0xAB,0x00,0x00,0x00,0x00,0x00,0x00,0x00,
    0x00,0x00,0x00,0x00,0x00,0x00,0x00,0x9F,0xFF,0xFF,0xBF,0x00,0x00,0x00,0x00,0x08,0xD7,0xFF,0xFF,0xBB,0xBB,0xFF,0xFF,0xD7,0x08,0x00,0x00,0x00,0x00,0xB3,0xFF,0xFF,0xB3,0x00,0x00,0x00,0x00,0x00,0x00,0x00,
    0x00,0x00,0x00,0x00,0x00,0x00,0x00,0x9F,0xFF,0xFF,0xBF,0x00,0x00,0x00,0x00,0x84,0xFF,0xFF,0xEF,0x1C,0x1C,0xEF,0xFF,0xFF,0x84,0x00,0x00,0x00,0x00,0xA7,0xFB,0xFF,0x9F,0x00,0x00,0x00,0x00,0x00,0x00,0x00,
    0x00,0x00,0x00,0x00,0x00,0x00,0x00,0x93,0xFF,0xFF,0xD7,0x00,0x00,0x00,0x14,0xF3,0xFB,0xEB,0x60,0x00,0x00,0x60,0xEB,0xFB,0xEF,0x14,0x00,0x00,0x00,0xD7,0xFF,0xFF,0x93,0x00,0x00,0x00,0x00,0x00,0x00,0x00,
    0x00,0x00,0x00,0x00,0x00,0x00,0x00,0x70,0xFF,0xFF,0xFB,0x04,0x00,0x00,0x74,0xFF,0xFF,0xAB,0x00,0x00,0x00,0x00,0xAB,0xFF,0xFF,0x74,0x00,0x00,0x04,0xFB,0xFF,0xFF,0x70,0x00,0x00,0x00,0x00,0x00,0x00,0x00,
    0x00,0x00,0x00,0x00,0x00,0x00,0x00,0x2C,0xFB,0xFF,0xD7,0x38,0x00,0x00,0xD7,0xFF,0xFF,0x48,0x00,0x00,0x00,0x00,0x48,0xFF,0xFF,0xD7,0x00,0x00,0x38,0xD7,0xFF,0xFF,0x2C,0x00,0x00,0x00,0x00,0x00,0x00,0x00,
    0x00,0x00,0x00,0x00,0x00,0x00,0x00,0x04,0xEF,0xFF,0xF7,0x88,0x00,0x10,0xFF,0xFB,0xDB,0x04,0x00,0x00,0x00,0x00,0x04,0xDB,0xFB,0xFF,0x10,0x00,0x88,0xF7,0xFF,0xEF,0x04,0x00,0x00,0x00,0x00,0x00,0x00,0x00,
    0x00,0x00,0x00,0x00,0x00,0x00,0x00,0x00,0x9F,0xFF,0xFF,0xF7,0x14,0x3C,0xFF,0xF7,0xB3,0x00,0x00,0x00,0x00,0x00,0x00,0xB3,0xF7,0xFF,0x3C,0x14,0xF7,0xFF,0xFF,0x9F,0x00,0x00,0x00,0x00,0x00,0x00,0x00,0x00,
    0x00,0x00,0x00,0x00,0x00,0x00,0x00,0x00,0x30,0xFF,0xFF,0xFB,0x84,0x30,0xFB,0xF3,0x97,0x00,0x00,0x00,0x00,0x00,0x00,0x97,0xF3,0xFB,0x30,0x84,0xFB,0xFF,0xFF,0x30,0x00,0x00,0x00,0x00,0x00,0x00,0x00,0x00,
    0x00,0x00,0x00,0x00,0x00,0x00,0x00,0x00,0x00,0xBF,0xFF,0xFF,0xF7,0x44,0xF7,0xFF,0xF3,0x10,0x00,0x00,0x00,0x00,0x10,0xF3,0xFF,0xF7,0x44,0xF7,0xFF,0xFF,0xBF,0x00,0x00,0x00,0x00,0x00,0x00,0x00,0x00,0x00,
    0x00,0x00,0x00,0x00,0x00,0x00,0x00,0x00,0x00,0x24,0xF7,0xFF,0xFF,0xDF,0xD3,0xFF,0xFF,0x6C,0x00,0x00,0x00,0x00,0x6C,0xFF,0xFF,0xD3,0xD7,0xFF,0xFF,0xF7,0x24,0x00,0x00,0x00,0x00,0x00,0x00,0x00,0x00,0x00,
    0x00,0x00,0x00,0x00,0x00,0x00,0x00,0x00,0x00,0x00,0x74,0xFF,0xFF,0xFF,0xFB,0xFF,0xFF,0xF3,0x94,0x40,0x40,0x94,0xF3,0xFF,0xFF,0xFB,0xFF,0xFF,0xFF,0x84,0x00,0x00,0x00,0x00,0x00,0x00,0x00,0x00,0x00,0x00,
    0x00,0x00,0x00,0x00,0x00,0x00,0x00,0x00,0x00,0x00,0x00,0xA3,0xFF,0xFF,0xFF,0xFF,0xFF,0xFF,0xFF,0xFF,0xFF,0xFF,0xFF,0xFF,0xFF,0xFF,0xFF,0xFF,0xAB,0x00,0x00,0x00,0x00,0x00,0x00,0x00,0x00,0x00,0x00,0x00,
    0x00,0x00,0x00,0x00,0x00,0x00,0x00,0x00,0x00,0x00,0x00,0x04,0xAB,0xFF,0xFF,0xFF,0xFF,0xFF,0xFF,0xFF,0xFF,0xFF,0xFF,0xFF,0xFF,0xFF,0xFF,0xAB,0x04,0x00,0x00,0x00,0x00,0x00,0x00,0x00,0x00,0x00,0x00,0x00,
    0x00,0x00,0x00,0x00,0x00,0x00,0x00,0x00,0x00,0x00,0x00,0x00,0x00,0x80,0xFB,0xFF,0xFF,0xFF,0xFF,0xFF,0xFF,0xFF,0xFF,0xFF,0xFF,0xFB,0x80,0x00,0x00,0x00,0x00,0x00,0x00,0x00,0x00,0x00,0x00,0x00,0x00,0x00,
    0x00,0x00,0x00,0x00,0x00,0x00,0x00,0x00,0x00,0x00,0x00,0x00,0x00,0x00,0x30,0x9F,0xF3,0xFF,0xFF,0xFF,0xFF,0xFF,0xFF,0xF3,0x9B,0x30,0x00,0x00,0x00,0x00,0x00,0x00,0x00,0x00,0x00,0x00,0x00,0x00,0x00,0x00,
    0x00,0x00,0x00,0x00,0x00,0x00,0x00,0x00,0x00,0x00,0x00,0x00,0x00,0x00,0x00,0x00,0x0C,0x64,0x90,0xA3,0x9B,0x90,0x64,0x0C,0x00,0x00,0x00,0x00,0x00,0x00,0x00,0x00,0x00,0x00,0x00,0x00,0x00,0x00,0x00,0x00,
    0x00,0x00,0x00,0x00,0x00,0x00,0x00,0x00,0x00,0x00,0x00,0x00,0x00,0x00,0x00,0x00,0x00,0x00,0x00,0x00,0x00,0x00,0x00,0x00,0x00,0x00,0x00,0x00,0x00,0x00,0x00,0x00,0x00,0x00,0x00,0x00,0x00,0x00,0x00,0x00,
  },
  { // cool
    0x00,0x00,0x00,0x00,0x00,0x00,0x00,0x00,0x00,0x00,0x00,0x00,0x00,0x00,0x00,0x00,0x00,0x00,0x00,0x00,0x00,0x00,0x00,0x00,0x00,0x00,0x00,0x00,0x00,0x00,0x00,0x00,0x00,0x00,0x00,0x00,0x00,0x00,0x00,0x00,
    0x00,0x00,0x00,0x00,0x00,0x00,0x00,0x00,0x00,0x00,0x00,0x00,0x00,0x00,0x00,0x00,0x00,0x00,0x00,0x00,0x00,0x00,0x00,0x00,0x00,0x00,0x00,0x00,0x00,0x00,0x00,0x00,0x00,0x00,0x00,0x00,0x00,0x00,0x00,0x00,
    0x00,0x00,0x00,0x00,0x00,0x00,0x00,0x00,0x00,0x00,0x00,0x00,0x00,0x00,0x00,0x00,0x00,0x00,0x00,0x10,0x0C,0x00,0x00,0x00,0x00,0x00,0x00,0x00,0x00,0x00,0x00,0x00,0x00,0x00,0x00,0x00,0x00,0x00,0x00,0x00,
    0x00,0x00,0x00,0x00,0x00,0x00,0x00,0x00,0x00,0x00,0x00,0x00,0x00,0x00,0x00,0x00,0x00,0x00,0x50,0xFB,0xF3,0x38,0x00,0x00,0x00,0x00,0x00,0x00,0x00,0x00,0x00,0x00,0x00,0x00,0x00,0x00,0x00,0x00,0x00,0x00,
    0x00,0x00,0x00,0x00,0x00,0x00,0x00,0x00,0x00,0x00,0x00,0x00,0x00,0x00,0x00,0x00,0x00,0x00,0xBB,0xFF,0xFF,0xA7,0x00,0x00,0x00,0x00,0x00,0x00,0x00,0x00,0x00,0x00,0x00,0x00,0x00,0x00,0x00,0x00,0x00,0x00,
    0x00,0x00,0x00,0x00,0x00,0x00,0x00,0x00,0x00,0x00,0x00,0x00,0x00,0x00,0x00,0x00,0x00,0x00,0x9F,0xFF,0xFF,0xBF,0x00,0x00,0x00,0x00,0x00,0x00,0x00,0x00,0x00,0x00,0x00,0x00,0x00,0x00,0x00,0x00,0x00,0x00,
    0x00,0x00,0x00,0x00,0x00,0x00,0x00,0x00,0x00,0x00,0x00,0x00,0x00,0x00,0x08,0x84,0x78,0x04,0x9F,0xFF,0xFF,0xBF,0x08,0x84,0x78,0x00,0x00,0x00,0x00,0x00,0x00,0x00,0x00,0x00,0x00,0x00,0x00,0x00,0x00,0x00,
    0x00,0x00,0x00,0x00,0x00,0x00,0x00,0x00,0x00,0x00,0x00,0x00,0x00,0x00,0x70,0xFF,0xFF,0xC7,0xB7,0xFF,0xFF,0xD3,0xBF,0xFF,0xFF,0x50,0x00,0x00,0x00,0x00,0x00,0x00,0x00,0x00,0x00,0x00,0x00,0x00,0x00,0x00,
    0x00,0x00,0x00,0x00,0x00,0x00,0x00,0x00,0x00,0x00,0x00,0x00,0x00,0x00,0x48,0xFB,0xFF,0xFF,0xFF,0xFF,0xFF,0xFF,0xFF,0xFF,0xF7,0x2C,0x00,0x00,0x00,0x00,0x00,0x00,0x00,0x00,0x00,0x00,0x00,0x00,0x00,0x00,
    0x00,0x00,0x00,0x00,0x00,0x00,0x00,0x00,0x00,0x00,0x8B,0xFB,0x70,0x00,0x00,0x5C,0xF3,0xFF,0xFF,0xFF,0xFF,0xFF,0xFF,0xF7,0x60,0x00,0x00,0x8B,0xFB,0x70,0x00,0x00,0x00,0x00,0x00,0x00,0x00,0x00,0x00,0x00,
    0x00,0x00,0x00,0x00,0x00,0x0C,0x58,0x28,0x00,0x00,0xFB,0xFF,0xF3,0x00,0x00,0x00,0x2C,0xDB,0xFF,0xFF,0xFF,0xFF,0xE3,0x34,0x00,0x00,0x00,0xFF,0xFF,0xDF,0x00,0x00,0x34,0x54,0x04,0x00,0x00,0x00,0x00,0x00,
    0x00,0x00,0x00,0x00,0x00,0xBB,0xFF,0xFB,0x8C,0x10,0xC3,0xFF,0xFF,0x20,0x00,0x00,0x00,0x10,0xCB,0xFF,0xFF,0xDB,0x18,0x00,0x00,0x00,0x20,0xFF,0xFF,0xC3,0x10,0x8C,0xFB,0xFF,0x9B,0x00,0x00,0x00,0x00,0x00,
    0x00,0x00,0x00,0x00,0x00,0xF7,0xFF,0xFF,0xFF,0xEB,0xDB,0xFF,0xFF,0x40,0x00,0x00,0x00,0x00,0x9F,0xFF,0xFF,0xBF,0x00,0x00,0x00,0x00,0x40,0xFF,0xFF,0xDB,0xE7,0xFF,0xFF,0xFF,0xD7,0x00,0x00,0x00,0x00,0x00,
    0x00,0x00,0x00,0x00,0x00,0x70,0xFB,0xFF,0xFF,0xFF,0xFF,0xFF,0xFF,0x60,0x00,0x00,0x00,0x00,0x9F,0xFF,0xFF,0xBF,0x00,0x00,0x00,0x00,0x60,0xFF,0xFF,0xFF,0xFF,0xFF,0xFF,0xFB,0x58,0x00,0x00,0x00,0x00,0x00,
    0x00,0x00,0x00,0x00,0x00,0x00,0x24,0xB3,0xFF,0xFF,0xFF,0xFF,0xFF,0xBF,0x1C,0x00,0x00,0x00,0x9F,0xFF,0xFF,0xBF,0x00,0x00,0x00,0x18,0xBF,0xFF,0xFF,0xFF,0xFF,0xFF,0xB7,0x24,0x00,0x00,0x00,0x00,0x00,0x00,
    0x00,0x00,0x00,0x00,0x00,0x00,0x00,0x28,0xBF,0xFF,0xFF,0xFF,0xFF,0xFF,0xF7,0x80,0x08,0x00,0x9F,0xFF,0xFF,0xBF,0x00,0x04,0x78,0xEF,0xFF,0xFF,0xFF,0xFF,0xFF,0xBF,0x24,0x00,0x00,0x00,0x00,0x00,0x00,0x00,
    0x00,0x00,0x00,0x00,0x00,0x00,0x8C,0xFF,0xFF,0xFF,0xFF,0xFF,0xFF,0xFF,0xFF,0xFF,0xDF,0x58,0x9F,0xFF,0xFF,0xBF,0x48,0xDB,0xFF,0xFF,0xFF,0xFF,0xFF,0xFF,0xFF,0xFF,0xFF,0x6C,0x00,0x00,0x00,0x00,0x00,0x00,
    0x00,0x00,0x00,0x00,0x00,0x00,0xD7,0xFF,0xFF,0xF7,0xA7,0x50,0x98,0xFB,0xFF,0xFF,0xFF,0xFF,0xFB,0xFF,0xFF,0xFB,0xFF,0xFF,0xFF,0xFF,0xFF,0xA3,0x50,0xA7,0xF7,0xFF,0xFF,0xB7,0x00,0x00,0x00,0x00,0x00,0x00,
    0x00,0x00,0x00,0x00,0x00,0x00,0x40,0xBB,0x70,0x14,0x00,0x00,0x00,0x30,0xC3,0xFF,0xFF,0xFF,0xFF,0xFF,0xFF,0xFF,0xFF,0xFF,0xFF,0xCB,0x38,0x00,0x00,0x00,0x14,0x78,0xB7,0x2C,0x00,0x00,0x00,0x00,0x00,0x00,
    0x00,0x00,0x00,0x00,0x00,0x00,0x00,0x00,0x00,0x00,0x00,0x00,0x00,0x00,0x00,0x58,0xDF,0xFF,0xFF,0xFF,0xFF,0xFF,0xFF,0xEB,0x64,0x00,0x00,0x00,0x00,0x00,0x00,0x00,0x00,0x00,0x00,0x00,0x00,0x00,0x00,0x00,
    0x00,0x00,0x00,0x00,0x00,0x00,0x00,0x00,0x00,0x00,0x00,0x00,0x00,0x00,0x00,0x30,0xC3,0xFF,0xFF,0xFF,0xFF,0xFF,0xFF,0xCF,0x3C,0x00,0x00,0x00,0x00,0x00,0x00,0x00,0x00,0x00,0x00,0x00,0x00,0x00,0x00,0x00,
    0x00,0x00,0x00,0x00,0x00,0x00,0x58,0xDB,0x80,0x0C,0x00,0x00,0x00,0x18,0x9B,0xFB,0xFF,0xFF,0xFF,0xFF,0xFF,0xFF,0xFF,0xFF,0xFF,0xA3,0x1C,0x00,0x00,0x00,0x0C,0x90,0xD7,0x40,0x00,0x00,0x00,0x00,0x00,0x00,
    0x00,0x00,0x00,0x00,0x00,0x00,0xDB,0xFF,0xFF,0xF3,0x97,0x38,0x78,0xEF,0xFF,0xFF,0xFF,0xFF,0xFB,0xFF,0xFF,0xFB,0xFF,0xFF,0xFF,0xFF,0xF7,0x80,0x38,0x97,0xF3,0xFF,0xFF,0xBB,0x00,0x00,0x00,0x00,0x00,0x00,
    0x00,0x00,0x00,0x00,0x00,0x00,0x70,0xFF,0xFF,0xFF,0xFF,0xFF,0xFF,0xFF,0xFF,0xFF,0xE3,0x5C,0x9F,0xFF,0xFF,0xBF,0x4C,0xDB,0xFF,0xFF,0xFF,0xFF,0xFF,0xFF,0xFF,0xFF,0xFF,0x54,0x00,0x00,0x00,0x00,0x00,0x00,
    0x00,0x00,0x00,0x00,0x00,0x00,0x00,0x28,0xB7,0xFF,0xFF,0xFF,0xFF,0xFF,0xF7,0x80,0x08,0x00,0x9F,0xFF,0xFF,0xBF,0x00,0x08,0x78,0xEF,0xFF,0xFF,0xFF,0xFF,0xFF,0xB7,0x28,0x00,0x00,0x00,0x00,0x00,0x00,0x00,
    0x00,0x00,0x00,0x00,0x00,0x00,0x20,0x9B,0xFB,0xFF,0xFF,0xFF,0xFF,0xBF,0x1C,0x00,0x00,0x00,0x9F,0xFF,0xFF,0xBF,0x00,0x00,0x00,0x18,0xBB,0xFF,0xFF,0xFF,0xFF,0xFF,0x9F,0x1C,0x00,0x00,0x00,0x00,0x00,0x00,
    0x00,0x00,0x00,0x00,0x00,0x8C,0xFF,0xFF,0xFF,0xFF,0xFF,0xFF,0xFF,0x64,0x00,0x00,0x00,0x00,0x9F,0xFF,0xFF,0xBF,0x00,0x00,0x00,0x00,0x64,0xFF,0xFF,0xFF,0xFF,0xFF,0xFF,0xFF,0x6C,0x00,0x00,0x00,0x00,0x00,
    0x00,0x00,0x00,0x00,0x00,0xFB,0xFF,0xFF,0xFF,0xE3,0xD7,0xFF,0xFF,0x44,0x00,0x00,0x00,0x00,0xA7,0xFF,0xFF,0xB3,0x00,0x00,0x00,0x00,0x44,0xFF,0xFF,0xD7,0xDF,0xFF,0xFF,0xFF,0xDB,0x00,0x00,0x00,0x00,0x00,
    0x00,0x00,0x00,0x00,0x00,0xA3,0xFF,0xF7,0x80,0x08,0xC7,0xFF,0xFF,0x24,0x00,0x00,0x00,0x0C,0xD7,0xFF,0xFF,0xC3,0x08,0x00,0x00,0x00,0x24,0xFF,0xFF,0xC3,0x08,0x7C,0xF3,0xFF,0x84,0x00,0x00,0x00,0x00,0x00,
    0x00,0x00,0x00,0x00,0x00,0x04,0x38,0x14,0x00,0x00,0xFB,0xFF,0xEF,0x04,0x00,0x00,0x2C,0xD7,0xFF,0xFF,0xFF,0xFF,0xCF,0x24,0x00,0x00,0x04,0xFB,0xFF,0xDB,0x00,0x00,0x1C,0x34,0x00,0x00,0x00,0x00,0x00,0x00,
    0x00,0x00,0x00,0x00,0x00,0x00,0x00,0x00,0x00,0x00,0x70,0xDB,0x58,0x00,0x00,0x5C,0xF3,0xFF,0xFF,0xFF,0xFF,0xFF,0xFF,0xF3,0x58,0x00,0x00,0x70,0xDB,0x58,0x00,0x00,0x00,0x00,0x00,0x00,0x00,0x00,0x00,0x00,
    0x00,0x00,0x00,0x00,0x00,0x00,0x00,0x00,0x00,0x00,0x00,0x00,0x00,0x00,0x58,0xFF,0xFF,0xFF,0xFF,0xFF,0xFF,0xFF,0xFF,0xFF,0xFF,0x38,0x00,0x00,0x00,0x00,0x00,0x00,0x00,0x00,0x00,0x00,0x00,0x00,0x00,0x00,
    0x00,0x00,0x00,0x00,0x00,0x00,0x00,0x00,0x00,0x00,0x00,0x00,0x00,0x00,0x64,0xFF,0xFF,0xC7,0xD3,0xFF,0xFF,0xBB,0xCB,0xFF,0xFF,0x44,0x00,0x00,0x00,0x00,0x00,0x00,0x00,0x00,0x00,0x00,0x00,0x00,0x00,0x00,
    0x00,0x00,0x00,0x00,0x00,0x00,0x00,0x00,0x00,0x00,0x00,0x00,0x00,0x00,0x04,0x64,0x5C,0x04,0xBF,0xFF,0xFF,0x9F,0x04,0x68,0x58,0x00,0x00,0x00,0x00,0x00,0x00,0x00,0x00,0x00,0x00,0x00,0x00,0x00,0x00,0x00,
    0x00,0x00,0x00,0x00,0x00,0x00,0x00,0x00,0x00,0x00,0x00,0x00,0x00,0x00,0x00,0x00,0x00,0x00,0xBF,0xFF,0xFF,0x9F,0x00,0x00,0x00,0x00,0x00,0x00,0x00,0x00,0x00,0x00,0x00,0x00,0x00,0x00,0x00,0x00,0x00,0x00,
    0x00,0x00,0x00,0x00,0x00,0x00,0x00,0x00,0x00,0x00,0x00,0x00,0x00,0x00,0x00,0x00,0x00,0x00,0xB7,0xFF,0xFF,0x97,0x00,0x00,0x00,0x00,0x00,0x00,0x00,0x00,0x00,0x00,0x00,0x00,0x00,0x00,0x00,0x00,0x00,0x00,
    0x00,0x00,0x00,0x00,0x00,0x00,0x00,0x00,0x00,0x00,0x00,0x00,0x00,0x00,0x00,0x00,0x00,0x00,0x3C,0xEB,0xDF,0x28,0x00,0x00,0x00,0x00,0x00,0x00,0x00,0x00,0x00,0x00,0x00,0x00,0x00,0x00,0x00,0x00,0x00,0x00,
    0x00,0x00,0x00,0x00,0x00,0x00,0x00,0x00,0x00,0x00,0x00,0x00,0x00,0x00,0x00,0x00,0x00,0x00,0x00,0x00,0x00,0x00,0x00,0x00,0x00,0x00,0x00,0x00,0x00,0x00,0x00,0x00,0x00,0x00,0x00,0x00,0x00,0x00,0x00,0x00,
    0x00,0x00,0x00,0x00,0x00,0x00,0x00,0x00,0x00,0x00,0x00,0x00,0x00,0x00,0x00,0x00,0x00,0x00,0x00,0x00,0x00,0x00,0x00,0x00,0x00,0x00,0x00,0x00,0x00,0x00,0x00,0x00,0x00,0x00,0x00,0x00,0x00,0x00,0x00,0x00,
    0x00,0x00,0x00,0x00,0x00,0x00,0x00,0x00,0x00,0x00,0x00,0x00,0x00,0x00,0x00,0x00,0x00,0x00,0x00,0x00,0x00,0x00,0x00,0x00,0x00,0x00,0x00,0x00,0x00,0x00,0x00,0x00,0x00,0x00,0x00,0x00,0x00,0x00,0x00,0x00,
  },
  { // fan
    0x00,0x00,0x00,0x00,0x00,0x00,0x00,0x00,0x00,0x00,0x00,0x00,0x00,0x00,0x00,0x00,0x00,0x00,0x00,0x00,0x00,0x00,0x00,0x00,0x00,0x00,0x00,0x00,0x00,0x00,0x00,0x00,0x00,0x00,0x00,0x00,0x00,0x00,0x00,0x00,
    0x00,0x00,0x00,0x00,0x00,0x00,0x00,0x00,0x00,0x00,0x00,0x00,0x00,0x00,0x00,0x00,0x00,0x00,0x00,0x00,0x00,0x00,0x00,0x00,0x00,0x00,0x00,0x00,0x00,0x00,0x00,0x00,0x00,0x00,0x00,0x00,0x00,0x00,0x00,0x00,
    0x00,0x00,0x00,0x00,0x00,0x00,0x00,0x00,0x00,0x00,0x00,0x00,0x00,0x00,0x00,0x00,0x00,0x00,0x1C,0x6C,0x70,0x20,0x00,0x00,0x00,0x00,0x00,0x00,0x00,0x00,0x00,0x00,0x00,0x00,0x00,0x00,0x00,0x00,0x00,0x00,
    0x00,0x00,0x00,0x00,0x00,0x00,0x00,0x00,0x00,0x00,0x00,0x00,0x00,0x00,0x00,0x00,0x24,0xBF,0xFF,0xFF,0xFF,0xFF,0xBF,0x24,0x00,0x00,0x00,0x00,0x00,0x00,0x00,0x00,0x00,0x00,0x00,0x00,0x00,0x00,0x00,0x00,
    0x00,0x00,0x00,0x00,0x00,0x00,0x00,0x00,0x00,0x00,0x00,0x00,0x00,0x00,0x00,0x34,0xF3,0xFF,0xFF,0xFF,0xFF,0xFF,0xFF,0xF3,0x34,0x00,0x00,0x00,0x00,0x00,0x00,0x00,0x00,0x00,0x00,0x00,0x00,0x00,0x00,0x00,
    0x00,0x00,0x00,0x00,0x00,0x00,0x00,0x00,0x00,0x00,0x00,0x00,0x00,0x00,0x10,0xE7,0xFF,0xFF,0xFF,0xF3,0xF7,0xFF,0xFF,0xFF,0xE7,0x10,0x00,0x00,0x00,0x00,0x00,0x00,0x00,0x00,0x00,0x00,0x00,0x00,0x00,0x00,
    0x00,0x00,0x00,0x00,0x00,0x00,0x00,0x00,0x00,0x00,0x00,0x00,0x00,0x00,0x74,0xFF,0xFF,0xFF,0x98,0x18,0x18,0x98,0xFF,0xFF,0xFF,0x74,0x00,0x00,0x00,0x00,0x00,0x00,0x00,0x00,0x00,0x00,0x00,0x00,0x00,0x00,
    0x00,0x00,0x00,0x00,0x00,0x00,0x00,0x00,0x00,0x00,0x00,0x00,0x00,0x00,0xCF,0xFF,0xFF,0xC3,0x00,0x00,0x00,0x00,0xC3,0xFF,0xFF,0xCF,0x00,0x00,0x00,0x00,0x00,0x00,0x00,0x00,0x00,0x00,0x00,0x00,0x00,0x00,
    0x00,0x00,0x00,0x00,0x00,0x00,0x00,0x00,0x00,0x00,0x00,0x00,0x00,0x00,0xD7,0xFF,0xFF,0x80,0x00,0x00,0x00,0x00,0x7C,0xFF,0xFF,0xEF,0x00,0x00,0x00,0x00,0x00,0x00,0x00,0x00,0x00,0x00,0x00,0x00,0x00,0x00,
    0x00,0x00,0x00,0x00,0x00,0x00,0x00,0x00,0x00,0x00,0x00,0x00,0x00,0x00,0xE7,0xFF,0xEB,0x7C,0x00,0x00,0x00,0x00,0x84,0xFF,0xFF,0xEB,0x00,0x00,0x00,0x00,0x00,0x00,0x00,0x00,0x00,0x00,0x00,0x00,0x00,0x00,
    0x00,0x00,0x00,0x00,0x00,0x00,0x00,0x00,0x00,0x00,0x00,0x00,0x00,0x00,0xC7,0xFF,0xFF,0xBB,0x00,0x00,0x00,0x00,0xBB,0xFF,0xFF,0xCB,0x00,0x00,0x00,0x00,0x00,0x00,0x00,0x00,0x00,0x00,0x00,0x00,0x00,0x00,
    0x00,0x00,0x00,0x00,0x00,0x00,0x00,0x00,0x00,0x00,0x00,0x00,0x00,0x00,0x80,0xFF,0xFF,0xFF,0x30,0x00,0x00,0x30,0xFF,0xFF,0xFF,0x80,0x00,0x00,0x00,0x00,0x00,0x00,0x00,0x00,0x00,0x00,0x00,0x00,0x00,0x00,
    0x00,0x00,0x00,0x00,0x00,0x00,0x00,0x00,0x00,0x00,0x00,0x00,0x00,0x00,0x18,0xFB,0xFF,0xFF,0xBB,0x00,0x00,0xBB,0xFF,0xFF,0xFB,0x18,0x00,0x00,0x00,0x00,0x00,0x00,0x00,0x00,0x00,0x00,0x00,0x00,0x00,0x00,
    0x00,0x00,0x00,0x00,0x00,0x00,0x00,0x00,0x00,0x00,0x00,0x00,0x00,0x00,0x00,0x98,0xFF,0xFF,0xFF,0x90,0x90,0xFF,0xFF,0xFF,0x98,0x00,0x00,0x00,0x00,0x00,0x00,0x00,0x00,0x00,0x00,0x00,0x00,0x00,0x00,0x00,
    0x00,0x00,0x00,0x00,0x00,0x00,0x00,0x00,0x00,0x00,0x00,0x00,0x00,0x00,0x00,0x0C,0xD3,0xFF,0xFF,0xFF,0xFF,0xFF,0xFF,0xD3,0x0C,0x00,0x00,0x00,0x00,0x00,0x00,0x00,0x00,0x00,0x00,0x00,0x00,0x00,0x00,0x00,
    0x00,0x00,0x00,0x00,0x00,0x00,0x00,0x00,0x00,0x00,0x00,0x00,0x00,0x00,0x00,0x00,0x30,0xFF,0xFF,0xFF,0xFF,0xFF,0xFF,0x30,0x00,0x00,0x00,0x00,0x00,0x00,0x00,0x00,0x00,0x00,0x00,0x00,0x00,0x00,0x00,0x00,
    0x00,0x00,0x00,0x00,0x00,0x00,0x00,0x00,0x00,0x00,0x00,0x00,0x00,0x00,0x00,0x08,0xB7,0xFF,0xFF,0xFF,0xFF,0xFF,0xFF,0xB3,0x08,0x00,0x00,0x00,0x00,0x00,0x00,0x00,0x00,0x00,0x00,0x00,0x00,0x00,0x00,0x00,
    0x00,0x00,0x00,0x00,0x00,0x00,0x00,0x00,0x00,0x00,0x00,0x00,0x00,0x00,0x00,0x88,0xFF,0xF7,0xF3,0xFF,0xFB,0xEB,0xF7,0xFF,0x88,0x00,0x00,0x00,0x00,0x00,0x00,0x00,0x00,0x00,0x00,0x00,0x00,0x00,0x00,0x00,
    0x00,0x00,0x00,0x00,0x00,0x00,0x00,0x00,0x00,0x00,0x00,0x00,0x00,0x00,0x00,0xE7,0xFF,0xEF,0xD3,0x44,0x4C,0xD3,0xEF,0xFF,0xE7,0x00,0x00,0x00,0x00,0x00,0x00,0x00,0x00,0x00,0x00,0x00,0x00,0x00,0x00,0x00,
    0x00,0x00,0x00,0x00,0x00,0x00,0x00,0x00,0x1C,0x64,0x97,0xB7,0xBF,0xAF,0x80,0xFF,0xFF,0xF3,0x50,0x00,0x00,0x50,0xFF,0xFF,0xFF,0x84,0xAF,0xBF,0xB7,0x97,0x64,0x1C,0x00,0x00,0x00,0x00,0x00,0x00,0x00,0x00,
    0x00,0x00,0x00,0x00,0x00,0x00,0x10,0xA7,0xFF,0xFF,0xFF,0xFF,0xFF,0xFF,0xFF,0xFF,0xFF,0xFF,0x50,0x00,0x00,0x50,0xFF,0xFF,0xFF,0xFF,0xFF,0xFF,0xFF,0xFF,0xFF,0xFF,0xA7,0x10,0x00,0x00,0x00,0x00,0x00,0x00,
    0x00,0x00,0x00,0x00,0x00,0x18,0xD7,0xFF,0xFF,0xFF,0xFF,0xFF,0xFF,0xFF,0xFF,0xFF,0xFF,0xFF,0xD3,0x44,0x4C,0xD7,0xFF,0xFF,0xFF,0xFF,0xFF,0xFF,0xFF,0xFF,0xFF,0xFF,0xFF,0xD7,0x18,0x00,0x00,0x00,0x00,0x00,
    0x00,0x00,0x00,0x00,0x04,0xCB,0xFF,0xFF,0xFF,0xFF,0xD3,0xA7,0x9F,0xB3,0xCF,0xFF,0xFF,0xFF,0xF7,0xFF,0xFB,0xEB,0xFF,0xFF,0xFF,0xCF,0xB3,0x9F,0xA7,0xD3,0xFF,0xFF,0xFF,0xFF,0xCB,0x04,0x00,0x00,0x00,0x00,
    0x00,0x00,0x00,0x00,0x58,0xFF,0xFF,0xFF,0xB3,0x24,0x00,0x00,0x00,0x00,0x74,0xFF,0xFF,0xFF,0xFF,0xFF,0xFF,0xFF,0xFF,0xFF,0xFF,0x74,0x00,0x00,0x00,0x00,0x24,0xB3,0xFF,0xFF,0xFF,0x58,0x00,0x00,0x00,0x00,
    0x00,0x00,0x00,0x00,0xAB,0xFF,0xFF,0xE7,0x08,0x00,0x00,0x00,0x00,0x00,0xB3,0xFF,0xFF,0xEF,0xEB,0xFF,0xFF,0xEB,0xEF,0xFF,0xFF,0xB3,0x00,0x00,0x00,0x00,0x00,0x08,0xE7,0xFF,0xFF,0xAB,0x00,0x00,0x00,0x00,
    0x00,0x00,0x00,0x00,0xBF,0xFF,0xEF,0x7F,0x00,0x00,0x00,0x00,0x00,0x30,0xF3,0xFF,0xFF,0x84,0x00,0x20,0x20,0x00,0x84,0xFF,0xFF,0xF3,0x30,0x00,0x00,0x00,0x00,0x00,0x7F,0xEF,0xFF,0xBF,0x00,0x00,0x00,0x00,
    0x00,0x00,0x00,0x00,0xBF,0xFF,0xF7,0xA7,0x00,0x00,0x00,0x00,0x0C,0xCB,0xFF,0xFF,0xE7,0x24,0x00,0x00,0x00,0x00,0x24,0xE7,0xFF,0xFF,0xCB,0x0C,0x00,0x00,0x00,0x00,0xA7,0xF7,0xFF,0xBF,0x00,0x00,0x00,0x00,
    0x00,0x00,0x00,0x00,0x93,0xFF,0xFF,0xF3,0x44,0x00,0x00,0x30,0xC7,0xFF,0xFF,0xFF,0x80,0x00,0x00,0x00,0x00,0x00,0x00,0x80,0xFF,0xFF,0xFF,0xC7,0x30,0x00,0x00,0x44,0xF3,0xFF,0xFF,0x93,0x00,0x00,0x00,0x00,
    0x00,0x00,0x00,0x00,0x3C,0xFF,0xFF,0xFF,0xFF,0xDB,0xBB,0xFF,0xFF,0xFF,0xFF,0xBF,0x04,0x00,0x00,0x00,0x00,0x00,0x00,0x04,0xBF,0xFF,0xFF,0xFF,0xFF,0xBB,0xDB,0xFF,0xFF,0xFF,0xFF,0x3C,0x00,0x00,0x00,0x00,
    0x00,0x00,0x00,0x00,0x00,0x70,0xFF,0xFF,0xFF,0xFF,0xFF,0xFF,0xFF,0xFF,0xBB,0x10,0x00,0x00,0x00,0x00,0x00,0x00,0x00,0x00,0x10,0xBF,0xFF,0xFF,0xFF,0xFF,0xFF,0xFF,0xFF,0xFF,0x70,0x00,0x00,0x00,0x00,0x00,
    0x00,0x00,0x00,0x00,0x00,0x00,0x58,0xE7,0xFF,0xFF,0xFF,0xFF,0xFB,0x8F,0x04,0x00,0x00,0x00,0x00,0x00,0x00,0x00,0x00,0x00,0x00,0x04,0x8F,0xFB,0xFF,0xFF,0xFF,0xFF,0xE7,0x58,0x00,0x00,0x00,0x00,0x00,0x00,
    0x00,0x00,0x00,0x00,0x00,0x00,0x00,0x10,0x5C,0x8C,0x90,0x64,0x24,0x00,0x00,0x00,0x00,0x00,0x00,0x00,0x00,0x00,0x00,0x00,0x00,0x00,0x00,0x24,0x64,0x90,0x8C,0x5C,0x10,0x00,0x00,0x00,0x00,0x00,0x00,0x00,
    0x00,0x00,0x00,0x00,0x00,0x00,0x00,0x00,0x00,0x00,0x00,0x00,0x00,0x00,0x00,0x00,0x00,0x00,0x00,0x00,0x00,0x00,0x00,0x00,0x00,0x00,0x00,0x00,0x00,0x00,0x00,0x00,0x00,0x00,0x00,0x00,0x00,0x00,0x00,0x00,
    0x00,0x00,0x00,0x00,0x00,0x00,0x00,0x00,0x00,0x00,0x00,0x00,0x00,0x00,0x00,0x00,0x00,0x00,0x00,0x00,0x00,0x00,0x00,0x00,0x00,0x00,0x00,0x00,0x00,0x00,0x00,0x00,0x00,0x00,0x00,0x00,0x00,0x00,0x00,0x00,
    0x00,0x00,0x00,0x00,0x00,0x00,0x00,0x00,0x00,0x00,0x00,0x00,0x00,0x00,0x00,0x00,0x00,0x00,0x00,0x00,0x00,0x00,0x00,0x00,0x00,0x00,0x00,0x00,0x00,0x00,0x00,0x00,0x00,0x00,0x00,0x00,0x00,0x00,0x00,0x00,
    0x00,0x00,0x00,0x00,0x00,0x00,0x00,0x00,0x00,0x00,0x00,0x00,0x00,0x00,0x00,0x00,0x00,0x00,0x00,0x00,0x00,0x00,0x00,0x00,0x00,0x00,0x00,0x00,0x00,0x00,0x00,0x00,0x00,0x00,0x00,0x00,0x00,0x00,0x00,0x00,
    0x00,0x00,0x00,0x00,0x00,0x00,0x00,0x00,0x00,0x00,0x00,0x00,0x00,0x00,0x00,0x00,0x00,0x00,0x00,0x00,0x00,0x00,0x00,0x00,0x00,0x00,0x00,0x00,0x00,0x00,0x00,0x00,0x00,0x00,0x00,0x00,0x00,0x00,0x00,0x00,
    0x00,0x00,0x00,0x00,0x00,0x00,0x00,0x00,0x00,0x00,0x00,0x00,0x00,0x00,0x00,0x00,0x00,0x00,0x00,0x00,0x00,0x00,0x00,0x00,0x00,0x00,0x00,0x00,0x00,0x00,0x00,0x00,0x00,0x00,0x00,0x00,0x00,0x00,0x00,0x00,
    0x00,0x00,0x00,0x00,0x00,0x00,0x00,0x00,0x00,0x00,0x00,0x00,0x00,0x00,0x00,0x00,0x00,0x00,0x00,0x00,0x00,0x00,0x00,0x00,0x00,0x00,0x00,0x00,0x00,0x00,0x00,0x00,0x00,0x00,0x00,0x00,0x00,0x00,0x00,0x00,
    0x00,0x00,0x00,0x00,0x00,0x00,0x00,0x00,0x00,0x00,0x00,0x00,0x00,0x00,0x00,0x00,0x00,0x00,0x00,0x00,0x00,0x00,0x00,0x00,0x00,0x00,0x00,0x00,0x00,0x00,0x00,0x00,0x00,0x00,0x00,0x00,0x00,0x00,0x00,0x00,
  },
  { // thermo
    0x00,0x00,0x00,0x00,0x00,0x00,0x00,0x00,0x00,0x00,0x00,0x00,0x00,0x00,0x00,0x00,0x00,0x00,0x00,0x00,0x00,0x00,0x00,0x00,0x00,0x00,0x00,0x00,0x00,0x00,0x00,0x00,0x00,0x00,0x00,0x00,0x00,0x00,0x00,0x00,
    0x00,0x00,0x00,0x00,0x00,0x00,0x00,0x00,0x00,0x00,0x00,0x00,0x00,0x00,0x00,0x00,0x00,0x00,0x00,0x00,0x00,0x00,0x00,0x00,0x00,0x00,0x00,0x00,0x00,0x00,0x00,0x00,0x00,0x00,0x00,0x00,0x00,0x00,0x00,0x00,
    0x00,0x00,0x00,0x00,0x00,0x00,0x00,0x00,0x00,0x00,0x00,0x00,0x00,0x00,0x00,0x00,0x00,0x00,0x00,0x20,0x20,0x00,0x00,0x00,0x00,0x00,0x00,0x00,0x00,0x00,0x00,0x00,0x00,0x00,0x00,0x00,0x00,0x00,0x00,0x00,
    0x00,0x00,0x00,0x00,0x00,0x00,0x00,0x00,0x00,0x00,0x00,0x00,0x00,0x00,0x00,0x00,0x10,0x90,0xF3,0xFF,0xFF,0xF3,0x90,0x10,0x00,0x00,0x00,0x00,0x00,0x00,0x00,0x00,0x00,0x00,0x00,0x00,0x00,0x00,0x00,0x00,
    0x00,0x00,0x00,0x00,0x00,0x00,0x00,0x00,0x00,0x00,0x00,0x00,0x00,0x00,0x00,0x10,0xCF,0xFF,0xFF,0xFF,0xFF,0xFF,0xFF,0xCF,0x10,0x00,0x00,0x00,0x00,0x00,0x00,0x00,0x00,0x00,0x00,0x00,0x00,0x00,0x00,0x00,
    0x00,0x00,0x00,0x00,0x00,0x00,0x00,0x00,0x00,0x00,0x00,0x00,0x00,0x00,0x00,0xBB,0xFF,0xFB,0xF7,0xFF,0xFF,0xF7,0xFB,0xFF,0xBB,0x00,0x00,0x00,0x00,0x00,0x00,0x00,0x00,0x00,0x00,0x00,0x00,0x00,0x00,0x00,
    0x00,0x00,0x00,0x00,0x00,0x00,0x00,0x00,0x00,0x00,0x00,0x00,0x00,0x00,0x24,0xFF,0xFF,0xE3,0xC3,0x50,0x50,0xC3,0xE3,0xFF,0xFF,0x24,0x00,0x00,0x00,0x00,0x00,0x00,0x00,0x00,0x00,0x00,0x00,0x00,0x00,0x00,
    0x00,0x00,0x00,0x00,0x00,0x00,0x00,0x00,0x00,0x00,0x00,0x00,0x00,0x00,0x68,0xFF,0xEB,0xEF,0x10,0x00,0x00,0x10,0xEF,0xEB,0xFF,0x68,0x00,0x00,0x00,0x00,0x00,0x00,0x00,0x00,0x00,0x00,0x00,0x00,0x00,0x00,
    0x00,0x00,0x00,0x00,0x00,0x00,0x00,0x00,0x00,0x00,0x00,0x00,0x00,0x00,0x80,0xFF,0xFF,0xDF,0x00,0x00,0x00,0x00,0xDF,0xFF,0xFF,0x80,0x00,0x00,0x00,0x00,0x00,0x00,0x00,0x00,0x00,0x00,0x00,0x00,0x00,0x00,
    0x00,0x00,0x00,0x00,0x00,0x00,0x00,0x00,0x00,0x00,0x00,0x00,0x00,0x00,0x80,0xFF,0xFF,0xDF,0x00,0x00,0x00,0x00,0xDF,0xFF,0xFF,0x80,0x00,0x00,0x00,0x00,0x00,0x00,0x00,0x00,0x00,0x00,0x00,0x00,0x00,0x00,
    0x00,0x00,0x00,0x00,0x00,0x00,0x00,0x00,0x00,0x00,0x00,0x00,0x00,0x00,0x80,0xFF,0xFF,0xDF,0x00,0x00,0x00,0x00,0xDF,0xFF,0xFF,0x80,0x00,0x00,0x00,0x00,0x00,0x00,0x00,0x00,0x00,0x00,0x00,0x00,0x00,0x00,
    0x00,0x00,0x00,0x00,0x00,0x00,0x00,0x00,0x00,0x00,0x00,0x00,0x00,0x00,0x80,0xFF,0xFF,0xDF,0x00,0x00,0x00,0x00,0xDF,0xFF,0xFF,0x80,0x00,0x00,0x00,0x00,0x00,0x00,0x00,0x00,0x00,0x00,0x00,0x00,0x00,0x00,
    0x00,0x00,0x00,0x00,0x00,0x00,0x00,0x00,0x00,0x00,0x00,0x00,0x00,0x00,0x80,0xFF,0xFF,0xDF,0x00,0x00,0x00,0x00,0xDF,0xFF,0xFF,0x80,0x00,0x18,0x78,0x60,0x60,0x60,0x60,0x64,0x74,0x0C,0x00,0x00,0x00,0x00,
    0x00,0x00,0x00,0x00,0x00,0x00,0x00,0x00,0x00,0x00,0x00,0x00,0x00,0x00,0x80,0xFF,0xFF,0xDF,0x00,0x00,0x00,0x00,0xDF,0xFF,0xFF,0x80,0x00,0xBF,0xFF,0xFF,0xFF,0xFF,0xFF,0xFF,0xFF,0x9F,0x00,0x00,0x00,0x00,
    0x00,0x00,0x00,0x00,0x00,0x00,0x00,0x00,0x00,0x00,0x00,0x00,0x00,0x00,0x80,0xFF,0xFF,0xDF,0x00,0x00,0x00,0x00,0xDF,0xFF,0xFF,0x80,0x00,0xBF,0xFF,0xFF,0xFF,0xFF,0xFF,0xFF,0xFF,0x9F,0x00,0x00,0x00,0x00,
    0x00,0x00,0x00,0x00,0x00,0x00,0x00,0x00,0x00,0x00,0x00,0x00,0x00,0x00,0x80,0xFF,0xFF,0xDF,0x00,0x00,0x00,0x00,0xDF,0xFF,0xFF,0x80,0x00,0x18,0x84,0x9F,0x9F,0x9F,0x9F,0x9F,0x80,0x0C,0x00,0x00,0x00,0x00,
    0x00,0x00,0x00,0x00,0x00,0x00,0x00,0x00,0x00,0x00,0x00,0x00,0x00,0x00,0x80,0xFF,0xFF,0xDF,0x00,0x00,0x00,0x00,0xDF,0xFF,0xFF,0x80,0x00,0x00,0x00,0x00,0x00,0x00,0x00,0x00,0x00,0x00,0x00,0x00,0x00,0x00,
    0x00,0x00,0x00,0x00,0x00,0x00,0x00,0x00,0x00,0x00,0x00,0x00,0x00,0x00,0x80,0xFF,0xFF,0xDF,0x00,0x00,0x00,0x00,0xDF,0xFF,0xFF,0x80,0x00,0x00,0x00,0x00,0x00,0x00,0x00,0x00,0x00,0x00,0x00,0x00,0x00,0x00,
    0x00,0x00,0x00,0x00,0x00,0x00,0x00,0x00,0x00,0x00,0x00,0x00,0x00,0x00,0x80,0xFF,0xFF,0xDF,0x00,0x00,0x00,0x00,0xDF,0xFF,0xFF,0x80,0x00,0x18,0x78,0x60,0x60,0x60,0x60,0x64,0x74,0x0C,0x00,0x00,0x00,0x00,
    0x00,0x00,0x00,0x00,0x00,0x00,0x00,0x00,0x00,0x00,0x00,0x00,0x00,0x00,0x80,0xFF,0xFF,0xDF,0x00,0x00,0x00,0x00,0xDF,0xFF,0xFF,0x80,0x00,0xBF,0xFF,0xFF,0xFF,0xFF,0xFF,0xFF,0xFF,0x9F,0x00,0x00,0x00,0x00,
    0x00,0x00,0x00,0x00,0x00,0x00,0x00,0x00,0x00,0x00,0x00,0x00,0x00,0x00,0x80,0xFF,0xFF,0xDF,0x00,0x00,0x00,0x00,0xDF,0xFF,0xFF,0x80,0x00,0xBF,0xFF,0xFF,0xFF,0xFF,0xFF,0xFF,0xFF,0x9F,0x00,0x00,0x00,0x00,
    0x00,0x00,0x00,0x00,0x00,0x00,0x00,0x00,0x00,0x00,0x00,0x00,0x00,0x00,0x80,0xFF,0xFF,0xDF,0x00,0x00,0x00,0x00,0xDF,0xFF,0xFF,0x80,0x00,0x18,0x84,0x9F,0x9F,0x9F,0x9F,0x9F,0x80,0x0C,0x00,0x00,0x00,0x00,
    0x00,0x00,0x00,0x00,0x00,0x00,0x00,0x00,0x00,0x00,0x00,0x00,0x00,0x00,0x80,0xFF,0xFF,0xDF,0x00,0x00,0x00,0x00,0xDF,0xFF,0xFF,0x80,0x00,0x00,0x00,0x00,0x00,0x00,0x00,0x00,0x00,0x00,0x00,0x00,0x00,0x00,
    0x00,0x00,0x00,0x00,0x00,0x00,0x00,0x00,0x00,0x00,0x00,0x00,0x00,0x14,0xD7,0xFF,0xFF,0xDF,0x00,0x00,0x00,0x00,0xDF,0xFF,0xFF,0xD7,0x14,0x00,0x00,0x00,0x00,0x00,0x00,0x00,0x00,0x00,0x00,0x00,0x00,0x00,
    0x00,0x00,0x00,0x00,0x00,0x00,0x00,0x00,0x00,0x00,0x00,0x00,0x0C,0xCB,0xFF,0xFF,0xFF,0xC3,0x00,0x00,0x00,0x00,0xC3,0xFF,0xFF,0xFF,0xCB,0x0C,0x00,0x00,0x00,0x00,0x00,0x00,0x00,0x00,0x00,0x00,0x00,0x00,
    0x00,0x00,0x00,0x00,0x00,0x00,0x00,0x00,0x00,0x00,0x00,0x00,0x94,0xFF,0xFF,0xF7,0xEB,0x3C,0x00,0x00,0x00,0x00,0x44,0xEB,0xEF,0xFF,0xFF,0x94,0x00,0x00,0x00,0x00,0x00,0x00,0x00,0x00,0x00,0x00,0x00,0x00,
    0x00,0x00,0x00,0x00,0x00,0x00,0x00,0x00,0x00,0x00,0x00,0x18,0xFB,0xFF,0xFF,0xAF,0x0C,0x00,0x00,0x2C,0x2C,0x00,0x00,0x0C,0xAF,0xFF,0xFF,0xFB,0x18,0x00,0x00,0x00,0x00,0x00,0x00,0x00,0x00,0x00,0x00,0x00,
    0x00,0x00,0x00,0x00,0x00,0x00,0x00,0x00,0x00,0x00,0x00,0x74,0xFF,0xFF,0xFF,0x30,0x00,0x20,0xCF,0xFF,0xFF,0xCF,0x20,0x00,0x30,0xFF,0xFF,0xFF,0x74,0x00,0x00,0x00,0x00,0x00,0x00,0x00,0x00,0x00,0x00,0x00,
    0x00,0x00,0x00,0x00,0x00,0x00,0x00,0x00,0x00,0x00,0x00,0xBF,0xFF,0xFF,0xB3,0x00,0x00,0xCF,0xFF,0xFF,0xFF,0xFF,0xCF,0x00,0x00,0xB3,0xFF,0xFF,0xBF,0x00,0x00,0x00,0x00,0x00,0x00,0x00,0x00,0x00,0x00,0x00,
    0x00,0x00,0x00,0x00,0x00,0x00,0x00,0x00,0x00,0x00,0x00,0xCF,0xFF,0xFF,0x8C,0x00,0x2C,0xFF,0xFF,0xFF,0xFF,0xFF,0xFF,0x2C,0x00,0x8C,0xFF,0xFF,0xCF,0x00,0x00,0x00,0x00,0x00,0x00,0x00,0x00,0x00,0x00,0x00,
    0x00,0x00,0x00,0x00,0x00,0x00,0x00,0x00,0x00,0x00,0x00,0xCF,0xFF,0xEF,0x70,0x00,0x2C,0xFF,0xFF,0xFF,0xFF,0xFF,0xFF,0x2C,0x00,0x70,0xEF,0xFF,0xCF,0x00,0x00,0x00,0x00,0x00,0x00,0x00,0x00,0x00,0x00,0x00,
    0x00,0x00,0x00,0x00,0x00,0x00,0x00,0x00,0x00,0x00,0x00,0xA7,0xFF,0xFB,0xB7,0x00,0x00,0xCF,0xFF,0xFF,0xFF,0xFF,0xCF,0x00,0x00,0xB7,0xFB,0xFF,0xA7,0x00,0x00,0x00,0x00,0x00,0x00,0x00,0x00,0x00,0x00,0x00,
    0x00,0x00,0x00,0x00,0x00,0x00,0x00,0x00,0x00,0x00,0x00,0x78,0xFF,0xFF,0xFF,0x2C,0x00,0x20,0xCF,0xFF,0xFF,0xCF,0x20,0x00,0x2C,0xFF,0xFF,0xFF,0x78,0x00,0x00,0x00,0x00,0x00,0x00,0x00,0x00,0x00,0x00,0x00,
    0x00,0x00,0x00,0x00,0x00,0x00,0x00,0x00,0x00,0x00,0x00,0x24,0xFB,0xFF,0xFB,0xBF,0x04,0x00,0x00,0x2C,0x2C,0x00,0x00,0x04,0xBF,0xFB,0xFF,0xFB,0x24,0x00,0x00,0x00,0x00,0x00,0x00,0x00,0x00,0x00,0x00,0x00,
    0x00,0x00,0x00,0x00,0x00,0x00,0x00,0x00,0x00,0x00,0x00,0x00,0x94,0xFF,0xFF,0xFF,0x9C,0x24,0x00,0x00,0x00,0x00,0x24,0x9C,0xFF,0xFF,0xFF,0x90,0x00,0x00,0x00,0x00,0x00,0x00,0x00,0x00,0x00,0x00,0x00,0x00,
    0x00,0x00,0x00,0x00,0x00,0x00,0x00,0x00,0x00,0x00,0x00,0x00,0x10,0xD3,0xFF,0xFF,0xFF,0xF7,0xB7,0x84,0x84,0xB7,0xF7,0xFF,0xFF,0xFF,0xD3,0x10,0x00,0x00,0x00,0x00,0x00,0x00,0x00,0x00,0x00,0x00,0x00,0x00,
    0x00,0x00,0x00,0x00,0x00,0x00,0x00,0x00,0x00,0x00,0x00,0x00,0x00,0x18,0xCF,0xFF,0xFF,0xFF,0xFF,0xFF,0xFF,0xFF,0xFF,0xFF,0xFF,0xCB,0x18,0x00,0x00,0x00,0x00,0x00,0x00,0x00,0x00,0x00,0x00,0x00,0x00,0x00,
    0x00,0x00,0x00,0x00,0x00,0x00,0x00,0x00,0x00,0x00,0x00,0x00,0x00,0x00,0x08,0x9B,0xFF,0xFF,0xFF,0xFF,0xFF,0xFF,0xFF,0xFF,0x9B,0x08,0x00,0x00,0x00,0x00,0x00,0x00,0x00,0x00,0x00,0x00,0x00,0x00,0x00,0x00,
    0x00,0x00,0x00,0x00,0x00,0x00,0x00,0x00,0x00,0x00,0x00,0x00,0x00,0x00,0x00,0x00,0x24,0x78,0xBB,0xDB,0xDB,0xBB,0x78,0x24,0x00,0x00,0x00,0x00,0x00,0x00,0x00,0x00,0x00,0x00,0x00,0x00,0x00,0x00,0x00,0x00,
    0x00,0x00,0x00,0x00,0x00,0x00,0x00,0x00,0x00,0x00,0x00,0x00,0x00,0x00,0x00,0x00,0x00,0x00,0x00,0x00,0x00,0x00,0x00,0x00,0x00,0x00,0x00,0x00,0x00,0x00,0x00,0x00,0x00,0x00,0x00,0x00,0x00,0x00,0x00,0x00,
  },
  { // water
    0x00,0x00,0x00,0x00,0x00,0x00,0x00,0x00,0x00,0x00,0x00,0x00,0x00,0x00,0x00,0x00,0x00,0x00,0x00,0x00,0x00,0x00,0x00,0x00,0x00,0x00,0x00,0x00,0x00,0x00,0x00,0x00,0x00,0x00,0x00,0x00,0x00,0x00,0x00,0x00,
    0x00,0x00,0x00,0x00,0x00,0x00,0x00,0x00,0x00,0x00,0x00,0x00,0x00,0x00,0x00,0x00,0x00,0x00,0x18,0xAB,0x9F,0x0C,0x00,0x00,0x00,0x00,0x00,0x00,0x00,0x00,0x00,0x00,0x00,0x00,0x00,0x00,0x00,0x00,0x00,0x00,
    0x00,0x00,0x00,0x00,0x00,0x00,0x00,0x00,0x00,0x00,0x00,0x00,0x00,0x00,0x00,0x00,0x00,0x00,0xBB,0xFF,0xFF,0xA3,0x00,0x00,0x00,0x00,0x00,0x00,0x00,0x00,0x00,0x00,0x00,0x00,0x00,0x00,0x00,0x00,0x00,0x00,
    0x00,0x00,0x00,0x00,0x00,0x00,0x00,0x00,0x00,0x00,0x00,0x00,0x00,0x00,0x00,0x00,0x00,0x68,0xFF,0xFF,0xFF,0xFF,0x68,0x00,0x00,0x00,0x00,0x00,0x00,0x00,0x00,0x00,0x00,0x00,0x00,0x00,0x00,0x00,0x00,0x00,
    0x00,0x00,0x00,0x00,0x00,0x00,0x00,0x00,0x00,0x00,0x00,0x00,0x00,0x00,0x00,0x00,0x28,0xF3,0xFF,0xFF,0xFF,0xFF,0xF3,0x28,0x00,0x00,0x00,0x00,0x00,0x00,0x00,0x00,0x00,0x00,0x00,0x00,0x00,0x00,0x00,0x00,
    0x00,0x00,0x00,0x00,0x00,0x00,0x00,0x00,0x00,0x00,0x00,0x00,0x00,0x00,0x00,0x04,0xCF,0xFF,0xFF,0xFF,0xFF,0xFF,0xFF,0xCF,0x04,0x00,0x00,0x00,0x00,0x00,0x00,0x00,0x00,0x00,0x00,0x00,0x00,0x00,0x00,0x00,
    0x00,0x00,0x00,0x00,0x00,0x00,0x00,0x00,0x00,0x00,0x00,0x00,0x00,0x00,0x00,0x8C,0xFF,0xFF,0xFF,0xBF,0xBF,0xFF,0xFF,0xFF,0x8C,0x00,0x00,0x00,0x00,0x00,0x00,0x00,0x00,0x00,0x00,0x00,0x00,0x00,0x00,0x00,
    0x00,0x00,0x00,0x00,0x00,0x00,0x00,0x00,0x00,0x00,0x00,0x00,0x00,0x00,0x44,0xFF,0xFF,0xFF,0xEF,0x1C,0x1C,0xEF,0xFF,0xFF,0xFF,0x44,0x00,0x00,0x00,0x00,0x00,0x00,0x00,0x00,0x00,0x00,0x00,0x00,0x00,0x00,
    0x00,0x00,0x00,0x00,0x00,0x00,0x00,0x00,0x00,0x00,0x00,0x00,0x00,0x14,0xE3,0xFF,0xFF,0xFF,0x54,0x00,0x00,0x54,0xFF,0xFF,0xFF,0xE3,0x14,0x00,0x00,0x00,0x00,0x00,0x00,0x00,0x00,0x00,0x00,0x00,0x00,0x00,
    0x00,0x00,0x00,0x00,0x00,0x00,0x00,0x00,0x00,0x00,0x00,0x00,0x00,0xAF,0xFF,0xFF,0xFF,0x9B,0x00,0x00,0x00,0x00,0x9B,0xFF,0xFF,0xFF,0xAF,0x00,0x00,0x00,0x00,0x00,0x00,0x00,0x00,0x00,0x00,0x00,0x00,0x00,
    0x00,0x00,0x00,0x00,0x00,0x00,0x00,0x00,0x00,0x00,0x00,0x00,0x30,0xFB,0xFF,0xFF,0xDB,0x0C,0x00,0x00,0x00,0x00,0x0C,0xDB,0xFF,0xFF,0xFB,0x30,0x00,0x00,0x00,0x00,0x00,0x00,0x00,0x00,0x00,0x00,0x00,0x00,
    0x00,0x00,0x00,0x00,0x00,0x00,0x00,0x00,0x00,0x00,0x00,0x08,0xC7,0xFF,0xFF,0xFB,0x34,0x00,0x00,0x00,0x00,0x00,0x00,0x34,0xFB,0xFF,0xFF,0xC7,0x08,0x00,0x00,0x00,0x00,0x00,0x00,0x00,0x00,0x00,0x00,0x00,
    0x00,0x00,0x00,0x00,0x00,0x00,0x00,0x00,0x00,0x00,0x00,0x84,0xFF,0xFF,0xFF,0x68,0x00,0x00,0x00,0x00,0x00,0x00,0x00,0x00,0x68,0xFF,0xFF,0xFF,0x84,0x00,0x00,0x00,0x00,0x00,0x00,0x00,0x00,0x00,0x00,0x00,
    0x00,0x00,0x00,0x00,0x00,0x00,0x00,0x00,0x00,0x00,0x14,0xEF,0xFF,0xFF,0xCB,0x04,0x00,0x00,0x00,0x00,0x00,0x00,0x00,0x00,0x04,0xCB,0xFF,0xFF,0xEF,0x14,0x00,0x00,0x00,0x00,0x00,0x00,0x00,0x00,0x00,0x00,
    0x00,0x00,0x00,0x00,0x00,0x00,0x00,0x00,0x00,0x00,0x98,0xFF,0xFF,0xFB,0x44,0x00,0x00,0x00,0x00,0x00,0x00,0x00,0x00,0x00,0x00,0x44,0xFB,0xFF,0xFF,0x98,0x00,0x00,0x00,0x00,0x00,0x00,0x00,0x00,0x00,0x00,
    0x00,0x00,0x00,0x00,0x00,0x00,0x00,0x00,0x00,0x28,0xFB,0xFF,0xFF,0x94,0x00,0x00,0x00,0x00,0x00,0x00,0x00,0x00,0x00,0x00,0x00,0x00,0x94,0xFF,0xFF,0xFB,0x28,0x00,0x00,0x00,0x00,0x00,0x00,0x00,0x00,0x00,
    0x00,0x00,0x00,0x00,0x00,0x00,0x00,0x00,0x00,0xAB,0xFF,0xFB,0xD7,0x24,0x00,0x00,0x00,0x00,0x00,0x00,0x00,0x00,0x00,0x00,0x00,0x00,0x24,0xD7,0xFB,0xFF,0xAB,0x00,0x00,0x00,0x00,0x00,0x00,0x00,0x00,0x00,
    0x00,0x00,0x00,0x00,0x00,0x00,0x00,0x00,0x24,0xFF,0xFF,0xFF,0x98,0x00,0x00,0x00,0x00,0x00,0x00,0x00,0x00,0x00,0x00,0x00,0x00,0x00,0x00,0x98,0xFF,0xFF,0xFF,0x24,0x00,0x00,0x00,0x00,0x00,0x00,0x00,0x00,
    0x00,0x00,0x00,0x00,0x00,0x00,0x00,0x00,0x97,0xFF,0xFF,0xFB,0x1C,0x00,0x00,0x00,0x00,0x00,0x00,0x00,0x00,0x00,0x00,0x00,0x00,0x00,0x00,0x1C,0xFB,0xFF,0xFF,0x97,0x00,0x00,0x00,0x00,0x00,0x00,0x00,0x00,
    0x00,0x00,0x00,0x00,0x00,0x00,0x00,0x04,0xEB,0xFF,0xFF,0xA3,0x00,0x00,0x00,0x00,0x00,0x00,0x00,0x00,0x00,0x00,0x00,0x00,0x00,0x00,0x00,0x00,0xA3,0xFF,0xFF,0xEB,0x04,0x00,0x00,0x00,0x00,0x00,0x00,0x00,
    0x00,0x00,0x00,0x00,0x00,0x00,0x00,0x44,0xFF,0xFF,0xFF,0x34,0x00,0x00,0x00,0x00,0x00,0x00,0x00,0x00,0x00,0x00,0x00,0x00,0x00,0x00,0x00,0x00,0x34,0xFF,0xFF,0xFF,0x44,0x00,0x00,0x00,0x00,0x00,0x00,0x00,
    0x00,0x00,0x00,0x00,0x00,0x00,0x00,0x8C,0xFF,0xFF,0xDB,0x00,0x00,0x00,0x00,0x00,0x00,0x00,0x00,0x00,0x00,0x00,0x00,0x00,0x00,0x00,0x00,0x00,0x00,0xDB,0xFF,0xFF,0x8C,0x00,0x00,0x00,0x00,0x00,0x00,0x00,
    0x00,0x00,0x00,0x00,0x00,0x00,0x00,0xCF,0xFF,0xF7,0x9F,0x00,0x00,0x00,0x00,0x00,0x00,0x00,0x00,0x00,0x00,0x00,0x00,0x00,0x00,0x00,0x00,0x00,0x00,0x9F,0xF7,0xFF,0xCF,0x00,0x00,0x00,0x00,0x00,0x00,0x00,
    0x00,0x00,0x00,0x00,0x00,0x00,0x00,0xEF,0xFF,0xFF,0x80,0x00,0x00,0x00,0x00,0x00,0x00,0x00,0x00,0x00,0x00,0x00,0x00,0x00,0x00,0x00,0x00,0x00,0x00,0x80,0xFF,0xFF,0xEF,0x00,0x00,0x00,0x00,0x00,0x00,0x00,
    0x00,0x00,0x00,0x00,0x00,0x00,0x00,0xFF,0xFF,0xFF,0x60,0x00,0x00,0x00,0x00,0x00,0x00,0x00,0x00,0x00,0x00,0x00,0x00,0x00,0x00,0x00,0x00,0x00,0x00,0x60,0xFF,0xFF,0xFF,0x00,0x00,0x00,0x00,0x00,0x00,0x00,
    0x00,0x00,0x00,0x00,0x00,0x00,0x00,0xFB,0xFF,0xFF,0x6C,0x00,0x00,0x00,0x00,0x00,0x00,0x00,0x00,0x00,0x00,0x00,0x00,0x00,0x00,0x00,0x00,0x00,0x00,0x6C,0xFF,0xFF,0xFB,0x00,0x00,0x00,0x00,0x00,0x00,0x00,
    0x00,0x00,0x00,0x00,0x00,0x00,0x00,0xDF,0xFF,0xF3,0x70,0x00,0x00,0x00,0x00,0x00,0x00,0x00,0x00,0x00,0x00,0x00,0x00,0x00,0x00,0x00,0x00,0x00,0x00,0x70,0xF3,0xFF,0xDF,0x00,0x00,0x00,0x00,0x00,0x00,0x00,
    0x00,0x00,0x00,0x00,0x00,0x00,0x00,0xAB,0xFF,0xEF,0x97,0x00,0x00,0x00,0x00,0x00,0x00,0x00,0x00,0x00,0x00,0x00,0x00,0x00,0x00,0x00,0x00,0x00,0x00,0x97,0xEF,0xFF,0xAF,0x00,0x00,0x00,0x00,0x00,0x00,0x00,
    0x00,0x00,0x00,0x00,0x00,0x00,0x00,0x80,0xFF,0xFF,0xEF,0x08,0x00,0x00,0x00,0x00,0x00,0x00,0x00,0x00,0x00,0x00,0x00,0x00,0x00,0x00,0x00,0x00,0x08,0xEF,0xFF,0xFF,0x80,0x00,0x00,0x00,0x00,0x00,0x00,0x00,
    0x00,0x00,0x00,0x00,0x00,0x00,0x00,0x30,0xFF,0xFF,0xFB,0x54,0x00,0x00,0x00,0x00,0x00,0x00,0x00,0x00,0x00,0x00,0x00,0x00,0x00,0x00,0x00,0x00,0x54,0xFB,0xFF,0xFF,0x30,0x00,0x00,0x00,0x00,0x00,0x00,0x00,
    0x00,0x00,0x00,0x00,0x00,0x00,0x00,0x00,0xC3,0xFF,0xF7,0xE7,0x14,0x00,0x00,0x00,0x00,0x00,0x00,0x00,0x00,0x00,0x00,0x00,0x00,0x00,0x00,0x14,0xE7,0xF7,0xFF,0xC3,0x00,0x00,0x00,0x00,0x00,0x00,0x00,0x00,
    0x00,0x00,0x00,0x00,0x00,0x00,0x00,0x00,0x48,0xFB,0xFF,0xFF,0xB7,0x04,0x00,0x00,0x00,0x00,0x00,0x00,0x00,0x00,0x00,0x00,0x00,0x00,0x04,0xB7,0xFF,0xFF,0xFB,0x48,0x00,0x00,0x00,0x00,0x00,0x00,0x00,0x00,
    0x00,0x00,0x00,0x00,0x00,0x00,0x00,0x00,0x00,0xA7,0xFF,0xFF,0xFF,0xAB,0x04,0x00,0x00,0x00,0x00,0x00,0x00,0x00,0x00,0x00,0x00,0x04,0xAB,0xFF,0xFF,0xFF,0xA7,0x00,0x00,0x00,0x00,0x00,0x00,0x00,0x00,0x00,
    0x00,0x00,0x00,0x00,0x00,0x00,0x00,0x00,0x00,0x0C,0xD7,0xFF,0xFF,0xFF,0xCB,0x28,0x00,0x00,0x00,0x00,0x00,0x00,0x00,0x00,0x28,0xCB,0xFF,0xFF,0xFF,0xD7,0x0C,0x00,0x00,0x00,0x00,0x00,0x00,0x00,0x00,0x00,
    0x00,0x00,0x00,0x00,0x00,0x00,0x00,0x00,0x00,0x00,0x1C,0xDB,0xFF,0xFF,0xFB,0xEF,0xAB,0x50,0x2C,0x00,0x00,0x2C,0x50,0xAB,0xEF,0xFB,0xFF,0xFF,0xDB,0x1C,0x00,0x00,0x00,0x00,0x00,0x00,0x00,0x00,0x00,0x00,
    0x00,0x00,0x00,0x00,0x00,0x00,0x00,0x00,0x00,0x00,0x00,0x18,0xCB,0xFF,0xFF,0xFF,0xFB,0xFF,0xFF,0xFF,0xFF,0xFF,0xFF,0xFB,0xFF,0xFF,0xFF,0xCB,0x18,0x00,0x00,0x00,0x00,0x00,0x00,0x00,0x00,0x00,0x00,0x00,
    0x00,0x00,0x00,0x00,0x00,0x00,0x00,0x00,0x00,0x00,0x00,0x00,0x04,0x74,0xF3,0xFF,0xFF,0xFF,0xFF,0xFF,0xFF,0xFF,0xFF,0xFF,0xFF,0xF3,0x74,0x04,0x00,0x00,0x00,0x00,0x00,0x00,0x00,0x00,0x00,0x00,0x00,0x00,
    0x00,0x00,0x00,0x00,0x00,0x00,0x00,0x00,0x00,0x00,0x00,0x00,0x00,0x00,0x14,0x80,0xCB,0xFF,0xFF,0xFF,0xFF,0xFF,0xFF,0xCB,0x80,0x14,0x00,0x00,0x00,0x00,0x00,0x00,0x00,0x00,0x00,0x00,0x00,0x00,0x00,0x00,
    0x00,0x00,0x00,0x00,0x00,0x00,0x00,0x00,0x00,0x00,0x00,0x00,0x00,0x00,0x00,0x00,0x00,0x10,0x3C,0x5C,0x5C,0x3C,0x10,0x00,0x00,0x00,0x00,0x00,0x00,0x00,0x00,0x00,0x00,0x00,0x00,0x00,0x00,0x00,0x00,0x00,
    0x00,0x00,0x00,0x00,0x00,0x00,0x00,0x00,0x00,0x00,0x00,0x00,0x00,0x00,0x00,0x00,0x00,0x00,0x00,0x00,0x00,0x00,0x00,0x00,0x00,0x00,0x00,0x00,0x00,0x00,0x00,0x00,0x00,0x00,0x00,0x00,0x00,0x00,0x00,0x00,
  },
  { // valve
    0x00,0x00,0x00,0x00,0x00,0x00,0x00,0x00,0x00,0x00,0x00,0x00,0x00,0x00,0x00,0x00,0x00,0x00,0x00,0x00,0x00,0x00,0x00,0x00,0x00,0x00,0x00,0x00,0x00,0x00,0x00,0x00,0x00,0x00,0x00,0x00,0x00,0x00,0x00,0x00,
    0x00,0x00,0x00,0x00,0x00,0x00,0x00,0x00,0x00,0x00,0x00,0x00,0x00,0x00,0x00,0x00,0x00,0x00,0x00,0x00,0x00,0x00,0x00,0x00,0x00,0x00,0x00,0x00,0x00,0x00,0x00,0x00,0x00,0x00,0x00,0x00,0x00,0x00,0x00,0x00,
    0x00,0x00,0x00,0x00,0x00,0x00,0x00,0x00,0x00,0x00,0x00,0x00,0x00,0x00,0x00,0x00,0x00,0x00,0x00,0x00,0x00,0x00,0x00,0x00,0x00,0x00,0x00,0x00,0x00,0x00,0x00,0x00,0x00,0x00,0x00,0x00,0x00,0x00,0x00,0x00,
    0x00,0x00,0x00,0x00,0x00,0x00,0x00,0x00,0x00,0x00,0x00,0x00,0x00,0x00,0x00,0x00,0x00,0x00,0x00,0x00,0x00,0x00,0x00,0x00,0x00,0x00,0x00,0x00,0x00,0x00,0x00,0x00,0x00,0x00,0x00,0x00,0x00,0x00,0x00,0x00,
    0x00,0x00,0x00,0x00,0x00,0x00,0x00,0x00,0x00,0x00,0x50,0xBB,0x9F,0x9F,0x9F,0x9F,0x9F,0x9F,0x9F,0x9F,0x9F,0x9F,0x9F,0x9F,0x9F,0x9F,0x9F,0xA3,0xB7,0x3C,0x00,0x00,0x00,0x00,0x00,0x00,0x00,0x00,0x00,0x00,
    0x00,0x00,0x00,0x00,0x00,0x00,0x00,0x00,0x00,0x10,0xFB,0xFF,0xFF,0xFF,0xFF,0xFF,0xFF,0xFF,0xFF,0xFF,0xFF,0xFF,0xFF,0xFF,0xFF,0xFF,0xFF,0xFF,0xFF,0xEB,0x00,0x00,0x00,0x00,0x00,0x00,0x00,0x00,0x00,0x00,
    0x00,0x00,0x00,0x00,0x00,0x00,0x00,0x00,0x00,0x0C,0xF3,0xFF,0xFF,0xFF,0xFF,0xFF,0xFF,0xFF,0xFF,0xFF,0xFF,0xFF,0xFF,0xFF,0xFF,0xFF,0xFF,0xFF,0xFF,0xDF,0x00,0x00,0x00,0x00,0x00,0x00,0x00,0x00,0x00,0x00,
    0x00,0x00,0x00,0x00,0x00,0x00,0x00,0x00,0x00,0x00,0x38,0xA7,0xBF,0xBF,0xBF,0xBF,0xBF,0xBF,0xE7,0xFF,0xFF,0xEF,0xBF,0xBF,0xBF,0xBF,0xBF,0xBF,0xA3,0x28,0x00,0x00,0x00,0x00,0x00,0x00,0x00,0x00,0x00,0x00,
    0x00,0x00,0x00,0x00,0x00,0x00,0x00,0x00,0x00,0x00,0x00,0x00,0x00,0x00,0x00,0x00,0x00,0x00,0x9F,0xFF,0xFF,0xBF,0x00,0x00,0x00,0x00,0x00,0x00,0x00,0x00,0x00,0x00,0x00,0x00,0x00,0x00,0x00,0x00,0x00,0x00,
    0x00,0x00,0x00,0x00,0x00,0x00,0x00,0x00,0x00,0x00,0x00,0x00,0x00,0x00,0x00,0x00,0x00,0x00,0x9F,0xFF,0xFF,0xBF,0x00,0x00,0x00,0x00,0x00,0x00,0x00,0x00,0x00,0x00,0x00,0x00,0x00,0x00,0x00,0x00,0x00,0x00,
    0x00,0x00,0x00,0x00,0x00,0x00,0x00,0x00,0x00,0x00,0x00,0x00,0x00,0x00,0x00,0x00,0x00,0x00,0x9F,0xFF,0xFF,0xBF,0x00,0x00,0x00,0x00,0x00,0x00,0x00,0x00,0x00,0x00,0x00,0x00,0x00,0x00,0x00,0x00,0x00,0x00,
    0x00,0x00,0x00,0x00,0x00,0x00,0x00,0x00,0x00,0x00,0x00,0x00,0x00,0x00,0x00,0x00,0x00,0x00,0x9F,0xFF,0xFF,0xBF,0x00,0x00,0x00,0x00,0x00,0x00,0x00,0x00,0x00,0x00,0x00,0x00,0x00,0x00,0x00,0x00,0x00,0x00,
    0x00,0x00,0x00,0x00,0x00,0x00,0x00,0x00,0x00,0x00,0x00,0x00,0x00,0x00,0x00,0x00,0x00,0x00,0x9F,0xFF,0xFF,0xBF,0x00,0x00,0x00,0x00,0x00,0x00,0x00,0x00,0x00,0x00,0x00,0x00,0x00,0x00,0x00,0x00,0x00,0x00,
    0x00,0x00,0x00,0x00,0x00,0x00,0x00,0x00,0x00,0x00,0x00,0x00,0x00,0x00,0x00,0x00,0x00,0x00,0x9F,0xFF,0xFF,0xBF,0x00,0x00,0x00,0x00,0x00,0x00,0x00,0x00,0x00,0x00,0x00,0x00,0x00,0x00,0x00,0x00,0x00,0x00,
    0x00,0x00,0x00,0x00,0x00,0x00,0x00,0x00,0x00,0x00,0x00,0x00,0x00,0x00,0x00,0x10,0x6C,0xD3,0xFF,0xFF,0xFF,0xFF,0xD3,0x6C,0x10,0x00,0x00,0x00,0x00,0x00,0x00,0x00,0x00,0x00,0x00,0x00,0x00,0x00,0x00,0x00,
    0x00,0x00,0x10,0x0C,0x00,0x00,0x00,0x00,0x00,0x00,0x00,0x00,0x00,0x00,0x3C,0xEB,0xFF,0xFF,0xFF,0xFF,0xFF,0xFF,0xFF,0xFF,0xEB,0x3C,0x00,0x00,0x00,0x00,0x00,0x00,0x00,0x00,0x00,0x00,0x10,0x0C,0x00,0x00,
    0x00,0x50,0xFB,0xF3,0x38,0x00,0x00,0x00,0x00,0x00,0x00,0x00,0x00,0x50,0xF7,0xFF,0xFF,0xF3,0xFF,0xFF,0xFF,0xFF,0xF3,0xFF,0xFF,0xF7,0x50,0x00,0x00,0x00,0x00,0x00,0x00,0x00,0x00,0x50,0xFB,0xF3,0x38,0x00,
    0x00,0xBB,0xFF,0xFF,0xA7,0x00,0x00,0x00,0x00,0x00,0x00,0x00,0x2C,0xEF,0xFF,0xFF,0xEF,0xA3,0x68,0x40,0x40,0x68,0xA3,0xEF,0xFF,0xFF,0xEF,0x2C,0x00,0x00,0x00,0x00,0x00,0x00,0x00,0xBB,0xFF,0xFF,0xA7,0x00,
    0x00,0x9F,0xFF,0xFF,0xBF,0x00,0x00,0x00,0x00,0x00,0x00,0x00,0xCF,0xFF,0xFF,0xDB,0x54,0x00,0x00,0x00,0x00,0x00,0x00,0x54,0xDB,0xFF,0xFF,0xCF,0x00,0x00,0x00,0x00,0x00,0x00,0x00,0x9F,0xFF,0xFF,0xBF,0x00,
    0x00,0x9F,0xFF,0xFF,0xBF,0x00,0x00,0x00,0x00,0x00,0x00,0x40,0xFF,0xFF,0xFF,0x80,0x00,0x00,0x00,0x00,0x00,0x00,0x00,0x00,0x80,0xFF,0xFF,0xFF,0x40,0x00,0x00,0x00,0x00,0x00,0x00,0x9F,0xFF,0xFF,0xBF,0x00,
    0x00,0x9F,0xFF,0xFF,0xBF,0x00,0x00,0x00,0x00,0x00,0x00,0x8F,0xFF,0xFB,0xD7,0x10,0x00,0x00,0x00,0x00,0x00,0x00,0x00,0x00,0x10,0xD7,0xFB,0xFF,0x8F,0x00,0x00,0x00,0x00,0x00,0x00,0x9F,0xFF,0xFF,0xBF,0x00,
    0x00,0x9F,0xFF,0xFF,0xFF,0xFF,0xFF,0xFF,0xFF,0xFF,0xFF,0xFF,0xFF,0xFF,0x97,0x00,0x00,0x00,0x00,0x00,0x00,0x00,0x00,0x00,0x00,0x9F,0xFF,0xFF,0xFF,0xFF,0xFF,0xFF,0xFF,0xFF,0xFF,0xFF,0xFF,0xFF,0xBF,0x00,
    0x00,0xBB,0xFF,0xFF,0xFF,0xFF,0xFF,0xFF,0xFF,0xFF,0xFF,0xFF,0xFF,0xFF,0x88,0x00,0x00,0x00,0x00,0x00,0x00,0x00,0x00,0x00,0x00,0x9F,0xFF,0xFF,0xFF,0xFF,0xFF,0xFF,0xFF,0xFF,0xFF,0xFF,0xFF,0xFF,0xBF,0x00,
    0x00,0x9F,0xFF,0xFF,0xFF,0xFF,0xFF,0xFF,0xFF,0xFF,0xFF,0xFF,0xFF,0xFF,0x7F,0x00,0x00,0x00,0x00,0x00,0x00,0x00,0x00,0x00,0x00,0x87,0xFF,0xFF,0xFF,0xFF,0xFF,0xFF,0xFF,0xFF,0xFF,0xFF,0xFF,0xFF,0xBF,0x00,
    0x00,0x9F,0xFF,0xFF,0xD7,0x60,0x60,0x60,0x60,0x60,0x60,0xCB,0xFF,0xF3,0x8B,0x00,0x00,0x00,0x00,0x00,0x00,0x00,0x00,0x00,0x00,0x8B,0xF3,0xFF,0xCB,0x60,0x60,0x60,0x60,0x60,0x60,0xC3,0xFF,0xFF,0xBF,0x00,
    0x00,0x9F,0xFF,0xFF,0xBF,0x00,0x00,0x00,0x00,0x00,0x00,0x50,0xF3,0xFF,0xFB,0x4C,0x00,0x00,0x00,0x00,0x00,0x00,0x00,0x00,0x4C,0xFB,0xFF,0xF3,0x50,0x00,0x00,0x00,0x00,0x00,0x00,0x9F,0xFF,0xFF,0xBF,0x00,
    0x00,0x9F,0xFF,0xFF,0xBF,0x00,0x00,0x00,0x00,0x00,0x00,0x04,0xEF,0xFF,0xFF,0xD3,0x20,0x00,0x00,0x00,0x00,0x00,0x00,0x20,0xD3,0xFF,0xFF,0xEF,0x04,0x00,0x00,0x00,0x00,0x00,0x00,0x9F,0xFF,0xFF,0xBF,0x00,
    0x00,0xBB,0xFF,0xFF,0xB7,0x00,0x00,0x00,0x00,0x00,0x00,0x00,0x5C,0xFB,0xFF,0xF3,0xF7,0x7C,0x20,0x00,0x00,0x20,0x7C,0xF7,0xF3,0xFF,0xFB,0x5C,0x00,0x00,0x00,0x00,0x00,0x00,0x00,0xBB,0xFF,0xFF,0xB7,0x00,
    0x00,0x64,0xFF,0xFB,0x48,0x00,0x00,0x00,0x00,0x00,0x00,0x00,0x00,0x93,0xFF,0xFF,0xFF,0xFF,0xFF,0xE7,0xE7,0xFF,0xFF,0xFF,0xFF,0xFF,0x93,0x00,0x00,0x00,0x00,0x00,0x00,0x00,0x00,0x64,0xFF,0xFB,0x48,0x00,
    0x00,0x00,0x2C,0x24,0x00,0x00,0x00,0x00,0x00,0x00,0x00,0x00,0x00,0x04,0x88,0xFF,0xFF,0xFF,0xFF,0xFF,0xFF,0xFF,0xFF,0xFF,0xFF,0x84,0x04,0x00,0x00,0x00,0x00,0x00,0x00,0x00,0x00,0x00,0x2C,0x24,0x00,0x00,
    0x00,0x00,0x00,0x00,0x00,0x00,0x00,0x00,0x00,0x00,0x00,0x00,0x00,0x00,0x00,0x40,0xC3,0xFF,0xFF,0xFF,0xFF,0xFF,0xFF,0xC3,0x40,0x00,0x00,0x00,0x00,0x00,0x00,0x00,0x00,0x00,0x00,0x00,0x00,0x00,0x00,0x00,
    0x00,0x00,0x00,0x00,0x00,0x00,0x00,0x00,0x00,0x00,0x00,0x00,0x00,0x00,0x00,0x00,0x00,0x18,0x58,0x78,0x78,0x58,0x18,0x00,0x00,0x00,0x00,0x00,0x00,0x00,0x00,0x00,0x00,0x00,0x00,0x00,0x00,0x00,0x00,0x00,
    0x00,0x00,0x00,0x00,0x00,0x00,0x00,0x00,0x00,0x00,0x00,0x00,0x00,0x00,0x00,0x00,0x00,0x00,0x00,0x00,0x00,0x00,0x00,0x00,0x00,0x00,0x00,0x00,0x00,0x00,0x00,0x00,0x00,0x00,0x00,0x00,0x00,0x00,0x00,0x00,
    0x00,0x00,0x00,0x00,0x00,0x00,0x00,0x00,0x00,0x00,0x00,0x00,0x00,0x00,0x00,0x00,0x00,0x00,0x00,0x00,0x00,0x00,0x00,0x00,0x00,0x00,0x00,0x00,0x00,0x00,0x00,0x00,0x00,0x00,0x00,0x00,0x00,0x00,0x00,0x00,
    0x00,0x00,0x00,0x00,0x00,0x00,0x00,0x00,0x00,0x00,0x00,0x00,0x00,0x00,0x00,0x00,0x00,0x00,0x00,0x00,0x00,0x00,0x00,0x00,0x00,0x00,0x00,0x00,0x00,0x00,0x00,0x00,0x00,0x00,0x00,0x00,0x00,0x00,0x00,0x00,
    0x00,0x00,0x00,0x00,0x00,0x00,0x00,0x00,0x00,0x00,0x00,0x00,0x00,0x00,0x00,0x00,0x00,0x00,0x00,0x00,0x00,0x00,0x00,0x00,0x00,0x00,0x00,0x00,0x00,0x00,0x00,0x00,0x00,0x00,0x00,0x00,0x00,0x00,0x00,0x00,
    0x00,0x00,0x00,0x00,0x00,0x00,0x00,0x00,0x00,0x00,0x00,0x00,0x00,0x00,0x00,0x00,0x00,0x00,0x00,0x00,0x00,0x00,0x00,0x00,0x00,0x00,0x00,0x00,0x00,0x00,0x00,0x00,0x00,0x00,0x00,0x00,0x00,0x00,0x00,0x00,
    0x00,0x00,0x00,0x00,0x00,0x00,0x00,0x00,0x00,0x00,0x00,0x00,0x00,0x00,0x00,0x00,0x00,0x00,0x00,0x00,0x00,0x00,0x00,0x00,0x00,0x00,0x00,0x00,0x00,0x00,0x00,0x00,0x00,0x00,0x00,0x00,0x00,0x00,0x00,0x00,
    0x00,0x00,0x00,0x00,0x00,0x00,0x00,0x00,0x00,0x00,0x00,0x00,0x00,0x00,0x00,0x00,0x00,0x00,0x00,0x00,0x00,0x00,0x00,0x00,0x00,0x00,0x00,0x00,0x00,0x00,0x00,0x00,0x00,0x00,0x00,0x00,0x00,0x00,0x00,0x00,
    0x00,0x00,0x00,0x00,0x00,0x00,0x00,0x00,0x00,0x00,0x00,0x00,0x00,0x00,0x00,0x00,0x00,0x00,0x00,0x00,0x00,0x00,0x00,0x00,0x00,0x00,0x00,0x00,0x00,0x00,0x00,0x00,0x00,0x00,0x00,0x00,0x00,0x00,0x00,0x00,
  },
  { // tv
    0x00,0x00,0x00,0x00,0x00,0x00,0x00,0x00,0x00,0x00,0x00,0x00,0x00,0x00,0x00,0x00,0x00,0x00,0x00,0x00,0x00,0x00,0x00,0x00,0x00,0x00,0x00,0x00,0x00,0x00,0x00,0x00,0x00,0x00,0x00,0x00,0x00,0x00,0x00,0x00,
    0x00,0x00,0x00,0x00,0x00,0x00,0x00,0x00,0x00,0x00,0x00,0x00,0x00,0x00,0x00,0x00,0x00,0x00,0x00,0x00,0x00,0x00,0x00,0x00,0x00,0x00,0x00,0x00,0x00,0x00,0x00,0x00,0x00,0x00,0x00,0x00,0x00,0x00,0x00,0x00,
    0x00,0x00,0x00,0x00,0x00,0x00,0x00,0x00,0x00,0x00,0x00,0x00,0x00,0x00,0x00,0x00,0x00,0x00,0x00,0x00,0x00,0x00,0x00,0x00,0x00,0x00,0x00,0x00,0x00,0x00,0x00,0x00,0x00,0x00,0x00,0x00,0x00,0x00,0x00,0x00,
    0x00,0x00,0x00,0x00,0x00,0x00,0x00,0x00,0x00,0x00,0x00,0x00,0x00,0x00,0x00,0x00,0x00,0x00,0x00,0x00,0x00,0x00,0x00,0x00,0x00,0x00,0x00,0x00,0x00,0x00,0x00,0x00,0x00,0x00,0x00,0x00,0x00,0x00,0x00,0x00,
    0x00,0x00,0x00,0x00,0x00,0x00,0x00,0x00,0x00,0x00,0x00,0x00,0x00,0x00,0x00,0x00,0x00,0x00,0x00,0x00,0x00,0x00,0x00,0x00,0x00,0x00,0x00,0x00,0x00,0x00,0x00,0x00,0x00,0x00,0x00,0x00,0x00,0x00,0x00,0x00,
    0x00,0x00,0x00,0x04,0x6C,0xBF,0xF3,0xFF,0xFF,0xFF,0xFF,0xFF,0xFF,0xFF,0xFF,0xFF,0xFF,0xFF,0xFF,0xFF,0xFF,0xFF,0xFF,0xFF,0xFF,0xFF,0xFF,0xFF,0xFF,0xFF,0xFF,0xFF,0xFF,0xF3,0xBF,0x6C,0x04,0x00,0x00,0x00,
    0x00,0x00,0x08,0xBF,0xFF,0xFF,0xFF,0xFF,0xFF,0xFF,0xFF,0xFF,0xFF,0xFF,0xFF,0xFF,0xFF,0xFF,0xFF,0xFF,0xFF,0xFF,0xFF,0xFF,0xFF,0xFF,0xFF,0xFF,0xFF,0xFF,0xFF,0xFF,0xFF,0xFF,0xFF,0xFF,0xBF,0x08,0x00,0x00,
    0x00,0x00,0x9F,0xFF,0xFB,0xEF,0xF3,0xFF,0xFF,0xFF,0xFF,0xFF,0xFF,0xFF,0xFF,0xFF,0xFF,0xFF,0xFF,0xFF,0xFF,0xFF,0xFF,0xFF,0xFF,0xFF,0xFF,0xFF,0xFF,0xFF,0xFF,0xFF,0xFF,0xF3,0xEF,0xFB,0xFF,0x9F,0x00,0x00,
    0x00,0x0C,0xFB,0xFF,0xFB,0xD7,0x6C,0x60,0x60,0x60,0x60,0x60,0x60,0x60,0x60,0x60,0x60,0x60,0x60,0x60,0x60,0x60,0x60,0x60,0x60,0x60,0x60,0x60,0x60,0x60,0x60,0x60,0x60,0x6C,0xD7,0xFB,0xFF,0xFB,0x0C,0x00,
    0x00,0x3C,0xFF,0xFF,0xFF,0x28,0x00,0x00,0x00,0x00,0x00,0x00,0x00,0x00,0x00,0x00,0x00,0x00,0x00,0x00,0x00,0x00,0x00,0x00,0x00,0x00,0x00,0x00,0x00,0x00,0x00,0x00,0x00,0x00,0x28,0xE3,0xF3,0xFF,0x3C,0x00,
    0x00,0x60,0xFF,0xFF,0xFF,0x00,0x00,0x00,0x00,0x00,0x00,0x00,0x00,0x00,0x00,0x00,0x00,0x00,0x00,0x00,0x00,0x00,0x00,0x00,0x00,0x00,0x00,0x00,0x00,0x00,0x00,0x00,0x00,0x00,0x00,0xFF,0xFF,0xFF,0x60,0x00,
    0x00,0x60,0xFF,0xFF,0xFF,0x00,0x00,0x00,0x00,0x00,0x00,0x00,0x00,0x00,0x00,0x00,0x00,0x00,0x00,0x00,0x00,0x00,0x00,0x00,0x00,0x00,0x00,0x00,0x00,0x00,0x00,0x00,0x00,0x00,0x00,0xFF,0xFF,0xFF,0x60,0x00,
    0x00,0x60,0xFF,0xFF,0xFF,0x00,0x00,0x00,0x00,0x00,0x00,0x00,0x00,0x00,0x00,0x00,0x00,0x00,0x00,0x00,0x00,0x00,0x00,0x00,0x00,0x00,0x00,0x00,0x00,0x00,0x00,0x00,0x00,0x00,0x00,0xFF,0xFF,0xFF,0x60,0x00,
    0x00,0x60,0xFF,0xFF,0xFF,0x00,0x00,0x00,0x00,0x00,0x00,0x00,0x00,0x00,0x00,0x00,0x00,0x00,0x00,0x00,0x00,0x00,0x00,0x00,0x00,0x00,0x00,0x00,0x00,0x00,0x00,0x00,0x00,0x00,0x00,0xFF,0xFF,0xFF,0x60,0x00,
    0x00,0x60,0xFF,0xFF,0xFF,0x00,0x00,0x00,0x00,0x00,0x00,0x00,0x00,0x00,0x00,0x00,0x00,0x00,0x00,0x00,0x00,0x00,0x00,0x00,0x00,0x00,0x00,0x00,0x00,0x00,0x00,0x00,0x00,0x00,0x00,0xFF,0xFF,0xFF,0x60,0x00,
    0x00,0x60,0xFF,0xFF,0xFF,0x00,0x00,0x00,0x00,0x00,0x00,0x00,0x00,0x00,0x00,0x00,0x00,0x00,0x00,0x00,0x00,0x00,0x00,0x00,0x00,0x00,0x00,0x00,0x00,0x00,0x00,0x00,0x00,0x00,0x00,0xFF,0xFF,0xFF,0x60,0x00,
    0x00,0x60,0xFF,0xFF,0xFF,0x00,0x00,0x00,0x00,0x00,0x00,0x00,0x00,0x00,0x00,0x00,0x00,0x00,0x00,0x00,0x00,0x00,0x00,0x00,0x00,0x00,0x00,0x00,0x00,0x00,0x00,0x00,0x00,0x00,0x00,0xFF,0xFF,0xFF,0x60,0x00,
    0x00,0x60,0xFF,0xFF,0xFF,0x00,0x00,0x00,0x00,0x00,0x00,0x00,0x00,0x00,0x00,0x00,0x00,0x00,0x00,0x00,0x00,0x00,0x00,0x00,0x00,0x00,0x00,0x00,0x00,0x00,0x00,0x00,0x00,0x00,0x00,0xFF,0xFF,0xFF,0x60,0x00,
    0x00,0x60,0xFF,0xFF,0xFF,0x00,0x00,0x00,0x00,0x00,0x00,0x00,0x00,0x00,0x00,0x00,0x00,0x00,0x00,0x00,0x00,0x00,0x00,0x00,0x00,0x00,0x00,0x00,0x00,0x00,0x00,0x00,0x00,0x00,0x00,0xFF,0xFF,0xFF,0x60,0x00,
    0x00,0x60,0xFF,0xFF,0xFF,0x00,0x00,0x00,0x00,0x00,0x00,0x00,0x00,0x00,0x00,0x00,0x00,0x00,0x00,0x00,0x00,0x00,0x00,0x00,0x00,0x00,0x00,0x00,0x00,0x00,0x00,0x00,0x00,0x00,0x00,0xFF,0xFF,0xFF,0x60,0x00,
    0x00,0x60,0xFF,0xFF,0xFF,0x00,0x00,0x00,0x00,0x00,0x00,0x00,0x00,0x00,0x00,0x00,0x00,0x00,0x00,0x00,0x00,0x00,0x00,0x00,0x00,0x00,0x00,0x00,0x00,0x00,0x00,0x00,0x00,0x00,0x00,0xFF,0xFF,0xFF,0x60,0x00,
    0x00,0x60,0xFF,0xFF,0xFF,0x00,0x00,0x00,0x00,0x00,0x00,0x00,0x00,0x00,0x00,0x00,0x00,0x00,0x00,0x00,0x00,0x00,0x00,0x00,0x00,0x00,0x00,0x00,0x00,0x00,0x00,0x00,0x00,0x00,0x00,0xFF,0xFF,0xFF,0x60,0x00,
    0x00,0x60,0xFF,0xFF,0xFF,0x00,0x00,0x00,0x00,0x00,0x00,0x00,0x00,0x00,0x00,0x00,0x00,0x00,0x00,0x00,0x00,0x00,0x00,0x00,0x00,0x00,0x00,0x00,0x00,0x00,0x00,0x00,0x00,0x00,0x00,0xFF,0xFF,0xFF,0x60,0x00,
    0x00,0x60,0xFF,0xFF,0xFF,0x00,0x00,0x00,0x00,0x00,0x00,0x00,0x00,0x00,0x00,0x00,0x00,0x00,0x00,0x00,0x00,0x00,0x00,0x00,0x00,0x00,0x00,0x00,0x00,0x00,0x00,0x00,0x00,0x00,0x00,0xFF,0xFF,0xFF,0x60,0x00,
    0x00,0x60,0xFF,0xFF,0xFF,0x00,0x00,0x00,0x00,0x00,0x00,0x00,0x00,0x00,0x00,0x00,0x00,0x00,0x00,0x00,0x00,0x00,0x00,0x00,0x00,0x00,0x00,0x00,0x00,0x00,0x00,0x00,0x00,0x00,0x00,0xFF,0xFF,0xFF,0x60,0x00,
    0x00,0x60,0xFF,0xFF,0xFF,0x00,0x00,0x00,0x00,0x00,0x00,0x00,0x00,0x00,0x00,0x00,0x00,0x00,0x00,0x00,0x00,0x00,0x00,0x00,0x00,0x00,0x00,0x00,0x00,0x00,0x00,0x00,0x00,0x00,0x00,0xFF,0xFF,0xFF,0x60,0x00,
    0x00,0x3C,0xFF,0xF3,0xE3,0x28,0x00,0x00,0x00,0x00,0x00,0x00,0x00,0x00,0x00,0x00,0x00,0x00,0x00,0x00,0x00,0x00,0x00,0x00,0x00,0x00,0x00,0x00,0x00,0x00,0x00,0x00,0x00,0x00,0x28,0xE3,0xF3,0xFF,0x3C,0x00,
    0x00,0x0C,0xFB,0xFF,0xFB,0xD7,0x6C,0x60,0x60,0x60,0x60,0x60,0x60,0x60,0x60,0x60,0x60,0x60,0x60,0x60,0x60,0x60,0x60,0x60,0x60,0x60,0x60,0x60,0x60,0x60,0x60,0x60,0x60,0x6C,0xD7,0xFB,0xFF,0xFB,0x0C,0x00,
    0x00,0x00,0x9F,0xFF,0xFB,0xEF,0xF3,0xFF,0xFF,0xFF,0xFF,0xFF,0xFF,0xFF,0xFF,0xFF,0xFF,0xFF,0xFF,0xFF,0xFF,0xFF,0xFF,0xFF,0xFF,0xFF,0xFF,0xFF,0xFF,0xFF,0xFF,0xFF,0xFF,0xF3,0xEF,0xFB,0xFF,0x9F,0x00,0x00,
    0x00,0x00,0x08,0xBF,0xFF,0xFF,0xFF,0xFF,0xFF,0xFF,0xFF,0xFF,0xFF,0xFF,0xFF,0xFF,0xFF,0xFF,0xFF,0xFF,0xFF,0xFF,0xFF,0xFF,0xFF,0xFF,0xFF,0xFF,0xFF,0xFF,0xFF,0xFF,0xFF,0xFF,0xFF,0xFF,0xBF,0x08,0x00,0x00,
    0x00,0x00,0x00,0x04,0x6C,0xBF,0xF3,0xFF,0xFF,0xFF,0xFF,0xFF,0xFF,0xFF,0xFF,0xFF,0xFF,0xFF,0xFF,0xFF,0xFF,0xFF,0xFF,0xFF,0xFF,0xFF,0xFF,0xFF,0xFF,0xFF,0xFF,0xFF,0xFF,0xF3,0xBF,0x6C,0x04,0x00,0x00,0x00,
    0x00,0x00,0x00,0x00,0x00,0x00,0x00,0x00,0x00,0x00,0x00,0x00,0x00,0x00,0x00,0x00,0x00,0x00,0x9F,0xFF,0xFF,0xBF,0x00,0x00,0x00,0x00,0x00,0x00,0x00,0x00,0x00,0x00,0x00,0x00,0x00,0x00,0x00,0x00,0x00,0x00,
    0x00,0x00,0x00,0x00,0x00,0x00,0x00,0x00,0x00,0x00,0x00,0x00,0x04,0x18,0x00,0x00,0x00,0x00,0x9F,0xFF,0xFF,0xBF,0x00,0x00,0x00,0x00,0x1C,0x00,0x00,0x00,0x00,0x00,0x00,0x00,0x00,0x00,0x00,0x00,0x00,0x00,
    0x00,0x00,0x00,0x00,0x00,0x00,0x00,0x00,0x00,0x00,0x00,0x14,0xD7,0xFF,0xFF,0xFF,0xFF,0xFF,0xFF,0xFF,0xFF,0xFF,0xFF,0xFF,0xFF,0xFF,0xFF,0xC3,0x08,0x00,0x00,0x00,0x00,0x00,0x00,0x00,0x00,0x00,0x00,0x00,
    0x00,0x00,0x00,0x00,0x00,0x00,0x00,0x00,0x00,0x00,0x00,0x5C,0xFF,0xFF,0xFF,0xFF,0xFF,0xFF,0xFF,0xFF,0xFF,0xFF,0xFF,0xFF,0xFF,0xFF,0xFF,0xFF,0x3C,0x00,0x00,0x00,0x00,0x00,0x00,0x00,0x00,0x00,0x00,0x00,
    0x00,0x00,0x00,0x00,0x00,0x00,0x00,0x00,0x00,0x00,0x00,0x1C,0xE7,0xFF,0xFF,0xFF,0xFF,0xFF,0xFF,0xFF,0xFF,0xFF,0xFF,0xFF,0xFF,0xFF,0xFF,0xD7,0x0C,0x00,0x00,0x00,0x00,0x00,0x00,0x00,0x00,0x00,0x00,0x00,
    0x00,0x00,0x00,0x00,0x00,0x00,0x00,0x00,0x00,0x00,0x00,0x00,0x14,0x58,0x60,0x60,0x60,0x60,0x60,0x60,0x60,0x60,0x60,0x60,0x60,0x60,0x58,0x0C,0x00,0x00,0x00,0x00,0x00,0x00,0x00,0x00,0x00,0x00,0x00,0x00,
    0x00,0x00,0x00,0x00,0x00,0x00,0x00,0x00,0x00,0x00,0x00,0x00,0x00,0x00,0x00,0x00,0x00,0x00,0x00,0x00,0x00,0x00,0x00,0x00,0x00,0x00,0x00,0x00,0x00,0x00,0x00,0x00,0x00,0x00,0x00,0x00,0x00,0x00,0x00,0x00,
    0x00,0x00,0x00,0x00,0x00,0x00,0x00,0x00,0x00,0x00,0x00,0x00,0x00,0x00,0x00,0x00,0x00,0x00,0x00,0x00,0x00,0x00,0x00,0x00,0x00,0x00,0x00,0x00,0x00,0x00,0x00,0x00,0x00,0x00,0x00,0x00,0x00,0x00,0x00,0x00,
    0x00,0x00,0x00,0x00,0x00,0x00,0x00,0x00,0x00,0x00,0x00,0x00,0x00,0x00,0x00,0x00,0x00,0x00,0x00,0x00,0x00,0x00,0x00,0x00,0x00,0x00,0x00,0x00,0x00,0x00,0x00,0x00,0x00,0x00,0x00,0x00,0x00,0x00,0x00,0x00,
  },
  { // music
    0x00,0x00,0x00,0x00,0x00,0x00,0x00,0x00,0x00,0x00,0x00,0x00,0x00,0x00,0x00,0x00,0x00,0x00,0x00,0x00,0x00,0x00,0x00,0x00,0x00,0x00,0x00,0x00,0x00,0x00,0x00,0x00,0x00,0x00,0x00,0x00,0x00,0x00,0x00,0x00,
    0x00,0x00,0x00,0x00,0x00,0x00,0x00,0x00,0x00,0x00,0x00,0x00,0x00,0x00,0x00,0x00,0x00,0x00,0x00,0x00,0x00,0x00,0x00,0x00,0x00,0x00,0x00,0x00,0x00,0x00,0x00,0x00,0x00,0x00,0x00,0x00,0x00,0x00,0x00,0x00,
    0x00,0x00,0x00,0x00,0x00,0x00,0x00,0x00,0x00,0x00,0x00,0x00,0x00,0x00,0x00,0x00,0x00,0x00,0x00,0x00,0x00,0x00,0x00,0x00,0x00,0x00,0x00,0x00,0x00,0x14,0x48,0x97,0x7C,0x0C,0x00,0x00,0x00,0x00,0x00,0x00,
    0x00,0x00,0x00,0x00,0x00,0x00,0x00,0x00,0x00,0x00,0x00,0x00,0x00,0x00,0x00,0x00,0x00,0x00,0x00,0x00,0x00,0x00,0x00,0x04,0x2C,0x58,0x8C,0xB7,0xEB,0xFF,0xFF,0xFF,0xFF,0xAB,0x00,0x00,0x00,0x00,0x00,0x00,
    0x00,0x00,0x00,0x00,0x00,0x00,0x00,0x00,0x00,0x00,0x00,0x00,0x00,0x00,0x00,0x00,0x00,0x00,0x10,0x40,0x70,0x9B,0xCF,0xF7,0xFF,0xFF,0xFF,0xFF,0xFF,0xFF,0xFF,0xFF,0xFF,0xFF,0x00,0x00,0x00,0x00,0x00,0x00,
    0x00,0x00,0x00,0x00,0x00,0x00,0x00,0x00,0x00,0x00,0x00,0x00,0x00,0x00,0x00,0x0C,0x9F,0xE7,0xFF,0xFF,0xFF,0xFF,0xFF,0xFF,0xFF,0xFF,0xFF,0xFF,0xFF,0xFF,0xFF,0xFF,0xFF,0xBF,0x00,0x00,0x00,0x00,0x00,0x00,
    0x00,0x00,0x00,0x00,0x00,0x00,0x00,0x00,0x00,0x00,0x00,0x00,0x00,0x00,0x00,0x90,0xFF,0xFF,0xFF,0xFF,0xFF,0xFF,0xFF,0xFF,0xFF,0xFF,0xFF,0xFF,0xFF,0xFF,0xFF,0xFF,0xFF,0x80,0x00,0x00,0x00,0x00,0x00,0x00,
    0x00,0x00,0x00,0x00,0x00,0x00,0x00,0x00,0x00,0x00,0x00,0x00,0x00,0x00,0x00,0xBB,0xFF,0xFF,0xFF,0xFF,0xFF,0xFF,0xFF,0xFF,0xFF,0xFF,0xDF,0xAF,0x80,0x50,0xE7,0xFF,0xFF,0x80,0x00,0x00,0x00,0x00,0x00,0x00,
    0x00,0x00,0x00,0x00,0x00,0x00,0x00,0x00,0x00,0x00,0x00,0x00,0x00,0x00,0x00,0x5C,0xFF,0xFF,0xFF,0xFF,0xF7,0xCB,0x9B,0x6C,0x3C,0x10,0x00,0x00,0x00,0x00,0xDF,0xFF,0xFF,0x80,0x00,0x00,0x00,0x00,0x00,0x00,
    0x00,0x00,0x00,0x00,0x00,0x00,0x00,0x00,0x00,0x00,0x00,0x00,0x00,0x00,0x00,0x20,0xFF,0xFF,0xFF,0x5C,0x00,0x00,0x00,0x00,0x00,0x00,0x00,0x00,0x00,0x00,0xDF,0xFF,0xFF,0x80,0x00,0x00,0x00,0x00,0x00,0x00,
    0x00,0x00,0x00,0x00,0x00,0x00,0x00,0x00,0x00,0x00,0x00,0x00,0x00,0x00,0x00,0x20,0xFF,0xFF,0xFF,0x40,0x00,0x00,0x00,0x00,0x00,0x00,0x00,0x00,0x00,0x00,0xDF,0xFF,0xFF,0x80,0x00,0x00,0x00,0x00,0x00,0x00,
    0x00,0x00,0x00,0x00,0x00,0x00,0x00,0x00,0x00,0x00,0x00,0x00,0x00,0x00,0x00,0x20,0xFF,0xFF,0xFF,0x40,0x00,0x00,0x00,0x00,0x00,0x00,0x00,0x00,0x00,0x00,0xDF,0xFF,0xFF,0x80,0x00,0x00,0x00,0x00,0x00,0x00,
    0x00,0x00,0x00,0x00,0x00,0x00,0x00,0x00,0x00,0x00,0x00,0x00,0x00,0x00,0x00,0x20,0xFF,0xFF,0xFF,0x40,0x00,0x00,0x00,0x00,0x00,0x00,0x00,0x00,0x00,0x00,0xDF,0xFF,0xFF,0x80,0x00,0x00,0x00,0x00,0x00,0x00,
    0x00,0x00,0x00,0x00,0x00,0x00,0x00,0x00,0x00,0x00,0x00,0x00,0x00,0x00,0x00,0x20,0xFF,0xFF,0xFF,0x40,0x00,0x00,0x00,0x00,0x00,0x00,0x00,0x00,0x00,0x00,0xDF,0xFF,0xFF,0x80,0x00,0x00,0x00,0x00,0x00,0x00,
    0x00,0x00,0x00,0x00,0x00,0x00,0x00,0x00,0x00,0x00,0x00,0x00,0x00,0x00,0x00,0x20,0xFF,0xFF,0xFF,0x40,0x00,0x00,0x00,0x00,0x00,0x00,0x00,0x00,0x00,0x00,0xDF,0xFF,0xFF,0x80,0x00,0x00,0x00,0x00,0x00,0x00,
    0x00,0x00,0x00,0x00,0x00,0x00,0x00,0x00,0x00,0x00,0x00,0x00,0x00,0x00,0x00,0x20,0xFF,0xFF,0xFF,0x40,0x00,0x00,0x00,0x00,0x00,0x00,0x00,0x00,0x00,0x00,0xDF,0xFF,0xFF,0x80,0x00,0x00,0x00,0x00,0x00,0x00,
    0x00,0x00,0x00,0x00,0x00,0x00,0x00,0x00,0x00,0x00,0x00,0x00,0x00,0x00,0x00,0x20,0xFF,0xFF,0xFF,0x40,0x00,0x00,0x00,0x00,0x00,0x00,0x00,0x00,0x00,0x00,0xDF,0xFF,0xFF,0x80,0x00,0x00,0x00,0x00,0x00,0x00,
    0x00,0x00,0x00,0x00,0x00,0x00,0x00,0x00,0x00,0x00,0x00,0x00,0x00,0x00,0x00,0x20,0xFF,0xFF,0xFF,0x40,0x00,0x00,0x00,0x00,0x00,0x00,0x00,0x00,0x00,0x00,0xDF,0xFF,0xFF,0x80,0x00,0x00,0x00,0x00,0x00,0x00,
    0x00,0x00,0x00,0x00,0x00,0x00,0x00,0x00,0x00,0x00,0x00,0x00,0x00,0x00,0x00,0x20,0xFF,0xFF,0xFF,0x40,0x00,0x00,0x00,0x00,0x00,0x00,0x00,0x00,0x00,0x00,0xDF,0xFF,0xFF,0x80,0x00,0x00,0x00,0x00,0x00,0x00,
    0x00,0x00,0x00,0x00,0x00,0x00,0x00,0x00,0x00,0x00,0x00,0x00,0x00,0x00,0x00,0x20,0xFF,0xFF,0xFF,0x40,0x00,0x00,0x00,0x00,0x00,0x00,0x00,0x00,0x00,0x00,0xDF,0xFF,0xFF,0x80,0x00,0x00,0x00,0x00,0x00,0x00,
    0x00,0x00,0x00,0x00,0x00,0x00,0x00,0x00,0x00,0x00,0x00,0x00,0x00,0x00,0x00,0x20,0xFF,0xFF,0xFF,0x40,0x00,0x00,0x00,0x00,0x00,0x00,0x00,0x00,0x00,0x00,0xDF,0xFF,0xFF,0x80,0x00,0x00,0x00,0x00,0x00,0x00,
    0x00,0x00,0x00,0x00,0x00,0x00,0x00,0x00,0x00,0x00,0x00,0x00,0x00,0x00,0x00,0x20,0xFF,0xFF,0xFF,0x40,0x00,0x00,0x00,0x00,0x2C,0x8C,0xC7,0xDB,0xB3,0x6C,0xE7,0xFF,0xFF,0x80,0x00,0x00,0x00,0x00,0x00,0x00,
    0x00,0x00,0x00,0x00,0x00,0x00,0x00,0x00,0x00,0x00,0x00,0x00,0x00,0x00,0x00,0x20,0xFF,0xFF,0xFF,0x40,0x00,0x00,0x00,0x78,0xFF,0xFF,0xFF,0xFF,0xFF,0xFF,0xFF,0xFF,0xFF,0x80,0x00,0x00,0x00,0x00,0x00,0x00,
    0x00,0x00,0x00,0x00,0x00,0x00,0x00,0x00,0x00,0x00,0x00,0x00,0x1C,0x1C,0x00,0x20,0xFF,0xFF,0xFF,0x40,0x00,0x00,0x74,0xFF,0xFF,0xFF,0xEB,0xEB,0xFF,0xFF,0xFF,0xFF,0xFF,0x80,0x00,0x00,0x00,0x00,0x00,0x00,
    0x00,0x00,0x00,0x00,0x00,0x00,0x00,0x00,0x00,0x20,0xA7,0xF3,0xFF,0xFF,0xF3,0xBB,0xFF,0xFF,0xFF,0x40,0x00,0x28,0xF7,0xFF,0xDF,0xE7,0xA3,0x84,0xCF,0xD7,0xFF,0xFF,0xFF,0x80,0x00,0x00,0x00,0x00,0x00,0x00,
    0x00,0x00,0x00,0x00,0x00,0x00,0x00,0x00,0x3C,0xEB,0xFF,0xFF,0xFF,0xFF,0xFF,0xFF,0xFF,0xFF,0xFF,0x40,0x00,0x7C,0xFF,0xFB,0xD7,0x40,0x00,0x00,0x00,0x84,0xF7,0xFF,0xFF,0x80,0x00,0x00,0x00,0x00,0x00,0x00,
    0x00,0x00,0x00,0x00,0x00,0x00,0x00,0x20,0xE7,0xFF,0xF3,0xFF,0xEB,0xEB,0xFF,0xF3,0xFF,0xFF,0xFF,0x40,0x00,0xA3,0xFF,0xD7,0x97,0x00,0x00,0x00,0x00,0x08,0xF3,0xFF,0xFF,0x80,0x00,0x00,0x00,0x00,0x00,0x00,
    0x00,0x00,0x00,0x00,0x00,0x00,0x00,0x93,0xFF,0xFF,0xFB,0x94,0x44,0x44,0x94,0xFB,0xFF,0xFF,0xFF,0x40,0x00,0xD7,0xFF,0xEB,0x88,0x00,0x00,0x00,0x00,0x00,0xDF,0xFF,0xFF,0x80,0x00,0x00,0x00,0x00,0x00,0x00,
    0x00,0x00,0x00,0x00,0x00,0x00,0x00,0xF3,0xFF,0xF7,0x94,0x00,0x00,0x00,0x00,0x98,0xFF,0xFF,0xFF,0x40,0x00,0xAF,0xFF,0xEB,0xB7,0x04,0x00,0x00,0x00,0x24,0xF7,0xFF,0xFF,0x54,0x00,0x00,0x00,0x00,0x00,0x00,
    0x00,0x00,0x00,0x00,0x00,0x00,0x20,0xFF,0xFF,0xFF,0x48,0x00,0x00,0x00,0x00,0x48,0xFF,0xFF,0xFF,0x40,0x00,0x70,0xFF,0xFB,0xC3,0x88,0x00,0x00,0x1C,0xC3,0xDF,0xFF,0xFF,0x18,0x00,0x00,0x00,0x00,0x00,0x00,
    0x00,0x00,0x00,0x00,0x00,0x00,0x20,0xFF,0xFF,0xFF,0x48,0x00,0x00,0x00,0x00,0x48,0xFF,0xFF,0xFF,0x24,0x00,0x10,0xDB,0xFF,0xFF,0xEB,0xC7,0xE3,0xD3,0xF3,0xFF,0xFF,0x9C,0x00,0x00,0x00,0x00,0x00,0x00,0x00,
    0x00,0x00,0x00,0x00,0x00,0x00,0x00,0xF3,0xFF,0xF7,0x94,0x00,0x00,0x00,0x00,0x94,0xF7,0xFF,0xF3,0x00,0x00,0x00,0x34,0xF3,0xFF,0xFF,0xF7,0xFF,0xF7,0xFF,0xFF,0xC7,0x04,0x00,0x00,0x00,0x00,0x00,0x00,0x00,
    0x00,0x00,0x00,0x00,0x00,0x00,0x00,0x93,0xFF,0xFF,0xFF,0xA3,0x44,0x44,0x94,0xFB,0xFF,0xFF,0x93,0x00,0x00,0x00,0x00,0x30,0xCB,0xFF,0xFF,0xFF,0xFF,0xFF,0x9B,0x08,0x00,0x00,0x00,0x00,0x00,0x00,0x00,0x00,
    0x00,0x00,0x00,0x00,0x00,0x00,0x00,0x20,0xE7,0xFF,0xFF,0xFF,0xEB,0xEB,0xFF,0xF3,0xFF,0xE7,0x20,0x00,0x00,0x00,0x00,0x00,0x00,0x30,0x70,0x80,0x5C,0x1C,0x00,0x00,0x00,0x00,0x00,0x00,0x00,0x00,0x00,0x00,
    0x00,0x00,0x00,0x00,0x00,0x00,0x00,0x00,0x3C,0xEB,0xFF,0xFF,0xFF,0xFF,0xFF,0xFF,0xEB,0x3C,0x00,0x00,0x00,0x00,0x00,0x00,0x00,0x00,0x00,0x00,0x00,0x00,0x00,0x00,0x00,0x00,0x00,0x00,0x00,0x00,0x00,0x00,
    0x00,0x00,0x00,0x00,0x00,0x00,0x00,0x00,0x00,0x24,0xAB,0xF3,0xFF,0xFF,0xF3,0xA7,0x20,0x00,0x00,0x00,0x00,0x00,0x00,0x00,0x00,0x00,0x00,0x00,0x00,0x00,0x00,0x00,0x00,0x00,0x00,0x00,0x00,0x00,0x00,0x00,
    0x00,0x00,0x00,0x00,0x00,0x00,0x00,0x00,0x00,0x00,0x00,0x00,0x1C,0x1C,0x00,0x00,0x00,0x00,0x00,0x00,0x00,0x00,0x00,0x00,0x00,0x00,0x00,0x00,0x00,0x00,0x00,0x00,0x00,0x00,0x00,0x00,0x00,0x00,0x00,0x00,
    0x00,0x00,0x00,0x00,0x00,0x00,0x00,0x00,0x00,0x00,0x00,0x00,0x00,0x00,0x00,0x00,0x00,0x00,0x00,0x00,0x00,0x00,0x00,0x00,0x00,0x00,0x00,0x00,0x00,0x00,0x00,0x00,0x00,0x00,0x00,0x00,0x00,0x00,0x00,0x00,
    0x00,0x00,0x00,0x00,0x00,0x00,0x00,0x00,0x00,0x00,0x00,0x00,0x00,0x00,0x00,0x00,0x00,0x00,0x00,0x00,0x00,0x00,0x00,0x00,0x00,0x00,0x00,0x00,0x00,0x00,0x00,0x00,0x00,0x00,0x00,0x00,0x00,0x00,0x00,0x00,
    0x00,0x00,0x00,0x00,0x00,0x00,0x00,0x00,0x00,0x00,0x00,0x00,0x00,0x00,0x00,0x00,0x00,0x00,0x00,0x00,0x00,0x00,0x00,0x00,0x00,0x00,0x00,0x00,0x00,0x00,0x00,0x00,0x00,0x00,0x00,0x00,0x00,0x00,0x00,0x00,
  },
  { // speaker
    0x00,0x00,0x00,0x00,0x00,0x00,0x00,0x00,0x00,0x00,0x00,0x00,0x00,0x00,0x00,0x00,0x00,0x00,0x00,0x00,0x00,0x00,0x00,0x00,0x00,0x00,0x00,0x00,0x00,0x00,0x00,0x00,0x00,0x00,0x00,0x00,0x00,0x00,0x00,0x00,
    0x00,0x00,0x00,0x00,0x00,0x00,0x00,0x00,0x00,0x00,0x00,0x00,0x00,0x00,0x00,0x00,0x00,0x00,0x00,0x00,0x00,0x00,0x00,0x00,0x00,0x00,0x00,0x00,0x00,0x00,0x00,0x00,0x00,0x00,0x00,0x00,0x00,0x00,0x00,0x00,
    0x00,0x00,0x00,0x00,0x00,0x00,0x00,0x00,0x00,0x00,0x00,0x00,0x00,0x00,0x00,0x00,0x00,0x00,0x00,0x00,0x00,0x00,0x00,0x00,0x00,0x00,0x00,0x00,0x00,0x00,0x00,0x00,0x00,0x00,0x00,0x00,0x00,0x00,0x00,0x00,
    0x00,0x00,0x00,0x00,0x00,0x00,0x00,0x00,0x00,0x00,0x00,0x00,0x00,0x00,0x00,0x00,0x00,0x00,0x00,0x00,0x00,0x00,0x00,0x00,0x00,0x00,0x00,0x00,0x00,0x00,0x00,0x00,0x00,0x00,0x00,0x00,0x00,0x00,0x00,0x00,
    0x00,0x00,0x00,0x00,0x00,0x00,0x00,0x00,0x00,0x00,0x00,0x00,0x00,0x00,0x00,0x00,0x00,0x00,0x00,0x00,0x00,0x00,0x00,0x00,0x00,0x00,0x00,0x00,0x00,0x00,0x00,0x00,0x00,0x00,0x00,0x00,0x00,0x00,0x00,0x00,
    0x00,0x00,0x00,0x00,0x00,0x00,0x00,0x00,0x00,0x00,0x00,0x00,0x00,0x00,0x00,0x00,0x00,0x00,0x00,0x00,0x00,0x00,0x00,0x00,0x00,0x00,0x00,0x00,0x00,0x00,0x00,0x00,0x00,0x00,0x00,0x00,0x00,0x00,0x00,0x00,
    0x00,0x00,0x00,0x00,0x00,0x00,0x00,0x00,0x00,0x00,0x00,0x00,0x00,0x00,0x00,0x00,0x00,0x00,0x00,0x00,0x00,0x00,0x00,0x00,0x00,0x00,0x00,0x00,0x00,0x00,0x00,0x00,0x00,0x00,0x00,0x00,0x00,0x00,0x00,0x00,
    0x00,0x00,0x00,0x00,0x00,0x00,0x00,0x00,0x00,0x00,0x00,0x00,0x00,0x00,0x00,0x00,0x00,0x2C,0xBB,0xE7,0x70,0x00,0x00,0x00,0x00,0x00,0x00,0x00,0x40,0x78,0x1C,0x00,0x00,0x00,0x00,0x00,0x00,0x00,0x00,0x00,
    0x00,0x00,0x00,0x00,0x00,0x00,0x00,0x00,0x00,0x00,0x00,0x00,0x00,0x00,0x00,0x00,0x3C,0xF3,0xFF,0xFF,0xFF,0x1C,0x00,0x00,0x00,0x00,0x00,0x34,0xFB,0xFF,0xEB,0x38,0x00,0x00,0x00,0x00,0x00,0x00,0x00,0x00,
    0x00,0x00,0x00,0x00,0x00,0x00,0x00,0x00,0x00,0x00,0x00,0x00,0x00,0x00,0x00,0x3C,0xF3,0xFF,0xFF,0xFF,0xFF,0x5C,0x00,0x00,0x00,0x00,0x00,0x54,0xFF,0xFF,0xFF,0xEB,0x2C,0x00,0x00,0x00,0x00,0x00,0x00,0x00,
    0x00,0x00,0x00,0x00,0x00,0x00,0x00,0x00,0x00,0x00,0x00,0x00,0x00,0x00,0x3C,0xF3,0xFF,0xFF,0xFF,0xFF,0xFF,0x60,0x00,0x00,0x00,0x00,0x00,0x04,0x9B,0xFF,0xFF,0xFF,0xE7,0x18,0x00,0x00,0x00,0x00,0x00,0x00,
    0x00,0x00,0x00,0x00,0x00,0x00,0x00,0x00,0x00,0x00,0x00,0x00,0x00,0x3C,0xF3,0xFF,0xFF,0xFF,0xFF,0xFF,0xFF,0x60,0x00,0x00,0x24,0x2C,0x00,0x00,0x00,0x7C,0xFF,0xFF,0xFF,0xAB,0x00,0x00,0x00,0x00,0x00,0x00,
    0x00,0x00,0x00,0x00,0x00,0x00,0x00,0x00,0x00,0x00,0x00,0x00,0x3C,0xF3,0xFF,0xFF,0xFF,0x70,0xFF,0xFF,0xFF,0x60,0x00,0x48,0xFB,0xFF,0x84,0x00,0x00,0x00,0x9C,0xFF,0xFF,0xFF,0x5C,0x00,0x00,0x00,0x00,0x00,
    0x00,0x00,0x00,0x00,0x00,0x00,0x00,0x00,0x00,0x00,0x00,0x34,0xF3,0xFF,0xFF,0xFF,0x70,0x00,0xFF,0xFF,0xFF,0x60,0x00,0x9B,0xFF,0xFF,0xFF,0xA7,0x04,0x00,0x08,0xE3,0xFF,0xFF,0xDB,0x00,0x00,0x00,0x00,0x00,
    0x00,0x00,0x00,0x00,0x58,0x9F,0x9F,0x9F,0x9F,0x9F,0xBB,0xF3,0xFB,0xFF,0xFF,0x70,0x00,0x00,0xFF,0xFF,0xFF,0x60,0x00,0x38,0xF3,0xFF,0xFF,0xFF,0x80,0x00,0x00,0x60,0xFF,0xFF,0xFF,0x4C,0x00,0x00,0x00,0x00,
    0x00,0x00,0x00,0x8C,0xFF,0xFF,0xFF,0xFF,0xFF,0xFF,0xFF,0xFF,0xFF,0xFF,0x70,0x00,0x00,0x00,0xFF,0xFF,0xFF,0x60,0x00,0x00,0x20,0xCB,0xFF,0xFF,0xFB,0x38,0x00,0x08,0xE7,0xFF,0xFF,0xB3,0x00,0x00,0x00,0x00,
    0x00,0x00,0x1C,0xFF,0xFF,0xFF,0xFF,0xFF,0xFF,0xFF,0xFF,0xFF,0xEF,0x64,0x00,0x00,0x00,0x00,0xFF,0xFF,0xFF,0x60,0x00,0x00,0x00,0x2C,0xEB,0xFF,0xFB,0x93,0x00,0x00,0x8C,0xFF,0xFF,0xEF,0x00,0x00,0x00,0x00,
    0x00,0x00,0x5C,0xFF,0xFF,0xFF,0xBF,0xBF,0xBF,0xBF,0xA3,0x68,0x14,0x00,0x00,0x00,0x00,0x00,0xFF,0xFF,0xFF,0x60,0x00,0x00,0x00,0x00,0x74,0xE3,0xFF,0xF3,0x0C,0x00,0x3C,0xDF,0xFF,0xF7,0x1C,0x00,0x00,0x00,
    0x00,0x00,0x60,0xFF,0xFF,0xFF,0x00,0x00,0x00,0x00,0x00,0x00,0x00,0x00,0x00,0x00,0x00,0x00,0xFF,0xFF,0xFF,0x60,0x00,0x00,0x00,0x00,0x40,0xFF,0xFF,0xFF,0x34,0x00,0x18,0xFF,0xFF,0xFF,0x50,0x00,0x00,0x00,
    0x00,0x00,0x60,0xFF,0xFF,0xFF,0x00,0x00,0x00,0x00,0x00,0x00,0x00,0x00,0x00,0x00,0x00,0x00,0xFF,0xFF,0xFF,0x60,0x00,0x00,0x00,0x00,0x10,0xD3,0xFF,0xFB,0x4C,0x00,0x00,0xFF,0xFF,0xFF,0x60,0x00,0x00,0x00,
    0x00,0x00,0x60,0xFF,0xFF,0xFF,0x00,0x00,0x00,0x00,0x00,0x00,0x00,0x00,0x00,0x00,0x00,0x00,0xFF,0xFF,0xFF,0x60,0x00,0x00,0x00,0x00,0x10,0xD3,0xFF,0xFB,0x4C,0x00,0x00,0xFF,0xFF,0xFF,0x60,0x00,0x00,0x00,
    0x00,0x00,0x60,0xFF,0xFF,0xFF,0x00,0x00,0x00,0x00,0x00,0x00,0x00,0x00,0x00,0x00,0x00,0x00,0xFF,0xFF,0xFF,0x60,0x00,0x00,0x00,0x00,0x40,0xFF,0xFF,0xFF,0x34,0x00,0x18,0xFF,0xFF,0xFF,0x50,0x00,0x00,0x00,
    0x00,0x00,0x5C,0xFF,0xFF,0xFF,0x9F,0x9F,0x9F,0x9F,0x9F,0x68,0x14,0x00,0x00,0x00,0x00,0x00,0xFF,0xFF,0xFF,0x60,0x00,0x00,0x00,0x00,0x74,0xE3,0xFF,0xF3,0x0C,0x00,0x3C,0xDF,0xFF,0xF7,0x1C,0x00,0x00,0x00,
    0x00,0x00,0x1C,0xFF,0xFF,0xFB,0xFF,0xFF,0xFF,0xFF,0xFF,0xFF,0xEF,0x64,0x00,0x00,0x00,0x00,0xFF,0xFF,0xFF,0x60,0x00,0x00,0x00,0x2C,0xEB,0xFF,0xFB,0x93,0x00,0x00,0x8C,0xFF,0xFF,0xEF,0x00,0x00,0x00,0x00,
    0x00,0x00,0x00,0x8C,0xFF,0xFF,0xFF,0xFF,0xFF,0xFF,0xFF,0xFF,0xFF,0xFF,0x70,0x00,0x00,0x00,0xFF,0xFF,0xFF,0x60,0x00,0x00,0x28,0xD3,0xFF,0xFF,0xFB,0x38,0x00,0x08,0xE7,0xFF,0xFF,0xB3,0x00,0x00,0x00,0x00,
    0x00,0x00,0x00,0x00,0x58,0x9F,0xBF,0xBF,0xBF,0xBF,0xBF,0xF3,0xFB,0xFF,0xFF,0x70,0x00,0x00,0xFF,0xFF,0xFF,0x60,0x00,0x48,0xFB,0xFF,0xFF,0xFF,0x80,0x00,0x00,0x60,0xFF,0xFF,0xFF,0x4C,0x00,0x00,0x00,0x00,
    0x00,0x00,0x00,0x00,0x00,0x00,0x00,0x00,0x00,0x00,0x00,0x34,0xF3,0xFF,0xFF,0xFF,0x70,0x00,0xFF,0xFF,0xFF,0x60,0x00,0x9B,0xFF,0xFF,0xFF,0xA7,0x04,0x00,0x08,0xE3,0xFF,0xFF,0xDB,0x00,0x00,0x00,0x00,0x00,
    0x00,0x00,0x00,0x00,0x00,0x00,0x00,0x00,0x00,0x00,0x00,0x00,0x3C,0xF3,0xFF,0xFF,0xFF,0x70,0xFF,0xFF,0xFF,0x60,0x00,0x38,0xF3,0xFB,0x80,0x00,0x00,0x00,0x9C,0xFF,0xFF,0xFF,0x5C,0x00,0x00,0x00,0x00,0x00,
    0x00,0x00,0x00,0x00,0x00,0x00,0x00,0x00,0x00,0x00,0x00,0x00,0x00,0x3C,0xF3,0xFF,0xFF,0xFF,0xFF,0xFF,0xFF,0x60,0x00,0x00,0x0C,0x10,0x00,0x00,0x00,0x7C,0xFF,0xFF,0xFF,0xAB,0x00,0x00,0x00,0x00,0x00,0x00,
    0x00,0x00,0x00,0x00,0x00,0x00,0x00,0x00,0x00,0x00,0x00,0x00,0x00,0x00,0x3C,0xF3,0xFF,0xFF,0xFF,0xFF,0xFF,0x60,0x00,0x00,0x00,0x00,0x00,0x0C,0xBB,0xFF,0xFF,0xFF,0xE7,0x18,0x00,0x00,0x00,0x00,0x00,0x00,
    0x00,0x00,0x00,0x00,0x00,0x00,0x00,0x00,0x00,0x00,0x00,0x00,0x00,0x00,0x00,0x3C,0xF3,0xFF,0xFF,0xFF,0xFF,0x5C,0x00,0x00,0x00,0x00,0x00,0x58,0xFF,0xFF,0xFF,0xEB,0x2C,0x00,0x00,0x00,0x00,0x00,0x00,0x00,
    0x00,0x00,0x00,0x00,0x00,0x00,0x00,0x00,0x00,0x00,0x00,0x00,0x00,0x00,0x00,0x00,0x3C,0xF3,0xFF,0xFF,0xFF,0x1C,0x00,0x00,0x00,0x00,0x00,0x28,0xF3,0xFF,0xEB,0x38,0x00,0x00,0x00,0x00,0x00,0x00,0x00,0x00,
    0x00,0x00,0x00,0x00,0x00,0x00,0x00,0x00,0x00,0x00,0x00,0x00,0x00,0x00,0x00,0x00,0x00,0x2C,0xBB,0xE7,0x70,0x00,0x00,0x00,0x00,0x00,0x00,0x00,0x28,0x58,0x10,0x00,0x00,0x00,0x00,0x00,0x00,0x00,0x00,0x00,
    0x00,0x00,0x00,0x00,0x00,0x00,0x00,0x00,0x00,0x00,0x00,0x00,0x00,0x00,0x00,0x00,0x00,0x00,0x00,0x00,0x00,0x00,0x00,0x00,0x00,0x00,0x00,0x00,0x00,0x00,0x00,0x00,0x00,0x00,0x00,0x00,0x00,0x00,0x00,0x00,
    0x00,0x00,0x00,0x00,0x00,0x00,0x00,0x00,0x00,0x00,0x00,0x00,0x00,0x00,0x00,0x00,0x00,0x00,0x00,0x00,0x00,0x00,0x00,0x00,0x00,0x00,0x00,0x00,0x00,0x00,0x00,0x00,0x00,0x00,0x00,0x00,0x00,0x00,0x00,0x00,
    0x00,0x00,0x00,0x00,0x00,0x00,0x00,0x00,0x00,0x00,0x00,0x00,0x00,0x00,0x00,0x00,0x00,0x00,0x00,0x00,0x00,0x00,0x00,0x00,0x00,0x00,0x00,0x00,0x00,0x00,0x00,0x00,0x00,0x00,0x00,0x00,0x00,0x00,0x00,0x00,
    0x00,0x00,0x00,0x00,0x00,0x00,0x00,0x00,0x00,0x00,0x00,0x00,0x00,0x00,0x00,0x00,0x00,0x00,0x00,0x00,0x00,0x00,0x00,0x00,0x00,0x00,0x00,0x00,0x00,0x00,0x00,0x00,0x00,0x00,0x00,0x00,0x00,0x00,0x00,0x00,
    0x00,0x00,0x00,0x00,0x00,0x00,0x00,0x00,0x00,0x00,0x00,0x00,0x00,0x00,0x00,0x00,0x00,0x00,0x00,0x00,0x00,0x00,0x00,0x00,0x00,0x00,0x00,0x00,0x00,0x00,0x00,0x00,0x00,0x00,0x00,0x00,0x00,0x00,0x00,0x00,
    0x00,0x00,0x00,0x00,0x00,0x00,0x00,0x00,0x00,0x00,0x00,0x00,0x00,0x00,0x00,0x00,0x00,0x00,0x00,0x00,0x00,0x00,0x00,0x00,0x00,0x00,0x00,0x00,0x00,0x00,0x00,0x00,0x00,0x00,0x00,0x00,0x00,0x00,0x00,0x00,
    0x00,0x00,0x00,0x00,0x00,0x00,0x00,0x00,0x00,0x00,0x00,0x00,0x00,0x00,0x00,0x00,0x00,0x00,0x00,0x00,0x00,0x00,0x00,0x00,0x00,0x00,0x00,0x00,0x00,0x00,0x00,0x00,0x00,0x00,0x00,0x00,0x00,0x00,0x00,0x00,
  },
  { // camera
    0x00,0x00,0x00,0x00,0x00,0x00,0x00,0x00,0x00,0x00,0x00,0x00,0x00,0x00,0x00,0x00,0x00,0x00,0x00,0x00,0x00,0x00,0x00,0x00,0x00,0x00,0x00,0x00,0x00,0x00,0x00,0x00,0x00,0x00,0x00,0x00,0x00,0x00,0x00,0x00,
    0x00,0x00,0x00,0x00,0x00,0x00,0x00,0x00,0x00,0x00,0x00,0x00,0x00,0x00,0x00,0x00,0x00,0x00,0x00,0x00,0x00,0x00,0x00,0x00,0x00,0x00,0x00,0x00,0x00,0x00,0x00,0x00,0x00,0x00,0x00,0x00,0x00,0x00,0x00,0x00,
    0x00,0x00,0x00,0x00,0x00,0x00,0x00,0x00,0x00,0x00,0x00,0x00,0x00,0x00,0x00,0x00,0x00,0x00,0x00,0x00,0x00,0x00,0x00,0x00,0x00,0x00,0x00,0x00,0x00,0x00,0x00,0x00,0x00,0x00,0x00,0x00,0x00,0x00,0x00,0x00,
    0x00,0x00,0x00,0x00,0x00,0x00,0x00,0x00,0x00,0x00,0x00,0x00,0x00,0x00,0x00,0x00,0x00,0x00,0x00,0x00,0x00,0x00,0x00,0x00,0x00,0x00,0x00,0x00,0x00,0x00,0x00,0x00,0x00,0x00,0x00,0x00,0x00,0x00,0x00,0x00,
    0x00,0x00,0x00,0x00,0x00,0x00,0x00,0x00,0x00,0x00,0x00,0x00,0x00,0x00,0x00,0x08,0x40,0x60,0x60,0x60,0x40,0x08,0x00,0x00,0x00,0x00,0x00,0x00,0x00,0x00,0x00,0x00,0x00,0x00,0x00,0x00,0x00,0x00,0x00,0x00,
    0x00,0x00,0x00,0x00,0x00,0x00,0x00,0x00,0x00,0x00,0x00,0x00,0x00,0x08,0x90,0xEF,0xFF,0xFF,0xFF,0xFF,0xFF,0xEB,0x90,0x08,0x00,0x00,0x00,0x00,0x00,0x00,0x00,0x00,0x00,0x00,0x00,0x00,0x00,0x00,0x00,0x00,
    0x00,0x00,0x00,0x00,0x00,0x00,0x00,0x00,0x00,0x00,0x00,0x00,0x08,0xC3,0xFF,0xFF,0xFB,0xFF,0xFF,0xFF,0xFB,0xFF,0xFF,0xC3,0x08,0x00,0x00,0x00,0x00,0x00,0x00,0x00,0x00,0x00,0x00,0x00,0x00,0x00,0x00,0x00,
    0x00,0x00,0x00,0x00,0x00,0x00,0x00,0x00,0x00,0x00,0x00,0x00,0x93,0xFF,0xFF,0xFF,0xF3,0xFF,0xFF,0xFF,0xF3,0xFF,0xFF,0xFF,0x93,0x00,0x00,0x00,0x00,0x00,0x00,0x00,0x00,0x00,0x00,0x00,0x00,0x00,0x00,0x00,
    0x00,0x00,0x00,0x00,0x00,0x00,0x00,0x00,0x00,0x00,0x00,0x28,0xF7,0xFF,0xF3,0xB7,0x24,0x00,0x00,0x00,0x24,0xB7,0xFF,0xFF,0xFF,0x2C,0x00,0x00,0x00,0x00,0x00,0x00,0x00,0x00,0x00,0x00,0x00,0x00,0x00,0x00,
    0x00,0x00,0x00,0x00,0x00,0x00,0x00,0x00,0x00,0x00,0x20,0xBF,0xEB,0xFF,0xFF,0x28,0x00,0x00,0x00,0x00,0x00,0x28,0xFF,0xFF,0xFB,0xBF,0x20,0x00,0x00,0x00,0x00,0x00,0x00,0x00,0x00,0x00,0x00,0x00,0x00,0x00,
    0x00,0x00,0x10,0x8C,0xE3,0xFF,0xFF,0xFF,0xFF,0xFF,0xF3,0xFB,0xFF,0xFF,0x93,0x00,0x00,0x00,0x00,0x00,0x00,0x00,0x93,0xFF,0xFF,0xFB,0xF3,0xFF,0xFF,0xFF,0xFF,0xFF,0xFF,0xFF,0xFF,0xE3,0x8C,0x10,0x00,0x00,
    0x00,0x10,0xE3,0xFF,0xFF,0xFF,0xFF,0xFF,0xFF,0xFF,0xFB,0xFF,0xFF,0xC3,0x08,0x00,0x00,0x00,0x00,0x00,0x00,0x00,0x08,0xC3,0xFF,0xFF,0xFB,0xFF,0xFF,0xFF,0xFF,0xFF,0xFF,0xFF,0xFF,0xFF,0xFF,0xDF,0x10,0x00,
    0x00,0x8C,0xFF,0xFF,0xFB,0xFF,0xFF,0xFF,0xFF,0xFF,0xFF,0xEB,0x8C,0x0C,0x00,0x00,0x00,0x00,0x00,0x00,0x00,0x00,0x00,0x0C,0x8C,0xEF,0xFF,0xFF,0xFF,0xFF,0xFF,0xFF,0xFF,0xFF,0xFF,0xFB,0xFF,0xFF,0x8C,0x00,
    0x00,0xE3,0xFF,0xFB,0xB3,0x60,0x60,0x60,0x60,0x60,0x40,0x08,0x00,0x00,0x00,0x00,0x00,0x00,0x00,0x00,0x00,0x00,0x00,0x00,0x00,0x08,0x40,0x60,0x60,0x60,0x60,0x60,0x60,0x60,0x60,0xB3,0xFB,0xFF,0xDF,0x00,
    0x00,0xFF,0xFF,0xFF,0x60,0x00,0x00,0x00,0x00,0x00,0x00,0x00,0x00,0x00,0x00,0x00,0x24,0x78,0xB7,0xD7,0xD7,0xB7,0x78,0x24,0x00,0x00,0x00,0x00,0x00,0x00,0x00,0x00,0x00,0x00,0x00,0x60,0xFF,0xFF,0xFF,0x00,
    0x00,0xFF,0xFF,0xFF,0x60,0x00,0x00,0x00,0x00,0x00,0x00,0x00,0x00,0x00,0x10,0x9F,0xFF,0xFF,0xFF,0xFF,0xFF,0xFF,0xFF,0xFF,0x9F,0x10,0x00,0x00,0x00,0x00,0x10,0x5C,0x2C,0x00,0x00,0x60,0xFF,0xFF,0xFF,0x00,
    0x00,0xFF,0xFF,0xFF,0x60,0x00,0x00,0x00,0x00,0x00,0x00,0x00,0x00,0x18,0xD3,0xFF,0xFF,0xFF,0xFF,0xFF,0xFF,0xFF,0xFF,0xFF,0xFF,0xD3,0x18,0x00,0x00,0x00,0xCB,0xFF,0xF7,0x30,0x00,0x60,0xFF,0xFF,0xFF,0x00,
    0x00,0xFF,0xFF,0xFF,0x60,0x00,0x00,0x00,0x00,0x00,0x00,0x00,0x04,0xCB,0xFF,0xFF,0xFF,0xF7,0xBF,0x88,0x88,0xBF,0xF7,0xFF,0xFF,0xFF,0xCB,0x04,0x00,0x00,0xFF,0xFF,0xFF,0x5C,0x00,0x60,0xFF,0xFF,0xFF,0x00,
    0x00,0xFF,0xFF,0xFF,0x60,0x00,0x00,0x00,0x00,0x00,0x00,0x00,0x9B,0xFF,0xFF,0xF7,0xBB,0x24,0x00,0x00,0x00,0x00,0x24,0xBB,0xF7,0xFF,0xFF,0x9B,0x00,0x00,0x84,0xFF,0xD3,0x10,0x00,0x60,0xFF,0xFF,0xFF,0x00,
    0x00,0xFF,0xFF,0xFF,0x60,0x00,0x00,0x00,0x00,0x00,0x00,0x14,0xF7,0xFF,0xFF,0xA3,0x08,0x00,0x00,0x00,0x00,0x00,0x00,0x08,0xA3,0xFF,0xFF,0xF7,0x14,0x00,0x00,0x00,0x00,0x00,0x00,0x60,0xFF,0xFF,0xFF,0x00,
    0x00,0xFF,0xFF,0xFF,0x60,0x00,0x00,0x00,0x00,0x00,0x00,0x74,0xFF,0xF7,0xD7,0x2C,0x00,0x00,0x00,0x00,0x00,0x00,0x00,0x00,0x2C,0xD7,0xF7,0xFF,0x78,0x00,0x00,0x00,0x00,0x00,0x00,0x60,0xFF,0xFF,0xFF,0x00,
    0x00,0xFF,0xFF,0xFF,0x60,0x00,0x00,0x00,0x00,0x00,0x00,0xB7,0xFF,0xFF,0xA7,0x00,0x00,0x00,0x00,0x00,0x00,0x00,0x00,0x00,0x00,0xA7,0xFF,0xFF,0xB7,0x00,0x00,0x00,0x00,0x00,0x00,0x60,0xFF,0xFF,0xFF,0x00,
    0x00,0xFF,0xFF,0xFF,0x60,0x00,0x00,0x00,0x00,0x00,0x00,0xCF,0xFF,0xEF,0x70,0x00,0x00,0x00,0x00,0x00,0x00,0x00,0x00,0x00,0x00,0x97,0xFF,0xFF,0xD7,0x00,0x00,0x00,0x00,0x00,0x00,0x60,0xFF,0xFF,0xFF,0x00,
    0x00,0xFF,0xFF,0xFF,0x60,0x00,0x00,0x00,0x00,0x00,0x00,0xCF,0xFF,0xEF,0x70,0x00,0x00,0x00,0x00,0x00,0x00,0x00,0x00,0x00,0x00,0x93,0xFF,0xFF,0xD7,0x00,0x00,0x00,0x00,0x00,0x00,0x60,0xFF,0xFF,0xFF,0x00,
    0x00,0xFF,0xFF,0xFF,0x60,0x00,0x00,0x00,0x00,0x00,0x00,0xB7,0xFF,0xFF,0xA7,0x00,0x00,0x00,0x00,0x00,0x00,0x00,0x00,0x00,0x00,0xA7,0xFF,0xFF,0xB7,0x00,0x00,0x00,0x00,0x00,0x00,0x60,0xFF,0xFF,0xFF,0x00,
    0x00,0xFF,0xFF,0xFF,0x60,0x00,0x00,0x00,0x00,0x00,0x00,0x74,0xFF,0xF7,0xD7,0x2C,0x00,0x00,0x00,0x00,0x00,0x00,0x00,0x00,0x2C,0xD7,0xF7,0xFF,0x78,0x00,0x00,0x00,0x00,0x00,0x00,0x60,0xFF,0xFF,0xFF,0x00,
    0x00,0xFF,0xFF,0xFF,0x60,0x00,0x00,0x00,0x00,0x00,0x00,0x14,0xF7,0xFF,0xFF,0xA3,0x08,0x00,0x00,0x00,0x00,0x00,0x00,0x08,0xA3,0xFF,0xFF,0xF7,0x14,0x00,0x00,0x00,0x00,0x00,0x00,0x60,0xFF,0xFF,0xFF,0x00,
    0x00,0xFF,0xFF,0xFF,0x60,0x00,0x00,0x00,0x00,0x00,0x00,0x00,0x9B,0xFF,0xFF,0xF7,0xBB,0x24,0x00,0x00,0x00,0x00,0x24,0xBB,0xF7,0xFF,0xFF,0x9B,0x00,0x00,0x00,0x00,0x00,0x00,0x00,0x60,0xFF,0xFF,0xFF,0x00,
    0x00,0xFF,0xFF,0xFF,0x60,0x00,0x00,0x00,0x00,0x00,0x00,0x00,0x04,0xCB,0xFF,0xFF,0xFF,0xF7,0xBF,0x88,0x88,0xBF,0xF7,0xFF,0xFF,0xFF,0xCB,0x04,0x00,0x00,0x00,0x00,0x00,0x00,0x00,0x60,0xFF,0xFF,0xFF,0x00,
    0x00,0xFF,0xFF,0xFF,0x60,0x00,0x00,0x00,0x00,0x00,0x00,0x00,0x00,0x18,0xD3,0xFF,0xFF,0xFF,0xFF,0xFF,0xFF,0xFF,0xFF,0xFF,0xFF,0xD3,0x18,0x00,0x00,0x00,0x00,0x00,0x00,0x00,0x00,0x60,0xFF,0xFF,0xFF,0x00,
    0x00,0xFF,0xFF,0xFF,0x60,0x00,0x00,0x00,0x00,0x00,0x00,0x00,0x00,0x00,0x10,0x9F,0xFF,0xFF,0xFF,0xFF,0xFF,0xFF,0xFF,0xFF,0x9F,0x10,0x00,0x00,0x00,0x00,0x00,0x00,0x00,0x00,0x00,0x60,0xFF,0xFF,0xFF,0x00,
    0x00,0xFB,0xFF,0xFB,0x5C,0x00,0x00,0x00,0x00,0x00,0x00,0x00,0x00,0x00,0x00,0x00,0x24,0x78,0xB7,0xD7,0xD7,0xB7,0x78,0x24,0x00,0x00,0x00,0x00,0x00,0x00,0x00,0x00,0x00,0x00,0x00,0x5C,0xFB,0xFF,0xFB,0x00,
    0x00,0xCF,0xFF,0xF7,0xEF,0xBF,0x9F,0x9F,0x9F,0x9F,0x9F,0x9F,0x9F,0x9F,0x9F,0x9F,0x9F,0x9F,0x9F,0x9F,0x9F,0x9F,0x9F,0x9F,0x9F,0x9F,0x9F,0x9F,0x9F,0x9F,0x9F,0x9F,0x9F,0x9F,0xA7,0xEF,0xF7,0xFF,0xCB,0x00,
    0x00,0x74,0xFF,0xFF,0xFF,0xFF,0xFF,0xFF,0xFF,0xFF,0xFF,0xFF,0xFF,0xFF,0xFF,0xFF,0xFF,0xFF,0xFF,0xFF,0xFF,0xFF,0xFF,0xFF,0xFF,0xFF,0xFF,0xFF,0xFF,0xFF,0xFF,0xFF,0xFF,0xFF,0xEB,0xFF,0xFF,0xFF,0x74,0x00,
    0x00,0x00,0x9B,0xFF,0xFF,0xFF,0xFF,0xFF,0xFF,0xFF,0xFF,0xFF,0xFF,0xFF,0xFF,0xFF,0xFF,0xFF,0xFF,0xFF,0xFF,0xFF,0xFF,0xFF,0xFF,0xFF,0xFF,0xFF,0xFF,0xFF,0xFF,0xFF,0xFF,0xFF,0xFF,0xFF,0xFF,0x9B,0x00,0x00,
    0x00,0x00,0x00,0x3C,0x90,0xAB,0xBF,0xBF,0xBF,0xBF,0xBF,0xBF,0xBF,0xBF,0xBF,0xBF,0xBF,0xBF,0xBF,0xBF,0xBF,0xBF,0xBF,0xBF,0xBF,0xBF,0xBF,0xBF,0xBF,0xBF,0xBF,0xBF,0xBF,0xBF,0xAB,0x90,0x3C,0x00,0x00,0x00,
    0x00,0x00,0x00,0x00,0x00,0x00,0x00,0x00,0x00,0x00,0x00,0x00,0x00,0x00,0x00,0x00,0x00,0x00,0x00,0x00,0x00,0x00,0x00,0x00,0x00,0x00,0x00,0x00,0x00,0x00,0x00,0x00,0x00,0x00,0x00,0x00,0x00,0x00,0x00,0x00,
    0x00,0x00,0x00,0x00,0x00,0x00,0x00,0x00,0x00,0x00,0x00,0x00,0x00,0x00,0x00,0x00,0x00,0x00,0x00,0x00,0x00,0x00,0x00,0x00,0x00,0x00,0x00,0x00,0x00,0x00,0x00,0x00,0x00,0x00,0x00,0x00,0x00,0x00,0x00,0x00,
    0x00,0x00,0x00,0x00,0x00,0x00,0x00,0x00,0x00,0x00,0x00,0x00,0x00,0x00,0x00,0x00,0x00,0x00,0x00,0x00,0x00,0x00,0x00,0x00,0x00,0x00,0x00,0x00,0x00,0x00,0x00,0x00,0x00,0x00,0x00,0x00,0x00,0x00,0x00,0x00,
    0x00,0x00,0x00,0x00,0x00,0x00,0x00,0x00,0x00,0x00,0x00,0x00,0x00,0x00,0x00,0x00,0x00,0x00,0x00,0x00,0x00,0x00,0x00,0x00,0x00,0x00,0x00,0x00,0x00,0x00,0x00,0x00,0x00,0x00,0x00,0x00,0x00,0x00,0x00,0x00,
  },
  { // alarm
    0x00,0x00,0x00,0x00,0x00,0x00,0x00,0x00,0x00,0x00,0x00,0x00,0x00,0x00,0x00,0x00,0x00,0x00,0x00,0x00,0x00,0x00,0x00,0x00,0x00,0x00,0x00,0x00,0x00,0x00,0x00,0x00,0x00,0x00,0x00,0x00,0x00,0x00,0x00,0x00,
    0x00,0x00,0x00,0x00,0x00,0x00,0x00,0x00,0x00,0x00,0x00,0x00,0x00,0x00,0x00,0x00,0x00,0x00,0x00,0x00,0x00,0x00,0x00,0x00,0x00,0x00,0x00,0x00,0x00,0x00,0x00,0x00,0x00,0x00,0x00,0x00,0x00,0x00,0x00,0x00,
    0x00,0x00,0x00,0x00,0x00,0x00,0x00,0x00,0x00,0x00,0x00,0x00,0x00,0x00,0x00,0x00,0x00,0x00,0x00,0x00,0x00,0x00,0x00,0x00,0x00,0x00,0x00,0x00,0x00,0x00,0x00,0x00,0x00,0x00,0x00,0x00,0x00,0x00,0x00,0x00,
    0x00,0x00,0x00,0x00,0x00,0x00,0x00,0x00,0x00,0x00,0x00,0x00,0x00,0x00,0x00,0x00,0x00,0x00,0x00,0x00,0x00,0x00,0x00,0x00,0x00,0x00,0x00,0x00,0x00,0x00,0x00,0x00,0x00,0x00,0x00,0x00,0x00,0x00,0x00,0x00,
    0x00,0x00,0x00,0x00,0x00,0x00,0x00,0x00,0x00,0x00,0x00,0x00,0x00,0x00,0x00,0x00,0x00,0x00,0x3C,0xA3,0xA3,0x3C,0x00,0x00,0x00,0x00,0x00,0x00,0x00,0x00,0x00,0x00,0x00,0x00,0x00,0x00,0x00,0x00,0x00,0x00,
    0x00,0x00,0x00,0x00,0x00,0x00,0x00,0x00,0x00,0x00,0x00,0x00,0x00,0x00,0x00,0x00,0x00,0x60,0xFF,0xFF,0xFF,0xFF,0x5C,0x00,0x00,0x00,0x00,0x00,0x00,0x00,0x00,0x00,0x00,0x00,0x00,0x00,0x00,0x00,0x00,0x00,
    0x00,0x00,0x00,0x00,0x00,0x00,0x00,0x00,0x00,0x00,0x00,0x00,0x00,0x00,0x00,0x00,0x34,0xF3,0xFF,0xFF,0xFF,0xFF,0xF3,0x30,0x00,0x00,0x00,0x00,0x00,0x00,0x00,0x00,0x00,0x00,0x00,0x00,0x00,0x00,0x00,0x00,
    0x00,0x00,0x00,0x00,0x00,0x00,0x00,0x00,0x00,0x00,0x00,0x00,0x00,0x00,0x00,0x00,0xA3,0xFF,0xFF,0xFB,0xFB,0xFF,0xFF,0x9F,0x00,0x00,0x00,0x00,0x00,0x00,0x00,0x00,0x00,0x00,0x00,0x00,0x00,0x00,0x00,0x00,
    0x00,0x00,0x00,0x00,0x00,0x00,0x00,0x00,0x00,0x00,0x00,0x00,0x00,0x00,0x00,0x34,0xFF,0xFF,0xFF,0x8C,0x8C,0xFF,0xFF,0xFF,0x34,0x00,0x00,0x00,0x00,0x00,0x00,0x00,0x00,0x00,0x00,0x00,0x00,0x00,0x00,0x00,
    0x00,0x00,0x00,0x00,0x00,0x00,0x00,0x00,0x00,0x00,0x00,0x00,0x00,0x00,0x00,0xBF,0xFF,0xFF,0xE7,0x10,0x10,0xE7,0xFF,0xFF,0xBF,0x00,0x00,0x00,0x00,0x00,0x00,0x00,0x00,0x00,0x00,0x00,0x00,0x00,0x00,0x00,
    0x00,0x00,0x00,0x00,0x00,0x00,0x00,0x00,0x00,0x00,0x00,0x00,0x00,0x00,0x50,0xFF,0xFF,0xFF,0x64,0x00,0x00,0x64,0xFF,0xFF,0xFF,0x50,0x00,0x00,0x00,0x00,0x00,0x00,0x00,0x00,0x00,0x00,0x00,0x00,0x00,0x00,
    0x00,0x00,0x00,0x00,0x00,0x00,0x00,0x00,0x00,0x00,0x00,0x00,0x00,0x04,0xDB,0xFF,0xFF,0xD3,0x04,0x00,0x00,0x04,0xD3,0xFF,0xFF,0xDB,0x04,0x00,0x00,0x00,0x00,0x00,0x00,0x00,0x00,0x00,0x00,0x00,0x00,0x00,
    0x00,0x00,0x00,0x00,0x00,0x00,0x00,0x00,0x00,0x00,0x00,0x00,0x00,0x70,0xFF,0xFF,0xFF,0x48,0x00,0x00,0x00,0x00,0x48,0xFF,0xFF,0xFF,0x70,0x00,0x00,0x00,0x00,0x00,0x00,0x00,0x00,0x00,0x00,0x00,0x00,0x00,
    0x00,0x00,0x00,0x00,0x00,0x00,0x00,0x00,0x00,0x00,0x00,0x00,0x10,0xEF,0xFF,0xFF,0xB7,0x00,0x00,0x10,0x0C,0x00,0x00,0xB7,0xFF,0xFF,0xEF,0x10,0x00,0x00,0x00,0x00,0x00,0x00,0x00,0x00,0x00,0x00,0x00,0x00,
    0x00,0x00,0x00,0x00,0x00,0x00,0x00,0x00,0x00,0x00,0x00,0x00,0x8C,0xFF,0xFF,0xFB,0x2C,0x00,0x50,0xFB,0xF3,0x38,0x00,0x2C,0xFB,0xFF,0xFF,0x8C,0x00,0x00,0x00,0x00,0x00,0x00,0x00,0x00,0x00,0x00,0x00,0x00,
    0x00,0x00,0x00,0x00,0x00,0x00,0x00,0x00,0x00,0x00,0x00,0x24,0xFB,0xFF,0xFF,0x9B,0x00,0x00,0xBB,0xFF,0xFF,0xA7,0x00,0x00,0x9B,0xFF,0xFF,0xFB,0x24,0x00,0x00,0x00,0x00,0x00,0x00,0x00,0x00,0x00,0x00,0x00,
    0x00,0x00,0x00,0x00,0x00,0x00,0x00,0x00,0x00,0x00,0x00,0xAB,0xFF,0xFF,0xEF,0x18,0x00,0x00,0x9F,0xFF,0xFF,0xBF,0x00,0x00,0x18,0xEF,0xFF,0xFF,0xAB,0x00,0x00,0x00,0x00,0x00,0x00,0x00,0x00,0x00,0x00,0x00,
    0x00,0x00,0x00,0x00,0x00,0x00,0x00,0x00,0x00,0x00,0x3C,0xFF,0xFF,0xFF,0x7C,0x00,0x00,0x00,0x9F,0xFF,0xFF,0xBF,0x00,0x00,0x00,0x7C,0xFF,0xFF,0xFF,0x3C,0x00,0x00,0x00,0x00,0x00,0x00,0x00,0x00,0x00,0x00,
    0x00,0x00,0x00,0x00,0x00,0x00,0x00,0x00,0x00,0x00,0xCB,0xFF,0xFF,0xE3,0x08,0x00,0x00,0x00,0x9F,0xFF,0xFF,0xBF,0x00,0x00,0x00,0x08,0xE3,0xFF,0xFF,0xCB,0x00,0x00,0x00,0x00,0x00,0x00,0x00,0x00,0x00,0x00,
    0x00,0x00,0x00,0x00,0x00,0x00,0x00,0x00,0x00,0x5C,0xFF,0xFF,0xFF,0x5C,0x00,0x00,0x00,0x00,0x9F,0xFF,0xFF,0xBF,0x00,0x00,0x00,0x00,0x5C,0xFF,0xFF,0xFF,0x5C,0x00,0x00,0x00,0x00,0x00,0x00,0x00,0x00,0x00,
    0x00,0x00,0x00,0x00,0x00,0x00,0x00,0x00,0x08,0xE3,0xFF,0xFF,0xCB,0x00,0x00,0x00,0x00,0x00,0x9F,0xFF,0xFF,0xBF,0x00,0x00,0x00,0x00,0x00,0xCB,0xFF,0xFF,0xE3,0x08,0x00,0x00,0x00,0x00,0x00,0x00,0x00,0x00,
    0x00,0x00,0x00,0x00,0x00,0x00,0x00,0x00,0x7C,0xFF,0xFF,0xFF,0x3C,0x00,0x00,0x00,0x00,0x00,0x9F,0xFF,0xFF,0xBF,0x00,0x00,0x00,0x00,0x00,0x3C,0xFF,0xFF,0xFF,0x7C,0x00,0x00,0x00,0x00,0x00,0x00,0x00,0x00,
    0x00,0x00,0x00,0x00,0x00,0x00,0x00,0x18,0xEF,0xFF,0xFF,0xAB,0x00,0x00,0x00,0x00,0x00,0x00,0x9F,0xFF,0xFF,0xBF,0x00,0x00,0x00,0x00,0x00,0x00,0xAB,0xFF,0xFF,0xEF,0x18,0x00,0x00,0x00,0x00,0x00,0x00,0x00,
    0x00,0x00,0x00,0x00,0x00,0x00,0x00,0x9B,0xFF,0xFF,0xFB,0x24,0x00,0x00,0x00,0x00,0x00,0x00,0x9F,0xFF,0xFF,0xBF,0x00,0x00,0x00,0x00,0x00,0x00,0x24,0xFB,0xFF,0xFF,0x9B,0x00,0x00,0x00,0x00,0x00,0x00,0x00,
    0x00,0x00,0x00,0x00,0x00,0x00,0x2C,0xFB,0xFF,0xFF,0x8C,0x00,0x00,0x00,0x00,0x00,0x00,0x00,0x9F,0xFF,0xFF,0xBF,0x00,0x00,0x00,0x00,0x00,0x00,0x00,0x8C,0xFF,0xFF,0xFB,0x2C,0x00,0x00,0x00,0x00,0x00,0x00,
    0x00,0x00,0x00,0x00,0x00,0x00,0xB7,0xFF,0xFF,0xEF,0x10,0x00,0x00,0x00,0x00,0x00,0x00,0x00,0xBB,0xFF,0xFF,0xB7,0x00,0x00,0x00,0x00,0x00,0x00,0x00,0x10,0xEF,0xFF,0xFF,0xB7,0x00,0x00,0x00,0x00,0x00,0x00,
    0x00,0x00,0x00,0x00,0x00,0x48,0xFF,0xFF,0xFF,0x70,0x00,0x00,0x00,0x00,0x00,0x00,0x00,0x00,0x64,0xFF,0xFB,0x48,0x00,0x00,0x00,0x00,0x00,0x00,0x00,0x00,0x70,0xFF,0xFF,0xFF,0x48,0x00,0x00,0x00,0x00,0x00,
    0x00,0x00,0x00,0x00,0x04,0xD3,0xFF,0xFF,0xDB,0x04,0x00,0x00,0x00,0x00,0x00,0x00,0x00,0x00,0x00,0x2C,0x24,0x00,0x00,0x00,0x00,0x00,0x00,0x00,0x00,0x00,0x04,0xDB,0xFF,0xFF,0xD3,0x04,0x00,0x00,0x00,0x00,
    0x00,0x00,0x00,0x00,0x64,0xFF,0xFF,0xFF,0x50,0x00,0x00,0x00,0x00,0x00,0x00,0x00,0x00,0x00,0x20,0xA3,0xA3,0x24,0x00,0x00,0x00,0x00,0x00,0x00,0x00,0x00,0x00,0x50,0xFF,0xFF,0xFF,0x64,0x00,0x00,0x00,0x00,
    0x00,0x00,0x00,0x10,0xE7,0xFF,0xFF,0xBF,0x00,0x00,0x00,0x00,0x00,0x00,0x00,0x00,0x00,0x00,0xD7,0xFF,0xFF,0xD7,0x00,0x00,0x00,0x00,0x00,0x00,0x00,0x00,0x00,0x00,0xBF,0xFF,0xFF,0xE7,0x10,0x00,0x00,0x00,
    0x00,0x00,0x00,0x8C,0xFF,0xFF,0xFF,0x34,0x00,0x00,0x00,0x00,0x00,0x00,0x00,0x00,0x00,0x00,0xFF,0xFF,0xFF,0xFF,0x04,0x00,0x00,0x00,0x00,0x00,0x00,0x00,0x00,0x00,0x34,0xFF,0xFF,0xFF,0x8C,0x00,0x00,0x00,
    0x00,0x00,0x18,0xFB,0xFF,0xFF,0x9F,0x00,0x00,0x00,0x00,0x00,0x00,0x00,0x00,0x00,0x00,0x00,0xA7,0xFF,0xFF,0xA7,0x00,0x00,0x00,0x00,0x00,0x00,0x00,0x00,0x00,0x00,0x00,0x9F,0xFF,0xFF,0xFB,0x18,0x00,0x00,
    0x00,0x00,0x58,0xFF,0xFF,0xFF,0x30,0x00,0x00,0x00,0x00,0x00,0x00,0x00,0x00,0x00,0x00,0x00,0x00,0x50,0x50,0x04,0x00,0x00,0x00,0x00,0x00,0x00,0x00,0x00,0x00,0x00,0x00,0x30,0xFF,0xFF,0xFF,0x58,0x00,0x00,
    0x00,0x00,0x6C,0xFF,0xFF,0xFF,0xF7,0xFF,0xFF,0xFF,0xFF,0xFF,0xFF,0xFF,0xFF,0xFF,0xFF,0xFF,0xFF,0xFF,0xFF,0xFF,0xFF,0xFF,0xFF,0xFF,0xFF,0xFF,0xFF,0xFF,0xFF,0xFF,0xFF,0xF7,0xFF,0xFF,0xFF,0x6C,0x00,0x00,
    0x00,0x00,0x20,0xF7,0xFF,0xFF,0xF7,0xFF,0xFF,0xFF,0xFF,0xFF,0xFF,0xFF,0xFF,0xFF,0xFF,0xFF,0xFF,0xFF,0xFF,0xFF,0xFF,0xFF,0xFF,0xFF,0xFF,0xFF,0xFF,0xFF,0xFF,0xFF,0xFF,0xF7,0xFF,0xFF,0xF7,0x20,0x00,0x00,
    0x00,0x00,0x00,0x58,0xE7,0xFF,0xFF,0xFF,0xFF,0xFF,0xFF,0xFF,0xFF,0xFF,0xFF,0xFF,0xFF,0xFF,0xFF,0xFF,0xFF,0xFF,0xFF,0xFF,0xFF,0xFF,0xFF,0xFF,0xFF,0xFF,0xFF,0xFF,0xFF,0xFF,0xFF,0xE3,0x58,0x00,0x00,0x00,
    0x00,0x00,0x00,0x00,0x04,0x38,0x5C,0x60,0x60,0x60,0x60,0x60,0x60,0x60,0x60,0x60,0x60,0x60,0x60,0x60,0x60,0x60,0x60,0x60,0x60,0x60,0x60,0x60,0x60,0x60,0x60,0x60,0x60,0x5C,0x38,0x04,0x00,0x00,0x00,0x00,
    0x00,0x00,0x00,0x00,0x00,0x00,0x00,0x00,0x00,0x00,0x00,0x00,0x00,0x00,0x00,0x00,0x00,0x00,0x00,0x00,0x00,0x00,0x00,0x00,0x00,0x00,0x00,0x00,0x00,0x00,0x00,0x00,0x00,0x00,0x00,0x00,0x00,0x00,0x00,0x00,
    0x00,0x00,0x00,0x00,0x00,0x00,0x00,0x00,0x00,0x00,0x00,0x00,0x00,0x00,0x00,0x00,0x00,0x00,0x00,0x00,0x00,0x00,0x00,0x00,0x00,0x00,0x00,0x00,0x00,0x00,0x00,0x00,0x00,0x00,0x00,0x00,0x00,0x00,0x00,0x00,
    0x00,0x00,0x00,0x00,0x00,0x00,0x00,0x00,0x00,0x00,0x00,0x00,0x00,0x00,0x00,0x00,0x00,0x00,0x00,0x00,0x00,0x00,0x00,0x00,0x00,0x00,0x00,0x00,0x00,0x00,0x00,0x00,0x00,0x00,0x00,0x00,0x00,0x00,0x00,0x00,
  },
  { // shield
    0x00,0x00,0x00,0x00,0x00,0x00,0x00,0x00,0x00,0x00,0x00,0x00,0x00,0x00,0x00,0x00,0x00,0x00,0x00,0x00,0x00,0x00,0x00,0x00,0x00,0x00,0x00,0x00,0x00,0x00,0x00,0x00,0x00,0x00,0x00,0x00,0x00,0x00,0x00,0x00,
    0x00,0x00,0x00,0x00,0x00,0x00,0x00,0x00,0x00,0x00,0x00,0x00,0x00,0x00,0x00,0x00,0x00,0x00,0x00,0x00,0x00,0x00,0x00,0x00,0x00,0x00,0x00,0x00,0x00,0x00,0x00,0x00,0x00,0x00,0x00,0x00,0x00,0x00,0x00,0x00,
    0x00,0x00,0x00,0x00,0x00,0x00,0x00,0x00,0x00,0x00,0x00,0x00,0x00,0x00,0x00,0x00,0x34,0x74,0xA7,0xBF,0xBF,0xA7,0x68,0x18,0x00,0x00,0x00,0x00,0x00,0x00,0x00,0x00,0x00,0x00,0x00,0x00,0x00,0x00,0x00,0x00,
    0x00,0x00,0x00,0x00,0x00,0x00,0x00,0x00,0x00,0x00,0x00,0x00,0x00,0x04,0x48,0xAB,0xFB,0xFF,0xFF,0xFF,0xFF,0xFF,0xFF,0xFB,0xAB,0x48,0x04,0x00,0x00,0x00,0x00,0x00,0x00,0x00,0x00,0x00,0x00,0x00,0x00,0x00,
    0x00,0x00,0x00,0x00,0x00,0x00,0x00,0x00,0x00,0x00,0x00,0x20,0x80,0xE3,0xFF,0xFF,0xFF,0xFF,0xFF,0xEF,0xE7,0xF7,0xFF,0xFF,0xFF,0xFF,0xE3,0x80,0x20,0x00,0x00,0x00,0x00,0x00,0x00,0x00,0x00,0x00,0x00,0x00,
    0x00,0x00,0x00,0x00,0x00,0x00,0x00,0x00,0x08,0x58,0xB7,0xFF,0xFF,0xFF,0xFF,0xFF,0xFF,0xFF,0xAB,0x8B,0x8B,0x97,0xFF,0xFF,0xFF,0xFF,0xFF,0xFF,0xFF,0xB7,0x58,0x08,0x00,0x00,0x00,0x00,0x00,0x00,0x00,0x00,
    0x00,0x00,0x00,0x00,0x00,0x00,0x2C,0x93,0xEB,0xFF,0xFF,0xFF,0xFF,0xFF,0xFF,0xDB,0x78,0x18,0x00,0x00,0x00,0x00,0x18,0x78,0xDB,0xFF,0xFF,0xFF,0xFF,0xFF,0xFF,0xEB,0x93,0x2C,0x00,0x00,0x00,0x00,0x00,0x00,
    0x00,0x00,0x00,0x00,0x00,0x5C,0xF7,0xFF,0xFF,0xFF,0xFF,0xFF,0xF7,0xA3,0x40,0x00,0x00,0x00,0x00,0x00,0x00,0x00,0x00,0x00,0x00,0x40,0xA3,0xF7,0xFF,0xFF,0xFF,0xFF,0xFF,0xF7,0x5C,0x00,0x00,0x00,0x00,0x00,
    0x00,0x00,0x00,0x00,0x44,0xFF,0xFF,0xF7,0xF3,0xFF,0xCB,0x6C,0x10,0x00,0x00,0x00,0x00,0x00,0x00,0x00,0x00,0x00,0x00,0x00,0x00,0x00,0x00,0x10,0x6C,0xCB,0xFF,0xF3,0xF7,0xFF,0xFF,0x44,0x00,0x00,0x00,0x00,
    0x00,0x00,0x00,0x00,0xCF,0xFF,0xFF,0xFB,0x88,0x34,0x00,0x00,0x00,0x00,0x00,0x00,0x00,0x00,0x00,0x00,0x00,0x00,0x00,0x00,0x00,0x00,0x00,0x00,0x00,0x00,0x34,0x88,0xFB,0xFF,0xFF,0xCF,0x00,0x00,0x00,0x00,
    0x00,0x00,0x00,0x2C,0xFF,0xFF,0xFF,0x60,0x00,0x00,0x00,0x00,0x00,0x00,0x00,0x00,0x00,0x00,0x00,0x00,0x00,0x00,0x00,0x00,0x00,0x00,0x00,0x00,0x00,0x00,0x00,0x00,0x60,0xFF,0xFF,0xFF,0x2C,0x00,0x00,0x00,
    0x00,0x00,0x00,0x58,0xFF,0xFB,0xF3,0x04,0x00,0x00,0x00,0x00,0x00,0x00,0x00,0x00,0x00,0x00,0x00,0x00,0x00,0x00,0x00,0x00,0x00,0x00,0x00,0x00,0x00,0x00,0x00,0x00,0x04,0xF3,0xFB,0xFF,0x58,0x00,0x00,0x00,
    0x00,0x00,0x00,0x60,0xFF,0xFF,0xFF,0x00,0x00,0x00,0x00,0x00,0x00,0x00,0x00,0x00,0x00,0x00,0x00,0x00,0x00,0x00,0x00,0x00,0x00,0x00,0x1C,0x00,0x00,0x00,0x00,0x00,0x00,0xFF,0xFF,0xFF,0x60,0x00,0x00,0x00,
    0x00,0x00,0x00,0x60,0xFF,0xFF,0xFF,0x00,0x00,0x00,0x00,0x00,0x00,0x00,0x00,0x00,0x00,0x00,0x00,0x00,0x00,0x00,0x00,0x00,0x00,0xAB,0xFF,0xC3,0x08,0x00,0x00,0x00,0x00,0xFF,0xFF,0xFF,0x60,0x00,0x00,0x00,
    0x00,0x00,0x00,0x60,0xFF,0xFF,0xFF,0x00,0x00,0x00,0x00,0x00,0x00,0x00,0x00,0x00,0x00,0x00,0x00,0x00,0x00,0x00,0x00,0x00,0x4C,0xFF,0xFF,0xFF,0x3C,0x00,0x00,0x00,0x00,0xFF,0xFF,0xFF,0x60,0x00,0x00,0x00,
    0x00,0x00,0x00,0x60,0xFF,0xFF,0xFF,0x00,0x00,0x00,0x00,0x00,0x00,0x00,0x00,0x00,0x00,0x00,0x00,0x00,0x00,0x00,0x00,0x28,0xF3,0xFF,0xFF,0xEF,0x0C,0x00,0x00,0x00,0x00,0xFF,0xFF,0xFF,0x60,0x00,0x00,0x00,
    0x00,0x00,0x00,0x60,0xFF,0xFF,0xFF,0x00,0x00,0x00,0x00,0x00,0x00,0x00,0x00,0x00,0x00,0x00,0x00,0x00,0x00,0x00,0x0C,0xD7,0xFF,0xFF,0xFF,0x5C,0x00,0x00,0x00,0x00,0x00,0xFF,0xFF,0xFF,0x60,0x00,0x00,0x00,
    0x00,0x00,0x00,0x60,0xFF,0xFF,0xFF,0x00,0x00,0x00,0x00,0x00,0x00,0x00,0x00,0x00,0x00,0x00,0x00,0x00,0x00,0x04,0xB3,0xFF,0xFF,0xFF,0x84,0x00,0x00,0x00,0x00,0x00,0x00,0xFF,0xFF,0xFF,0x60,0x00,0x00,0x00,
    0x00,0x00,0x00,0x44,0xFF,0xFF,0xFF,0x24,0x00,0x00,0x00,0x00,0x7C,0xB7,0x3C,0x00,0x00,0x00,0x00,0x00,0x00,0x84,0xFF,0xFF,0xFF,0xB7,0x04,0x00,0x00,0x00,0x00,0x00,0x24,0xFF,0xFF,0xFF,0x44,0x00,0x00,0x00,
    0x00,0x00,0x00,0x10,0xFB,0xFF,0xEB,0x64,0x00,0x00,0x00,0x4C,0xFF,0xFF,0xEF,0x28,0x00,0x00,0x00,0x00,0x54,0xFF,0xFF,0xFF,0xD7,0x10,0x00,0x00,0x00,0x00,0x00,0x00,0x64,0xEB,0xFF,0xFB,0x0C,0x00,0x00,0x00,
    0x00,0x00,0x00,0x00,0xCB,0xFF,0xF3,0xDF,0x10,0x00,0x00,0x40,0xFF,0xFF,0xFF,0xDF,0x18,0x00,0x00,0x30,0xF3,0xFF,0xFF,0xF3,0x28,0x00,0x00,0x00,0x00,0x00,0x00,0x10,0xDF,0xF3,0xFF,0xC7,0x00,0x00,0x00,0x00,
    0x00,0x00,0x00,0x00,0x68,0xFF,0xFB,0xD3,0x90,0x04,0x00,0x00,0x8C,0xFF,0xFF,0xFF,0xD7,0x18,0x14,0xDF,0xFF,0xFF,0xFF,0x4C,0x00,0x00,0x00,0x00,0x00,0x00,0x04,0x90,0xD3,0xFB,0xFF,0x68,0x00,0x00,0x00,0x00,
    0x00,0x00,0x00,0x00,0x04,0xC3,0xFF,0xFB,0xFF,0x98,0x00,0x00,0x00,0x9F,0xFF,0xFF,0xFF,0xD7,0xBF,0xFF,0xFF,0xFF,0x7C,0x00,0x00,0x00,0x00,0x00,0x00,0x00,0x98,0xFF,0xFB,0xFF,0xC3,0x04,0x00,0x00,0x00,0x00,
    0x00,0x00,0x00,0x00,0x00,0x1C,0xEF,0xFF,0xFF,0xFF,0x8C,0x00,0x00,0x04,0xAB,0xFF,0xFF,0xFF,0xFF,0xFF,0xFF,0xAB,0x00,0x00,0x00,0x00,0x00,0x00,0x00,0x8C,0xFF,0xFF,0xFF,0xEF,0x1C,0x00,0x00,0x00,0x00,0x00,
    0x00,0x00,0x00,0x00,0x00,0x00,0x44,0xFB,0xFF,0xFF,0xFF,0x70,0x00,0x00,0x04,0xAB,0xFF,0xFF,0xFF,0xFF,0xD3,0x0C,0x00,0x00,0x00,0x00,0x00,0x00,0x70,0xFF,0xFF,0xFF,0xFB,0x44,0x00,0x00,0x00,0x00,0x00,0x00,
    0x00,0x00,0x00,0x00,0x00,0x00,0x00,0x54,0xFB,0xFF,0xFF,0xFF,0x60,0x00,0x00,0x0C,0xC3,0xFF,0xFF,0xEB,0x20,0x00,0x00,0x00,0x00,0x00,0x00,0x60,0xFF,0xFF,0xFF,0xFB,0x54,0x00,0x00,0x00,0x00,0x00,0x00,0x00,
    0x00,0x00,0x00,0x00,0x00,0x00,0x00,0x00,0x6C,0xFF,0xFF,0xFF,0xFB,0x54,0x00,0x00,0x0C,0x93,0xAB,0x2C,0x00,0x00,0x00,0x00,0x00,0x00,0x54,0xFB,0xFF,0xFF,0xFF,0x6C,0x00,0x00,0x00,0x00,0x00,0x00,0x00,0x00,
    0x00,0x00,0x00,0x00,0x00,0x00,0x00,0x00,0x00,0x78,0xFF,0xFF,0xFF,0xF7,0x3C,0x00,0x00,0x00,0x00,0x00,0x00,0x00,0x00,0x00,0x00,0x3C,0xF7,0xFF,0xFF,0xFF,0x78,0x00,0x00,0x00,0x00,0x00,0x00,0x00,0x00,0x00,
    0x00,0x00,0x00,0x00,0x00,0x00,0x00,0x00,0x00,0x00,0x90,0xFF,0xFF,0xFF,0xF3,0x38,0x00,0x00,0x00,0x00,0x00,0x00,0x00,0x00,0x38,0xF3,0xFF,0xFF,0xFF,0x90,0x00,0x00,0x00,0x00,0x00,0x00,0x00,0x00,0x00,0x00,
    0x00,0x00,0x00,0x00,0x00,0x00,0x00,0x00,0x00,0x00,0x00,0x9F,0xFF,0xFF,0xFF,0xE7,0x28,0x00,0x00,0x00,0x00,0x00,0x00,0x28,0xE7,0xFF,0xFF,0xFF,0x9F,0x00,0x00,0x00,0x00,0x00,0x00,0x00,0x00,0x00,0x00,0x00,
    0x00,0x00,0x00,0x00,0x00,0x00,0x00,0x00,0x00,0x00,0x00,0x04,0xAB,0xFF,0xFF,0xFF,0xE7,0x18,0x00,0x00,0x00,0x00,0x18,0xE7,0xFF,0xFF,0xFF,0xAB,0x04,0x00,0x00,0x00,0x00,0x00,0x00,0x00,0x00,0x00,0x00,0x00,
    0x00,0x00,0x00,0x00,0x00,0x00,0x00,0x00,0x00,0x00,0x00,0x00,0x08,0xC3,0xFF,0xFF,0xFF,0xD7,0x18,0x00,0x00,0x18,0xD7,0xFF,0xFF,0xFF,0xC3,0x08,0x00,0x00,0x00,0x00,0x00,0x00,0x00,0x00,0x00,0x00,0x00,0x00,
    0x00,0x00,0x00,0x00,0x00,0x00,0x00,0x00,0x00,0x00,0x00,0x00,0x00,0x0C,0xCB,0xFF,0xFF,0xFF,0xC7,0x0C,0x0C,0xC7,0xFF,0xFF,0xFF,0xCB,0x0C,0x00,0x00,0x00,0x00,0x00,0x00,0x00,0x00,0x00,0x00,0x00,0x00,0x00,
    0x00,0x00,0x00,0x00,0x00,0x00,0x00,0x00,0x00,0x00,0x00,0x00,0x00,0x00,0x18,0xD7,0xFF,0xFF,0xFF,0xBB,0xBB,0xFF,0xFF,0xFF,0xD7,0x18,0x00,0x00,0x00,0x00,0x00,0x00,0x00,0x00,0x00,0x00,0x00,0x00,0x00,0x00,
    0x00,0x00,0x00,0x00,0x00,0x00,0x00,0x00,0x00,0x00,0x00,0x00,0x00,0x00,0x00,0x1C,0xE7,0xFF,0xFF,0xFF,0xFF,0xFF,0xFF,0xE7,0x1C,0x00,0x00,0x00,0x00,0x00,0x00,0x00,0x00,0x00,0x00,0x00,0x00,0x00,0x00,0x00,
    0x00,0x00,0x00,0x00,0x00,0x00,0x00,0x00,0x00,0x00,0x00,0x00,0x00,0x00,0x00,0x00,0x20,0xD3,0xFF,0xFF,0xFF,0xFF,0xD3,0x20,0x00,0x00,0x00,0x00,0x00,0x00,0x00,0x00,0x00,0x00,0x00,0x00,0x00,0x00,0x00,0x00,
    0x00,0x00,0x00,0x00,0x00,0x00,0x00,0x00,0x00,0x00,0x00,0x00,0x00,0x00,0x00,0x00,0x00,0x10,0x80,0xCF,0xCF,0x80,0x10,0x00,0x00,0x00,0x00,0x00,0x00,0x00,0x00,0x00,0x00,0x00,0x00,0x00,0x00,0x00,0x00,0x00,
    0x00,0x00,0x00,0x00,0x00,0x00,0x00,0x00,0x00,0x00,0x00,0x00,0x00,0x00,0x00,0x00,0x00,0x00,0x00,0x00,0x00,0x00,0x00,0x00,0x00,0x00,0x00,0x00,0x00,0x00,0x00,0x00,0x00,0x00,0x00,0x00,0x00,0x00,0x00,0x00,
    0x00,0x00,0x00,0x00,0x00,0x00,0x00,0x00,0x00,0x00,0x00,0x00,0x00,0x00,0x00,0x00,0x00,0x00,0x00,0x00,0x00,0x00,0x00,0x00,0x00,0x00,0x00,0x00,0x00,0x00,0x00,0x00,0x00,0x00,0x00,0x00,0x00,0x00,0x00,0x00,
    0x00,0x00,0x00,0x00,0x00,0x00,0x00,0x00,0x00,0x00,0x00,0x00,0x00,0x00,0x00,0x00,0x00,0x00,0x00,0x00,0x00,0x00,0x00,0x00,0x00,0x00,0x00,0x00,0x00,0x00,0x00,0x00,0x00,0x00,0x00,0x00,0x00,0x00,0x00,0x00,
  },
  { // scene
    0x00,0x00,0x00,0x00,0x00,0x00,0x00,0x00,0x00,0x00,0x00,0x00,0x00,0x00,0x00,0x00,0x00,0x00,0x00,0x00,0x00,0x00,0x00,0x00,0x00,0x00,0x00,0x00,0x00,0x00,0x00,0x00,0x00,0x00,0x00,0x00,0x00,0x00,0x00,0x00,
    0x00,0x00,0x00,0x00,0x00,0x00,0x00,0x00,0x00,0x00,0x00,0x00,0x00,0x00,0x50,0xBB,0x64,0x00,0x00,0x00,0x00,0x00,0x00,0x00,0x00,0x00,0x00,0x00,0x00,0x00,0x00,0x00,0x00,0x00,0x00,0x00,0x00,0x00,0x00,0x00,
    0x00,0x00,0x00,0x00,0x00,0x00,0x00,0x00,0x00,0x00,0x00,0x00,0x00,0x10,0xFB,0xFF,0xFF,0x38,0x00,0x00,0x00,0x00,0x00,0x00,0x00,0x00,0x00,0x00,0x00,0x00,0x00,0x00,0x00,0x00,0x00,0x00,0x00,0x00,0x00,0x00,
    0x00,0x00,0x00,0x00,0x00,0x00,0x00,0x00,0x00,0x00,0x00,0x00,0x00,0x30,0xFF,0xFF,0xFF,0x90,0x00,0x00,0x00,0x00,0x00,0x00,0x00,0x00,0x00,0x00,0x00,0x00,0x00,0x00,0x00,0x00,0x00,0x00,0x00,0x00,0x00,0x00,
    0x00,0x00,0x00,0x00,0x00,0x00,0x00,0x00,0x00,0x00,0x00,0x00,0x00,0x68,0xFF,0xFF,0xFF,0xC7,0x00,0x00,0x00,0x00,0x00,0x00,0x00,0x00,0x00,0x00,0x00,0x00,0x00,0x00,0x00,0x00,0x00,0x00,0x00,0x00,0x00,0x00,
    0x00,0x00,0x00,0x00,0x00,0x00,0x00,0x00,0x00,0x00,0x00,0x00,0x00,0x9F,0xFF,0xFF,0xFF,0xDF,0x00,0x00,0x00,0x00,0x00,0x00,0x00,0x00,0x00,0x00,0x00,0x00,0x00,0x00,0x00,0x00,0x00,0x00,0x00,0x00,0x00,0x00,
    0x00,0x00,0x00,0x00,0x00,0x00,0x00,0x00,0x00,0x00,0x00,0x00,0x00,0xBF,0xF7,0xFF,0xFF,0xFF,0x20,0x00,0x00,0x00,0x00,0x00,0x00,0x00,0x00,0x00,0x00,0x00,0x00,0x54,0xB7,0x88,0x08,0x00,0x00,0x00,0x00,0x00,
    0x00,0x00,0x00,0x00,0x00,0x00,0x00,0x00,0x00,0x00,0x00,0x00,0x08,0xF3,0xFF,0xFF,0xFF,0xFF,0x5C,0x00,0x00,0x00,0x00,0x00,0x00,0x00,0x00,0x00,0x00,0x00,0x30,0xFB,0xFF,0xFF,0x7C,0x00,0x00,0x00,0x00,0x00,
    0x00,0x00,0x00,0x00,0x00,0x00,0x00,0x00,0x00,0x00,0x00,0x00,0x50,0xFF,0xFF,0xFF,0xFF,0xFB,0x9B,0x00,0x00,0x00,0x00,0x00,0x00,0x00,0x00,0x00,0x00,0x00,0x60,0xFF,0xFF,0xFF,0xB3,0x00,0x00,0x00,0x00,0x00,
    0x00,0x00,0x00,0x00,0x00,0x00,0x00,0x00,0x00,0x00,0x00,0x00,0x77,0xDF,0xFF,0xFF,0xFF,0xFF,0xEF,0x08,0x00,0x00,0x00,0x00,0x00,0x00,0x00,0x00,0x00,0x00,0x18,0xE7,0xFF,0xFF,0x54,0x00,0x00,0x00,0x00,0x00,
    0x00,0x00,0x00,0x00,0x00,0x00,0x00,0x00,0x00,0x00,0x00,0x1C,0xEB,0xFF,0xFB,0xB0,0xFF,0xFF,0xFB,0x60,0x00,0x00,0x00,0x00,0x00,0x00,0x00,0x00,0x00,0x00,0x00,0x14,0x5C,0x34,0x00,0x00,0x00,0x00,0x00,0x00,
    0x00,0x00,0x00,0x00,0x00,0x00,0x00,0x00,0x00,0x00,0x08,0xA4,0xF7,0xFF,0xFF,0x40,0xDB,0xFF,0xFF,0xE3,0x2C,0x00,0x00,0x00,0x00,0x00,0x00,0x00,0x00,0x00,0x00,0x00,0x00,0x00,0x00,0x00,0x00,0x00,0x00,0x00,
    0x00,0x00,0x00,0x00,0x00,0x00,0x00,0x00,0x0C,0x6C,0xE7,0xFB,0xFF,0xFF,0xA3,0x00,0x48,0xFF,0xFF,0xFF,0xFB,0x9B,0x28,0x00,0x00,0x00,0x00,0x00,0x00,0x00,0x00,0x00,0x00,0x00,0x00,0x00,0x00,0x00,0x00,0x00,
    0x00,0x00,0x00,0x00,0x10,0x50,0x90,0xAF,0xF3,0xFF,0xFF,0xFF,0xFF,0xD3,0x0C,0x00,0x00,0x8C,0xFF,0xFF,0xFF,0xFF,0xFF,0xC7,0x8B,0x50,0x20,0x00,0x00,0x00,0x00,0x00,0x00,0x00,0x00,0x00,0x00,0x00,0x00,0x00,
    0x00,0x30,0x9B,0xD3,0xFF,0xFF,0xFF,0xFF,0xFF,0xFF,0xFF,0xFF,0xBB,0x14,0x00,0x00,0x00,0x00,0x7C,0xFF,0xFF,0xFF,0xFF,0xFF,0xFB,0xFF,0xFF,0xE3,0xAF,0x54,0x00,0x00,0x00,0x00,0x00,0x00,0x00,0x00,0x00,0x00,
    0x00,0xDF,0xFF,0xFF,0xFF,0xFF,0xFF,0xFF,0xFF,0xFF,0xB7,0x5C,0x04,0x00,0x00,0x00,0x00,0x00,0x00,0x30,0x9C,0xEF,0xFF,0xFF,0xFF,0xFF,0xFF,0xFF,0xFF,0xFB,0x24,0x00,0x00,0x00,0x00,0x00,0x00,0x00,0x00,0x00,
    0x00,0xDF,0xFF,0xFF,0xFF,0xFF,0xFF,0xFF,0xFF,0xFF,0xB7,0x5C,0x04,0x00,0x00,0x00,0x00,0x00,0x00,0x30,0x9C,0xEF,0xFF,0xFF,0xFF,0xFF,0xFF,0xFF,0xFF,0xFB,0x24,0x00,0x00,0x00,0x00,0x00,0x00,0x00,0x00,0x00,
    0x00,0x30,0xA7,0xD3,0xFF,0xFF,0xFF,0xFF,0xFF,0xFF,0xFF,0xFF,0xBB,0x14,0x00,0x00,0x00,0x00,0x7C,0xFF,0xFF,0xFF,0xFF,0xFF,0xFB,0xFF,0xFF,0xE3,0xBB,0x54,0x00,0x00,0x00,0x00,0x00,0x00,0x00,0x00,0x00,0x00,
    0x00,0x00,0x00,0x00,0x10,0x50,0x90,0xAF,0xF3,0xFF,0xFF,0xFF,0xFF,0xD3,0x0C,0x00,0x00,0x8C,0xFF,0xFF,0xFF,0xFF,0xFF,0xC7,0x8B,0x50,0x20,0x00,0x00,0x00,0x00,0x00,0x00,0x00,0x00,0x00,0x00,0x00,0x00,0x00,
    0x00,0x00,0x00,0x00,0x00,0x00,0x00,0x00,0x0C,0x6C,0xE7,0xFB,0xFF,0xFF,0xA3,0x00,0x48,0xFF,0xFF,0xFF,0xFB,0x9B,0x28,0x00,0x00,0x00,0x00,0x00,0x00,0x00,0x00,0x00,0x00,0x00,0x00,0x00,0x00,0x00,0x00,0x00,
    0x00,0x00,0x00,0x00,0x00,0x00,0x00,0x00,0x00,0x00,0x08,0xA4,0xF7,0xFF,0xFF,0x40,0xDB,0xFF,0xFF,0xE3,0x2C,0x00,0x00,0x00,0x00,0x00,0x00,0x00,0x00,0x00,0x00,0x00,0x00,0x00,0x00,0x00,0x00,0x00,0x00,0x00,
    0x00,0x00,0x00,0x00,0x00,0x00,0x00,0x00,0x00,0x00,0x00,0x1C,0xEB,0xFF,0xFB,0xB0,0xFF,0xFF,0xFB,0x60,0x00,0x00,0x00,0x00,0x00,0x00,0x00,0x00,0x08,0xBB,0xF3,0x50,0x00,0x00,0x00,0x00,0x00,0x00,0x00,0x00,
    0x00,0x00,0x00,0x00,0x00,0x00,0x00,0x00,0x00,0x00,0x00,0x00,0x77,0xDF,0xFF,0xFF,0xFF,0xFF,0xEF,0x08,0x00,0x00,0x00,0x00,0x00,0x00,0x00,0x00,0x48,0xFF,0xFF,0xDF,0x00,0x00,0x00,0x00,0x00,0x00,0x00,0x00,
    0x00,0x00,0x00,0x00,0x00,0x00,0x00,0x00,0x00,0x00,0x00,0x00,0x50,0xFF,0xFF,0xFF,0xFF,0xFB,0x9B,0x00,0x00,0x00,0x00,0x00,0x00,0x00,0x00,0x00,0x7C,0xFF,0xFF,0xFF,0x1C,0x00,0x00,0x00,0x00,0x00,0x00,0x00,
    0x00,0x00,0x00,0x00,0x00,0x00,0x00,0x00,0x00,0x00,0x00,0x00,0x08,0xF3,0xFF,0xFF,0xFF,0xFF,0x5C,0x00,0x00,0x00,0x00,0x00,0x00,0x00,0x00,0x00,0xB7,0xFF,0xFF,0xFF,0x58,0x00,0x00,0x00,0x00,0x00,0x00,0x00,
    0x00,0x00,0x00,0x00,0x00,0x00,0x00,0x00,0x00,0x00,0x00,0x00,0x00,0xBF,0xF7,0xFF,0xFF,0xFF,0x20,0x00,0x00,0x00,0x00,0x00,0x00,0x00,0x00,0x00,0xEF,0xFB,0xFF,0xFB,0x90,0x00,0x00,0x00,0x00,0x00,0x00,0x00,
    0x00,0x00,0x00,0x00,0x00,0x00,0x00,0x00,0x00,0x00,0x00,0x00,0x00,0x9F,0xFF,0xFF,0xFF,0xDF,0x00,0x00,0x00,0x00,0x00,0x00,0x00,0x00,0x00,0x40,0xFF,0xFF,0xFF,0xFF,0xE3,0x08,0x00,0x00,0x00,0x00,0x00,0x00,
    0x00,0x00,0x00,0x00,0x00,0x00,0x00,0x00,0x00,0x00,0x00,0x00,0x00,0x68,0xFF,0xFF,0xFF,0xC7,0x00,0x00,0x00,0x00,0x00,0x00,0x00,0x18,0x68,0xCF,0xFF,0xFF,0xFB,0xFB,0xFB,0xA3,0x40,0x0C,0x00,0x00,0x00,0x00,
    0x00,0x00,0x00,0x00,0x00,0x00,0x00,0x00,0x00,0x00,0x00,0x00,0x00,0x30,0xFF,0xFF,0xFF,0x90,0x00,0x00,0x00,0x00,0x4C,0x97,0xD7,0xFB,0xFF,0xFF,0xFF,0xE7,0x60,0xFF,0xFF,0xFF,0xFF,0xEF,0xC3,0x88,0x2C,0x00,
    0x00,0x00,0x00,0x00,0x00,0x00,0x00,0x00,0x00,0x00,0x00,0x00,0x00,0x04,0xE3,0xFF,0xFB,0x3C,0x00,0x00,0x00,0x78,0xFF,0xFF,0xFF,0xFF,0xFF,0xFF,0xCF,0x2C,0x00,0x64,0xEF,0xFF,0xFF,0xFF,0xFF,0xFF,0xF7,0x20,
    0x00,0x00,0x00,0x00,0x00,0x00,0x00,0x00,0x00,0x00,0x00,0x00,0x00,0x00,0x30,0x97,0x50,0x00,0x00,0x00,0x00,0x84,0xFF,0xFF,0xFF,0xFF,0xFF,0xFF,0xCF,0x2C,0x00,0x64,0xEF,0xFF,0xFF,0xFF,0xFF,0xFF,0xFB,0x28,
    0x00,0x00,0x00,0x00,0x00,0x00,0x00,0x00,0x00,0x00,0x00,0x00,0x00,0x00,0x00,0x00,0x00,0x00,0x00,0x00,0x00,0x08,0x70,0x9B,0xD7,0xFB,0xFF,0xFF,0xFF,0xE7,0x60,0xFF,0xFF,0xFF,0xFF,0xEF,0xC3,0x90,0x48,0x00,
    0x00,0x00,0x00,0x00,0x00,0x00,0x00,0x00,0x00,0x00,0x00,0x00,0x00,0x00,0x00,0x00,0x00,0x00,0x00,0x00,0x00,0x00,0x00,0x00,0x00,0x18,0x68,0xCF,0xFF,0xFF,0xFB,0xFB,0xFB,0xA3,0x40,0x0C,0x00,0x00,0x00,0x00,
    0x00,0x00,0x00,0x00,0x00,0x00,0x00,0x00,0x00,0x00,0x00,0x00,0x00,0x00,0x00,0x00,0x00,0x00,0x00,0x00,0x00,0x00,0x00,0x00,0x00,0x00,0x00,0x40,0xFF,0xFF,0xFF,0xFF,0xE3,0x08,0x00,0x00,0x00,0x00,0x00,0x00,
    0x00,0x00,0x00,0x00,0x00,0x00,0x00,0x00,0x00,0x00,0x00,0x00,0x00,0x00,0x00,0x00,0x00,0x00,0x00,0x00,0x00,0x00,0x00,0x00,0x00,0x00,0x00,0x00,0xEF,0xFB,0xFF,0xFB,0x90,0x00,0x00,0x00,0x00,0x00,0x00,0x00,
    0x00,0x00,0x00,0x00,0x00,0x00,0x00,0x00,0x00,0x00,0x00,0x00,0x00,0x00,0x00,0x00,0x00,0x00,0x00,0x00,0x00,0x00,0x00,0x00,0x00,0x00,0x00,0x00,0xB7,0xFF,0xFF,0xFF,0x58,0x00,0x00,0x00,0x00,0x00,0x00,0x00,
    0x00,0x00,0x00,0x00,0x00,0x00,0x00,0x00,0x00,0x00,0x00,0x00,0x00,0x00,0x00,0x00,0x00,0x00,0x00,0x00,0x00,0x00,0x00,0x00,0x00,0x00,0x00,0x00,0x7C,0xFF,0xFF,0xFF,0x1C,0x00,0x00,0x00,0x00,0x00,0x00,0x00,
    0x00,0x00,0x00,0x00,0x00,0x00,0x00,0x00,0x00,0x00,0x00,0x00,0x00,0x00,0x00,0x00,0x00,0x00,0x00,0x00,0x00,0x00,0x00,0x00,0x00,0x00,0x00,0x00,0x44,0xFF,0xFF,0xE3,0x00,0x00,0x00,0x00,0x00,0x00,0x00,0x00,
    0x00,0x00,0x00,0x00,0x00,0x00,0x00,0x00,0x00,0x00,0x00,0x00,0x00,0x00,0x00,0x00,0x00,0x00,0x00,0x00,0x00,0x00,0x00,0x00,0x00,0x00,0x00,0x00,0x00,0xAB,0xF7,0x54,0x00,0x00,0x00,0x00,0x00,0x00,0x00,0x00,
    0x00,0x00,0x00,0x00,0x00,0x00,0x00,0x00,0x00,0x00,0x00,0x00,0x00,0x00,0x00,0x00,0x00,0x00,0x00,0x00,0x00,0x00,0x00,0x00,0x00,0x00,0x00,0x00,0x00,0x00,0x00,0x00,0x00,0x00,0x00,0x00,0x00,0x00,0x00,0x00,
  },
  { // movie
    0x00,0x00,0x00,0x00,0x00,0x00,0x00,0x00,0x00,0x00,0x00,0x00,0x00,0x00,0x00,0x00,0x00,0x00,0x00,0x00,0x00,0x00,0x00,0x00,0x00,0x00,0x00,0x00,0x00,0x00,0x00,0x00,0x20,0x0C,0x00,0x00,0x00,0x00,0x00,0x00,
    0x00,0x00,0x00,0x00,0x00,0x00,0x00,0x00,0x00,0x00,0x00,0x00,0x00,0x00,0x00,0x00,0x00,0x00,0x00,0x00,0x00,0x00,0x00,0x00,0x1C,0x3C,0x5C,0x7C,0x9B,0xBB,0xDF,0xFF,0xFF,0xF7,0x9F,0x0C,0x00,0x00,0x00,0x00,
    0x00,0x00,0x00,0x00,0x00,0x00,0x00,0x00,0x00,0x00,0x00,0x00,0x00,0x00,0x00,0x00,0x14,0x34,0x54,0x78,0x97,0xB7,0xD7,0xF7,0xFF,0xFF,0xFF,0xFF,0xFF,0xFF,0xFF,0xFF,0xFF,0xFF,0xFF,0x9F,0x00,0x00,0x00,0x00,
    0x00,0x00,0x00,0x00,0x00,0x00,0x00,0x00,0x10,0x30,0x50,0x70,0x90,0xB3,0xD3,0xF3,0xFF,0xFF,0xFF,0xFF,0xFF,0xFF,0xFF,0xFF,0xFF,0xFF,0xFF,0xFF,0xFF,0xFF,0xFF,0xFF,0xFF,0xFF,0xFF,0xF3,0x0C,0x00,0x00,0x00,
    0x00,0x00,0x00,0x1C,0x7C,0xAB,0xCB,0xEF,0xFF,0xFF,0xFF,0xFF,0xFF,0xFF,0xFF,0xFF,0xFF,0xFF,0xFF,0xFF,0xFF,0xFF,0xFF,0xFF,0xFF,0xFF,0xFF,0xFF,0xFF,0xEB,0x74,0x54,0x48,0xFF,0xFF,0xFF,0x5C,0x00,0x00,0x00,
    0x00,0x00,0x48,0xF7,0xFF,0xFF,0xFF,0xFF,0xFF,0xFF,0xFF,0xFF,0xFF,0xFF,0xFF,0xFF,0xFF,0xFF,0xFB,0xFB,0xFF,0xFF,0x98,0x5C,0x38,0x18,0x14,0xFB,0xFF,0xFF,0x18,0x00,0x00,0xC3,0xFF,0xFF,0xAF,0x00,0x00,0x00,
    0x00,0x00,0xCF,0xFF,0xFF,0xFF,0xFF,0xFF,0xFF,0xFF,0xFF,0xF3,0xFF,0xFF,0xCB,0x60,0x40,0x20,0x00,0xAF,0xFF,0xFF,0x78,0x00,0x00,0x00,0x00,0xBF,0xFF,0xFF,0x64,0x00,0x00,0x70,0xFF,0xFF,0xF7,0x08,0x00,0x00,
    0x00,0x00,0xF3,0xFF,0xFF,0xCF,0x88,0x68,0x44,0x24,0x04,0x50,0xFF,0xFF,0xD7,0x00,0x00,0x00,0x00,0x60,0xFF,0xFF,0xC3,0x00,0x00,0x00,0x00,0x70,0xFF,0xFF,0xB7,0x00,0x00,0x1C,0xFF,0xFF,0xFF,0x50,0x00,0x00,
    0x00,0x00,0xBB,0xFF,0xFF,0xB3,0x00,0x00,0x00,0x00,0x00,0x08,0xF7,0xFF,0xFF,0x24,0x00,0x00,0x00,0x14,0xFB,0xFF,0xFF,0x18,0x00,0x00,0x00,0x20,0xFF,0xFF,0xF7,0x0C,0x00,0x00,0xCF,0xFF,0xFF,0xA3,0x00,0x00,
    0x00,0x00,0x6C,0xFF,0xFF,0xF7,0x0C,0x00,0x00,0x00,0x00,0x00,0xAF,0xFF,0xFF,0x78,0x00,0x00,0x00,0x00,0xBF,0xFF,0xFF,0x64,0x00,0x00,0x00,0x00,0xCF,0xFF,0xFF,0x58,0x00,0x00,0x7C,0xFF,0xFF,0xF3,0x08,0x00,
    0x00,0x00,0x1C,0xFF,0xFF,0xFF,0x50,0x00,0x00,0x00,0x00,0x00,0x60,0xFF,0xFF,0xC3,0x00,0x00,0x00,0x00,0x70,0xFF,0xFF,0xB7,0x00,0x00,0x00,0x00,0x80,0xFF,0xFF,0xA3,0x1C,0x3C,0x80,0xFF,0xFF,0xFF,0x38,0x00,
    0x00,0x00,0x00,0xCF,0xFF,0xFF,0x9F,0x00,0x00,0x00,0x00,0x00,0x14,0xFB,0xFF,0xFF,0x18,0x00,0x00,0x00,0x20,0xFF,0xFF,0xF7,0x18,0x30,0x50,0x70,0xAF,0xFF,0xFF,0xFF,0xFF,0xFF,0xFF,0xFF,0xFF,0xFF,0x38,0x00,
    0x00,0x00,0x00,0x80,0xFF,0xFF,0xEB,0x04,0x00,0x00,0x00,0x00,0x00,0xBF,0xFF,0xFF,0x64,0x1C,0x40,0x64,0x84,0xF7,0xFF,0xFF,0xFF,0xFF,0xFF,0xFF,0xFF,0xFF,0xFF,0xFF,0xFF,0xFF,0xFF,0xFF,0xFF,0xCF,0x00,0x00,
    0x00,0x00,0x00,0x30,0xFF,0xFF,0xFF,0x3C,0x00,0x10,0x30,0x54,0x74,0xCB,0xFF,0xFF,0xFF,0xFF,0xFF,0xFF,0xFF,0xFF,0xFF,0xFF,0xFF,0xFF,0xFF,0xFF,0xFF,0xFF,0xFF,0xFF,0xFF,0xFF,0xF3,0xDB,0x8C,0x10,0x00,0x00,
    0x00,0x00,0x00,0x00,0xE3,0xFF,0xFF,0xE7,0xEB,0xFF,0xFF,0xFF,0xFF,0xFF,0xFF,0xFF,0xFF,0xFF,0xFF,0xFF,0xFF,0xFF,0xFF,0xFF,0xFF,0xFF,0xFF,0xE3,0xC3,0x9F,0x7C,0x5C,0x38,0x18,0x00,0x00,0x00,0x00,0x00,0x00,
    0x00,0x00,0x00,0x00,0x6C,0xFF,0xFF,0xFF,0xFF,0xFF,0xFF,0xFF,0xFF,0xFF,0xFF,0xFF,0xFF,0xFF,0xFF,0xF3,0xCF,0xAF,0x8C,0x6C,0x48,0x28,0x04,0x00,0x00,0x00,0x00,0x00,0x00,0x00,0x00,0x00,0x00,0x00,0x00,0x00,
    0x00,0x00,0x00,0x00,0x4C,0xF7,0xFF,0xFF,0xFF,0xFF,0xFF,0xFF,0xFF,0xFF,0xFF,0xFF,0xF7,0xD7,0xB3,0x9F,0x9F,0x9F,0x9F,0x9F,0x9F,0x9F,0x9F,0x9F,0x9F,0x9F,0x9F,0x9F,0x9F,0x9F,0x90,0x48,0x00,0x00,0x00,0x00,
    0x00,0x00,0x0C,0xBB,0xFF,0xFF,0xFF,0xFF,0xFF,0xFF,0xFF,0xFF,0xFF,0xFF,0xFF,0xFF,0xFF,0xFF,0xFF,0xFF,0xFF,0xFF,0xFF,0xFF,0xFF,0xFF,0xFF,0xFF,0xFF,0xFF,0xFF,0xFF,0xFF,0xFF,0xFF,0xFF,0xBB,0x0C,0x00,0x00,
    0x00,0x00,0xA3,0xFF,0xFB,0xFF,0xFF,0xFF,0xFF,0xFF,0xFF,0xFF,0xFF,0xFF,0xFF,0xFF,0xFF,0xFF,0xFF,0xFF,0xFF,0xFF,0xFF,0xFF,0xFF,0xFF,0xFF,0xFF,0xFF,0xFF,0xFF,0xFF,0xFF,0xFF,0xFF,0xFB,0xFF,0xA3,0x00,0x00,
    0x00,0x10,0xFF,0xFF,0xF7,0xD7,0xBF,0xBF,0xBF,0xBF,0xBF,0xBF,0xBF,0xBF,0xBF,0xBF,0xBF,0xBF,0xBF,0xBF,0xBF,0xBF,0xBF,0xBF,0xBF,0xBF,0xBF,0xBF,0xBF,0xBF,0xBF,0xBF,0xBF,0xBF,0xD7,0xF7,0xFF,0xFF,0x10,0x00,
    0x00,0x48,0xFF,0xFF,0xFF,0x24,0x00,0x00,0x00,0x00,0x00,0x00,0x00,0x00,0x00,0x00,0x00,0x00,0x00,0x00,0x00,0x00,0x00,0x00,0x00,0x00,0x00,0x00,0x00,0x00,0x00,0x00,0x00,0x00,0x24,0xF3,0xF3,0xFF,0x48,0x00,
    0x00,0x60,0xFF,0xFF,0xFF,0x00,0x00,0x00,0x00,0x00,0x00,0x00,0x00,0x00,0x00,0x00,0x00,0x00,0x00,0x00,0x00,0x00,0x00,0x00,0x00,0x00,0x00,0x00,0x00,0x00,0x00,0x00,0x00,0x00,0x00,0xFF,0xFF,0xFF,0x60,0x00,
    0x00,0x60,0xFF,0xFF,0xFF,0x00,0x00,0x00,0x00,0x00,0x00,0x00,0x00,0x00,0x00,0x00,0x00,0x00,0x00,0x00,0x00,0x00,0x00,0x00,0x00,0x00,0x00,0x00,0x00,0x00,0x00,0x00,0x00,0x00,0x00,0xFF,0xFF,0xFF,0x60,0x00,
    0x00,0x60,0xFF,0xFF,0xFF,0x00,0x00,0x00,0x00,0x00,0x00,0x00,0x00,0x00,0x00,0x00,0x00,0x00,0x00,0x00,0x00,0x00,0x00,0x00,0x00,0x00,0x00,0x00,0x00,0x00,0x00,0x00,0x00,0x00,0x00,0xFF,0xFF,0xFF,0x60,0x00,
    0x00,0x60,0xFF,0xFF,0xFF,0x00,0x00,0x00,0x00,0x00,0x00,0x00,0x00,0x00,0x00,0x00,0x00,0x00,0x00,0x00,0x00,0x00,0x00,0x00,0x00,0x00,0x00,0x00,0x00,0x00,0x00,0x00,0x00,0x00,0x00,0xFF,0xFF,0xFF,0x60,0x00,
    0x00,0x60,0xFF,0xFF,0xFF,0x00,0x00,0x00,0x00,0x00,0x00,0x00,0x00,0x00,0x00,0x00,0x00,0x00,0x00,0x00,0x00,0x00,0x00,0x00,0x00,0x00,0x00,0x00,0x00,0x00,0x00,0x00,0x00,0x00,0x00,0xFF,0xFF,0xFF,0x60,0x00,
    0x00,0x60,0xFF,0xFF,0xFF,0x00,0x00,0x00,0x00,0x00,0x00,0x00,0x00,0x00,0x00,0x00,0x00,0x00,0x00,0x00,0x00,0x00,0x00,0x00,0x00,0x00,0x00,0x00,0x00,0x00,0x00,0x00,0x00,0x00,0x00,0xFF,0xFF,0xFF,0x60,0x00,
    0x00,0x60,0xFF,0xFF,0xFF,0x00,0x00,0x00,0x00,0x00,0x00,0x00,0x00,0x00,0x00,0x00,0x00,0x00,0x00,0x00,0x00,0x00,0x00,0x00,0x00,0x00,0x00,0x00,0x00,0x00,0x00,0x00,0x00,0x00,0x00,0xFF,0xFF,0xFF,0x60,0x00,
    0x00,0x60,0xFF,0xFF,0xFF,0x00,0x00,0x00,0x00,0x00,0x00,0x00,0x00,0x00,0x00,0x00,0x00,0x00,0x00,0x00,0x00,0x00,0x00,0x00,0x00,0x00,0x00,0x00,0x00,0x00,0x00,0x00,0x00,0x00,0x00,0xFF,0xFF,0xFF,0x60,0x00,
    0x00,0x60,0xFF,0xFF,0xFF,0x00,0x00,0x00,0x00,0x00,0x00,0x00,0x00,0x00,0x00,0x00,0x00,0x00,0x00,0x00,0x00,0x00,0x00,0x00,0x00,0x00,0x00,0x00,0x00,0x00,0x00,0x00,0x00,0x00,0x00,0xFF,0xFF,0xFF,0x60,0x00,
    0x00,0x60,0xFF,0xFF,0xFF,0x00,0x00,0x00,0x00,0x00,0x00,0x00,0x00,0x00,0x00,0x00,0x00,0x00,0x00,0x00,0x00,0x00,0x00,0x00,0x00,0x00,0x00,0x00,0x00,0x00,0x00,0x00,0x00,0x00,0x00,0xFF,0xFF,0xFF,0x60,0x00,
    0x00,0x60,0xFF,0xFF,0xFF,0x00,0x00,0x00,0x00,0x00,0x00,0x00,0x00,0x00,0x00,0x00,0x00,0x00,0x00,0x00,0x00,0x00,0x00,0x00,0x00,0x00,0x00,0x00,0x00,0x00,0x00,0x00,0x00,0x00,0x00,0xFF,0xFF,0xFF,0x60,0x00,
    0x00,0x60,0xFF,0xFF,0xFF,0x00,0x00,0x00,0x00,0x00,0x00,0x00,0x00,0x00,0x00,0x00,0x00,0x00,0x00,0x00,0x00,0x00,0x00,0x00,0x00,0x00,0x00,0x00,0x00,0x00,0x00,0x00,0x00,0x00,0x00,0xFF,0xFF,0xFF,0x60,0x00,
    0x00,0x50,0xFF,0xF7,0xF7,0x0C,0x00,0x00,0x00,0x00,0x00,0x00,0x00,0x00,0x00,0x00,0x00,0x00,0x00,0x00,0x00,0x00,0x00,0x00,0x00,0x00,0x00,0x00,0x00,0x00,0x00,0x00,0x00,0x00,0x0C,0xF7,0xF7,0xFF,0x50,0x00,
    0x00,0x24,0xFF,0xFF,0xFF,0xA3,0x60,0x60,0x60,0x60,0x60,0x60,0x60,0x60,0x60,0x60,0x60,0x60,0x60,0x60,0x60,0x60,0x60,0x60,0x60,0x60,0x60,0x60,0x60,0x60,0x60,0x60,0x60,0x60,0xA3,0xFF,0xFF,0xFF,0x24,0x00,
    0x00,0x00,0xC3,0xFF,0xFB,0xF7,0xFF,0xFF,0xFF,0xFF,0xFF,0xFF,0xFF,0xFF,0xFF,0xFF,0xFF,0xFF,0xFF,0xFF,0xFF,0xFF,0xFF,0xFF,0xFF,0xFF,0xFF,0xFF,0xFF,0xFF,0xFF,0xFF,0xFF,0xFF,0xF7,0xFB,0xFF,0xBF,0x00,0x00,
    0x00,0x00,0x34,0xEB,0xFF,0xFF,0xFF,0xFF,0xFF,0xFF,0xFF,0xFF,0xFF,0xFF,0xFF,0xFF,0xFF,0xFF,0xFF,0xFF,0xFF,0xFF,0xFF,0xFF,0xFF,0xFF,0xFF,0xFF,0xFF,0xFF,0xFF,0xFF,0xFF,0xFF,0xFF,0xFF,0xEB,0x30,0x00,0x00,
    0x00,0x00,0x00,0x1C,0xA3,0xE7,0xFF,0xFF,0xFF,0xFF,0xFF,0xFF,0xFF,0xFF,0xFF,0xFF,0xFF,0xFF,0xFF,0xFF,0xFF,0xFF,0xFF,0xFF,0xFF,0xFF,0xFF,0xFF,0xFF,0xFF,0xFF,0xFF,0xFF,0xFF,0xE7,0xA3,0x1C,0x00,0x00,0x00,
    0x00,0x00,0x00,0x00,0x00,0x00,0x00,0x00,0x00,0x00,0x00,0x00,0x00,0x00,0x00,0x00,0x00,0x00,0x00,0x00,0x00,0x00,0x00,0x00,0x00,0x00,0x00,0x00,0x00,0x00,0x00,0x00,0x00,0x00,0x00,0x00,0x00,0x00,0x00,0x00,
    0x00,0x00,0x00,0x00,0x00,0x00,0x00,0x00,0x00,0x00,0x00,0x00,0x00,0x00,0x00,0x00,0x00,0x00,0x00,0x00,0x00,0x00,0x00,0x00,0x00,0x00,0x00,0x00,0x00,0x00,0x00,0x00,0x00,0x00,0x00,0x00,0x00,0x00,0x00,0x00,
  },
  { // night
    0x00,0x00,0x00,0x00,0x00,0x00,0x00,0x00,0x00,0x00,0x00,0x00,0x00,0x00,0x00,0x00,0x00,0x00,0x00,0x00,0x00,0x00,0x00,0x00,0x00,0x00,0x00,0x00,0x00,0x00,0x00,0x00,0x00,0x00,0x00,0x00,0x00,0x00,0x00,0x00,
    0x00,0x00,0x00,0x00,0x00,0x00,0x00,0x00,0x00,0x00,0x00,0x00,0x00,0x00,0x00,0x00,0x00,0x00,0x00,0x00,0x00,0x00,0x00,0x00,0x00,0x00,0x00,0x00,0x00,0x00,0x00,0x00,0x00,0x00,0x00,0x00,0x00,0x00,0x00,0x00,
    0x00,0x00,0x00,0x00,0x00,0x00,0x00,0x00,0x00,0x00,0x00,0x00,0x00,0x00,0x00,0x00,0x00,0x00,0x00,0x00,0x00,0x00,0x00,0x00,0x00,0x00,0x00,0x00,0x00,0x00,0x00,0x00,0x00,0x00,0x00,0x00,0x00,0x00,0x00,0x00,
    0x00,0x00,0x00,0x00,0x00,0x00,0x00,0x00,0x00,0x00,0x00,0x00,0x00,0x00,0x00,0x00,0x00,0x00,0x00,0x00,0x00,0x00,0x00,0x00,0x00,0x00,0x00,0x00,0x00,0x00,0x00,0x00,0x00,0x00,0x00,0x00,0x00,0x00,0x00,0x00,
    0x00,0x00,0x00,0x00,0x00,0x00,0x00,0x00,0x00,0x00,0x00,0x00,0x00,0x00,0x00,0x00,0x00,0x00,0x00,0x00,0x00,0x00,0x00,0x00,0x00,0x00,0x00,0x00,0x00,0x00,0x00,0x00,0x00,0x00,0x00,0x00,0x00,0x00,0x00,0x00,
    0x00,0x00,0x00,0x00,0x00,0x00,0x00,0x00,0x00,0x00,0x00,0x00,0x00,0x00,0x00,0x00,0x00,0x00,0x00,0x00,0x00,0x00,0x00,0x00,0x00,0x00,0x00,0x00,0x00,0x00,0x00,0x00,0x00,0x00,0x00,0x00,0x00,0x00,0x00,0x00,
    0x00,0x00,0x00,0x00,0x00,0x00,0x00,0x00,0x00,0x00,0x00,0x00,0x00,0x00,0x00,0x00,0x00,0x00,0x00,0x00,0x00,0x00,0x00,0x00,0x00,0x00,0x00,0x00,0x00,0x00,0x00,0x00,0x00,0x00,0x00,0x00,0x00,0x00,0x00,0x00,
    0x00,0x00,0x00,0x00,0x00,0x00,0x00,0x00,0x00,0x00,0x00,0x00,0x00,0x00,0x00,0x00,0x00,0x00,0x00,0x00,0x00,0x00,0x00,0x00,0x00,0x00,0x00,0x00,0x00,0x00,0x00,0x00,0x00,0x00,0x00,0x00,0x00,0x00,0x00,0x00,
    0x00,0x00,0x00,0x00,0x00,0x00,0x00,0x00,0x00,0x00,0x00,0x00,0x00,0x00,0x00,0x00,0x00,0x00,0x00,0x00,0x00,0x00,0x00,0x00,0x00,0x00,0x00,0x00,0x00,0x00,0x00,0x00,0x00,0x00,0x00,0x00,0x00,0x00,0x00,0x00,
    0x00,0x00,0x00,0x00,0x00,0x00,0x00,0x00,0x00,0x00,0x00,0x00,0x00,0x00,0x00,0x00,0x00,0x00,0x00,0x00,0x00,0x00,0x00,0x00,0x00,0x00,0x00,0x00,0x00,0x00,0x00,0x00,0x00,0x00,0x00,0x00,0x00,0x00,0x00,0x00,
    0x00,0x00,0x00,0x1C,0x00,0x00,0x00,0x00,0x00,0x00,0x00,0x00,0x00,0x00,0x00,0x00,0x00,0x00,0x00,0x00,0x00,0x00,0x00,0x00,0x00,0x00,0x00,0x00,0x00,0x00,0x00,0x00,0x00,0x00,0x00,0x00,0x00,0x00,0x00,0x00,
    0x00,0x00,0xAB,0xFF,0xC3,0x08,0x00,0x00,0x00,0x00,0x00,0x00,0x00,0x00,0x00,0x00,0x00,0x00,0x00,0x00,0x00,0x00,0x00,0x00,0x00,0x00,0x00,0x00,0x00,0x00,0x00,0x00,0x00,0x00,0x00,0x00,0x00,0x00,0x00,0x00,
    0x00,0x1C,0xFF,0xFF,0xFF,0x48,0x00,0x00,0x00,0x00,0x00,0x00,0x00,0x00,0x00,0x00,0x00,0x00,0x00,0x00,0x00,0x00,0x00,0x00,0x00,0x00,0x00,0x00,0x00,0x00,0x00,0x00,0x00,0x00,0x00,0x00,0x00,0x00,0x00,0x00,
    0x00,0x00,0xFF,0xFF,0xFF,0x60,0x00,0x00,0x00,0x00,0x00,0x00,0x00,0x00,0x00,0x00,0x00,0x00,0x00,0x00,0x00,0x00,0x00,0x00,0x00,0x00,0x00,0x00,0x00,0x00,0x00,0x00,0x00,0x00,0x00,0x00,0x00,0x00,0x00,0x00,
    0x00,0x00,0xFF,0xFF,0xFF,0x60,0x00,0x00,0x38,0xB7,0xF7,0xFF,0xFF,0xFF,0xFF,0xFF,0xFF,0xE7,0x93,0x14,0x00,0x00,0x00,0x00,0x00,0x00,0x00,0x00,0x00,0x00,0x00,0x00,0x00,0x00,0x00,0x00,0x00,0x00,0x00,0x00,
    0x00,0x00,0xFF,0xFF,0xFF,0x60,0x00,0x38,0xFB,0xFF,0xFF,0xFF,0xFF,0xFF,0xFF,0xFF,0xFF,0xFF,0xFF,0xD3,0x0C,0x00,0x00,0x00,0x00,0x00,0x00,0x00,0x00,0x00,0x00,0x00,0x00,0x00,0x00,0x00,0x00,0x00,0x00,0x00,
    0x00,0x00,0xFF,0xFF,0xFF,0x60,0x00,0xB3,0xFF,0xFF,0xFF,0xFF,0xFF,0xFF,0xFF,0xFF,0xFF,0xFF,0xFF,0xFF,0x64,0x00,0x00,0x00,0x00,0x00,0x00,0x00,0x00,0x00,0x00,0x00,0x00,0x00,0x00,0x00,0x00,0x00,0x00,0x00,
    0x00,0x00,0xFF,0xFF,0xFF,0x60,0x10,0xFB,0xFF,0xFF,0x9C,0x60,0x60,0x60,0x60,0x60,0x60,0xCB,0xF7,0xFF,0x9F,0x00,0x00,0x00,0x00,0x00,0x00,0x00,0x00,0x00,0x00,0x00,0x00,0x00,0x00,0x00,0x00,0x00,0x00,0x00,
    0x00,0x00,0xFF,0xFF,0xFF,0x60,0x0C,0xFF,0xFF,0xFF,0x60,0x00,0x00,0x00,0x00,0x00,0x00,0x9F,0xFF,0xFF,0xBF,0x00,0x00,0x00,0x00,0x00,0x00,0x00,0x00,0x00,0x00,0x00,0x00,0x00,0x00,0x00,0x00,0x00,0x00,0x00,
    0x00,0x00,0xFF,0xFF,0xFF,0x60,0x00,0xFF,0xFF,0xFF,0x64,0x00,0x00,0x00,0x00,0x00,0x00,0xAB,0xEF,0xFF,0xAB,0x00,0x00,0x00,0x00,0x00,0x00,0x00,0x00,0x00,0x00,0x00,0x00,0x00,0x00,0x00,0x00,0x00,0x00,0x00,
    0x00,0x00,0xFF,0xFF,0xFF,0xE7,0xFF,0xFF,0xFF,0xFF,0xFF,0xFF,0xFF,0xFF,0xFF,0xFF,0xFF,0xFF,0xFF,0xFF,0xFF,0xFF,0xFF,0xFF,0xFF,0xFF,0xFF,0xFF,0xFF,0xFF,0xFF,0xFF,0xFF,0xFF,0xD3,0x84,0x04,0x00,0x00,0x00,
    0x00,0x00,0xFF,0xFF,0xFF,0xFF,0xFF,0xFF,0xFF,0xFF,0xFF,0xFF,0xFF,0xFF,0xFF,0xFF,0xFF,0xFF,0xFF,0xFF,0xFF,0xFF,0xFF,0xFF,0xFF,0xFF,0xFF,0xFF,0xFF,0xFF,0xFF,0xFF,0xFF,0xFF,0xFF,0xFF,0xB7,0x04,0x00,0x00,
    0x00,0x00,0xFF,0xFF,0xFF,0xF7,0xFF,0xFF,0xFF,0xFF,0xFF,0xFF,0xFF,0xFF,0xFF,0xFF,0xFF,0xFF,0xFF,0xFF,0xFF,0xFF,0xFF,0xFF,0xFF,0xFF,0xFF,0xFF,0xFF,0xFF,0xFF,0xFF,0xFF,0xFF,0xF3,0xFB,0xFF,0x84,0x00,0x00,
    0x00,0x00,0xFF,0xFF,0xFF,0xD7,0x68,0x60,0x60,0x60,0x60,0x60,0x60,0x60,0x60,0x60,0x60,0x60,0x60,0x60,0x60,0x60,0x60,0x60,0x60,0x60,0x60,0x60,0x60,0x60,0x60,0x60,0x60,0x68,0xBB,0xF7,0xFF,0xCB,0x00,0x00,
    0x00,0x10,0xFF,0xFF,0xFF,0x68,0x00,0x00,0x00,0x00,0x00,0x00,0x00,0x00,0x00,0x00,0x00,0x00,0x00,0x00,0x00,0x00,0x00,0x00,0x00,0x00,0x00,0x00,0x00,0x00,0x00,0x00,0x00,0x00,0x68,0xFF,0xFF,0xFF,0x00,0x00,
    0x00,0x0C,0xFF,0xFF,0xFF,0x60,0x00,0x00,0x00,0x00,0x00,0x00,0x00,0x00,0x00,0x00,0x00,0x00,0x00,0x00,0x00,0x00,0x00,0x00,0x00,0x00,0x00,0x00,0x00,0x00,0x00,0x00,0x00,0x00,0x60,0xFF,0xFF,0xFF,0x00,0x00,
    0x00,0x00,0xFF,0xFF,0xFF,0x60,0x00,0x00,0x00,0x00,0x00,0x00,0x00,0x00,0x00,0x00,0x00,0x00,0x00,0x00,0x00,0x00,0x00,0x00,0x00,0x00,0x00,0x00,0x00,0x00,0x00,0x00,0x00,0x00,0x60,0xFF,0xFF,0xFF,0x00,0x00,
    0x00,0x00,0xFF,0xFF,0xFF,0x68,0x00,0x00,0x00,0x00,0x00,0x00,0x00,0x00,0x00,0x00,0x00,0x00,0x00,0x00,0x00,0x00,0x00,0x00,0x00,0x00,0x00,0x00,0x00,0x00,0x00,0x00,0x00,0x00,0x68,0xFF,0xFF,0xFF,0x00,0x00,
    0x00,0x00,0xFF,0xFF,0xFF,0xC7,0x68,0x60,0x60,0x60,0x60,0x60,0x60,0x60,0x60,0x60,0x60,0x60,0x60,0x60,0x60,0x60,0x60,0x60,0x60,0x60,0x60,0x60,0x60,0x60,0x60,0x60,0x60,0x68,0xB7,0xF3,0xFF,0xCB,0x00,0x00,
    0x00,0x00,0xFF,0xFF,0xFF,0xF7,0xFF,0xFF,0xFF,0xFF,0xFF,0xFF,0xFF,0xFF,0xFF,0xFF,0xFF,0xFF,0xFF,0xFF,0xFF,0xFF,0xFF,0xFF,0xFF,0xFF,0xFF,0xFF,0xFF,0xFF,0xFF,0xFF,0xFF,0xFF,0xF3,0xF3,0xFF,0xCB,0x00,0x00,
    0x00,0x00,0xFF,0xFF,0xFF,0xFF,0xFF,0xFF,0xFF,0xFF,0xFF,0xFF,0xFF,0xFF,0xFF,0xFF,0xFF,0xFF,0xFF,0xFF,0xFF,0xFF,0xFF,0xFF,0xFF,0xFF,0xFF,0xFF,0xFF,0xFF,0xFF,0xFF,0xFF,0xFF,0xFF,0xFF,0xFF,0xFF,0x00,0x00,
    0x00,0x00,0xFF,0xFF,0xFF,0xE7,0xFF,0xFF,0xFF,0xFF,0xFF,0xFF,0xFF,0xFF,0xFF,0xFF,0xFF,0xFF,0xFF,0xFF,0xFF,0xFF,0xFF,0xFF,0xFF,0xFF,0xFF,0xFF,0xFF,0xFF,0xFF,0xFF,0xFF,0xFF,0xE7,0xFF,0xFF,0xFF,0x00,0x00,
    0x00,0x00,0xFF,0xFF,0xFF,0x60,0x00,0x00,0x00,0x00,0x00,0x00,0x00,0x00,0x00,0x00,0x00,0x00,0x00,0x00,0x00,0x00,0x00,0x00,0x00,0x00,0x00,0x00,0x00,0x00,0x00,0x00,0x00,0x00,0x60,0xFF,0xFF,0xFF,0x00,0x00,
    0x00,0x04,0xFF,0xFF,0xFF,0x60,0x00,0x00,0x00,0x00,0x00,0x00,0x00,0x00,0x00,0x00,0x00,0x00,0x00,0x00,0x00,0x00,0x00,0x00,0x00,0x00,0x00,0x00,0x00,0x00,0x00,0x00,0x00,0x00,0x60,0xFF,0xFF,0xFF,0x00,0x00,
    0x00,0x18,0xFF,0xFF,0xFF,0x44,0x00,0x00,0x00,0x00,0x00,0x00,0x00,0x00,0x00,0x00,0x00,0x00,0x00,0x00,0x00,0x00,0x00,0x00,0x00,0x00,0x00,0x00,0x00,0x00,0x00,0x00,0x00,0x00,0x58,0xFF,0xFF,0xF7,0x00,0x00,
    0x00,0x00,0x8C,0xFB,0xA3,0x04,0x00,0x00,0x00,0x00,0x00,0x00,0x00,0x00,0x00,0x00,0x00,0x00,0x00,0x00,0x00,0x00,0x00,0x00,0x00,0x00,0x00,0x00,0x00,0x00,0x00,0x00,0x00,0x00,0x0C,0xBB,0xF7,0x70,0x00,0x00,
    0x00,0x00,0x00,0x00,0x00,0x00,0x00,0x00,0x00,0x00,0x00,0x00,0x00,0x00,0x00,0x00,0x00,0x00,0x00,0x00,0x00,0x00,0x00,0x00,0x00,0x00,0x00,0x00,0x00,0x00,0x00,0x00,0x00,0x00,0x00,0x00,0x00,0x00,0x00,0x00,
    0x00,0x00,0x00,0x00,0x00,0x00,0x00,0x00,0x00,0x00,0x00,0x00,0x00,0x00,0x00,0x00,0x00,0x00,0x00,0x00,0x00,0x00,0x00,0x00,0x00,0x00,0x00,0x00,0x00,0x00,0x00,0x00,0x00,0x00,0x00,0x00,0x00,0x00,0x00,0x00,
    0x00,0x00,0x00,0x00,0x00,0x00,0x00,0x00,0x00,0x00,0x00,0x00,0x00,0x00,0x00,0x00,0x00,0x00,0x00,0x00,0x00,0x00,0x00,0x00,0x00,0x00,0x00,0x00,0x00,0x00,0x00,0x00,0x00,0x00,0x00,0x00,0x00,0x00,0x00,0x00,
    0x00,0x00,0x00,0x00,0x00,0x00,0x00,0x00,0x00,0x00,0x00,0x00,0x00,0x00,0x00,0x00,0x00,0x00,0x00,0x00,0x00,0x00,0x00,0x00,0x00,0x00,0x00,0x00,0x00,0x00,0x00,0x00,0x00,0x00,0x00,0x00,0x00,0x00,0x00,0x00,
  },
  { // sun
    0x00,0x00,0x00,0x00,0x00,0x00,0x00,0x00,0x00,0x00,0x00,0x00,0x00,0x00,0x00,0x00,0x00,0x00,0x18,0xAB,0x9F,0x0C,0x00,0x00,0x00,0x00,0x00,0x00,0x00,0x00,0x00,0x00,0x00,0x00,0x00,0x00,0x00,0x00,0x00,0x00,
    0x00,0x00,0x00,0x00,0x00,0x00,0x00,0x00,0x00,0x00,0x00,0x00,0x00,0x00,0x00,0x00,0x00,0x00,0xAB,0xFF,0xFF,0x8C,0x00,0x00,0x00,0x00,0x00,0x00,0x00,0x00,0x00,0x00,0x00,0x00,0x00,0x00,0x00,0x00,0x00,0x00,
    0x00,0x00,0x00,0x00,0x00,0x00,0x00,0x00,0x00,0x00,0x00,0x00,0x00,0x00,0x00,0x00,0x00,0x00,0xBF,0xFF,0xFF,0x9F,0x00,0x00,0x00,0x00,0x00,0x00,0x00,0x00,0x00,0x00,0x00,0x00,0x00,0x00,0x00,0x00,0x00,0x00,
    0x00,0x00,0x00,0x00,0x00,0x00,0x00,0x00,0x00,0x00,0x00,0x00,0x00,0x00,0x00,0x00,0x00,0x00,0xBF,0xFF,0xFF,0x9F,0x00,0x00,0x00,0x00,0x00,0x00,0x00,0x00,0x00,0x00,0x00,0x00,0x00,0x00,0x00,0x00,0x00,0x00,
    0x00,0x00,0x00,0x00,0x00,0x00,0x00,0x00,0x00,0x00,0x00,0x00,0x00,0x00,0x00,0x00,0x00,0x00,0xBF,0xFF,0xFF,0x9F,0x00,0x00,0x00,0x00,0x00,0x00,0x00,0x00,0x00,0x00,0x00,0x00,0x00,0x00,0x00,0x00,0x00,0x00,
    0x00,0x00,0x00,0x00,0x00,0x00,0x50,0x74,0x0C,0x00,0x00,0x00,0x00,0x00,0x00,0x00,0x00,0x00,0xBF,0xFF,0xFF,0x9F,0x00,0x00,0x00,0x00,0x00,0x00,0x00,0x00,0x00,0x18,0x78,0x40,0x00,0x00,0x00,0x00,0x00,0x00,
    0x00,0x00,0x00,0x00,0x00,0x50,0xFF,0xFF,0xC3,0x0C,0x00,0x00,0x00,0x00,0x00,0x00,0x00,0x00,0xBF,0xFF,0xFF,0x9F,0x00,0x00,0x00,0x00,0x00,0x00,0x00,0x00,0x0C,0xD3,0xFF,0xFB,0x34,0x00,0x00,0x00,0x00,0x00,
    0x00,0x00,0x00,0x00,0x00,0x74,0xFF,0xFF,0xFF,0xC3,0x0C,0x00,0x00,0x00,0x00,0x00,0x00,0x00,0x8F,0xFF,0xFF,0x70,0x00,0x00,0x00,0x00,0x00,0x00,0x00,0x0C,0xC3,0xFF,0xFF,0xFF,0x54,0x00,0x00,0x00,0x00,0x00,
    0x00,0x00,0x00,0x00,0x00,0x0C,0xC3,0xFF,0xFF,0xFF,0xC3,0x0C,0x00,0x00,0x00,0x00,0x00,0x00,0x04,0x6C,0x60,0x00,0x00,0x00,0x00,0x00,0x00,0x00,0x0C,0xC3,0xFF,0xFF,0xFF,0xBF,0x04,0x00,0x00,0x00,0x00,0x00,
    0x00,0x00,0x00,0x00,0x00,0x00,0x0C,0xC3,0xFF,0xFF,0xFF,0xC3,0x0C,0x00,0x00,0x00,0x00,0x00,0x00,0x00,0x00,0x00,0x00,0x00,0x00,0x00,0x00,0x18,0xD3,0xFF,0xFF,0xFF,0xC3,0x0C,0x00,0x00,0x00,0x00,0x00,0x00,
    0x00,0x00,0x00,0x00,0x00,0x00,0x00,0x0C,0xC3,0xFF,0xFF,0xFF,0x58,0x00,0x00,0x00,0x58,0xAF,0xDF,0xFB,0xFB,0xDF,0xAF,0x58,0x00,0x00,0x00,0x78,0xFF,0xFF,0xFF,0xC3,0x0C,0x00,0x00,0x00,0x00,0x00,0x00,0x00,
    0x00,0x00,0x00,0x00,0x00,0x00,0x00,0x00,0x0C,0xC3,0xFF,0xF3,0x28,0x00,0x5C,0xE7,0xFF,0xFF,0xFF,0xFF,0xFF,0xFF,0xFF,0xFF,0xE7,0x5C,0x00,0x40,0xFB,0xFF,0xBF,0x0C,0x00,0x00,0x00,0x00,0x00,0x00,0x00,0x00,
    0x00,0x00,0x00,0x00,0x00,0x00,0x00,0x00,0x00,0x0C,0x58,0x28,0x00,0x94,0xFF,0xFF,0xFF,0xFF,0xFF,0xFF,0xFF,0xFF,0xFF,0xFF,0xFF,0xFF,0x94,0x00,0x34,0x54,0x04,0x00,0x00,0x00,0x00,0x00,0x00,0x00,0x00,0x00,
    0x00,0x00,0x00,0x00,0x00,0x00,0x00,0x00,0x00,0x00,0x00,0x00,0x8C,0xFF,0xFF,0xFF,0xFF,0xDF,0x8C,0x60,0x60,0x8C,0xDF,0xFF,0xFF,0xFF,0xFF,0x8C,0x00,0x00,0x00,0x00,0x00,0x00,0x00,0x00,0x00,0x00,0x00,0x00,
    0x00,0x00,0x00,0x00,0x00,0x00,0x00,0x00,0x00,0x00,0x00,0x4C,0xFF,0xFF,0xFF,0xE7,0x60,0x04,0x00,0x00,0x00,0x00,0x04,0x60,0xE7,0xFF,0xFF,0xFF,0x4C,0x00,0x00,0x00,0x00,0x00,0x00,0x00,0x00,0x00,0x00,0x00,
    0x00,0x00,0x00,0x00,0x00,0x00,0x00,0x00,0x00,0x00,0x08,0xE7,0xFF,0xFF,0xE3,0x28,0x00,0x00,0x00,0x00,0x00,0x00,0x00,0x00,0x28,0xE3,0xFF,0xFF,0xE7,0x08,0x00,0x00,0x00,0x00,0x00,0x00,0x00,0x00,0x00,0x00,
    0x00,0x00,0x00,0x00,0x00,0x00,0x00,0x00,0x00,0x00,0x60,0xFF,0xFF,0xFF,0x60,0x00,0x00,0x00,0x00,0x00,0x00,0x00,0x00,0x00,0x00,0x60,0xFF,0xFF,0xFF,0x60,0x00,0x00,0x00,0x00,0x00,0x00,0x00,0x00,0x00,0x00,
    0x00,0x00,0x00,0x00,0x00,0x00,0x00,0x00,0x00,0x00,0xB3,0xFF,0xFF,0xD7,0x04,0x00,0x00,0x00,0x00,0x00,0x00,0x00,0x00,0x00,0x00,0x04,0xD7,0xFF,0xFF,0xB3,0x00,0x00,0x00,0x00,0x00,0x00,0x00,0x00,0x00,0x00,
    0x18,0xAB,0xAB,0x9F,0x9F,0x9F,0xB3,0x8F,0x04,0x00,0xEF,0xFF,0xFF,0x88,0x00,0x00,0x00,0x00,0x00,0x00,0x00,0x00,0x00,0x00,0x00,0x00,0x88,0xFF,0xFF,0xEF,0x00,0x0C,0x9F,0xAF,0x9F,0x9F,0x9F,0xAF,0x9F,0x0C,
    0xAB,0xFF,0xFF,0xFF,0xFF,0xFF,0xFF,0xFF,0x6C,0x00,0xFF,0xFF,0xFF,0x60,0x00,0x00,0x00,0x00,0x00,0x00,0x00,0x00,0x00,0x00,0x00,0x00,0x60,0xFF,0xFF,0xFF,0x00,0x8C,0xFF,0xFF,0xFF,0xFF,0xFF,0xFF,0xFF,0x8C,
    0x9F,0xFF,0xFF,0xFF,0xFF,0xFF,0xFF,0xFF,0x60,0x00,0xFF,0xFF,0xFF,0x60,0x00,0x00,0x00,0x00,0x00,0x00,0x00,0x00,0x00,0x00,0x00,0x00,0x60,0xFF,0xFF,0xFF,0x00,0x80,0xFF,0xFF,0xFF,0xFF,0xFF,0xFF,0xFF,0x80,
    0x0C,0x90,0xBF,0xBF,0xBF,0xBF,0xBB,0x70,0x00,0x00,0xEF,0xFF,0xFF,0x88,0x00,0x00,0x00,0x00,0x00,0x00,0x00,0x00,0x00,0x00,0x00,0x00,0x88,0xFF,0xFF,0xEF,0x00,0x04,0x80,0xBB,0xBF,0xBF,0xBF,0xBF,0x84,0x04,
    0x00,0x00,0x00,0x00,0x00,0x00,0x00,0x00,0x00,0x00,0xB3,0xFF,0xFF,0xD7,0x04,0x00,0x00,0x00,0x00,0x00,0x00,0x00,0x00,0x00,0x00,0x04,0xD7,0xFF,0xFF,0xB3,0x00,0x00,0x00,0x00,0x00,0x00,0x00,0x00,0x00,0x00,
    0x00,0x00,0x00,0x00,0x00,0x00,0x00,0x00,0x00,0x00,0x60,0xFF,0xFF,0xFF,0x60,0x00,0x00,0x00,0x00,0x00,0x00,0x00,0x00,0x00,0x00,0x60,0xFF,0xFF,0xFF,0x60,0x00,0x00,0x00,0x00,0x00,0x00,0x00,0x00,0x00,0x00,
    0x00,0x00,0x00,0x00,0x00,0x00,0x00,0x00,0x00,0x00,0x08,0xE7,0xFF,0xFF,0xE3,0x28,0x00,0x00,0x00,0x00,0x00,0x00,0x00,0x00,0x28,0xE3,0xFF,0xFF,0xE7,0x08,0x00,0x00,0x00,0x00,0x00,0x00,0x00,0x00,0x00,0x00,
    0x00,0x00,0x00,0x00,0x00,0x00,0x00,0x00,0x00,0x00,0x00,0x4C,0xFF,0xFF,0xFF,0xE7,0x60,0x04,0x00,0x00,0x00,0x00,0x04,0x60,0xE7,0xFF,0xFF,0xFF,0x4C,0x00,0x00,0x00,0x00,0x00,0x00,0x00,0x00,0x00,0x00,0x00,
    0x00,0x00,0x00,0x00,0x00,0x00,0x00,0x00,0x00,0x00,0x00,0x00,0x8C,0xFF,0xFF,0xFF,0xFF,0xDF,0x8C,0x60,0x60,0x8C,0xDF,0xFF,0xFF,0xFF,0xFF,0x8C,0x00,0x00,0x00,0x00,0x00,0x00,0x00,0x00,0x00,0x00,0x00,0x00,
    0x00,0x00,0x00,0x00,0x00,0x00,0x00,0x00,0x00,0x18,0x78,0x40,0x00,0x94,0xFF,0xFF,0xFF,0xFF,0xFF,0xFF,0xFF,0xFF,0xFF,0xFF,0xFF,0xFF,0x94,0x00,0x50,0x74,0x0C,0x00,0x00,0x00,0x00,0x00,0x00,0x00,0x00,0x00,
    0x00,0x00,0x00,0x00,0x00,0x00,0x00,0x00,0x0C,0xD3,0xFF,0xFB,0x34,0x00,0x5C,0xE7,0xFF,0xFF,0xFF,0xFF,0xFF,0xFF,0xFF,0xFF,0xE7,0x5C,0x00,0x50,0xFF,0xFF,0xC3,0x0C,0x00,0x00,0x00,0x00,0x00,0x00,0x00,0x00,
    0x00,0x00,0x00,0x00,0x00,0x00,0x00,0x0C,0xC3,0xFF,0xFF,0xFF,0x54,0x00,0x00,0x00,0x58,0xAF,0xDF,0xFB,0xFB,0xDF,0xAF,0x58,0x00,0x00,0x00,0x74,0xFF,0xFF,0xFF,0xC3,0x0C,0x00,0x00,0x00,0x00,0x00,0x00,0x00,
    0x00,0x00,0x00,0x00,0x00,0x00,0x0C,0xC3,0xFF,0xFF,0xFF,0xBF,0x04,0x00,0x00,0x00,0x00,0x00,0x00,0x00,0x00,0x00,0x00,0x00,0x00,0x00,0x00,0x0C,0xC3,0xFF,0xFF,0xFF,0xC3,0x0C,0x00,0x00,0x00,0x00,0x00,0x00,
    0x00,0x00,0x00,0x00,0x00,0x18,0xD3,0xFF,0xFF,0xFF,0xC3,0x0C,0x00,0x00,0x00,0x00,0x00,0x00,0x0C,0x8C,0x80,0x04,0x00,0x00,0x00,0x00,0x00,0x00,0x0C,0xC3,0xFF,0xFF,0xFF,0xC3,0x0C,0x00,0x00,0x00,0x00,0x00,
    0x00,0x00,0x00,0x00,0x00,0x78,0xFF,0xFF,0xFF,0xC3,0x0C,0x00,0x00,0x00,0x00,0x00,0x00,0x00,0x9F,0xFF,0xFF,0x80,0x00,0x00,0x00,0x00,0x00,0x00,0x00,0x0C,0xC3,0xFF,0xFF,0xFF,0x58,0x00,0x00,0x00,0x00,0x00,
    0x00,0x00,0x00,0x00,0x00,0x40,0xFB,0xFF,0xBF,0x0C,0x00,0x00,0x00,0x00,0x00,0x00,0x00,0x00,0xAF,0xFF,0xFF,0xBB,0x00,0x00,0x00,0x00,0x00,0x00,0x00,0x00,0x0C,0xC3,0xFF,0xF3,0x28,0x00,0x00,0x00,0x00,0x00,
    0x00,0x00,0x00,0x00,0x00,0x00,0x34,0x54,0x04,0x00,0x00,0x00,0x00,0x00,0x00,0x00,0x00,0x00,0x9F,0xFF,0xFF,0xBF,0x00,0x00,0x00,0x00,0x00,0x00,0x00,0x00,0x00,0x0C,0x58,0x28,0x00,0x00,0x00,0x00,0x00,0x00,
    0x00,0x00,0x00,0x00,0x00,0x00,0x00,0x00,0x00,0x00,0x00,0x00,0x00,0x00,0x00,0x00,0x00,0x00,0x9F,0xFF,0xFF,0xBF,0x00,0x00,0x00,0x00,0x00,0x00,0x00,0x00,0x00,0x00,0x00,0x00,0x00,0x00,0x00,0x00,0x00,0x00,
    0x00,0x00,0x00,0x00,0x00,0x00,0x00,0x00,0x00,0x00,0x00,0x00,0x00,0x00,0x00,0x00,0x00,0x00,0x9F,0xFF,0xFF,0xBF,0x00,0x00,0x00,0x00,0x00,0x00,0x00,0x00,0x00,0x00,0x00,0x00,0x00,0x00,0x00,0x00,0x00,0x00,
    0x00,0x00,0x00,0x00,0x00,0x00,0x00,0x00,0x00,0x00,0x00,0x00,0x00,0x00,0x00,0x00,0x00,0x00,0xAF,0xFF,0xFF,0xBF,0x00,0x00,0x00,0x00,0x00,0x00,0x00,0x00,0x00,0x00,0x00,0x00,0x00,0x00,0x00,0x00,0x00,0x00,
    0x00,0x00,0x00,0x00,0x00,0x00,0x00,0x00,0x00,0x00,0x00,0x00,0x00,0x00,0x00,0x00,0x00,0x00,0x9F,0xFF,0xFF,0x84,0x00,0x00,0x00,0x00,0x00,0x00,0x00,0x00,0x00,0x00,0x00,0x00,0x00,0x00,0x00,0x00,0x00,0x00,
    0x00,0x00,0x00,0x00,0x00,0x00,0x00,0x00,0x00,0x00,0x00,0x00,0x00,0x00,0x00,0x00,0x00,0x00,0x0C,0x8C,0x80,0x04,0x00,0x00,0x00,0x00,0x00,0x00,0x00,0x00,0x00,0x00,0x00,0x00,0x00,0x00,0x00,0x00,0x00,0x00,
  },
  { // moon
    0x00,0x00,0x00,0x00,0x00,0x00,0x00,0x00,0x00,0x00,0x00,0x00,0x00,0x00,0x00,0x00,0x00,0x00,0x00,0x00,0x00,0x00,0x00,0x00,0x00,0x00,0x00,0x00,0x00,0x00,0x00,0x00,0x00,0x00,0x00,0x00,0x00,0x00,0x00,0x00,
    0x00,0x00,0x00,0x00,0x00,0x00,0x00,0x00,0x00,0x00,0x00,0x00,0x00,0x00,0x00,0x00,0x00,0x00,0x00,0x00,0x00,0x00,0x00,0x00,0x00,0x00,0x00,0x00,0x00,0x00,0x00,0x00,0x00,0x00,0x00,0x00,0x00,0x00,0x00,0x00,
    0x00,0x00,0x00,0x00,0x00,0x00,0x00,0x00,0x00,0x00,0x00,0x00,0x00,0x00,0x00,0x00,0x00,0x00,0x00,0x00,0x00,0x00,0x00,0x00,0x00,0x00,0x00,0x00,0x00,0x00,0x00,0x00,0x00,0x00,0x00,0x00,0x00,0x00,0x00,0x00,
    0x00,0x00,0x00,0x00,0x00,0x00,0x00,0x00,0x00,0x00,0x00,0x00,0x00,0x00,0x0C,0x64,0x9F,0xBF,0xDF,0xFB,0xF7,0xDB,0xBF,0x9F,0x64,0x0C,0x00,0x00,0x00,0x00,0x00,0x00,0x00,0x00,0x00,0x00,0x00,0x00,0x00,0x00,
    0x00,0x00,0x00,0x00,0x00,0x00,0x00,0x00,0x00,0x00,0x00,0x00,0x48,0xA7,0xF7,0xFF,0xFF,0xFF,0xFF,0xFF,0xFF,0xFF,0xFF,0xFF,0xFF,0xF7,0xA3,0x48,0x00,0x00,0x00,0x00,0x00,0x00,0x00,0x00,0x00,0x00,0x00,0x00,
    0x00,0x00,0x00,0x00,0x00,0x00,0x00,0x00,0x00,0x00,0x30,0xC7,0xFF,0xFF,0xFF,0xFF,0xFF,0xFF,0xFF,0xFF,0xFF,0xFF,0xFF,0xFF,0xFF,0xFF,0xFF,0xFF,0xFB,0xB3,0x10,0x00,0x00,0x00,0x00,0x00,0x00,0x00,0x00,0x00,
    0x00,0x00,0x00,0x00,0x00,0x00,0x00,0x00,0x00,0x70,0xF7,0xFF,0xFF,0xFF,0xFF,0xFF,0xBF,0x93,0x78,0x60,0x64,0xD3,0xFF,0xFF,0xFF,0xFF,0xFF,0xFF,0xFF,0xFF,0x74,0x00,0x00,0x00,0x00,0x00,0x00,0x00,0x00,0x00,
    0x00,0x00,0x00,0x00,0x00,0x00,0x00,0x00,0x94,0xFF,0xFF,0xFF,0xFF,0xEF,0x84,0x20,0x00,0x00,0x00,0x1C,0xBF,0xFF,0xFF,0xFF,0xFF,0xFF,0xFF,0xFF,0xFF,0xFF,0x44,0x00,0x00,0x00,0x00,0x00,0x00,0x00,0x00,0x00,
    0x00,0x00,0x00,0x00,0x00,0x00,0x00,0x93,0xFF,0xFF,0xFF,0xFF,0xAF,0x14,0x00,0x00,0x00,0x00,0x54,0xF3,0xFF,0xFF,0xFF,0xFF,0xF3,0xB7,0x8C,0x68,0x60,0x34,0x00,0x00,0x00,0x00,0x00,0x00,0x00,0x00,0x00,0x00,
    0x00,0x00,0x00,0x00,0x00,0x00,0x54,0xFF,0xFF,0xFF,0xF3,0x68,0x00,0x00,0x00,0x00,0x00,0x6C,0xFB,0xFF,0xFF,0xFF,0xE7,0x6C,0x08,0x00,0x00,0x00,0x00,0x00,0x00,0x00,0x00,0x00,0x00,0x00,0x00,0x00,0x00,0x00,
    0x00,0x00,0x00,0x00,0x00,0x40,0xFF,0xFF,0xFB,0xF3,0x3C,0x00,0x00,0x00,0x00,0x00,0x4C,0xFB,0xFF,0xFF,0xFB,0x78,0x08,0x00,0x00,0x00,0x00,0x00,0x00,0x00,0x00,0x00,0x00,0x00,0x00,0x00,0x00,0x00,0x00,0x00,
    0x00,0x00,0x00,0x00,0x00,0xCB,0xFF,0xFF,0xFF,0x4C,0x00,0x00,0x00,0x00,0x00,0x18,0xEB,0xFF,0xFF,0xF3,0x48,0x00,0x00,0x00,0x00,0x00,0x00,0x00,0x00,0x00,0x00,0x00,0x00,0x00,0x00,0x00,0x00,0x00,0x00,0x00,
    0x00,0x00,0x00,0x00,0x50,0xFF,0xFF,0xFF,0x98,0x00,0x00,0x00,0x00,0x00,0x00,0xBB,0xFF,0xFF,0xF7,0x60,0x00,0x00,0x00,0x00,0x00,0x00,0x00,0x00,0x00,0x00,0x00,0x00,0x00,0x00,0x00,0x00,0x00,0x00,0x00,0x00,
    0x00,0x00,0x00,0x00,0xBB,0xFF,0xFF,0xEF,0x10,0x00,0x00,0x00,0x00,0x00,0x30,0xFF,0xFF,0xFF,0x9C,0x00,0x00,0x00,0x00,0x00,0x00,0x00,0x00,0x00,0x00,0x00,0x00,0x00,0x00,0x00,0x00,0x00,0x00,0x00,0x00,0x00,
    0x00,0x00,0x00,0x1C,0xF7,0xFF,0xFF,0x80,0x00,0x00,0x00,0x00,0x00,0x00,0x9F,0xFF,0xFF,0xE7,0x18,0x00,0x00,0x00,0x00,0x00,0x00,0x00,0x00,0x00,0x00,0x00,0x00,0x00,0x00,0x00,0x00,0x00,0x00,0x00,0x00,0x00,
    0x00,0x00,0x00,0x60,0xFF,0xFF,0xFF,0x28,0x00,0x00,0x00,0x00,0x00,0x10,0xF7,0xFF,0xFB,0x7C,0x00,0x00,0x00,0x00,0x00,0x00,0x00,0x00,0x00,0x00,0x00,0x00,0x00,0x00,0x00,0x00,0x00,0x00,0x00,0x00,0x00,0x00,
    0x00,0x00,0x00,0x9F,0xFF,0xFF,0xE7,0x00,0x00,0x00,0x00,0x00,0x00,0x50,0xFF,0xFF,0xFF,0x38,0x00,0x00,0x00,0x00,0x00,0x00,0x00,0x00,0x00,0x00,0x00,0x00,0x00,0x00,0x00,0x00,0x00,0x00,0x00,0x00,0x00,0x00,
    0x00,0x00,0x00,0xD3,0xFF,0xFF,0xA7,0x00,0x00,0x00,0x00,0x00,0x00,0x88,0xFF,0xFB,0xE7,0x00,0x00,0x00,0x00,0x00,0x00,0x00,0x00,0x00,0x00,0x00,0x00,0x00,0x00,0x00,0x00,0x00,0x00,0x00,0x00,0x00,0x00,0x00,
    0x00,0x00,0x00,0xF7,0xFF,0xFF,0x70,0x00,0x00,0x00,0x00,0x00,0x00,0xAF,0xFF,0xFF,0xC3,0x00,0x00,0x00,0x00,0x00,0x00,0x00,0x00,0x00,0x00,0x00,0x00,0x00,0x00,0x00,0x00,0x00,0x00,0x00,0x00,0x00,0x00,0x00,
    0x00,0x00,0x00,0xFF,0xFF,0xFF,0x60,0x00,0x00,0x00,0x00,0x00,0x00,0xBF,0xFF,0xFF,0x9F,0x00,0x00,0x00,0x00,0x00,0x00,0x00,0x00,0x00,0x00,0x00,0x00,0x00,0x00,0x00,0x00,0x00,0x00,0x00,0x00,0x00,0x00,0x00,
    0x00,0x00,0x00,0xFF,0xFF,0xFF,0x60,0x00,0x00,0x00,0x00,0x00,0x00,0xBF,0xFF,0xFF,0x9F,0x00,0x00,0x00,0x00,0x00,0x00,0x00,0x00,0x00,0x00,0x00,0x00,0x00,0x00,0x00,0x00,0x00,0x00,0x00,0x00,0x00,0x00,0x00,
    0x00,0x00,0x00,0xF7,0xFF,0xFF,0x70,0x00,0x00,0x00,0x00,0x00,0x00,0xAF,0xFF,0xFF,0xC3,0x00,0x00,0x00,0x00,0x00,0x00,0x00,0x00,0x00,0x00,0x00,0x00,0x00,0x00,0x00,0x00,0x00,0x00,0x00,0x00,0x00,0x00,0x00,
    0x00,0x00,0x00,0xD3,0xFF,0xFF,0xA7,0x00,0x00,0x00,0x00,0x00,0x00,0x88,0xFF,0xFB,0xE7,0x00,0x00,0x00,0x00,0x00,0x00,0x00,0x00,0x00,0x00,0x00,0x00,0x00,0x00,0x00,0x00,0x00,0x00,0x00,0x00,0x00,0x00,0x00,
    0x00,0x00,0x00,0x9F,0xFF,0xFF,0xE7,0x00,0x00,0x00,0x00,0x00,0x00,0x50,0xFF,0xFF,0xFF,0x38,0x00,0x00,0x00,0x00,0x00,0x00,0x00,0x00,0x00,0x00,0x00,0x00,0x00,0x00,0x00,0x00,0x00,0x00,0x00,0x00,0x00,0x00,
    0x00,0x00,0x00,0x60,0xFF,0xFF,0xFF,0x28,0x00,0x00,0x00,0x00,0x00,0x10,0xF7,0xFF,0xFB,0x7C,0x00,0x00,0x00,0x00,0x00,0x00,0x00,0x00,0x00,0x00,0x00,0x00,0x00,0x00,0x00,0x00,0x00,0x00,0x00,0x00,0x00,0x00,
    0x00,0x00,0x00,0x1C,0xF7,0xFF,0xFF,0x80,0x00,0x00,0x00,0x00,0x00,0x00,0x9F,0xFF,0xFF,0xE7,0x18,0x00,0x00,0x00,0x00,0x00,0x00,0x00,0x00,0x00,0x00,0x00,0x00,0x00,0x00,0x00,0x00,0x00,0x00,0x00,0x00,0x00,
    0x00,0x00,0x00,0x00,0xBB,0xFF,0xFF,0xEF,0x10,0x00,0x00,0x00,0x00,0x00,0x30,0xFF,0xFF,0xFF,0x9C,0x00,0x00,0x00,0x00,0x00,0x00,0x00,0x00,0x00,0x00,0x00,0x00,0x00,0x00,0x00,0x00,0x00,0x00,0x00,0x00,0x00,
    0x00,0x00,0x00,0x00,0x50,0xFF,0xFF,0xFF,0x98,0x00,0x00,0x00,0x00,0x00,0x00,0xBB,0xFF,0xFF,0xF7,0x60,0x00,0x00,0x00,0x00,0x00,0x00,0x00,0x00,0x00,0x00,0x00,0x00,0x00,0x00,0x00,0x00,0x00,0x00,0x00,0x00,
    0x00,0x00,0x00,0x00,0x00,0xCB,0xFF,0xFF,0xFF,0x4C,0x00,0x00,0x00,0x00,0x00,0x18,0xEB,0xFF,0xFF,0xF3,0x48,0x00,0x00,0x00,0x00,0x00,0x00,0x00,0x00,0x00,0x00,0x00,0x00,0x00,0x00,0x00,0x00,0x00,0x00,0x00,
    0x00,0x00,0x00,0x00,0x00,0x40,0xFF,0xFF,0xFB,0xF3,0x3C,0x00,0x00,0x00,0x00,0x00,0x4C,0xFB,0xFF,0xFF,0xFB,0x78,0x08,0x00,0x00,0x00,0x00,0x00,0x00,0x00,0x00,0x00,0x00,0x00,0x00,0x00,0x00,0x00,0x00,0x00,
    0x00,0x00,0x00,0x00,0x00,0x00,0x54,0xFF,0xFF,0xFF,0xF3,0x68,0x00,0x00,0x00,0x00,0x00,0x6C,0xFB,0xFF,0xFF,0xFF,0xE7,0x6C,0x08,0x00,0x00,0x00,0x00,0x00,0x00,0x00,0x00,0x00,0x00,0x00,0x00,0x00,0x00,0x00,
    0x00,0x00,0x00,0x00,0x00,0x00,0x00,0x93,0xFF,0xFF,0xFF,0xFF,0xAF,0x14,0x00,0x00,0x00,0x00,0x54,0xF3,0xFF,0xFF,0xFF,0xFF,0xF3,0xB7,0x8C,0x68,0x60,0x34,0x00,0x00,0x00,0x00,0x00,0x00,0x00,0x00,0x00,0x00,
    0x00,0x00,0x00,0x00,0x00,0x00,0x00,0x00,0x94,0xFF,0xFF,0xFF,0xFF,0xEF,0x84,0x20,0x00,0x00,0x00,0x1C,0xBF,0xFF,0xFF,0xFF,0xFF,0xFF,0xFF,0xFF,0xFF,0xFF,0x44,0x00,0x00,0x00,0x00,0x00,0x00,0x00,0x00,0x00,
    0x00,0x00,0x00,0x00,0x00,0x00,0x00,0x00,0x00,0x70,0xF7,0xFF,0xFF,0xFF,0xFF,0xFF,0xBF,0x93,0x78,0x60,0x64,0xD3,0xFF,0xFF,0xFF,0xFF,0xFF,0xFF,0xFF,0xFF,0x74,0x00,0x00,0x00,0x00,0x00,0x00,0x00,0x00,0x00,
    0x00,0x00,0x00,0x00,0x00,0x00,0x00,0x00,0x00,0x00,0x30,0xC7,0xFF,0xFF,0xFF,0xFF,0xFF,0xFF,0xFF,0xFF,0xFF,0xFF,0xFF,0xFF,0xFF,0xFF,0xFF,0xFF,0xFB,0xB3,0x10,0x00,0x00,0x00,0x00,0x00,0x00,0x00,0x00,0x00,
    0x00,0x00,0x00,0x00,0x00,0x00,0x00,0x00,0x00,0x00,0x00,0x00,0x48,0xA7,0xF7,0xFF,0xFF,0xFF,0xFF,0xFF,0xFF,0xFF,0xFF,0xFF,0xFF,0xF7,0xA3,0x48,0x00,0x00,0x00,0x00,0x00,0x00,0x00,0x00,0x00,0x00,0x00,0x00,
    0x00,0x00,0x00,0x00,0x00,0x00,0x00,0x00,0x00,0x00,0x00,0x00,0x00,0x00,0x0C,0x64,0x9F,0xBF,0xDF,0xFB,0xF7,0xDB,0xBF,0x9F,0x64,0x0C,0x00,0x00,0x00,0x00,0x00,0x00,0x00,0x00,0x00,0x00,0x00,0x00,0x00,0x00,
    0x00,0x00,0x00,0x00,0x00,0x00,0x00,0x00,0x00,0x00,0x00,0x00,0x00,0x00,0x00,0x00,0x00,0x00,0x00,0x00,0x00,0x00,0x00,0x00,0x00,0x00,0x00,0x00,0x00,0x00,0x00,0x00,0x00,0x00,0x00,0x00,0x00,0x00,0x00,0x00,
    0x00,0x00,0x00,0x00,0x00,0x00,0x00,0x00,0x00,0x00,0x00,0x00,0x00,0x00,0x00,0x00,0x00,0x00,0x00,0x00,0x00,0x00,0x00,0x00,0x00,0x00,0x00,0x00,0x00,0x00,0x00,0x00,0x00,0x00,0x00,0x00,0x00,0x00,0x00,0x00,
    0x00,0x00,0x00,0x00,0x00,0x00,0x00,0x00,0x00,0x00,0x00,0x00,0x00,0x00,0x00,0x00,0x00,0x00,0x00,0x00,0x00,0x00,0x00,0x00,0x00,0x00,0x00,0x00,0x00,0x00,0x00,0x00,0x00,0x00,0x00,0x00,0x00,0x00,0x00,0x00,
  },
  { // coffee
    0x00,0x00,0x00,0x00,0x00,0x00,0x00,0x00,0x00,0x00,0x00,0x00,0x00,0x00,0x00,0x00,0x00,0x00,0x00,0x00,0x00,0x00,0x00,0x00,0x00,0x00,0x00,0x00,0x00,0x00,0x00,0x00,0x00,0x00,0x00,0x00,0x00,0x00,0x00,0x00,
    0x00,0x00,0x00,0x00,0x00,0x00,0x00,0x00,0x00,0x00,0x00,0x00,0x00,0x00,0x00,0x00,0x00,0x00,0x00,0x00,0x00,0x00,0x00,0x00,0x00,0x00,0x00,0x00,0x00,0x00,0x00,0x00,0x00,0x00,0x00,0x00,0x00,0x00,0x00,0x00,
    0x00,0x00,0x00,0x00,0x00,0x00,0x00,0x00,0x00,0x00,0x00,0x00,0x00,0x00,0x00,0x00,0x00,0x00,0x00,0x00,0x00,0x00,0x00,0x00,0x00,0x00,0x00,0x00,0x00,0x00,0x00,0x00,0x00,0x00,0x00,0x00,0x00,0x00,0x00,0x00,
    0x00,0x00,0x00,0x00,0x00,0x00,0x00,0x00,0x00,0x00,0x00,0x24,0x24,0x00,0x00,0x00,0x00,0x00,0x04,0x38,0x0C,0x00,0x00,0x00,0x00,0x00,0x00,0x00,0x00,0x00,0x00,0x00,0x00,0x00,0x00,0x00,0x00,0x00,0x00,0x00,
    0x00,0x00,0x00,0x00,0x00,0x00,0x00,0x00,0x00,0x00,0x40,0xFB,0xFB,0x40,0x00,0x00,0x00,0x00,0x9B,0xFF,0xD7,0x04,0x00,0x00,0x00,0x00,0x00,0x00,0x00,0x00,0x00,0x00,0x00,0x00,0x00,0x00,0x00,0x00,0x00,0x00,
    0x00,0x00,0x00,0x00,0x00,0x00,0x00,0x00,0x00,0x00,0x80,0xFF,0xFF,0x80,0x00,0x00,0x00,0x00,0xDF,0xFF,0xFF,0x20,0x00,0x00,0x00,0x00,0x00,0x00,0x00,0x00,0x00,0x00,0x00,0x00,0x00,0x00,0x00,0x00,0x00,0x00,
    0x00,0x00,0x00,0x00,0x00,0x00,0x00,0x00,0x00,0x00,0x80,0xFF,0xFF,0x80,0x00,0x00,0x00,0x00,0xDF,0xFF,0xFF,0x20,0x00,0x00,0x00,0x00,0x00,0x00,0x00,0x00,0x00,0x00,0x00,0x00,0x00,0x00,0x00,0x00,0x00,0x00,
    0x00,0x00,0x00,0x00,0x00,0x00,0x00,0x00,0x00,0x00,0x80,0xFF,0xFF,0x80,0x00,0x00,0x00,0x00,0xDF,0xFF,0xFF,0x20,0x00,0x00,0x00,0x00,0x00,0x00,0x00,0x00,0x00,0x00,0x00,0x00,0x00,0x00,0x00,0x00,0x00,0x00,
    0x00,0x00,0x00,0x00,0x00,0x00,0x00,0x00,0x00,0x00,0x80,0xFF,0xFF,0x80,0x00,0x00,0x00,0x00,0xDF,0xFF,0xFF,0x20,0x00,0x00,0x00,0x00,0x00,0x00,0x00,0x00,0x00,0x00,0x00,0x00,0x00,0x00,0x00,0x00,0x00,0x00,
    0x00,0x00,0x00,0x00,0x00,0x00,0x00,0x00,0x00,0x00,0x80,0xFF,0xFF,0x80,0x00,0x00,0x00,0x00,0xDF,0xFF,0xFF,0x20,0x00,0x00,0x00,0x00,0x00,0x00,0x00,0x00,0x00,0x00,0x00,0x00,0x00,0x00,0x00,0x00,0x00,0x00,
    0x00,0x00,0x00,0x00,0x00,0x00,0x00,0x00,0x00,0x00,0x80,0xFF,0xFF,0x80,0x00,0x00,0x00,0x00,0xDF,0xFF,0xFF,0x20,0x00,0x00,0x00,0x00,0x00,0x00,0x00,0x00,0x00,0x00,0x00,0x00,0x00,0x00,0x00,0x00,0x00,0x00,
    0x00,0x00,0x00,0x00,0x00,0x00,0x00,0x00,0x00,0x00,0x74,0xFF,0xFF,0x74,0x00,0x00,0x00,0x00,0xD3,0xFF,0xFF,0x14,0x00,0x00,0x00,0x00,0x00,0x00,0x00,0x00,0x00,0x00,0x00,0x00,0x00,0x00,0x00,0x00,0x00,0x00,
    0x00,0x00,0x00,0x00,0x00,0x00,0x00,0x00,0x00,0x00,0x0C,0x9F,0x9F,0x0C,0x00,0x00,0x00,0x00,0x3C,0xB7,0x64,0x00,0x00,0x00,0x00,0x00,0x00,0x00,0x00,0x00,0x00,0x00,0x00,0x00,0x00,0x00,0x00,0x00,0x00,0x00,
    0x00,0x00,0x00,0x00,0x00,0x00,0x00,0x00,0x00,0x00,0x00,0x00,0x00,0x00,0x00,0x00,0x00,0x00,0x00,0x00,0x00,0x00,0x00,0x00,0x00,0x00,0x00,0x00,0x00,0x00,0x00,0x00,0x00,0x00,0x00,0x00,0x00,0x00,0x00,0x00,
    0x00,0x00,0x00,0x00,0x00,0x20,0x88,0x9F,0x9F,0x9F,0x9F,0x9F,0x9F,0x9F,0x9F,0x9F,0x9F,0x9F,0x9F,0x9F,0x9F,0x9F,0x9F,0x9F,0x9F,0x68,0x08,0x00,0x00,0x00,0x00,0x00,0x00,0x00,0x00,0x00,0x00,0x00,0x00,0x00,
    0x00,0x00,0x00,0x00,0x40,0xF7,0xFF,0xFF,0xFF,0xFF,0xFF,0xFF,0xFF,0xFF,0xFF,0xFF,0xFF,0xFF,0xFF,0xFF,0xFF,0xFF,0xFF,0xFF,0xFF,0xFF,0xCF,0x08,0x00,0x00,0x00,0x00,0x00,0x00,0x00,0x00,0x00,0x00,0x00,0x00,
    0x00,0x00,0x00,0x00,0xCB,0xFF,0xFF,0xFF,0xFF,0xFF,0xFF,0xFF,0xFF,0xFF,0xFF,0xFF,0xFF,0xFF,0xFF,0xFF,0xFF,0xFF,0xFF,0xFF,0xFF,0xFF,0xFF,0x88,0x00,0x00,0x00,0x00,0x00,0x00,0x00,0x00,0x00,0x00,0x00,0x00,
    0x00,0x00,0x00,0x0C,0xFF,0xFF,0xFF,0xD3,0xBF,0xBF,0xBF,0xBF,0xBF,0xBF,0xBF,0xBF,0xBF,0xBF,0xBF,0xBF,0xBF,0xBF,0xBF,0xBF,0xEB,0xFF,0xFF,0xFF,0xE7,0x8C,0x04,0x00,0x00,0x00,0x00,0x00,0x00,0x00,0x00,0x00,
    0x00,0x00,0x00,0x14,0xFF,0xFF,0xFF,0x70,0x00,0x00,0x00,0x00,0x00,0x00,0x00,0x00,0x00,0x00,0x00,0x00,0x00,0x00,0x00,0x00,0xBF,0xFF,0xFF,0xFF,0xFF,0xFF,0xD3,0x18,0x00,0x00,0x00,0x00,0x00,0x00,0x00,0x00,
    0x00,0x00,0x00,0x00,0xDB,0xFF,0xFF,0x93,0x00,0x00,0x00,0x00,0x00,0x00,0x00,0x00,0x00,0x00,0x00,0x00,0x00,0x00,0x00,0x00,0xD3,0xFF,0xFF,0xFF,0xFF,0xFF,0xFF,0xBF,0x04,0x00,0x00,0x00,0x00,0x00,0x00,0x00,
    0x00,0x00,0x00,0x00,0xBB,0xFF,0xFF,0xB3,0x00,0x00,0x00,0x00,0x00,0x00,0x00,0x00,0x00,0x00,0x00,0x00,0x00,0x00,0x00,0x00,0xFB,0xFF,0xFF,0xA4,0xB7,0xFF,0xFF,0xFF,0x58,0x00,0x00,0x00,0x00,0x00,0x00,0x00,
    0x00,0x00,0x00,0x00,0x97,0xFF,0xFF,0xD7,0x00,0x00,0x00,0x00,0x00,0x00,0x00,0x00,0x00,0x00,0x00,0x00,0x00,0x00,0x00,0x24,0xFF,0xFF,0xFF,0x50,0x08,0xE7,0xFF,0xFF,0xB7,0x00,0x00,0x00,0x00,0x00,0x00,0x00,
    0x00,0x00,0x00,0x00,0x74,0xFF,0xFF,0xFB,0x00,0x00,0x00,0x00,0x00,0x00,0x00,0x00,0x00,0x00,0x00,0x00,0x00,0x00,0x00,0x4C,0xFF,0xFF,0xFF,0x2C,0x00,0x90,0xFF,0xFF,0xCF,0x00,0x00,0x00,0x00,0x00,0x00,0x00,
    0x00,0x00,0x00,0x00,0x50,0xFF,0xFF,0xFF,0x20,0x00,0x00,0x00,0x00,0x00,0x00,0x00,0x00,0x00,0x00,0x00,0x00,0x00,0x00,0x70,0xFF,0xFF,0xFF,0x04,0x00,0xAF,0xFF,0xFF,0xC3,0x00,0x00,0x00,0x00,0x00,0x00,0x00,
    0x00,0x00,0x00,0x00,0x2C,0xFF,0xFF,0xFF,0x44,0x00,0x00,0x00,0x00,0x00,0x00,0x00,0x00,0x00,0x00,0x00,0x00,0x00,0x00,0x93,0xFF,0xFF,0xDB,0x00,0x20,0xF7,0xFF,0xFF,0x93,0x00,0x00,0x00,0x00,0x00,0x00,0x00,
    0x00,0x00,0x00,0x00,0x0C,0xFF,0xFF,0xFF,0x68,0x00,0x00,0x00,0x00,0x00,0x00,0x00,0x00,0x00,0x00,0x00,0x00,0x00,0x00,0xB7,0xFF,0xFF,0xC7,0x6C,0xE7,0xFF,0xFF,0xFB,0x34,0x00,0x00,0x00,0x00,0x00,0x00,0x00,
    0x00,0x00,0x00,0x00,0x00,0xE7,0xFF,0xFF,0x8C,0x00,0x00,0x00,0x00,0x00,0x00,0x00,0x00,0x00,0x00,0x00,0x00,0x00,0x00,0xE3,0xFF,0xFF,0xFF,0xFF,0xFF,0xFF,0xFF,0x88,0x00,0x00,0x00,0x00,0x00,0x00,0x00,0x00,
    0x00,0x00,0x00,0x00,0x00,0xC3,0xFF,0xFF,0xAF,0x00,0x00,0x00,0x00,0x00,0x00,0x00,0x00,0x00,0x00,0x00,0x00,0x00,0x08,0xFF,0xFF,0xFF,0xFF,0xFF,0xFF,0xFF,0x94,0x04,0x00,0x00,0x00,0x00,0x00,0x00,0x00,0x00,
    0x00,0x00,0x00,0x00,0x00,0x9F,0xFF,0xFF,0xCF,0x00,0x00,0x00,0x00,0x00,0x00,0x00,0x00,0x00,0x00,0x00,0x00,0x00,0x30,0xFF,0xFF,0xFF,0xFF,0xF7,0xB7,0x44,0x00,0x00,0x00,0x00,0x00,0x00,0x00,0x00,0x00,0x00,
    0x00,0x00,0x00,0x00,0x00,0x7C,0xFF,0xFF,0xEF,0x00,0x00,0x00,0x00,0x00,0x00,0x00,0x00,0x00,0x00,0x00,0x00,0x00,0x4C,0xFF,0xFF,0xFF,0x58,0x10,0x00,0x00,0x00,0x00,0x00,0x00,0x00,0x00,0x00,0x00,0x00,0x00,
    0x00,0x00,0x00,0x00,0x00,0x44,0xFF,0xFF,0xFF,0x70,0x60,0x60,0x60,0x60,0x60,0x60,0x60,0x60,0x60,0x60,0x60,0x60,0xA8,0xFF,0xFF,0xE7,0x00,0x00,0x00,0x00,0x00,0x00,0x00,0x00,0x00,0x00,0x00,0x00,0x00,0x00,
    0x00,0x00,0x00,0x00,0x00,0x04,0xE7,0xFF,0xFF,0xFF,0xFF,0xFF,0xFF,0xFF,0xFF,0xFF,0xFF,0xFF,0xFF,0xFF,0xFF,0xFF,0xFF,0xFF,0xFF,0x9F,0x00,0x00,0x00,0x00,0x00,0x00,0x00,0x00,0x00,0x00,0x00,0x00,0x00,0x00,
    0x00,0x00,0x00,0x00,0x00,0x00,0x58,0xFF,0xFF,0xFF,0xFF,0xFF,0xFF,0xFF,0xFF,0xFF,0xFF,0xFF,0xFF,0xFF,0xFF,0xFF,0xFF,0xFF,0xEB,0x14,0x00,0x00,0x00,0x00,0x00,0x00,0x00,0x00,0x00,0x00,0x00,0x00,0x00,0x00,
    0x00,0x00,0x00,0x00,0x00,0x00,0x00,0x3C,0xB7,0xF7,0xFF,0xFF,0xFF,0xFF,0xFF,0xFF,0xFF,0xFF,0xFF,0xFF,0xFF,0xFF,0xE7,0x94,0x1C,0x00,0x00,0x00,0x00,0x00,0x00,0x00,0x00,0x00,0x00,0x00,0x00,0x00,0x00,0x00,
    0x00,0x00,0x4C,0x60,0x60,0x60,0x60,0x60,0x60,0x60,0x60,0x60,0x60,0x60,0x60,0x60,0x60,0x60,0x60,0x60,0x60,0x60,0x60,0x60,0x60,0x60,0x60,0x60,0x60,0x60,0x60,0x40,0x00,0x00,0x00,0x00,0x00,0x00,0x00,0x00,
    0x00,0x7C,0xFF,0xFF,0xFF,0xFF,0xFF,0xFF,0xFF,0xFF,0xFF,0xFF,0xFF,0xFF,0xFF,0xFF,0xFF,0xFF,0xFF,0xFF,0xFF,0xFF,0xFF,0xFF,0xFF,0xFF,0xFF,0xFF,0xFF,0xFF,0xFF,0xFF,0x5C,0x00,0x00,0x00,0x00,0x00,0x00,0x00,
    0x00,0xB7,0xFF,0xFF,0xFF,0xFF,0xFF,0xFF,0xFF,0xFF,0xFF,0xFF,0xFF,0xFF,0xFF,0xFF,0xFF,0xFF,0xFF,0xFF,0xFF,0xFF,0xFF,0xFF,0xFF,0xFF,0xFF,0xFF,0xFF,0xFF,0xFF,0xFF,0x97,0x00,0x00,0x00,0x00,0x00,0x00,0x00,
    0x00,0x3C,0xEB,0xFF,0xFF,0xFF,0xFF,0xFF,0xFF,0xFF,0xFF,0xFF,0xFF,0xFF,0xFF,0xFF,0xFF,0xFF,0xFF,0xFF,0xFF,0xFF,0xFF,0xFF,0xFF,0xFF,0xFF,0xFF,0xFF,0xFF,0xFF,0xDF,0x28,0x00,0x00,0x00,0x00,0x00,0x00,0x00,
    0x00,0x00,0x00,0x00,0x00,0x00,0x00,0x00,0x00,0x00,0x00,0x00,0x00,0x00,0x00,0x00,0x00,0x00,0x00,0x00,0x00,0x00,0x00,0x00,0x00,0x00,0x00,0x00,0x00,0x00,0x00,0x00,0x00,0x00,0x00,0x00,0x00,0x00,0x00,0x00,
    0x00,0x00,0x00,0x00,0x00,0x00,0x00,0x00,0x00,0x00,0x00,0x00,0x00,0x00,0x00,0x00,0x00,0x00,0x00,0x00,0x00,0x00,0x00,0x00,0x00,0x00,0x00,0x00,0x00,0x00,0x00,0x00,0x00,0x00,0x00,0x00,0x00,0x00,0x00,0x00,
  },
  { // folder
    0x00,0x00,0x00,0x00,0x00,0x00,0x00,0x00,0x00,0x00,0x00,0x00,0x00,0x00,0x00,0x00,0x00,0x00,0x00,0x00,0x00,0x00,0x00,0x00,0x00,0x00,0x00,0x00,0x00,0x00,0x00,0x00,0x00,0x00,0x00,0x00,0x00,0x00,0x00,0x00,
    0x00,0x00,0x00,0x00,0x00,0x00,0x00,0x00,0x00,0x00,0x00,0x00,0x00,0x00,0x00,0x00,0x00,0x00,0x00,0x00,0x00,0x00,0x00,0x00,0x00,0x00,0x00,0x00,0x00,0x00,0x00,0x00,0x00,0x00,0x00,0x00,0x00,0x00,0x00,0x00,
    0x00,0x00,0x00,0x00,0x00,0x00,0x00,0x00,0x00,0x00,0x00,0x00,0x00,0x00,0x00,0x00,0x00,0x00,0x00,0x00,0x00,0x00,0x00,0x00,0x00,0x00,0x00,0x00,0x00,0x00,0x00,0x00,0x00,0x00,0x00,0x00,0x00,0x00,0x00,0x00,
    0x00,0x00,0x00,0x00,0x00,0x00,0x00,0x00,0x00,0x00,0x00,0x00,0x00,0x00,0x00,0x00,0x00,0x00,0x00,0x00,0x00,0x00,0x00,0x00,0x00,0x00,0x00,0x00,0x00,0x00,0x00,0x00,0x00,0x00,0x00,0x00,0x00,0x00,0x00,0x00,
    0x00,0x00,0x00,0x00,0x00,0x00,0x00,0x00,0x00,0x00,0x00,0x00,0x00,0x00,0x00,0x00,0x00,0x00,0x00,0x00,0x00,0x00,0x00,0x00,0x00,0x00,0x00,0x00,0x00,0x00,0x00,0x00,0x00,0x00,0x00,0x00,0x00,0x00,0x00,0x00,
    0x00,0x00,0x00,0x00,0x00,0x00,0x00,0x00,0x00,0x00,0x00,0x00,0x00,0x00,0x00,0x00,0x00,0x00,0x00,0x00,0x00,0x00,0x00,0x00,0x00,0x00,0x00,0x00,0x00,0x00,0x00,0x00,0x00,0x00,0x00,0x00,0x00,0x00,0x00,0x00,
    0x00,0x00,0x00,0x00,0x00,0x00,0x00,0x00,0x00,0x00,0x00,0x00,0x00,0x00,0x00,0x00,0x00,0x00,0x00,0x00,0x00,0x00,0x00,0x00,0x00,0x00,0x00,0x00,0x00,0x00,0x00,0x00,0x00,0x00,0x00,0x00,0x00,0x00,0x00,0x00,
    0x00,0x00,0x00,0x08,0x64,0x97,0x9F,0x9F,0x9F,0x9F,0x9F,0x9F,0x9F,0x78,0x2C,0x00,0x00,0x00,0x00,0x00,0x00,0x00,0x00,0x00,0x00,0x00,0x00,0x00,0x00,0x00,0x00,0x00,0x00,0x00,0x00,0x00,0x00,0x00,0x00,0x00,
    0x00,0x00,0x20,0xD3,0xFF,0xFF,0xFF,0xFF,0xFF,0xFF,0xFF,0xFF,0xFF,0xFF,0xFF,0xB3,0x18,0x00,0x00,0x00,0x00,0x00,0x00,0x00,0x00,0x00,0x00,0x00,0x00,0x00,0x00,0x00,0x00,0x00,0x00,0x00,0x00,0x00,0x00,0x00,
    0x00,0x00,0xBF,0xFF,0xFF,0xFB,0xFF,0xFF,0xFF,0xFF,0xFF,0xFF,0xFF,0xF7,0xFF,0xFF,0xE7,0x28,0x00,0x00,0x00,0x00,0x00,0x00,0x00,0x00,0x00,0x00,0x00,0x00,0x00,0x00,0x00,0x00,0x00,0x00,0x00,0x00,0x00,0x00,
    0x00,0x24,0xFB,0xFF,0xFB,0xD3,0xBF,0xBF,0xBF,0xBF,0xBF,0xBF,0xBF,0xDF,0xD7,0xFF,0xFF,0xDF,0x18,0x00,0x00,0x00,0x00,0x00,0x00,0x00,0x00,0x00,0x00,0x00,0x00,0x00,0x00,0x00,0x00,0x00,0x00,0x00,0x00,0x00,
    0x00,0x58,0xFF,0xFF,0xFF,0x0C,0x00,0x00,0x00,0x00,0x00,0x00,0x00,0x14,0x6C,0xFF,0xFF,0xE7,0xC7,0x34,0x00,0x00,0x00,0x00,0x00,0x00,0x00,0x00,0x00,0x00,0x00,0x00,0x00,0x00,0x00,0x00,0x00,0x00,0x00,0x00,
    0x00,0x60,0xFF,0xFF,0xFF,0x00,0x00,0x00,0x00,0x00,0x00,0x00,0x00,0x00,0x00,0xA7,0xFF,0xFF,0xDB,0xF7,0xD3,0x9B,0x9F,0x9F,0x9F,0x9F,0x9F,0x9F,0x9F,0x9F,0x9F,0x9F,0x9F,0x9F,0x97,0x64,0x08,0x00,0x00,0x00,
    0x00,0x60,0xFF,0xFF,0xFF,0x00,0x00,0x00,0x00,0x00,0x00,0x00,0x00,0x00,0x00,0x08,0xAF,0xFF,0xFF,0xF7,0xFF,0xEB,0xFF,0xFF,0xFF,0xFF,0xFF,0xFF,0xFF,0xFF,0xFF,0xFF,0xFF,0xFF,0xFF,0xFF,0xD3,0x20,0x00,0x00,
    0x00,0x60,0xFF,0xFF,0xFF,0x00,0x00,0x00,0x00,0x00,0x00,0x00,0x00,0x00,0x00,0x00,0x04,0x7C,0xFB,0xFF,0xFF,0xFF,0xFF,0xFF,0xFF,0xFF,0xFF,0xFF,0xFF,0xFF,0xFF,0xFF,0xFF,0xFF,0xFB,0xFF,0xFF,0xBF,0x00,0x00,
    0x00,0x60,0xFF,0xFF,0xFF,0x00,0x00,0x00,0x00,0x00,0x00,0x00,0x00,0x00,0x00,0x00,0x00,0x00,0x1C,0x60,0x97,0xAB,0xBF,0xBF,0xBF,0xBF,0xBF,0xBF,0xBF,0xBF,0xBF,0xBF,0xBF,0xBF,0xD3,0xFB,0xFF,0xFB,0x24,0x00,
    0x00,0x60,0xFF,0xFF,0xFF,0x00,0x00,0x00,0x00,0x00,0x00,0x00,0x00,0x00,0x00,0x00,0x00,0x00,0x00,0x00,0x00,0x00,0x00,0x00,0x00,0x00,0x00,0x00,0x00,0x00,0x00,0x00,0x00,0x00,0x0C,0xFF,0xFF,0xFF,0x58,0x00,
    0x00,0x60,0xFF,0xFF,0xFF,0x00,0x00,0x00,0x00,0x00,0x00,0x00,0x00,0x00,0x00,0x00,0x00,0x00,0x00,0x00,0x00,0x00,0x00,0x00,0x00,0x00,0x00,0x00,0x00,0x00,0x00,0x00,0x00,0x00,0x00,0xFF,0xFF,0xFF,0x60,0x00,
    0x00,0x60,0xFF,0xFF,0xFF,0x00,0x00,0x00,0x00,0x00,0x00,0x00,0x00,0x00,0x00,0x00,0x00,0x00,0x00,0x00,0x00,0x00,0x00,0x00,0x00,0x00,0x00,0x00,0x00,0x00,0x00,0x00,0x00,0x00,0x00,0xFF,0xFF,0xFF,0x60,0x00,
    0x00,0x60,0xFF,0xFF,0xFF,0x00,0x00,0x00,0x00,0x00,0x00,0x00,0x00,0x00,0x00,0x00,0x00,0x00,0x00,0x00,0x00,0x00,0x00,0x00,0x00,0x00,0x00,0x00,0x00,0x00,0x00,0x00,0x00,0x00,0x00,0xFF,0xFF,0xFF,0x60,0x00,
    0x00,0x60,0xFF,0xFF,0xFF,0x00,0x00,0x00,0x00,0x00,0x00,0x00,0x00,0x00,0x00,0x00,0x00,0x00,0x00,0x00,0x00,0x00,0x00,0x00,0x00,0x00,0x00,0x00,0x00,0x00,0x00,0x00,0x00,0x00,0x00,0xFF,0xFF,0xFF,0x60,0x00,
    0x00,0x60,0xFF,0xFF,0xFF,0x00,0x00,0x00,0x00,0x00,0x00,0x00,0x00,0x00,0x00,0x00,0x00,0x00,0x00,0x00,0x00,0x00,0x00,0x00,0x00,0x00,0x00,0x00,0x00,0x00,0x00,0x00,0x00,0x00,0x00,0xFF,0xFF,0xFF,0x60,0x00,
    0x00,0x60,0xFF,0xFF,0xFF,0x00,0x00,0x00,0x00,0x00,0x00,0x00,0x00,0x00,0x00,0x00,0x00,0x00,0x00,0x00,0x00,0x00,0x00,0x00,0x00,0x00,0x00,0x00,0x00,0x00,0x00,0x00,0x00,0x00,0x00,0xFF,0xFF,0xFF,0x60,0x00,
    0x00,0x60,0xFF,0xFF,0xFF,0x00,0x00,0x00,0x00,0x00,0x00,0x00,0x00,0x00,0x00,0x00,0x00,0x00,0x00,0x00,0x00,0x00,0x00,0x00,0x00,0x00,0x00,0x00,0x00,0x00,0x00,0x00,0x00,0x00,0x00,0xFF,0xFF,0xFF,0x60,0x00,
    0x00,0x60,0xFF,0xFF,0xFF,0x00,0x00,0x00,0x00,0x00,0x00,0x00,0x00,0x00,0x00,0x00,0x00,0x00,0x00,0x00,0x00,0x00,0x00,0x00,0x00,0x00,0x00,0x00,0x00,0x00,0x00,0x00,0x00,0x00,0x00,0xFF,0xFF,0xFF,0x60,0x00,
    0x00,0x60,0xFF,0xFF,0xFF,0x00,0x00,0x00,0x00,0x00,0x00,0x00,0x00,0x00,0x00,0x00,0x00,0x00,0x00,0x00,0x00,0x00,0x00,0x00,0x00,0x00,0x00,0x00,0x00,0x00,0x00,0x00,0x00,0x00,0x00,0xFF,0xFF,0xFF,0x60,0x00,
    0x00,0x60,0xFF,0xFF,0xFF,0x00,0x00,0x00,0x00,0x00,0x00,0x00,0x00,0x00,0x00,0x00,0x00,0x00,0x00,0x00,0x00,0x00,0x00,0x00,0x00,0x00,0x00,0x00,0x00,0x00,0x00,0x00,0x00,0x00,0x00,0xFF,0xFF,0xFF,0x60,0x00,
    0x00,0x60,0xFF,0xFF,0xFF,0x00,0x00,0x00,0x00,0x00,0x00,0x00,0x00,0x00,0x00,0x00,0x00,0x00,0x00,0x00,0x00,0x00,0x00,0x00,0x00,0x00,0x00,0x00,0x00,0x00,0x00,0x00,0x00,0x00,0x00,0xFF,0xFF,0xFF,0x60,0x00,
    0x00,0x60,0xFF,0xFF,0xFF,0x00,0x00,0x00,0x00,0x00,0x00,0x00,0x00,0x00,0x00,0x00,0x00,0x00,0x00,0x00,0x00,0x00,0x00,0x00,0x00,0x00,0x00,0x00,0x00,0x00,0x00,0x00,0x00,0x00,0x00,0xFF,0xFF,0xFF,0x60,0x00,
    0x00,0x60,0xFF,0xFF,0xFF,0x00,0x00,0x00,0x00,0x00,0x00,0x00,0x00,0x00,0x00,0x00,0x00,0x00,0x00,0x00,0x00,0x00,0x00,0x00,0x00,0x00,0x00,0x00,0x00,0x00,0x00,0x00,0x00,0x00,0x00,0xFF,0xFF,0xFF,0x60,0x00,
    0x00,0x58,0xFF,0xFF,0xFF,0x0C,0x00,0x00,0x00,0x00,0x00,0x00,0x00,0x00,0x00,0x00,0x00,0x00,0x00,0x00,0x00,0x00,0x00,0x00,0x00,0x00,0x00,0x00,0x00,0x00,0x00,0x00,0x00,0x00,0x0C,0xFF,0xFF,0xFF,0x58,0x00,
    0x00,0x24,0xFB,0xFF,0xFB,0xCF,0xB7,0x9F,0x9F,0x9F,0x9F,0x9F,0x9F,0x9F,0x9F,0x9F,0x9F,0x9F,0x9F,0x9F,0x9F,0x9F,0x9F,0x9F,0x9F,0x9F,0x9F,0x9F,0x9F,0x9F,0x9F,0x9F,0x9F,0x8F,0xCF,0xFB,0xFF,0xFB,0x24,0x00,
    0x00,0x00,0xBF,0xFF,0xFF,0xFF,0xFF,0xFF,0xFF,0xFF,0xFF,0xFF,0xFF,0xFF,0xFF,0xFF,0xFF,0xFF,0xFF,0xFF,0xFF,0xFF,0xFF,0xFF,0xFF,0xFF,0xFF,0xFF,0xFF,0xFF,0xFF,0xFF,0xFF,0xEB,0xFB,0xFF,0xFF,0xBF,0x00,0x00,
    0x00,0x00,0x24,0xD3,0xFF,0xFF,0xFF,0xFF,0xFF,0xFF,0xFF,0xFF,0xFF,0xFF,0xFF,0xFF,0xFF,0xFF,0xFF,0xFF,0xFF,0xFF,0xFF,0xFF,0xFF,0xFF,0xFF,0xFF,0xFF,0xFF,0xFF,0xFF,0xFF,0xFF,0xFF,0xFF,0xD3,0x24,0x00,0x00,
    0x00,0x00,0x00,0x08,0x64,0x97,0xB7,0xBF,0xBF,0xBF,0xBF,0xBF,0xBF,0xBF,0xBF,0xBF,0xBF,0xBF,0xBF,0xBF,0xBF,0xBF,0xBF,0xBF,0xBF,0xBF,0xBF,0xBF,0xBF,0xBF,0xBF,0xBF,0xBF,0xB7,0x97,0x64,0x08,0x00,0x00,0x00,
    0x00,0x00,0x00,0x00,0x00,0x00,0x00,0x00,0x00,0x00,0x00,0x00,0x00,0x00,0x00,0x00,0x00,0x00,0x00,0x00,0x00,0x00,0x00,0x00,0x00,0x00,0x00,0x00,0x00,0x00,0x00,0x00,0x00,0x00,0x00,0x00,0x00,0x00,0x00,0x00,
    0x00,0x00,0x00,0x00,0x00,0x00,0x00,0x00,0x00,0x00,0x00,0x00,0x00,0x00,0x00,0x00,0x00,0x00,0x00,0x00,0x00,0x00,0x00,0x00,0x00,0x00,0x00,0x00,0x00,0x00,0x00,0x00,0x00,0x00,0x00,0x00,0x00,0x00,0x00,0x00,
    0x00,0x00,0x00,0x00,0x00,0x00,0x00,0x00,0x00,0x00,0x00,0x00,0x00,0x00,0x00,0x00,0x00,0x00,0x00,0x00,0x00,0x00,0x00,0x00,0x00,0x00,0x00,0x00,0x00,0x00,0x00,0x00,0x00,0x00,0x00,0x00,0x00,0x00,0x00,0x00,
    0x00,0x00,0x00,0x00,0x00,0x00,0x00,0x00,0x00,0x00,0x00,0x00,0x00,0x00,0x00,0x00,0x00,0x00,0x00,0x00,0x00,0x00,0x00,0x00,0x00,0x00,0x00,0x00,0x00,0x00,0x00,0x00,0x00,0x00,0x00,0x00,0x00,0x00,0x00,0x00,
    0x00,0x00,0x00,0x00,0x00,0x00,0x00,0x00,0x00,0x00,0x00,0x00,0x00,0x00,0x00,0x00,0x00,0x00,0x00,0x00,0x00,0x00,0x00,0x00,0x00,0x00,0x00,0x00,0x00,0x00,0x00,0x00,0x00,0x00,0x00,0x00,0x00,0x00,0x00,0x00,
  },
  { // home
    0x00,0x00,0x00,0x00,0x00,0x00,0x00,0x00,0x00,0x00,0x00,0x00,0x00,0x00,0x00,0x00,0x00,0x00,0x00,0x00,0x00,0x00,0x00,0x00,0x00,0x00,0x00,0x00,0x00,0x00,0x00,0x00,0x00,0x00,0x00,0x00,0x00,0x00,0x00,0x00,
    0x00,0x00,0x00,0x00,0x00,0x00,0x00,0x00,0x00,0x00,0x00,0x00,0x00,0x00,0x00,0x00,0x00,0x00,0x00,0x00,0x00,0x00,0x00,0x00,0x00,0x00,0x00,0x00,0x00,0x00,0x00,0x00,0x00,0x00,0x00,0x00,0x00,0x00,0x00,0x00,
    0x00,0x00,0x00,0x00,0x00,0x00,0x00,0x00,0x00,0x00,0x00,0x00,0x00,0x00,0x00,0x00,0x00,0x00,0x00,0x00,0x00,0x00,0x00,0x00,0x00,0x00,0x00,0x00,0x00,0x00,0x00,0x00,0x00,0x00,0x00,0x00,0x00,0x00,0x00,0x00,
    0x00,0x00,0x00,0x00,0x00,0x00,0x00,0x00,0x00,0x00,0x00,0x00,0x00,0x00,0x00,0x00,0x00,0x00,0x08,0x80,0x80,0x0C,0x00,0x00,0x00,0x00,0x00,0x00,0x00,0x00,0x00,0x00,0x00,0x00,0x00,0x00,0x00,0x00,0x00,0x00,
    0x00,0x00,0x00,0x00,0x00,0x00,0x00,0x00,0x00,0x00,0x00,0x00,0x00,0x00,0x00,0x00,0x00,0x18,0xBF,0xFF,0xFF,0xD3,0x20,0x00,0x00,0x00,0x00,0x00,0x00,0x00,0x00,0x00,0x00,0x00,0x00,0x00,0x00,0x00,0x00,0x00,
    0x00,0x00,0x00,0x00,0x00,0x00,0x00,0x00,0x00,0x00,0x00,0x00,0x00,0x00,0x00,0x00,0x30,0xDF,0xFF,0xFF,0xFF,0xFF,0xEB,0x40,0x00,0x00,0x00,0x00,0x00,0x00,0x00,0x00,0x00,0x00,0x00,0x00,0x00,0x00,0x00,0x00,
    0x00,0x00,0x00,0x00,0x00,0x00,0x00,0x00,0x00,0x00,0x00,0x00,0x00,0x00,0x00,0x50,0xF3,0xFF,0xFF,0xFF,0xFF,0xFF,0xFF,0xFB,0x64,0x00,0x00,0x00,0x00,0x00,0x00,0x00,0x00,0x00,0x00,0x00,0x00,0x00,0x00,0x00,
    0x00,0x00,0x00,0x00,0x00,0x00,0x00,0x00,0x00,0x00,0x00,0x00,0x00,0x00,0x80,0xFF,0xFF,0xFF,0xFF,0xA3,0x8C,0xFF,0xFF,0xFF,0xFF,0x94,0x04,0x00,0x00,0x00,0x00,0x00,0x00,0x00,0x00,0x00,0x00,0x00,0x00,0x00,
    0x00,0x00,0x00,0x00,0x00,0x00,0x00,0x00,0x00,0x00,0x00,0x00,0x0C,0xAB,0xFF,0xFF,0xFF,0xFB,0x78,0x00,0x00,0x60,0xFB,0xFF,0xFF,0xFF,0xBB,0x10,0x00,0x00,0x00,0x00,0x00,0x00,0x00,0x00,0x00,0x00,0x00,0x00,
    0x00,0x00,0x00,0x00,0x00,0x00,0x00,0x00,0x00,0x00,0x00,0x20,0xCF,0xFF,0xFF,0xFF,0xF3,0x4C,0x00,0x00,0x00,0x00,0x3C,0xE7,0xFF,0xFF,0xFF,0xD7,0x28,0x00,0x00,0x00,0x00,0x00,0x00,0x00,0x00,0x00,0x00,0x00,
    0x00,0x00,0x00,0x00,0x00,0x00,0x00,0x00,0x00,0x00,0x3C,0xE7,0xFF,0xFF,0xFF,0xDB,0x28,0x00,0x00,0x00,0x00,0x00,0x00,0x1C,0xCF,0xFF,0xFF,0xFF,0xF3,0x48,0x00,0x00,0x00,0x00,0x00,0x00,0x00,0x00,0x00,0x00,
    0x00,0x00,0x00,0x00,0x00,0x00,0x00,0x00,0x00,0x64,0xFB,0xFF,0xFF,0xFF,0xBB,0x10,0x00,0x00,0x00,0x00,0x00,0x00,0x00,0x00,0x0C,0xAF,0xFF,0xFF,0xFF,0xFB,0x70,0x00,0x00,0x00,0x00,0x00,0x00,0x00,0x00,0x00,
    0x00,0x00,0x00,0x00,0x00,0x00,0x00,0x04,0x94,0xFF,0xFF,0xFF,0xFF,0x90,0x04,0x00,0x00,0x00,0x00,0x00,0x00,0x00,0x00,0x00,0x00,0x00,0x80,0xFF,0xFF,0xFF,0xFF,0x9F,0x04,0x00,0x00,0x00,0x00,0x00,0x00,0x00,
    0x00,0x00,0x00,0x00,0x00,0x00,0x14,0xBB,0xFF,0xFF,0xFF,0xFB,0x60,0x00,0x00,0x00,0x00,0x00,0x00,0x00,0x00,0x00,0x00,0x00,0x00,0x00,0x00,0x58,0xF3,0xFF,0xFF,0xFF,0xC3,0x18,0x00,0x00,0x00,0x00,0x00,0x00,
    0x00,0x00,0x00,0x00,0x00,0x2C,0xDB,0xFF,0xFF,0xFF,0xE7,0x3C,0x00,0x00,0x00,0x00,0x00,0x00,0x00,0x00,0x00,0x00,0x00,0x00,0x00,0x00,0x00,0x00,0x34,0xE3,0xFF,0xFF,0xFF,0xDF,0x30,0x00,0x00,0x00,0x00,0x00,
    0x00,0x00,0x00,0x00,0x4C,0xF3,0xFF,0xFF,0xFF,0xCF,0x1C,0x00,0x00,0x00,0x00,0x00,0x00,0x00,0x00,0x00,0x00,0x00,0x00,0x00,0x00,0x00,0x00,0x00,0x00,0x18,0xC7,0xFF,0xFF,0xFF,0xF3,0x50,0x00,0x00,0x00,0x00,
    0x00,0x00,0x00,0x7C,0xFB,0xFF,0xFF,0xFF,0xFF,0x0C,0x00,0x00,0x00,0x00,0x00,0x00,0x00,0x00,0x00,0x00,0x00,0x00,0x00,0x00,0x00,0x00,0x00,0x00,0x00,0x00,0x08,0xFF,0xFF,0xFF,0xFF,0xFF,0x7C,0x00,0x00,0x00,
    0x00,0x14,0xA3,0xFF,0xFF,0xFF,0xFF,0xFF,0xFF,0x00,0x00,0x00,0x00,0x00,0x00,0x00,0x00,0x00,0x00,0x00,0x00,0x00,0x00,0x00,0x00,0x00,0x00,0x00,0x00,0x00,0x00,0xFF,0xFF,0xFF,0xFF,0xFF,0xFF,0xA7,0x0C,0x00,
    0x04,0xD7,0xFF,0xFF,0xFF,0xFF,0xFF,0xFF,0xFF,0x00,0x00,0x00,0x00,0x00,0x00,0x00,0x00,0x00,0x00,0x00,0x00,0x00,0x00,0x00,0x00,0x00,0x00,0x00,0x00,0x00,0x00,0xFF,0xFF,0xFF,0xFF,0xFF,0xFF,0xFF,0xBB,0x00,
    0x18,0xFF,0xFF,0xFF,0xDF,0x8C,0xFF,0xFF,0xFF,0x00,0x00,0x00,0x00,0x00,0x00,0x00,0x00,0x00,0x00,0x00,0x00,0x00,0x00,0x00,0x00,0x00,0x00,0x00,0x00,0x00,0x00,0xFF,0xFF,0xFF,0x8C,0xDB,0xFF,0xFF,0xF7,0x00,
    0x00,0x8C,0xFB,0xAF,0x14,0x60,0xFF,0xFF,0xFF,0x00,0x00,0x00,0x00,0x00,0x00,0x00,0x00,0x00,0x00,0x00,0x00,0x00,0x00,0x00,0x00,0x00,0x00,0x00,0x00,0x00,0x00,0xFF,0xFF,0xFF,0x60,0x14,0xBB,0xF7,0x70,0x00,
    0x00,0x00,0x00,0x00,0x00,0x60,0xFF,0xFF,0xFF,0x00,0x00,0x00,0x00,0x00,0x00,0x00,0x00,0x00,0x00,0x00,0x00,0x00,0x00,0x00,0x00,0x00,0x00,0x00,0x00,0x00,0x00,0xFF,0xFF,0xFF,0x60,0x00,0x00,0x00,0x00,0x00,
    0x00,0x00,0x00,0x00,0x00,0x60,0xFF,0xFF,0xFF,0x00,0x00,0x00,0x00,0x00,0x00,0x00,0x00,0x00,0x00,0x00,0x00,0x00,0x00,0x00,0x00,0x00,0x00,0x00,0x00,0x00,0x00,0xFF,0xFF,0xFF,0x60,0x00,0x00,0x00,0x00,0x00,
    0x00,0x00,0x00,0x00,0x00,0x60,0xFF,0xFF,0xFF,0x00,0x00,0x00,0x00,0x00,0x00,0x00,0x00,0x00,0x00,0x00,0x00,0x00,0x00,0x00,0x00,0x00,0x00,0x00,0x00,0x00,0x00,0xFF,0xFF,0xFF,0x60,0x00,0x00,0x00,0x00,0x00,
    0x00,0x00,0x00,0x00,0x00,0x60,0xFF,0xFF,0xFF,0x00,0x00,0x00,0x00,0x00,0x30,0x97,0x9F,0x9F,0x9F,0x9F,0x9F,0x9F,0x9F,0x9F,0x97,0x30,0x00,0x00,0x00,0x00,0x00,0xFF,0xFF,0xFF,0x60,0x00,0x00,0x00,0x00,0x00,
    0x00,0x00,0x00,0x00,0x00,0x60,0xFF,0xFF,0xFF,0x00,0x00,0x00,0x00,0x00,0xDF,0xFF,0xFF,0xFF,0xFF,0xFF,0xFF,0xFF,0xFF,0xFF,0xFF,0xDF,0x00,0x00,0x00,0x00,0x00,0xFF,0xFF,0xFF,0x60,0x00,0x00,0x00,0x00,0x00,
    0x00,0x00,0x00,0x00,0x00,0x60,0xFF,0xFF,0xFF,0x00,0x00,0x00,0x00,0x00,0xFF,0xFF,0xFF,0xFF,0xFF,0xFF,0xFF,0xFF,0xFF,0xFF,0xFF,0xFF,0x00,0x00,0x00,0x00,0x00,0xFF,0xFF,0xFF,0x60,0x00,0x00,0x00,0x00,0x00,
    0x00,0x00,0x00,0x00,0x00,0x60,0xFF,0xFF,0xFF,0x00,0x00,0x00,0x00,0x00,0xFF,0xFF,0xFF,0xD7,0xBF,0xBF,0xBF,0xBF,0xD7,0xFF,0xFF,0xFF,0x00,0x00,0x00,0x00,0x00,0xFF,0xFF,0xFF,0x60,0x00,0x00,0x00,0x00,0x00,
    0x00,0x00,0x00,0x00,0x00,0x60,0xFF,0xFF,0xFF,0x00,0x00,0x00,0x00,0x00,0xFF,0xFF,0xFF,0x60,0x00,0x00,0x00,0x00,0x60,0xFF,0xFF,0xFF,0x00,0x00,0x00,0x00,0x00,0xFF,0xFF,0xFF,0x60,0x00,0x00,0x00,0x00,0x00,
    0x00,0x00,0x00,0x00,0x00,0x60,0xFF,0xFF,0xFF,0x00,0x00,0x00,0x00,0x00,0xFF,0xFF,0xFF,0x60,0x00,0x00,0x00,0x00,0x60,0xFF,0xFF,0xFF,0x00,0x00,0x00,0x00,0x00,0xFF,0xFF,0xFF,0x60,0x00,0x00,0x00,0x00,0x00,
    0x00,0x00,0x00,0x00,0x00,0x60,0xFF,0xFF,0xFF,0x00,0x00,0x00,0x00,0x00,0xFF,0xFF,0xFF,0x60,0x00,0x00,0x00,0x00,0x60,0xFF,0xFF,0xFF,0x00,0x00,0x00,0x00,0x00,0xFF,0xFF,0xFF,0x60,0x00,0x00,0x00,0x00,0x00,
    0x00,0x00,0x00,0x00,0x00,0x60,0xFF,0xFF,0xFF,0x00,0x00,0x00,0x00,0x00,0xFF,0xFF,0xFF,0x60,0x00,0x00,0x00,0x00,0x60,0xFF,0xFF,0xFF,0x00,0x00,0x00,0x00,0x00,0xFF,0xFF,0xFF,0x60,0x00,0x00,0x00,0x00,0x00,
    0x00,0x00,0x00,0x00,0x00,0x60,0xFF,0xFF,0xFF,0x00,0x00,0x00,0x00,0x00,0xFF,0xFF,0xFF,0x60,0x00,0x00,0x00,0x00,0x60,0xFF,0xFF,0xFF,0x00,0x00,0x00,0x00,0x00,0xFF,0xFF,0xFF,0x60,0x00,0x00,0x00,0x00,0x00,
    0x00,0x00,0x00,0x00,0x00,0x60,0xFF,0xFF,0xFF,0x60,0x60,0x60,0x60,0x60,0xFF,0xFF,0xFF,0x9C,0x60,0x60,0x60,0x60,0x9C,0xFF,0xFF,0xFF,0x60,0x60,0x60,0x60,0x60,0xFF,0xFF,0xFF,0x60,0x00,0x00,0x00,0x00,0x00,
    0x00,0x00,0x00,0x00,0x00,0x60,0xFF,0xFF,0xFF,0xFF,0xFF,0xFF,0xFF,0xFF,0xFF,0xFF,0xFF,0xFF,0xFF,0xFF,0xFF,0xFF,0xFF,0xFF,0xFF,0xFF,0xFF,0xFF,0xFF,0xFF,0xFF,0xFF,0xFF,0xFF,0x60,0x00,0x00,0x00,0x00,0x00,
    0x00,0x00,0x00,0x00,0x00,0x44,0xFF,0xFF,0xFF,0xFF,0xFF,0xFF,0xFF,0xFF,0xFF,0xFF,0xFF,0xFF,0xFF,0xFF,0xFF,0xFF,0xFF,0xFF,0xFF,0xFF,0xFF,0xFF,0xFF,0xFF,0xFF,0xFF,0xFF,0xFF,0x44,0x00,0x00,0x00,0x00,0x00,
    0x00,0x00,0x00,0x00,0x00,0x04,0xAB,0xFF,0xFF,0xFF,0xFF,0xFF,0xFF,0xFF,0xFF,0xFF,0xFF,0xFF,0xFF,0xFF,0xFF,0xFF,0xFF,0xFF,0xFF,0xFF,0xFF,0xFF,0xFF,0xFF,0xFF,0xFF,0xFF,0xAB,0x04,0x00,0x00,0x00,0x00,0x00,
    0x00,0x00,0x00,0x00,0x00,0x00,0x00,0x00,0x00,0x00,0x00,0x00,0x00,0x00,0x00,0x00,0x00,0x00,0x00,0x00,0x00,0x00,0x00,0x00,0x00,0x00,0x00,0x00,0x00,0x00,0x00,0x00,0x00,0x00,0x00,0x00,0x00,0x00,0x00,0x00,
    0x00,0x00,0x00,0x00,0x00,0x00,0x00,0x00,0x00,0x00,0x00,0x00,0x00,0x00,0x00,0x00,0x00,0x00,0x00,0x00,0x00,0x00,0x00,0x00,0x00,0x00,0x00,0x00,0x00,0x00,0x00,0x00,0x00,0x00,0x00,0x00,0x00,0x00,0x00,0x00,
    0x00,0x00,0x00,0x00,0x00,0x00,0x00,0x00,0x00,0x00,0x00,0x00,0x00,0x00,0x00,0x00,0x00,0x00,0x00,0x00,0x00,0x00,0x00,0x00,0x00,0x00,0x00,0x00,0x00,0x00,0x00,0x00,0x00,0x00,0x00,0x00,0x00,0x00,0x00,0x00,
  },
  { // grid
    0x00,0x00,0x00,0x00,0x00,0x00,0x00,0x00,0x00,0x00,0x00,0x00,0x00,0x00,0x00,0x00,0x00,0x00,0x00,0x00,0x00,0x00,0x00,0x00,0x00,0x00,0x00,0x00,0x00,0x00,0x00,0x00,0x00,0x00,0x00,0x00,0x00,0x00,0x00,0x00,
    0x00,0x00,0x00,0x00,0x00,0x00,0x00,0x00,0x00,0x00,0x00,0x00,0x00,0x00,0x00,0x00,0x00,0x00,0x00,0x00,0x00,0x00,0x00,0x00,0x00,0x00,0x00,0x00,0x00,0x00,0x00,0x00,0x00,0x00,0x00,0x00,0x00,0x00,0x00,0x00,
    0x00,0x00,0x00,0x00,0x1C,0x74,0x9F,0x9F,0x9F,0x9F,0x9F,0x9F,0x9F,0x9F,0x9F,0x9F,0x90,0x3C,0x00,0x00,0x00,0x00,0x3C,0x90,0x9F,0x9F,0x9F,0x9F,0x9F,0x9F,0x9F,0x9F,0x9F,0x9F,0x70,0x1C,0x00,0x00,0x00,0x00,
    0x00,0x00,0x00,0x4C,0xF7,0xFF,0xFF,0xFF,0xFF,0xFF,0xFF,0xFF,0xFF,0xFF,0xFF,0xFF,0xFF,0xFF,0x97,0x00,0x00,0x97,0xFF,0xFF,0xFF,0xFF,0xFF,0xFF,0xFF,0xFF,0xFF,0xFF,0xFF,0xFF,0xFF,0xF7,0x4C,0x00,0x00,0x00,
    0x00,0x00,0x1C,0xF7,0xFB,0xFF,0xFF,0xFF,0xFF,0xFF,0xFF,0xFF,0xFF,0xFF,0xFF,0xFF,0xFF,0xFF,0xFF,0x74,0x74,0xFF,0xFF,0xFF,0xFF,0xFF,0xFF,0xFF,0xFF,0xFF,0xFF,0xFF,0xFF,0xFF,0xFF,0xFF,0xF7,0x1C,0x00,0x00,
    0x00,0x00,0x70,0xFF,0xFF,0xF7,0xBF,0xBF,0xBF,0xBF,0xBF,0xBF,0xBF,0xBF,0xBF,0xBF,0xEF,0xF3,0xFF,0xCB,0xCF,0xFF,0xF7,0xEF,0xBF,0xBF,0xBF,0xBF,0xBF,0xBF,0xBF,0xBF,0xBF,0xBF,0xFF,0xFF,0xFF,0x70,0x00,0x00,
    0x00,0x00,0xAF,0xFF,0xFF,0xBF,0x00,0x00,0x00,0x00,0x00,0x00,0x00,0x00,0x00,0x00,0x5C,0xFB,0xFF,0xFB,0xFB,0xFF,0xFF,0x5C,0x00,0x00,0x00,0x00,0x00,0x00,0x00,0x00,0x00,0x00,0xB3,0xEB,0xFF,0x9F,0x00,0x00,
    0x00,0x00,0xAB,0xFF,0xFF,0xBF,0x00,0x00,0x00,0x00,0x00,0x00,0x00,0x00,0x00,0x00,0x60,0xFF,0xFF,0xFF,0xFF,0xFF,0xFF,0x60,0x00,0x00,0x00,0x00,0x00,0x00,0x00,0x00,0x00,0x00,0x9F,0xFF,0xFF,0xBF,0x00,0x00,
    0x00,0x00,0x9F,0xFF,0xFF,0xBF,0x00,0x00,0x00,0x00,0x00,0x00,0x00,0x00,0x00,0x00,0x60,0xFF,0xFF,0xFF,0xFF,0xFF,0xFF,0x60,0x00,0x00,0x00,0x00,0x00,0x00,0x00,0x00,0x00,0x00,0x9F,0xFF,0xFF,0xBF,0x00,0x00,
    0x00,0x00,0x9F,0xFF,0xFF,0xBF,0x00,0x00,0x00,0x00,0x00,0x00,0x00,0x00,0x00,0x00,0x60,0xFF,0xFF,0xFF,0xFF,0xFF,0xFF,0x60,0x00,0x00,0x00,0x00,0x00,0x00,0x00,0x00,0x00,0x00,0x9F,0xFF,0xFF,0xBF,0x00,0x00,
    0x00,0x00,0x9F,0xFF,0xFF,0xBF,0x00,0x00,0x00,0x00,0x00,0x00,0x00,0x00,0x00,0x00,0x60,0xFF,0xFF,0xFF,0xFF,0xFF,0xFF,0x60,0x00,0x00,0x00,0x00,0x00,0x00,0x00,0x00,0x00,0x00,0x9F,0xFF,0xFF,0xBF,0x00,0x00,
    0x00,0x00,0x9F,0xFF,0xFF,0xBF,0x00,0x00,0x00,0x00,0x00,0x00,0x00,0x00,0x00,0x00,0x60,0xFF,0xFF,0xFF,0xFF,0xFF,0xFF,0x60,0x00,0x00,0x00,0x00,0x00,0x00,0x00,0x00,0x00,0x00,0x9F,0xFF,0xFF,0xBF,0x00,0x00,
    0x00,0x00,0x9F,0xFF,0xFF,0xBF,0x00,0x00,0x00,0x00,0x00,0x00,0x00,0x00,0x00,0x00,0x60,0xFF,0xFF,0xFF,0xFF,0xFF,0xFF,0x60,0x00,0x00,0x00,0x00,0x00,0x00,0x00,0x00,0x00,0x00,0x9F,0xFF,0xFF,0xBF,0x00,0x00,
    0x00,0x00,0x9F,0xFF,0xFF,0xBF,0x00,0x00,0x00,0x00,0x00,0x00,0x00,0x00,0x00,0x00,0x60,0xFF,0xFF,0xFF,0xFF,0xFF,0xFF,0x60,0x00,0x00,0x00,0x00,0x00,0x00,0x00,0x00,0x00,0x00,0x9F,0xFF,0xFF,0xBF,0x00,0x00,
    0x00,0x00,0x9F,0xFF,0xFF,0xBF,0x00,0x00,0x00,0x00,0x00,0x00,0x00,0x00,0x00,0x00,0x60,0xFF,0xFF,0xFF,0xFF,0xFF,0xFF,0x60,0x00,0x00,0x00,0x00,0x00,0x00,0x00,0x00,0x00,0x00,0x9F,0xFF,0xFF,0xBF,0x00,0x00,
    0x00,0x00,0x9F,0xFF,0xFF,0xBF,0x00,0x00,0x00,0x00,0x00,0x00,0x00,0x00,0x00,0x00,0x60,0xFF,0xFF,0xFF,0xFF,0xFF,0xFF,0x60,0x00,0x00,0x00,0x00,0x00,0x00,0x00,0x00,0x00,0x00,0xA7,0xEB,0xFF,0xAB,0x00,0x00,
    0x00,0x00,0x90,0xFF,0xFF,0xEF,0x5C,0x60,0x60,0x60,0x60,0x60,0x60,0x60,0x60,0x60,0xB3,0xFB,0xFF,0xDF,0xE3,0xFF,0xFB,0xB3,0x60,0x60,0x60,0x60,0x60,0x60,0x60,0x60,0x60,0x5C,0xEF,0xFF,0xFF,0x90,0x00,0x00,
    0x00,0x00,0x3C,0xFF,0xFF,0xF3,0xFB,0xFF,0xFF,0xFF,0xFF,0xFF,0xFF,0xFF,0xFF,0xFF,0xFB,0xFF,0xFF,0x8C,0x8C,0xFF,0xFF,0xFB,0xFF,0xFF,0xFF,0xFF,0xFF,0xFF,0xFF,0xFF,0xFF,0xFB,0xF7,0xFF,0xFF,0x3C,0x00,0x00,
    0x00,0x00,0x00,0x9B,0xFF,0xFF,0xFF,0xFF,0xFF,0xFF,0xFF,0xFF,0xFF,0xFF,0xFF,0xFF,0xFF,0xFF,0xDF,0x10,0x10,0xE3,0xFF,0xFF,0xFF,0xFF,0xFF,0xFF,0xFF,0xFF,0xFF,0xFF,0xFF,0xFF,0xFF,0xFF,0x9B,0x00,0x00,0x00,
    0x00,0x00,0x00,0x00,0x74,0xCF,0xFB,0xFF,0xFF,0xFF,0xFF,0xFF,0xFF,0xFF,0xFF,0xFF,0xE3,0x8C,0x10,0x00,0x00,0x10,0x8C,0xE3,0xFF,0xFF,0xFF,0xFF,0xFF,0xFF,0xFF,0xFF,0xFF,0xFB,0xCF,0x74,0x00,0x00,0x00,0x00,
    0x00,0x00,0x00,0x00,0x74,0xCF,0xFB,0xFF,0xFF,0xFF,0xFF,0xFF,0xFF,0xFF,0xFF,0xFF,0xE3,0x8C,0x10,0x00,0x00,0x10,0x8C,0xE3,0xFF,0xFF,0xFF,0xFF,0xFF,0xFF,0xFF,0xFF,0xFF,0xFB,0xCF,0x74,0x00,0x00,0x00,0x00,
    0x00,0x00,0x00,0x9B,0xFF,0xFF,0xFF,0xFF,0xFF,0xFF,0xFF,0xFF,0xFF,0xFF,0xFF,0xFF,0xFF,0xFF,0xDF,0x10,0x10,0xE3,0xFF,0xFF,0xFF,0xFF,0xFF,0xFF,0xFF,0xFF,0xFF,0xFF,0xFF,0xFF,0xFF,0xFF,0x9B,0x00,0x00,0x00,
    0x00,0x00,0x3C,0xFF,0xFF,0xF3,0xFB,0xFF,0xFF,0xFF,0xFF,0xFF,0xFF,0xFF,0xFF,0xFF,0xFB,0xFF,0xFF,0x8C,0x8C,0xFF,0xFF,0xFB,0xFF,0xFF,0xFF,0xFF,0xFF,0xFF,0xFF,0xFF,0xFF,0xFB,0xF7,0xFF,0xFF,0x3C,0x00,0x00,
    0x00,0x00,0x90,0xFF,0xFF,0xEF,0x5C,0x60,0x60,0x60,0x60,0x60,0x60,0x60,0x60,0x60,0xB3,0xFB,0xFF,0xDF,0xE3,0xFF,0xFF,0xB3,0x60,0x60,0x60,0x60,0x60,0x60,0x60,0x60,0x60,0x5C,0xEF,0xFF,0xFF,0x90,0x00,0x00,
    0x00,0x00,0xBB,0xFF,0xFF,0xBF,0x00,0x00,0x00,0x00,0x00,0x00,0x00,0x00,0x00,0x00,0x60,0xFF,0xFF,0xFF,0xFF,0xFF,0xFF,0x60,0x00,0x00,0x00,0x00,0x00,0x00,0x00,0x00,0x00,0x00,0xA7,0xEB,0xFF,0xAB,0x00,0x00,
    0x00,0x00,0x9F,0xFF,0xFF,0xBF,0x00,0x00,0x00,0x00,0x00,0x00,0x00,0x00,0x00,0x00,0x60,0xFF,0xFF,0xFF,0xFF,0xFF,0xFF,0x60,0x00,0x00,0x00,0x00,0x00,0x00,0x00,0x00,0x00,0x00,0x9F,0xFF,0xFF,0xBF,0x00,0x00,
    0x00,0x00,0x9F,0xFF,0xFF,0xBF,0x00,0x00,0x00,0x00,0x00,0x00,0x00,0x00,0x00,0x00,0x60,0xFF,0xFF,0xFF,0xFF,0xFF,0xFF,0x60,0x00,0x00,0x00,0x00,0x00,0x00,0x00,0x00,0x00,0x00,0x9F,0xFF,0xFF,0xBF,0x00,0x00,
    0x00,0x00,0x9F,0xFF,0xFF,0xBF,0x00,0x00,0x00,0x00,0x00,0x00,0x00,0x00,0x00,0x00,0x60,0xFF,0xFF,0xFF,0xFF,0xFF,0xFF,0x60,0x00,0x00,0x00,0x00,0x00,0x00,0x00,0x00,0x00,0x00,0x9F,0xFF,0xFF,0xBF,0x00,0x00,
    0x00,0x00,0x9F,0xFF,0xFF,0xBF,0x00,0x00,0x00,0x00,0x00,0x00,0x00,0x00,0x00,0x00,0x60,0xFF,0xFF,0xFF,0xFF,0xFF,0xFF,0x60,0x00,0x00,0x00,0x00,0x00,0x00,0x00,0x00,0x00,0x00,0x9F,0xFF,0xFF,0xBF,0x00,0x00,
    0x00,0x00,0x9F,0xFF,0xFF,0xBF,0x00,0x00,0x00,0x00,0x00,0x00,0x00,0x00,0x00,0x00,0x60,0xFF,0xFF,0xFF,0xFF,0xFF,0xFF,0x60,0x00,0x00,0x00,0x00,0x00,0x00,0x00,0x00,0x00,0x00,0x9F,0xFF,0xFF,0xBF,0x00,0x00,
    0x00,0x00,0x9F,0xFF,0xFF,0xBF,0x00,0x00,0x00,0x00,0x00,0x00,0x00,0x00,0x00,0x00,0x60,0xFF,0xFF,0xFF,0xFF,0xFF,0xFF,0x60,0x00,0x00,0x00,0x00,0x00,0x00,0x00,0x00,0x00,0x00,0x9F,0xFF,0xFF,0xBF,0x00,0x00,
    0x00,0x00,0x9F,0xFF,0xFF,0xBF,0x00,0x00,0x00,0x00,0x00,0x00,0x00,0x00,0x00,0x00,0x60,0xFF,0xFF,0xFF,0xFF,0xFF,0xFF,0x60,0x00,0x00,0x00,0x00,0x00,0x00,0x00,0x00,0x00,0x00,0x9F,0xFF,0xFF,0xBF,0x00,0x00,
    0x00,0x00,0x9F,0xFF,0xFF,0xBF,0x00,0x00,0x00,0x00,0x00,0x00,0x00,0x00,0x00,0x00,0x60,0xFF,0xFF,0xFF,0xFF,0xFF,0xFF,0x60,0x00,0x00,0x00,0x00,0x00,0x00,0x00,0x00,0x00,0x00,0x9F,0xFF,0xFF,0xBF,0x00,0x00,
    0x00,0x00,0x9F,0xFF,0xFF,0xBF,0x00,0x00,0x00,0x00,0x00,0x00,0x00,0x00,0x00,0x00,0x5C,0xFB,0xFF,0xFB,0xFB,0xFF,0xFB,0x5C,0x00,0x00,0x00,0x00,0x00,0x00,0x00,0x00,0x00,0x00,0xBB,0xFF,0xFF,0xA3,0x00,0x00,
    0x00,0x00,0x70,0xFF,0xFF,0xFF,0xB3,0x9F,0x9F,0x9F,0x9F,0x9F,0x9F,0x9F,0x9F,0xA7,0xEF,0xF7,0xFF,0xCB,0xCF,0xFF,0xF7,0xEF,0xA7,0x9F,0x9F,0x9F,0x9F,0x9F,0x9F,0x9F,0x9F,0xBB,0xF7,0xFF,0xFF,0x70,0x00,0x00,
    0x00,0x00,0x1C,0xF7,0xFF,0xFF,0xEB,0xFF,0xFF,0xFF,0xFF,0xFF,0xFF,0xFF,0xFF,0xEB,0xFF,0xFF,0xFF,0x74,0x74,0xFF,0xFF,0xFF,0xEB,0xFF,0xFF,0xFF,0xFF,0xFF,0xFF,0xFF,0xFF,0xFF,0xFF,0xFB,0xF7,0x1C,0x00,0x00,
    0x00,0x00,0x00,0x4C,0xF7,0xFF,0xFF,0xFF,0xFF,0xFF,0xFF,0xFF,0xFF,0xFF,0xFF,0xFF,0xFF,0xFF,0x9B,0x00,0x00,0x9B,0xFF,0xFF,0xFF,0xFF,0xFF,0xFF,0xFF,0xFF,0xFF,0xFF,0xFF,0xFF,0xFF,0xF7,0x4C,0x00,0x00,0x00,
    0x00,0x00,0x00,0x00,0x1C,0x74,0x9F,0xBF,0xBF,0xBF,0xBF,0xBF,0xBF,0xBF,0xBF,0xAB,0x90,0x3C,0x00,0x00,0x00,0x00,0x3C,0x90,0xAB,0xBF,0xBF,0xBF,0xBF,0xBF,0xBF,0xBF,0xBF,0xA3,0x70,0x1C,0x00,0x00,0x00,0x00,
    0x00,0x00,0x00,0x00,0x00,0x00,0x00,0x00,0x00,0x00,0x00,0x00,0x00,0x00,0x00,0x00,0x00,0x00,0x00,0x00,0x00,0x00,0x00,0x00,0x00,0x00,0x00,0x00,0x00,0x00,0x00,0x00,0x00,0x00,0x00,0x00,0x00,0x00,0x00,0x00,
    0x00,0x00,0x00,0x00,0x00,0x00,0x00,0x00,0x00,0x00,0x00,0x00,0x00,0x00,0x00,0x00,0x00,0x00,0x00,0x00,0x00,0x00,0x00,0x00,0x00,0x00,0x00,0x00,0x00,0x00,0x00,0x00,0x00,0x00,0x00,0x00,0x00,0x00,0x00,0x00,
  },
  { // car
    0x00,0x00,0x00,0x00,0x00,0x00,0x00,0x00,0x00,0x00,0x00,0x00,0x00,0x00,0x00,0x00,0x00,0x00,0x00,0x00,0x00,0x00,0x00,0x00,0x00,0x00,0x00,0x00,0x00,0x00,0x00,0x00,0x00,0x00,0x00,0x00,0x00,0x00,0x00,0x00,
    0x00,0x00,0x00,0x00,0x00,0x00,0x00,0x00,0x00,0x00,0x00,0x00,0x00,0x00,0x00,0x00,0x00,0x00,0x00,0x00,0x00,0x00,0x00,0x00,0x00,0x00,0x00,0x00,0x00,0x00,0x00,0x00,0x00,0x00,0x00,0x00,0x00,0x00,0x00,0x00,
    0x00,0x00,0x00,0x00,0x00,0x00,0x00,0x00,0x00,0x00,0x00,0x00,0x00,0x00,0x00,0x00,0x00,0x00,0x00,0x00,0x00,0x00,0x00,0x00,0x00,0x00,0x00,0x00,0x00,0x00,0x00,0x00,0x00,0x00,0x00,0x00,0x00,0x00,0x00,0x00,
    0x00,0x00,0x00,0x00,0x00,0x00,0x00,0x00,0x00,0x00,0x00,0x00,0x00,0x00,0x00,0x00,0x00,0x00,0x00,0x00,0x00,0x00,0x00,0x00,0x00,0x00,0x00,0x00,0x00,0x00,0x00,0x00,0x00,0x00,0x00,0x00,0x00,0x00,0x00,0x00,
    0x00,0x00,0x00,0x00,0x00,0x00,0x00,0x00,0x00,0x00,0x00,0x00,0x00,0x00,0x00,0x00,0x00,0x00,0x00,0x00,0x00,0x00,0x00,0x00,0x00,0x00,0x00,0x00,0x00,0x00,0x00,0x00,0x00,0x00,0x00,0x00,0x00,0x00,0x00,0x00,
    0x00,0x00,0x00,0x00,0x00,0x00,0x00,0x00,0x00,0x00,0x00,0x00,0x00,0x00,0x00,0x00,0x00,0x00,0x00,0x00,0x00,0x00,0x00,0x00,0x00,0x00,0x00,0x00,0x00,0x00,0x00,0x00,0x00,0x00,0x00,0x00,0x00,0x00,0x00,0x00,
    0x00,0x00,0x00,0x00,0x00,0x00,0x00,0x00,0x00,0x00,0x00,0x00,0x00,0x00,0x00,0x00,0x00,0x00,0x00,0x00,0x00,0x00,0x00,0x00,0x00,0x00,0x00,0x00,0x00,0x00,0x00,0x00,0x00,0x00,0x00,0x00,0x00,0x00,0x00,0x00,
    0x00,0x00,0x00,0x00,0x00,0x00,0x00,0x00,0x00,0x00,0x00,0x00,0x00,0x00,0x00,0x00,0x00,0x00,0x00,0x00,0x00,0x00,0x00,0x00,0x00,0x00,0x00,0x00,0x00,0x00,0x00,0x00,0x00,0x00,0x00,0x00,0x00,0x00,0x00,0x00,
    0x00,0x00,0x00,0x00,0x00,0x00,0x00,0x00,0x00,0x00,0x00,0x00,0x00,0x00,0x00,0x00,0x00,0x00,0x00,0x00,0x00,0x00,0x00,0x00,0x00,0x00,0x00,0x00,0x00,0x00,0x00,0x00,0x00,0x00,0x00,0x00,0x00,0x00,0x00,0x00,
    0x00,0x00,0x00,0x00,0x00,0x00,0x00,0x00,0x00,0x00,0x00,0x00,0x0C,0x5C,0x9B,0x9F,0x9F,0x9F,0x9F,0x9F,0x9F,0x9F,0x9F,0x9F,0x9F,0x97,0x5C,0x0C,0x00,0x00,0x00,0x00,0x00,0x00,0x00,0x00,0x00,0x00,0x00,0x00,
    0x00,0x00,0x00,0x00,0x00,0x00,0x00,0x00,0x00,0x00,0x00,0x4C,0xEB,0xFF,0xFF,0xFF,0xFF,0xFF,0xFF,0xFF,0xFF,0xFF,0xFF,0xFF,0xFF,0xFF,0xFF,0xEB,0x4C,0x00,0x00,0x00,0x00,0x00,0x00,0x00,0x00,0x00,0x00,0x00,
    0x00,0x00,0x00,0x00,0x00,0x00,0x00,0x00,0x00,0x00,0x4C,0xFB,0xFF,0xFF,0xFF,0xFF,0xFF,0xFF,0xFF,0xFF,0xFF,0xFF,0xFF,0xFF,0xFF,0xFF,0xFF,0xFF,0xFB,0x4C,0x00,0x00,0x00,0x00,0x00,0x00,0x00,0x00,0x00,0x00,
    0x00,0x00,0x00,0x00,0x00,0x00,0x00,0x00,0x00,0x20,0xDF,0xFF,0xFF,0xF3,0xC7,0xBF,0xBF,0xBF,0xE7,0xFF,0xFF,0xEF,0xBF,0xBF,0xBF,0xC7,0xF3,0xFF,0xFF,0xDF,0x20,0x00,0x00,0x00,0x00,0x00,0x00,0x00,0x00,0x00,
    0x00,0x00,0x00,0x00,0x00,0x00,0x00,0x00,0x00,0x9F,0xFF,0xFB,0xE7,0x58,0x00,0x00,0x00,0x00,0x9F,0xFF,0xFF,0xBF,0x00,0x00,0x00,0x00,0x58,0xE7,0xFB,0xFF,0x9F,0x00,0x00,0x00,0x00,0x00,0x00,0x00,0x00,0x00,
    0x00,0x00,0x00,0x00,0x00,0x00,0x00,0x00,0x24,0xFB,0xFF,0xFF,0xBF,0x00,0x00,0x00,0x00,0x00,0x9F,0xFF,0xFF,0xBF,0x00,0x00,0x00,0x00,0x00,0xBF,0xFF,0xFF,0xFB,0x24,0x00,0x00,0x00,0x00,0x00,0x00,0x00,0x00,
    0x00,0x00,0x00,0x00,0x00,0x00,0x00,0x00,0xAB,0xFF,0xFF,0xFF,0x40,0x00,0x00,0x00,0x00,0x00,0x9F,0xFF,0xFF,0xBF,0x00,0x00,0x00,0x00,0x00,0x40,0xFF,0xFF,0xFF,0xAB,0x00,0x00,0x00,0x00,0x00,0x00,0x00,0x00,
    0x00,0x00,0x00,0x00,0x00,0x00,0x00,0x30,0xFF,0xFF,0xFF,0xBB,0x00,0x00,0x00,0x00,0x00,0x00,0x9F,0xFF,0xFF,0xBF,0x00,0x00,0x00,0x00,0x00,0x00,0xBB,0xFF,0xFF,0xFF,0x30,0x00,0x00,0x00,0x00,0x00,0x00,0x00,
    0x00,0x00,0x00,0x00,0x00,0x00,0x00,0xAB,0xFF,0xFF,0xFF,0x30,0x00,0x00,0x00,0x00,0x00,0x00,0x9F,0xFF,0xFF,0xBF,0x00,0x00,0x00,0x00,0x00,0x00,0x30,0xFF,0xFF,0xFF,0xAB,0x00,0x00,0x00,0x00,0x00,0x00,0x00,
    0x00,0x00,0x00,0x00,0x00,0x04,0x4C,0xF3,0xFF,0xFF,0xAF,0x00,0x00,0x00,0x00,0x00,0x00,0x00,0x9F,0xFF,0xFF,0xBF,0x00,0x00,0x00,0x00,0x00,0x00,0x00,0xAF,0xFF,0xFF,0xF3,0x4C,0x04,0x00,0x00,0x00,0x00,0x00,
    0x00,0x00,0x14,0x97,0xE7,0xFF,0xFF,0xFF,0xFF,0xFF,0xFF,0xFF,0xFF,0xFF,0xFF,0xFF,0xFF,0xFF,0xFF,0xFF,0xFF,0xFF,0xFF,0xFF,0xFF,0xFF,0xFF,0xFF,0xFF,0xFF,0xFF,0xFF,0xFF,0xFF,0xFF,0xE7,0x93,0x14,0x00,0x00,
    0x00,0x0C,0xD3,0xFF,0xFF,0xFF,0xFF,0xFF,0xFF,0xFF,0xFF,0xFF,0xFF,0xFF,0xFF,0xFF,0xFF,0xFF,0xFF,0xFF,0xFF,0xFF,0xFF,0xFF,0xFF,0xFF,0xFF,0xFF,0xFF,0xFF,0xFF,0xFF,0xFF,0xFF,0xFF,0xFF,0xFF,0xD3,0x0C,0x00,
    0x00,0x64,0xFF,0xFF,0xFF,0xFF,0xFF,0xFF,0xFF,0xFF,0xFF,0xFF,0xFF,0xFF,0xFF,0xFF,0xFF,0xFF,0xFF,0xFF,0xFF,0xFF,0xFF,0xFF,0xFF,0xFF,0xFF,0xFF,0xFF,0xFF,0xFF,0xFF,0xFF,0xFF,0xFF,0xFF,0xFF,0xFF,0x64,0x00,
    0x00,0x9F,0xFF,0xFF,0xD7,0x5C,0x34,0x28,0x5C,0x60,0x60,0x60,0x60,0x60,0x60,0x60,0x60,0x60,0x60,0x60,0x60,0x60,0x60,0x60,0x60,0x60,0x60,0x60,0x60,0x60,0x60,0x5C,0x20,0x34,0x5C,0xCB,0xF7,0xFF,0x9F,0x00,
    0x00,0x9F,0xFF,0xFF,0xBF,0x00,0x00,0x00,0x10,0x70,0xB3,0xDB,0xC7,0x8C,0x2C,0x00,0x00,0x00,0x00,0x00,0x00,0x00,0x00,0x00,0x00,0x2C,0x8C,0xC7,0xDB,0xB3,0x6C,0x10,0x00,0x00,0x00,0x9F,0xFF,0xFF,0xBF,0x00,
    0x00,0x9F,0xFF,0xFF,0xBF,0x00,0x00,0x38,0xE3,0xFF,0xFF,0xFF,0xFF,0xFF,0xFF,0x78,0x00,0x00,0x00,0x00,0x00,0x00,0x00,0x00,0x78,0xFF,0xFF,0xFF,0xFF,0xFF,0xFF,0xE3,0x34,0x00,0x00,0x9F,0xFF,0xFF,0xBF,0x00,
    0x00,0x9F,0xFF,0xFF,0xBF,0x00,0x2C,0xF3,0xFF,0xFF,0xFF,0xEB,0xEB,0xFF,0xFF,0xFF,0x74,0x00,0x00,0x00,0x00,0x00,0x00,0x74,0xFF,0xFF,0xFF,0xEB,0xEB,0xFF,0xFF,0xFF,0xF3,0x2C,0x00,0x9F,0xFF,0xFF,0xBF,0x00,
    0x00,0x9F,0xFF,0xFF,0xBF,0x00,0xC7,0xFF,0xFB,0xD7,0xCF,0x84,0xA3,0xE7,0xDF,0xFF,0xF7,0x28,0x00,0x00,0x00,0x00,0x28,0xF7,0xFF,0xDF,0xE7,0xA3,0x84,0xCF,0xD7,0xFB,0xFF,0xC7,0x00,0xA7,0xFF,0xFF,0xB7,0x00,
    0x00,0x93,0xFF,0xFF,0xDB,0x78,0xFF,0xFF,0xE3,0xC7,0x60,0x60,0x60,0x9C,0xE3,0xFB,0xFF,0xA4,0x60,0x60,0x60,0x60,0xA4,0xFF,0xFB,0xE3,0x9C,0x60,0x60,0x60,0xC7,0xE3,0xFF,0xFF,0x78,0xDB,0xFF,0xFF,0x93,0x00,
    0x00,0x54,0xFF,0xFF,0xFF,0xFF,0xFF,0xFF,0xFF,0xFF,0xFF,0xFF,0xFF,0xFF,0xFF,0xFF,0xFF,0xFF,0xFF,0xFF,0xFF,0xFF,0xFF,0xFF,0xFF,0xFF,0xFF,0xFF,0xFF,0xFF,0xFF,0xFF,0xFF,0xFF,0xFF,0xFF,0xFF,0xFF,0x54,0x00,
    0x00,0x00,0xBB,0xFF,0xFF,0xFF,0xFF,0xFF,0xFF,0xFF,0xFF,0xFF,0xFF,0xFF,0xFF,0xFF,0xFF,0xFF,0xFF,0xFF,0xFF,0xFF,0xFF,0xFF,0xFF,0xFF,0xFF,0xFF,0xFF,0xFF,0xFF,0xFF,0xFF,0xFF,0xFF,0xFF,0xFF,0xBB,0x00,0x00,
    0x00,0x00,0x04,0x84,0xDB,0xFF,0xFF,0xFF,0xFF,0xFF,0xFF,0xFF,0xFF,0xFF,0xFF,0xFF,0xFF,0xFF,0xFF,0xFF,0xFF,0xFF,0xFF,0xFF,0xFF,0xFF,0xFF,0xFF,0xFF,0xFF,0xFF,0xFF,0xFF,0xFF,0xFF,0xDB,0x84,0x04,0x00,0x00,
    0x00,0x00,0x00,0x00,0x00,0x18,0xFF,0xFF,0xDF,0xC3,0x1C,0x00,0x00,0x88,0xC3,0xFB,0xFF,0x70,0x00,0x00,0x00,0x00,0x70,0xFF,0xFB,0xC3,0x88,0x00,0x00,0x1C,0xC3,0xDF,0xFF,0xFF,0x18,0x00,0x00,0x00,0x00,0x00,
    0x00,0x00,0x00,0x00,0x00,0x00,0x9C,0xFF,0xFF,0xF3,0xD3,0xE3,0xC7,0xEB,0xFF,0xFF,0xDB,0x10,0x00,0x00,0x00,0x00,0x10,0xDB,0xFF,0xFF,0xEB,0xC7,0xE3,0xD3,0xF3,0xFF,0xFF,0x9C,0x00,0x00,0x00,0x00,0x00,0x00,
    0x00,0x00,0x00,0x00,0x00,0x00,0x04,0xC7,0xFF,0xFF,0xF7,0xFF,0xF7,0xFF,0xFF,0xF3,0x34,0x00,0x00,0x00,0x00,0x00,0x00,0x34,0xF3,0xFF,0xFF,0xF7,0xFF,0xF7,0xFF,0xFF,0xC7,0x04,0x00,0x00,0x00,0x00,0x00,0x00,
    0x00,0x00,0x00,0x00,0x00,0x00,0x00,0x08,0x9B,0xFF,0xFF,0xFF,0xFF,0xFF,0xCB,0x30,0x00,0x00,0x00,0x00,0x00,0x00,0x00,0x00,0x30,0xCB,0xFF,0xFF,0xFF,0xFF,0xFF,0x9B,0x08,0x00,0x00,0x00,0x00,0x00,0x00,0x00,
    0x00,0x00,0x00,0x00,0x00,0x00,0x00,0x00,0x00,0x1C,0x5C,0x80,0x70,0x30,0x00,0x00,0x00,0x00,0x00,0x00,0x00,0x00,0x00,0x00,0x00,0x00,0x30,0x70,0x80,0x5C,0x1C,0x00,0x00,0x00,0x00,0x00,0x00,0x00,0x00,0x00,
    0x00,0x00,0x00,0x00,0x00,0x00,0x00,0x00,0x00,0x00,0x00,0x00,0x00,0x00,0x00,0x00,0x00,0x00,0x00,0x00,0x00,0x00,0x00,0x00,0x00,0x00,0x00,0x00,0x00,0x00,0x00,0x00,0x00,0x00,0x00,0x00,0x00,0x00,0x00,0x00,
    0x00,0x00,0x00,0x00,0x00,0x00,0x00,0x00,0x00,0x00,0x00,0x00,0x00,0x00,0x00,0x00,0x00,0x00,0x00,0x00,0x00,0x00,0x00,0x00,0x00,0x00,0x00,0x00,0x00,0x00,0x00,0x00,0x00,0x00,0x00,0x00,0x00,0x00,0x00,0x00,
    0x00,0x00,0x00,0x00,0x00,0x00,0x00,0x00,0x00,0x00,0x00,0x00,0x00,0x00,0x00,0x00,0x00,0x00,0x00,0x00,0x00,0x00,0x00,0x00,0x00,0x00,0x00,0x00,0x00,0x00,0x00,0x00,0x00,0x00,0x00,0x00,0x00,0x00,0x00,0x00,
    0x00,0x00,0x00,0x00,0x00,0x00,0x00,0x00,0x00,0x00,0x00,0x00,0x00,0x00,0x00,0x00,0x00,0x00,0x00,0x00,0x00,0x00,0x00,0x00,0x00,0x00,0x00,0x00,0x00,0x00,0x00,0x00,0x00,0x00,0x00,0x00,0x00,0x00,0x00,0x00,
  },
  { // mower
    0x00,0x00,0x00,0x00,0x00,0x00,0x00,0x00,0x00,0x00,0x00,0x00,0x00,0x00,0x00,0x00,0x00,0x00,0x00,0x00,0x00,0x00,0x00,0x00,0x00,0x00,0x00,0x00,0x00,0x00,0x00,0x00,0x00,0x00,0x00,0x00,0x00,0x00,0x00,0x00,
    0x00,0x00,0x00,0x00,0x00,0x00,0x00,0x00,0x00,0x00,0x00,0x00,0x00,0x00,0x00,0x00,0x00,0x00,0x00,0x00,0x00,0x00,0x00,0x00,0x00,0x00,0x00,0x00,0x00,0x00,0x00,0x00,0x00,0x00,0x00,0x00,0x00,0x00,0x00,0x00,
    0x00,0x00,0x00,0x00,0x00,0x00,0x00,0x00,0x00,0x00,0x00,0x00,0x00,0x00,0x00,0x00,0x00,0x00,0x00,0x00,0x00,0x00,0x00,0x00,0x00,0x00,0x00,0x00,0x00,0x00,0x00,0x00,0x00,0x00,0x00,0x00,0x00,0x00,0x00,0x00,
    0x00,0x00,0x00,0x00,0x00,0x00,0x00,0x00,0x00,0x00,0x00,0x00,0x00,0x00,0x00,0x00,0x00,0x00,0x00,0x00,0x00,0x00,0x00,0x00,0x00,0x00,0x00,0x00,0x00,0x00,0x00,0x00,0x00,0x00,0x00,0x00,0x00,0x00,0x00,0x00,
    0x00,0x00,0x00,0x00,0x00,0x00,0x00,0x00,0x00,0x00,0x00,0x00,0x00,0x00,0x00,0x00,0x00,0x00,0x00,0x00,0x00,0x00,0x00,0x00,0x00,0x00,0x00,0x00,0x00,0x00,0x00,0x00,0x00,0x00,0x00,0x00,0x00,0x00,0x00,0x00,
    0x00,0x00,0x00,0x00,0x00,0x00,0x00,0x00,0x00,0x00,0x00,0x00,0x00,0x00,0x00,0x00,0x00,0x00,0x00,0x00,0x00,0x00,0x00,0x00,0x00,0x00,0x00,0x00,0x00,0x00,0x00,0x00,0x00,0x00,0x00,0x00,0x00,0x00,0x00,0x00,
    0x00,0x00,0x00,0x00,0x00,0x00,0x00,0x00,0x00,0x00,0x00,0x00,0x00,0x00,0x00,0x00,0x00,0x00,0x00,0x00,0x00,0x00,0x00,0x00,0x00,0x08,0x44,0x60,0x60,0x60,0x60,0x60,0x44,0x08,0x00,0x00,0x00,0x00,0x00,0x00,
    0x00,0x00,0x00,0x00,0x00,0x00,0x00,0x00,0x00,0x00,0x00,0x00,0x00,0x00,0x00,0x00,0x00,0x00,0x00,0x00,0x00,0x00,0x00,0x00,0x44,0xEF,0xFF,0xFF,0xFF,0xFF,0xFF,0xFF,0xFF,0xEF,0x44,0x00,0x00,0x00,0x00,0x00,
    0x00,0x00,0x00,0x00,0x00,0x00,0x00,0x00,0x00,0x00,0x00,0x00,0x00,0x00,0x00,0x00,0x00,0x00,0x00,0x00,0x00,0x00,0x00,0x20,0xF7,0xFF,0xFB,0xFF,0xFF,0xFF,0xFF,0xFF,0xFB,0xFF,0xF7,0x20,0x00,0x00,0x00,0x00,
    0x00,0x00,0x00,0x00,0x00,0x00,0x00,0x00,0x00,0x00,0x00,0x00,0x00,0x00,0x00,0x00,0x00,0x00,0x00,0x00,0x00,0x00,0x00,0x88,0xFF,0xFF,0xFF,0xFF,0xFF,0xFF,0xFF,0xFF,0xFF,0xFF,0xFF,0x88,0x00,0x00,0x00,0x00,
    0x00,0x00,0x00,0x00,0x00,0x00,0x00,0x00,0x00,0x00,0x00,0x00,0x00,0x00,0x00,0x00,0x00,0x00,0x00,0x00,0x00,0x00,0x00,0x9F,0xFF,0xFF,0xC3,0x00,0x00,0x00,0x00,0x00,0xAB,0xEF,0xFF,0xAB,0x00,0x00,0x00,0x00,
    0x00,0x00,0x00,0x00,0x00,0x00,0x00,0x00,0x00,0x00,0x00,0x00,0x00,0x00,0x00,0x00,0x00,0x00,0x00,0x00,0x00,0x00,0x00,0x9F,0xFF,0xFF,0xBF,0x00,0x00,0x00,0x00,0x00,0x9F,0xFF,0xFF,0xBF,0x00,0x00,0x00,0x00,
    0x00,0x00,0x00,0x00,0x00,0x00,0x00,0x00,0x00,0x00,0x00,0x00,0x00,0x00,0x00,0x00,0x00,0x00,0x00,0x00,0x00,0x00,0x00,0x9F,0xFF,0xFF,0xBF,0x00,0x00,0x00,0x00,0x00,0x9F,0xFF,0xFF,0xBF,0x00,0x00,0x00,0x00,
    0x00,0x00,0x00,0x00,0x00,0x00,0x00,0x00,0x00,0x00,0x00,0x00,0x00,0x00,0x00,0x00,0x00,0x00,0x00,0x00,0x00,0x00,0x00,0x9F,0xFF,0xFF,0xBF,0x00,0x00,0x00,0x00,0x00,0x9F,0xFF,0xFF,0xBF,0x00,0x00,0x00,0x00,
    0x00,0x00,0x00,0x00,0x00,0x00,0x00,0x00,0x00,0x00,0x00,0x00,0x00,0x00,0x2C,0x5C,0x60,0x60,0x60,0x60,0x60,0x60,0x60,0xD3,0xFF,0xFF,0xA3,0x00,0x00,0x00,0x00,0x00,0x9F,0xFF,0xFF,0xBF,0x00,0x00,0x00,0x00,
    0x00,0x00,0x00,0x00,0x00,0x00,0x00,0x00,0x00,0x00,0x00,0x00,0x1C,0xC7,0xFF,0xFF,0xFF,0xFF,0xFF,0xFF,0xFF,0xFF,0xFF,0xFF,0xFF,0xFF,0x64,0x00,0x00,0x00,0x00,0x00,0x9F,0xFF,0xFF,0xBF,0x00,0x00,0x00,0x00,
    0x00,0x00,0x00,0x00,0x00,0x00,0x00,0x00,0x00,0x00,0x00,0x00,0xC7,0xFF,0xFF,0xFF,0xFF,0xFF,0xFF,0xFF,0xFF,0xFF,0xFF,0xFF,0xFF,0xDB,0x0C,0x00,0x00,0x00,0x00,0x00,0x9F,0xFF,0xFF,0xBF,0x00,0x00,0x00,0x00,
    0x00,0x00,0x00,0x00,0x00,0x00,0x00,0x00,0x00,0x00,0x00,0x2C,0xFF,0xFF,0xFF,0xFF,0xFF,0xFF,0xFF,0xFF,0xFF,0xFF,0xFF,0xE7,0x93,0x14,0x00,0x00,0x00,0x00,0x00,0x00,0x9F,0xFF,0xFF,0xBF,0x00,0x00,0x00,0x00,
    0x00,0x00,0x00,0x00,0x00,0x00,0x00,0x00,0x00,0x00,0x00,0x5C,0xFF,0xFF,0xFF,0x04,0x00,0x00,0x00,0x00,0x00,0x00,0x00,0x00,0x00,0x00,0x00,0x00,0x00,0x00,0x00,0x00,0x9F,0xFF,0xFF,0xBF,0x00,0x00,0x00,0x00,
    0x00,0x00,0x00,0x00,0x00,0x00,0x00,0x00,0x00,0x00,0x00,0x60,0xFF,0xFF,0xFF,0x00,0x00,0x00,0x00,0x00,0x00,0x00,0x00,0x00,0x00,0x00,0x00,0x00,0x00,0x00,0x00,0x00,0x9F,0xFF,0xFF,0xBF,0x00,0x00,0x00,0x00,
    0x00,0x00,0x00,0x00,0x00,0x00,0x00,0x00,0x00,0x00,0x00,0x60,0xFF,0xFF,0xFF,0x00,0x00,0x00,0x00,0x00,0x00,0x00,0x00,0x00,0x00,0x00,0x00,0x00,0x00,0x00,0x00,0x00,0x9F,0xFF,0xFF,0xBF,0x00,0x00,0x00,0x00,
    0x00,0x00,0x00,0x00,0x00,0x00,0x00,0x00,0x00,0x00,0x00,0x60,0xFF,0xFF,0xFF,0x00,0x00,0x00,0x00,0x00,0x00,0x00,0x00,0x00,0x00,0x00,0x00,0x00,0x00,0x00,0x00,0x00,0x9F,0xFF,0xFF,0xBF,0x00,0x00,0x00,0x00,
    0x00,0x00,0x00,0x2C,0x5C,0x60,0x60,0x60,0x60,0x60,0x60,0x9C,0xFF,0xFF,0xF7,0x00,0x00,0x00,0x00,0x00,0x00,0x00,0x00,0x08,0x58,0xA7,0xD7,0xD7,0xA7,0x58,0x08,0x00,0x9F,0xFF,0xFF,0xBF,0x00,0x00,0x00,0x00,
    0x00,0x1C,0xC7,0xFF,0xFF,0xFF,0xFF,0xFF,0xFF,0xFF,0xFF,0xFF,0xFF,0xFF,0xAF,0x00,0x00,0x00,0x00,0x00,0x00,0x00,0x50,0xEB,0xFF,0xFF,0xFF,0xFF,0xFF,0xFF,0xEB,0x50,0x9F,0xFF,0xFF,0xBF,0x00,0x00,0x00,0x00,
    0x00,0xC7,0xFF,0xFF,0xFF,0xFF,0xFF,0xFF,0xFF,0xFF,0xFF,0xFF,0xFF,0xFB,0x38,0x00,0x00,0x00,0x00,0x00,0x00,0x6C,0xFB,0xFF,0xFF,0xF7,0xFF,0xFF,0xF7,0xFF,0xFF,0xFB,0xE7,0xFF,0xFF,0xBF,0x00,0x00,0x00,0x00,
    0x2C,0xFF,0xFF,0xFF,0xFF,0xFF,0xFF,0xFF,0xFF,0xFF,0xFF,0xF7,0xB3,0x38,0x00,0x00,0x00,0x00,0x00,0x00,0x40,0xF3,0xFF,0xFB,0xF3,0xBF,0x88,0x88,0xBF,0xF3,0xFB,0xFF,0xFF,0xFF,0xFF,0xBF,0x00,0x00,0x00,0x00,
    0x5C,0xFF,0xFF,0xFF,0xBF,0xFF,0xFF,0xFF,0xFF,0xFF,0xFF,0x80,0x00,0x00,0x00,0x00,0x00,0x00,0x00,0x00,0xC3,0xFF,0xFF,0xCF,0x38,0x00,0x00,0x00,0x00,0x38,0xCF,0xFF,0xFF,0xFF,0xFF,0xBF,0x00,0x00,0x00,0x00,
    0x54,0xFF,0xFF,0xFF,0xFF,0xFF,0xFF,0xF3,0xF3,0xFF,0xFF,0xFF,0x84,0x60,0x60,0x60,0x60,0x60,0x60,0x68,0xFF,0xFF,0xFF,0xBB,0x60,0x60,0x60,0x60,0x60,0x60,0xBB,0xFF,0xFF,0xFF,0xFF,0xA3,0x00,0x00,0x00,0x00,
    0x14,0xFB,0xFF,0xFF,0xFF,0xFF,0xFF,0xFF,0xFF,0xFF,0xFF,0xFF,0xFF,0xFF,0xFF,0xFF,0xFF,0xFF,0xFF,0xFF,0xFF,0xFF,0xFF,0xFF,0xFF,0xFF,0xFF,0xFF,0xFF,0xFF,0xFF,0xFF,0xFF,0xFF,0xFF,0x64,0x00,0x00,0x00,0x00,
    0x00,0x90,0xFF,0xFF,0xFF,0xFF,0xFF,0xFF,0xFF,0xFF,0xFF,0xFF,0xFF,0xFF,0xFF,0xFF,0xFF,0xFF,0xFF,0xFF,0xFF,0xFF,0xFF,0xFF,0xFF,0xFF,0xFF,0xFF,0xFF,0xFF,0xFF,0xFF,0xFF,0xFF,0xDB,0x0C,0x00,0x00,0x00,0x00,
    0x00,0x04,0xA4,0xFF,0xFF,0xFF,0xFF,0xFF,0xFF,0xFF,0xFF,0xFF,0xFF,0xFF,0xFF,0xFF,0xFF,0xFF,0xFF,0xFF,0xFF,0xFF,0xFF,0xFF,0xFF,0xFF,0xFF,0xFF,0xFF,0xFF,0xFF,0xFF,0xFF,0xFF,0x78,0x00,0x00,0x00,0x00,0x00,
    0x00,0x00,0x5C,0xFF,0xF7,0xE3,0x38,0x00,0x00,0x98,0xFB,0xFF,0xF7,0x04,0x00,0x00,0x00,0x00,0x00,0x40,0xFF,0xFF,0xFF,0x44,0x00,0x00,0x00,0x00,0x00,0x00,0x44,0xFF,0xFF,0xFF,0x40,0x00,0x00,0x00,0x00,0x00,
    0x00,0x00,0x14,0xFB,0xFF,0xFB,0xDF,0xC3,0xCB,0xE7,0xF3,0xFF,0xB7,0x00,0x00,0x00,0x00,0x00,0x00,0x00,0xE3,0xFF,0xF7,0xBB,0x14,0x00,0x00,0x00,0x00,0x14,0xBB,0xF7,0xFF,0xE3,0x00,0x00,0x00,0x00,0x00,0x00,
    0x00,0x00,0x00,0x64,0xFF,0xFF,0xFF,0xFF,0xFB,0xF3,0xFF,0xEF,0x2C,0x00,0x00,0x00,0x00,0x00,0x00,0x00,0x68,0xFF,0xFF,0xF3,0xD7,0x68,0x40,0x40,0x68,0xD7,0xF3,0xFF,0xFF,0x68,0x00,0x00,0x00,0x00,0x00,0x00,
    0x00,0x00,0x00,0x00,0x70,0xF7,0xFF,0xFF,0xFF,0xFF,0xDB,0x34,0x00,0x00,0x00,0x00,0x00,0x00,0x00,0x00,0x00,0xAF,0xFF,0xFF,0xFB,0xFF,0xFF,0xFF,0xFF,0xFB,0xFF,0xFF,0xAF,0x00,0x00,0x00,0x00,0x00,0x00,0x00,
    0x00,0x00,0x00,0x00,0x00,0x24,0x7C,0x9F,0x9B,0x64,0x14,0x00,0x00,0x00,0x00,0x00,0x00,0x00,0x00,0x00,0x00,0x04,0xA7,0xFF,0xFF,0xFF,0xFF,0xFF,0xFF,0xFF,0xFF,0xA7,0x04,0x00,0x00,0x00,0x00,0x00,0x00,0x00,
    0x00,0x00,0x00,0x00,0x00,0x00,0x00,0x00,0x00,0x00,0x00,0x00,0x00,0x00,0x00,0x00,0x00,0x00,0x00,0x00,0x00,0x00,0x00,0x44,0xA7,0xF7,0xFF,0xFF,0xF7,0xA3,0x44,0x00,0x00,0x00,0x00,0x00,0x00,0x00,0x00,0x00,
    0x00,0x00,0x00,0x00,0x00,0x00,0x00,0x00,0x00,0x00,0x00,0x00,0x00,0x00,0x00,0x00,0x00,0x00,0x00,0x00,0x00,0x00,0x00,0x00,0x00,0x04,0x20,0x20,0x04,0x00,0x00,0x00,0x00,0x00,0x00,0x00,0x00,0x00,0x00,0x00,
    0x00,0x00,0x00,0x00,0x00,0x00,0x00,0x00,0x00,0x00,0x00,0x00,0x00,0x00,0x00,0x00,0x00,0x00,0x00,0x00,0x00,0x00,0x00,0x00,0x00,0x00,0x00,0x00,0x00,0x00,0x00,0x00,0x00,0x00,0x00,0x00,0x00,0x00,0x00,0x00,
    0x00,0x00,0x00,0x00,0x00,0x00,0x00,0x00,0x00,0x00,0x00,0x00,0x00,0x00,0x00,0x00,0x00,0x00,0x00,0x00,0x00,0x00,0x00,0x00,0x00,0x00,0x00,0x00,0x00,0x00,0x00,0x00,0x00,0x00,0x00,0x00,0x00,0x00,0x00,0x00,
  },
  { // vacuum
    0x00,0x00,0x00,0x00,0x00,0x00,0x00,0x00,0x00,0x00,0x00,0x00,0x00,0x00,0x00,0x00,0x00,0x00,0x00,0x00,0x00,0x00,0x00,0x00,0x00,0x00,0x00,0x00,0x00,0x00,0x00,0x00,0x00,0x00,0x00,0x00,0x00,0x00,0x00,0x00,
    0x00,0x00,0x00,0x00,0x00,0x00,0x00,0x00,0x00,0x00,0x00,0x00,0x00,0x00,0x00,0x00,0x00,0x00,0x00,0x00,0x00,0x00,0x00,0x00,0x00,0x00,0x00,0x00,0x00,0x00,0x00,0x00,0x00,0x00,0x00,0x00,0x00,0x00,0x00,0x00,
    0x00,0x00,0x00,0x00,0x00,0x00,0x00,0x00,0x00,0x00,0x00,0x00,0x00,0x00,0x00,0x00,0x00,0x00,0x00,0x00,0x00,0x00,0x00,0x00,0x00,0x00,0x00,0x00,0x00,0x00,0x00,0x00,0x00,0x00,0x00,0x00,0x00,0x00,0x00,0x00,
    0x00,0x00,0x00,0x00,0x00,0x00,0x00,0x00,0x00,0x00,0x00,0x00,0x00,0x00,0x0C,0x64,0x9F,0xBF,0xDF,0xFB,0xF7,0xDB,0xBF,0x9F,0x64,0x0C,0x00,0x00,0x00,0x00,0x00,0x00,0x00,0x00,0x00,0x00,0x00,0x00,0x00,0x00,
    0x00,0x00,0x00,0x00,0x00,0x00,0x00,0x00,0x00,0x00,0x00,0x00,0x48,0xA7,0xF7,0xFF,0xFF,0xFF,0xFF,0xFF,0xFF,0xFF,0xFF,0xFF,0xFF,0xF7,0xA3,0x48,0x00,0x00,0x00,0x00,0x00,0x00,0x00,0x00,0x00,0x00,0x00,0x00,
    0x00,0x00,0x00,0x00,0x00,0x00,0x00,0x00,0x00,0x00,0x30,0xC7,0xFF,0xFF,0xFF,0xFF,0xFF,0xFF,0xFF,0xFF,0xFF,0xFF,0xFF,0xFF,0xFF,0xFF,0xFF,0xFF,0xC7,0x30,0x00,0x00,0x00,0x00,0x00,0x00,0x00,0x00,0x00,0x00,
    0x00,0x00,0x00,0x00,0x00,0x00,0x00,0x00,0x00,0x70,0xF7,0xFF,0xFF,0xFF,0xFF,0xFF,0xBF,0x93,0x78,0x60,0x60,0x78,0x93,0xBF,0xFF,0xFF,0xFF,0xFF,0xFF,0xF7,0x70,0x00,0x00,0x00,0x00,0x00,0x00,0x00,0x00,0x00,
    0x00,0x00,0x00,0x00,0x00,0x00,0x00,0x00,0x94,0xFF,0xFF,0xFF,0xFF,0xEF,0x84,0x20,0x00,0x00,0x00,0x00,0x00,0x00,0x00,0x00,0x20,0x84,0xEF,0xFF,0xFF,0xFF,0xFF,0x94,0x00,0x00,0x00,0x00,0x00,0x00,0x00,0x00,
    0x00,0x00,0x00,0x00,0x00,0x00,0x00,0x93,0xFF,0xFF,0xFF,0xFF,0xAF,0x14,0x00,0x00,0x00,0x00,0x00,0x00,0x00,0x00,0x00,0x00,0x00,0x00,0x14,0xAF,0xFF,0xFF,0xFF,0xFF,0x93,0x00,0x00,0x00,0x00,0x00,0x00,0x00,
    0x00,0x00,0x00,0x00,0x00,0x00,0x54,0xFF,0xFF,0xFF,0xF3,0x68,0x00,0x00,0x00,0x00,0x00,0x00,0x00,0x00,0x00,0x00,0x00,0x00,0x00,0x00,0x00,0x00,0x68,0xF3,0xFF,0xFF,0xFF,0x54,0x00,0x00,0x00,0x00,0x00,0x00,
    0x00,0x00,0x00,0x00,0x00,0x40,0xFF,0xFF,0xFB,0xF3,0x3C,0x00,0x00,0x00,0x00,0x00,0x00,0x00,0x00,0x00,0x00,0x00,0x00,0x00,0x00,0x00,0x00,0x00,0x00,0x3C,0xF3,0xFB,0xFF,0xFF,0x40,0x00,0x00,0x00,0x00,0x00,
    0x00,0x00,0x00,0x00,0x08,0xCF,0xFF,0xFF,0xFF,0xFF,0xFF,0xFF,0xFF,0xFF,0xFF,0xFF,0xFF,0xFF,0xFF,0xFF,0xFF,0xFF,0xFF,0xFF,0xFF,0xFF,0xFF,0xFF,0xFF,0xFF,0xFF,0xFF,0xFF,0xFF,0xCB,0x00,0x00,0x00,0x00,0x00,
    0x00,0x00,0x00,0x00,0x54,0xFF,0xFF,0xFF,0xFF,0xFF,0xFF,0xFF,0xFF,0xFF,0xFF,0xFF,0xFF,0xFF,0xFF,0xFF,0xFF,0xFF,0xFF,0xFF,0xFF,0xFF,0xFF,0xFF,0xFF,0xFF,0xFF,0xFF,0xFF,0xFF,0xFF,0x50,0x00,0x00,0x00,0x00,
    0x00,0x00,0x00,0x00,0xBB,0xFF,0xFF,0xFF,0xFF,0xFF,0xFF,0xFF,0xFF,0xFF,0xFF,0xFF,0xFF,0xFF,0xFF,0xFF,0xFF,0xFF,0xFF,0xFF,0xFF,0xFF,0xFF,0xFF,0xFF,0xFF,0xFF,0xFF,0xFF,0xFF,0xFF,0xBB,0x00,0x00,0x00,0x00,
    0x00,0x00,0x00,0x1C,0xF7,0xFF,0xFF,0xA0,0x60,0x60,0x60,0x60,0x60,0x60,0x60,0x60,0x60,0x60,0x60,0x60,0x60,0x60,0x60,0x60,0x60,0x60,0x60,0x60,0x60,0x60,0x60,0x60,0xA0,0xFF,0xFF,0xF7,0x1C,0x00,0x00,0x00,
    0x00,0x00,0x00,0x60,0xFF,0xFF,0xFF,0x28,0x00,0x00,0x00,0x00,0x00,0x00,0x00,0x00,0x00,0x00,0x00,0x00,0x00,0x00,0x00,0x00,0x00,0x00,0x00,0x00,0x00,0x00,0x00,0x00,0x28,0xFF,0xFF,0xFF,0x60,0x00,0x00,0x00,
    0x00,0x00,0x00,0x9F,0xFF,0xFF,0xE7,0x00,0x00,0x00,0x00,0x00,0x00,0x00,0x00,0x00,0x00,0x34,0x70,0x9B,0x9B,0x70,0x34,0x00,0x00,0x00,0x00,0x00,0x00,0x00,0x00,0x00,0x00,0xE7,0xFF,0xFF,0x9F,0x00,0x00,0x00,
    0x00,0x00,0x00,0xD3,0xFF,0xFF,0xA7,0x00,0x00,0x00,0x00,0x00,0x00,0x00,0x00,0x10,0xA7,0xFF,0xFF,0xFF,0xFF,0xFF,0xFF,0xA7,0x0C,0x00,0x00,0x00,0x00,0x00,0x00,0x00,0x00,0xA7,0xFF,0xFF,0xD3,0x00,0x00,0x00,
    0x00,0x00,0x00,0xF7,0xFF,0xFF,0x70,0x00,0x00,0x00,0x00,0x00,0x00,0x00,0x10,0xCB,0xFF,0xFF,0xF7,0xFF,0xFF,0xF7,0xFF,0xFF,0xCB,0x10,0x00,0x00,0x00,0x00,0x00,0x00,0x00,0x70,0xFF,0xFF,0xF7,0x00,0x00,0x00,
    0x00,0x00,0x00,0xFF,0xFF,0xFF,0x60,0x00,0x00,0x00,0x00,0x00,0x00,0x00,0x9F,0xFF,0xFF,0xFF,0xD3,0xB7,0xB7,0xD3,0xFF,0xFF,0xFF,0x9F,0x00,0x00,0x00,0x00,0x00,0x00,0x00,0x60,0xFF,0xFF,0xFF,0x00,0x00,0x00,
    0x00,0x00,0x00,0xFF,0xFF,0xFF,0x60,0x00,0x00,0x00,0x00,0x00,0x00,0x2C,0xFF,0xFF,0xFF,0xC3,0x14,0x00,0x00,0x14,0xC3,0xFF,0xFF,0xFF,0x2C,0x00,0x00,0x00,0x00,0x00,0x00,0x60,0xFF,0xFF,0xFF,0x00,0x00,0x00,
    0x00,0x00,0x00,0xF7,0xFF,0xFF,0x70,0x00,0x00,0x00,0x00,0x00,0x00,0x7C,0xFF,0xFB,0xDF,0x1C,0x00,0x00,0x00,0x00,0x1C,0xDF,0xFF,0xFF,0x7C,0x00,0x00,0x00,0x00,0x00,0x00,0x70,0xFF,0xFF,0xF7,0x00,0x00,0x00,
    0x00,0x00,0x00,0xD3,0xFF,0xFF,0xA7,0x00,0x00,0x00,0x00,0x00,0x00,0x9F,0xFF,0xFF,0xC3,0x00,0x00,0x00,0x00,0x00,0x00,0xC3,0xFF,0xFF,0x9F,0x00,0x00,0x00,0x00,0x00,0x00,0xA7,0xFF,0xFF,0xD3,0x00,0x00,0x00,
    0x00,0x00,0x00,0x9F,0xFF,0xFF,0xE7,0x00,0x00,0x00,0x00,0x00,0x00,0x9F,0xFF,0xFF,0xC3,0x00,0x00,0x00,0x00,0x00,0x00,0xC3,0xFF,0xFF,0x9F,0x00,0x00,0x00,0x00,0x00,0x00,0xE7,0xFF,0xFF,0x9F,0x00,0x00,0x00,
    0x00,0x00,0x00,0x60,0xFF,0xFF,0xFF,0x28,0x00,0x00,0x00,0x00,0x00,0x7C,0xFF,0xFB,0xDF,0x1C,0x00,0x00,0x00,0x00,0x1C,0xDF,0xFB,0xFF,0x7C,0x00,0x00,0x00,0x00,0x00,0x28,0xFF,0xFF,0xFF,0x60,0x00,0x00,0x00,
    0x00,0x00,0x00,0x1C,0xF7,0xFF,0xFF,0x80,0x00,0x00,0x00,0x00,0x00,0x2C,0xFF,0xFF,0xFF,0xC3,0x1C,0x00,0x00,0x14,0xC3,0xFF,0xFF,0xFF,0x2C,0x00,0x00,0x00,0x00,0x00,0x80,0xFF,0xFF,0xF7,0x1C,0x00,0x00,0x00,
    0x00,0x00,0x00,0x00,0xBB,0xFF,0xFF,0xEF,0x10,0x00,0x00,0x00,0x00,0x00,0x9F,0xFF,0xFF,0xFF,0xEF,0xB7,0xB7,0xD3,0xFF,0xFF,0xFF,0x9F,0x00,0x00,0x00,0x00,0x00,0x10,0xEF,0xFF,0xFF,0xBB,0x00,0x00,0x00,0x00,
    0x00,0x00,0x00,0x00,0x50,0xFF,0xFF,0xFF,0x98,0x00,0x00,0x00,0x00,0x00,0x10,0xCB,0xFF,0xFF,0xF7,0xFF,0xFF,0xF7,0xFF,0xFF,0xCB,0x10,0x00,0x00,0x00,0x00,0x00,0x98,0xFF,0xFF,0xFF,0x50,0x00,0x00,0x00,0x00,
    0x00,0x00,0x00,0x00,0x00,0xCB,0xFF,0xFF,0xFF,0x4C,0x00,0x00,0x00,0x00,0x00,0x10,0x9F,0xFF,0xFF,0xFF,0xFF,0xFF,0xFF,0xA7,0x0C,0x00,0x00,0x00,0x00,0x00,0x4C,0xFF,0xFF,0xFF,0xCB,0x00,0x00,0x00,0x00,0x00,
    0x00,0x00,0x00,0x00,0x00,0x40,0xFF,0xFF,0xFB,0xF3,0x3C,0x00,0x00,0x00,0x00,0x00,0x00,0x34,0x70,0x9B,0x9B,0x70,0x34,0x00,0x00,0x00,0x00,0x00,0x00,0x3C,0xF3,0xFB,0xFF,0xFF,0x40,0x00,0x00,0x00,0x00,0x00,
    0x00,0x00,0x00,0x00,0x00,0x00,0x54,0xFF,0xFF,0xFF,0xF3,0x68,0x00,0x00,0x00,0x00,0x00,0x00,0x00,0x00,0x00,0x00,0x00,0x00,0x00,0x00,0x00,0x00,0x68,0xF3,0xFF,0xFF,0xFF,0x54,0x00,0x00,0x00,0x00,0x00,0x00,
    0x00,0x00,0x00,0x00,0x00,0x00,0x00,0x93,0xFF,0xFF,0xFF,0xFF,0xAF,0x14,0x00,0x00,0x00,0x00,0x00,0x00,0x00,0x00,0x00,0x00,0x00,0x00,0x14,0xAF,0xFF,0xFF,0xFF,0xFF,0x93,0x00,0x00,0x00,0x00,0x00,0x00,0x00,
    0x00,0x00,0x00,0x00,0x00,0x00,0x00,0x00,0x94,0xFF,0xFF,0xFF,0xFF,0xEF,0x84,0x20,0x00,0x00,0x00,0x00,0x00,0x00,0x00,0x00,0x20,0x84,0xEF,0xFF,0xFF,0xFF,0xFF,0x94,0x00,0x00,0x00,0x00,0x00,0x00,0x00,0x00,
    0x00,0x00,0x00,0x00,0x00,0x00,0x00,0x00,0x00,0x70,0xF7,0xFF,0xFF,0xFF,0xFF,0xFF,0xBF,0x93,0x78,0x60,0x60,0x78,0x93,0xBF,0xFF,0xFF,0xFF,0xFF,0xFF,0xF7,0x70,0x00,0x00,0x00,0x00,0x00,0x00,0x00,0x00,0x00,
    0x00,0x00,0x00,0x00,0x00,0x00,0x00,0x00,0x00,0x00,0x30,0xC7,0xFF,0xFF,0xFF,0xFF,0xFF,0xFF,0xFF,0xFF,0xFF,0xFF,0xFF,0xFF,0xFF,0xFF,0xFF,0xFF,0xC7,0x30,0x00,0x00,0x00,0x00,0x00,0x00,0x00,0x00,0x00,0x00,
    0x00,0x00,0x00,0x00,0x00,0x00,0x00,0x00,0x00,0x00,0x00,0x00,0x48,0xA7,0xF7,0xFF,0xFF,0xFF,0xFF,0xFF,0xFF,0xFF,0xFF,0xFF,0xFF,0xF7,0xA3,0x48,0x00,0x00,0x00,0x00,0x00,0x00,0x00,0x00,0x00,0x00,0x00,0x00,
    0x00,0x00,0x00,0x00,0x00,0x00,0x00,0x00,0x00,0x00,0x00,0x00,0x00,0x00,0x0C,0x64,0x9F,0xBF,0xDF,0xFB,0xF7,0xDB,0xBF,0x9F,0x64,0x0C,0x00,0x00,0x00,0x00,0x00,0x00,0x00,0x00,0x00,0x00,0x00,0x00,0x00,0x00,
    0x00,0x00,0x00,0x00,0x00,0x00,0x00,0x00,0x00,0x00,0x00,0x00,0x00,0x00,0x00,0x00,0x00,0x00,0x00,0x00,0x00,0x00,0x00,0x00,0x00,0x00,0x00,0x00,0x00,0x00,0x00,0x00,0x00,0x00,0x00,0x00,0x00,0x00,0x00,0x00,
    0x00,0x00,0x00,0x00,0x00,0x00,0x00,0x00,0x00,0x00,0x00,0x00,0x00,0x00,0x00,0x00,0x00,0x00,0x00,0x00,0x00,0x00,0x00,0x00,0x00,0x00,0x00,0x00,0x00,0x00,0x00,0x00,0x00,0x00,0x00,0x00,0x00,0x00,0x00,0x00,
    0x00,0x00,0x00,0x00,0x00,0x00,0x00,0x00,0x00,0x00,0x00,0x00,0x00,0x00,0x00,0x00,0x00,0x00,0x00,0x00,0x00,0x00,0x00,0x00,0x00,0x00,0x00,0x00,0x00,0x00,0x00,0x00,0x00,0x00,0x00,0x00,0x00,0x00,0x00,0x00,
  },
  { // bell
    0x00,0x00,0x00,0x00,0x00,0x00,0x00,0x00,0x00,0x00,0x00,0x00,0x00,0x00,0x00,0x00,0x00,0x00,0x00,0x3C,0x3C,0x00,0x00,0x00,0x00,0x00,0x00,0x00,0x00,0x00,0x00,0x00,0x00,0x00,0x00,0x00,0x00,0x00,0x00,0x00,
    0x00,0x00,0x00,0x00,0x00,0x00,0x00,0x00,0x00,0x00,0x00,0x00,0x00,0x00,0x00,0x00,0x00,0x38,0xE3,0xFF,0xFF,0xEB,0x3C,0x00,0x00,0x00,0x00,0x00,0x00,0x00,0x00,0x00,0x00,0x00,0x00,0x00,0x00,0x00,0x00,0x00,
    0x00,0x00,0x00,0x00,0x00,0x00,0x00,0x00,0x00,0x00,0x00,0x00,0x00,0x00,0x00,0x00,0x18,0xEF,0xFF,0xFF,0xFF,0xFF,0xEF,0x18,0x00,0x00,0x00,0x00,0x00,0x00,0x00,0x00,0x00,0x00,0x00,0x00,0x00,0x00,0x00,0x00,
    0x00,0x00,0x00,0x00,0x00,0x00,0x00,0x00,0x00,0x00,0x00,0x00,0x00,0x00,0x00,0x00,0x70,0xFF,0xFF,0xE3,0xE3,0xFF,0xFF,0x70,0x00,0x00,0x00,0x00,0x00,0x00,0x00,0x00,0x00,0x00,0x00,0x00,0x00,0x00,0x00,0x00,
    0x00,0x00,0x00,0x00,0x00,0x00,0x00,0x00,0x00,0x00,0x00,0x00,0x00,0x00,0x00,0x00,0x7C,0xFF,0xFF,0xB8,0xB8,0xFF,0xFF,0x7C,0x00,0x00,0x00,0x00,0x00,0x00,0x00,0x00,0x00,0x00,0x00,0x00,0x00,0x00,0x00,0x00,
    0x00,0x00,0x00,0x00,0x00,0x00,0x00,0x00,0x00,0x00,0x00,0x00,0x00,0x00,0x00,0x08,0x78,0xFF,0xFF,0xFF,0xFF,0xFF,0xFF,0x78,0x08,0x00,0x00,0x00,0x00,0x00,0x00,0x00,0x00,0x00,0x00,0x00,0x00,0x00,0x00,0x00,
    0x00,0x00,0x00,0x00,0x00,0x00,0x00,0x00,0x00,0x00,0x00,0x00,0x00,0x00,0x44,0xDF,0xFF,0xFF,0xFF,0xFF,0xFF,0xFF,0xFF,0xFF,0xDF,0x44,0x00,0x00,0x00,0x00,0x00,0x00,0x00,0x00,0x00,0x00,0x00,0x00,0x00,0x00,
    0x00,0x00,0x00,0x00,0x00,0x00,0x00,0x00,0x00,0x00,0x00,0x00,0x00,0x6C,0xFB,0xFF,0xFF,0xF7,0xFF,0xFF,0xFF,0xFF,0xF7,0xFF,0xFF,0xFB,0x68,0x00,0x00,0x00,0x00,0x00,0x00,0x00,0x00,0x00,0x00,0x00,0x00,0x00,
    0x00,0x00,0x00,0x00,0x00,0x00,0x00,0x00,0x00,0x00,0x00,0x00,0x68,0xFF,0xFF,0xFF,0xFB,0xBB,0x88,0x60,0x60,0x88,0xBB,0xFB,0xFF,0xFF,0xFF,0x68,0x00,0x00,0x00,0x00,0x00,0x00,0x00,0x00,0x00,0x00,0x00,0x00,
    0x00,0x00,0x00,0x00,0x00,0x00,0x00,0x00,0x00,0x00,0x00,0x30,0xF7,0xFF,0xFF,0xF3,0x68,0x04,0x00,0x00,0x00,0x00,0x04,0x68,0xF3,0xFF,0xFF,0xF7,0x30,0x00,0x00,0x00,0x00,0x00,0x00,0x00,0x00,0x00,0x00,0x00,
    0x00,0x00,0x00,0x00,0x00,0x00,0x00,0x00,0x00,0x00,0x04,0xD3,0xFF,0xFF,0xEF,0x40,0x00,0x00,0x00,0x00,0x00,0x00,0x00,0x00,0x40,0xEF,0xFF,0xFF,0xD3,0x04,0x00,0x00,0x00,0x00,0x00,0x00,0x00,0x00,0x00,0x00,
    0x00,0x00,0x00,0x00,0x00,0x00,0x00,0x00,0x00,0x00,0x54,0xFF,0xFF,0xFF,0x78,0x00,0x00,0x00,0x00,0x00,0x00,0x00,0x00,0x00,0x00,0x78,0xFF,0xFF,0xFF,0x54,0x00,0x00,0x00,0x00,0x00,0x00,0x00,0x00,0x00,0x00,
    0x00,0x00,0x00,0x00,0x00,0x00,0x00,0x00,0x00,0x00,0xB7,0xFF,0xFF,0xE7,0x08,0x00,0x00,0x00,0x00,0x00,0x00,0x00,0x00,0x00,0x00,0x08,0xE7,0xFF,0xFF,0xB7,0x00,0x00,0x00,0x00,0x00,0x00,0x00,0x00,0x00,0x00,
    0x00,0x00,0x00,0x00,0x00,0x00,0x00,0x00,0x00,0x10,0xF7,0xFF,0xEB,0x6C,0x00,0x00,0x00,0x00,0x00,0x00,0x00,0x00,0x00,0x00,0x00,0x00,0x6C,0xEB,0xFF,0xF7,0x10,0x00,0x00,0x00,0x00,0x00,0x00,0x00,0x00,0x00,
    0x00,0x00,0x00,0x00,0x00,0x00,0x00,0x00,0x00,0x34,0xFF,0xFF,0xFF,0x44,0x00,0x00,0x00,0x00,0x00,0x00,0x00,0x00,0x00,0x00,0x00,0x00,0x44,0xFF,0xFF,0xFF,0x34,0x00,0x00,0x00,0x00,0x00,0x00,0x00,0x00,0x00,
    0x00,0x00,0x00,0x00,0x00,0x00,0x00,0x00,0x00,0x44,0xFB,0xFF,0xD3,0x18,0x00,0x00,0x00,0x00,0x00,0x00,0x00,0x00,0x00,0x00,0x00,0x00,0x18,0xD3,0xFF,0xFB,0x44,0x00,0x00,0x00,0x00,0x00,0x00,0x00,0x00,0x00,
    0x00,0x00,0x00,0x00,0x00,0x00,0x00,0x00,0x00,0x60,0xFF,0xFF,0xFF,0x04,0x00,0x00,0x00,0x00,0x00,0x00,0x00,0x00,0x00,0x00,0x00,0x00,0x04,0xFF,0xFF,0xFF,0x60,0x00,0x00,0x00,0x00,0x00,0x00,0x00,0x00,0x00,
    0x00,0x00,0x00,0x00,0x00,0x00,0x00,0x00,0x00,0x60,0xFF,0xFF,0xFF,0x00,0x00,0x00,0x00,0x00,0x00,0x00,0x00,0x00,0x00,0x00,0x00,0x00,0x00,0xFF,0xFF,0xFF,0x60,0x00,0x00,0x00,0x00,0x00,0x00,0x00,0x00,0x00,
    0x00,0x00,0x00,0x00,0x00,0x00,0x00,0x00,0x00,0x60,0xFF,0xFF,0xFF,0x00,0x00,0x00,0x00,0x00,0x00,0x00,0x00,0x00,0x00,0x00,0x00,0x00,0x00,0xFF,0xFF,0xFF,0x60,0x00,0x00,0x00,0x00,0x00,0x00,0x00,0x00,0x00,
    0x00,0x00,0x00,0x00,0x00,0x00,0x00,0x00,0x00,0x5C,0xEB,0xFF,0xE3,0x00,0x00,0x00,0x00,0x00,0x00,0x00,0x00,0x00,0x00,0x00,0x00,0x00,0x00,0xE3,0xFF,0xEB,0x5C,0x00,0x00,0x00,0x00,0x00,0x00,0x00,0x00,0x00,
    0x00,0x00,0x00,0x00,0x00,0x00,0x00,0x00,0x00,0x77,0xEF,0xFF,0xC7,0x00,0x00,0x00,0x00,0x00,0x00,0x00,0x00,0x00,0x00,0x00,0x00,0x00,0x00,0xC7,0xFF,0xEF,0x77,0x00,0x00,0x00,0x00,0x00,0x00,0x00,0x00,0x00,
    0x00,0x00,0x00,0x00,0x00,0x00,0x00,0x00,0x00,0x93,0xF3,0xFF,0xA7,0x00,0x00,0x00,0x00,0x00,0x00,0x00,0x00,0x00,0x00,0x00,0x00,0x00,0x00,0xA7,0xFF,0xF3,0x93,0x00,0x00,0x00,0x00,0x00,0x00,0x00,0x00,0x00,
    0x00,0x00,0x00,0x00,0x00,0x00,0x00,0x00,0x00,0xE7,0xFF,0xFF,0x90,0x00,0x00,0x00,0x00,0x00,0x00,0x00,0x00,0x00,0x00,0x00,0x00,0x00,0x00,0x90,0xFF,0xFF,0xE7,0x00,0x00,0x00,0x00,0x00,0x00,0x00,0x00,0x00,
    0x00,0x00,0x00,0x00,0x00,0x00,0x00,0x00,0x2C,0xEB,0xFF,0xFB,0x58,0x00,0x00,0x00,0x00,0x00,0x00,0x00,0x00,0x00,0x00,0x00,0x00,0x00,0x00,0x58,0xFB,0xFF,0xEB,0x2C,0x00,0x00,0x00,0x00,0x00,0x00,0x00,0x00,
    0x00,0x00,0x00,0x00,0x00,0x00,0x00,0x00,0x70,0xFF,0xFF,0xFF,0x18,0x00,0x00,0x00,0x00,0x00,0x00,0x00,0x00,0x00,0x00,0x00,0x00,0x00,0x00,0x18,0xFF,0xFF,0xFF,0x70,0x00,0x00,0x00,0x00,0x00,0x00,0x00,0x00,
    0x00,0x00,0x00,0x00,0x00,0x00,0x00,0x00,0xAF,0xFF,0xFF,0xD7,0x00,0x00,0x00,0x00,0x00,0x00,0x00,0x00,0x00,0x00,0x00,0x00,0x00,0x00,0x00,0x00,0xD7,0xFF,0xFF,0xAF,0x00,0x00,0x00,0x00,0x00,0x00,0x00,0x00,
    0x00,0x00,0x00,0x00,0x00,0x00,0x00,0x24,0xE7,0xFB,0xFF,0x84,0x00,0x00,0x00,0x00,0x00,0x00,0x00,0x00,0x00,0x00,0x00,0x00,0x00,0x00,0x00,0x00,0x84,0xFF,0xFB,0xE7,0x24,0x00,0x00,0x00,0x00,0x00,0x00,0x00,
    0x00,0x00,0x00,0x00,0x00,0x00,0x00,0x9F,0xFF,0xFF,0xFF,0x80,0x60,0x60,0x60,0x60,0x60,0x60,0x60,0x60,0x60,0x60,0x60,0x60,0x60,0x60,0x60,0x60,0x80,0xFF,0xFF,0xFF,0x9F,0x00,0x00,0x00,0x00,0x00,0x00,0x00,
    0x00,0x00,0x00,0x00,0x00,0x00,0x2C,0xFB,0xFF,0xFF,0xFF,0xFF,0xFF,0xFF,0xFF,0xFF,0xFF,0xFF,0xFF,0xFF,0xFF,0xFF,0xFF,0xFF,0xFF,0xFF,0xFF,0xFF,0xFF,0xFF,0xFF,0xFF,0xEF,0x1C,0x00,0x00,0x00,0x00,0x00,0x00,
    0x00,0x00,0x00,0x00,0x00,0x00,0x58,0xFF,0xFF,0xFF,0xFF,0xFF,0xFF,0xFF,0xFF,0xFF,0xFF,0xFF,0xFF,0xFF,0xFF,0xFF,0xFF,0xFF,0xFF,0xFF,0xFF,0xFF,0xFF,0xFF,0xFF,0xFF,0xFF,0x38,0x00,0x00,0x00,0x00,0x00,0x00,
    0x00,0x00,0x00,0x00,0x00,0x00,0x0C,0xBB,0xFF,0xFF,0xFF,0xFF,0xFF,0xFF,0xFF,0xFF,0xFF,0xFF,0xFF,0xFF,0xFF,0xFF,0xFF,0xFF,0xFF,0xFF,0xFF,0xFF,0xFF,0xFF,0xFF,0xFF,0xAB,0x04,0x00,0x00,0x00,0x00,0x00,0x00,
    0x00,0x00,0x00,0x00,0x00,0x00,0x00,0x00,0x00,0x00,0x00,0x00,0x00,0x00,0x88,0xFF,0xFF,0xD7,0x60,0x00,0x00,0x60,0xD7,0xFF,0xFF,0x88,0x00,0x00,0x00,0x00,0x00,0x00,0x00,0x00,0x00,0x00,0x00,0x00,0x00,0x00,
    0x00,0x00,0x00,0x00,0x00,0x00,0x00,0x00,0x00,0x00,0x00,0x00,0x00,0x00,0x24,0xEB,0xFF,0xFB,0xEF,0xE7,0xE7,0xEF,0xFB,0xFF,0xEB,0x24,0x00,0x00,0x00,0x00,0x00,0x00,0x00,0x00,0x00,0x00,0x00,0x00,0x00,0x00,
    0x00,0x00,0x00,0x00,0x00,0x00,0x00,0x00,0x00,0x00,0x00,0x00,0x00,0x00,0x00,0x58,0xFB,0xFF,0xFF,0xFB,0xFB,0xFF,0xFF,0xFB,0x58,0x00,0x00,0x00,0x00,0x00,0x00,0x00,0x00,0x00,0x00,0x00,0x00,0x00,0x00,0x00,
    0x00,0x00,0x00,0x00,0x00,0x00,0x00,0x00,0x00,0x00,0x00,0x00,0x00,0x00,0x00,0x00,0x54,0xEB,0xFF,0xFF,0xFF,0xFF,0xEB,0x50,0x00,0x00,0x00,0x00,0x00,0x00,0x00,0x00,0x00,0x00,0x00,0x00,0x00,0x00,0x00,0x00,
    0x00,0x00,0x00,0x00,0x00,0x00,0x00,0x00,0x00,0x00,0x00,0x00,0x00,0x00,0x00,0x00,0x00,0x10,0x48,0x78,0x78,0x48,0x10,0x00,0x00,0x00,0x00,0x00,0x00,0x00,0x00,0x00,0x00,0x00,0x00,0x00,0x00,0x00,0x00,0x00,
    0x00,0x00,0x00,0x00,0x00,0x00,0x00,0x00,0x00,0x00,0x00,0x00,0x00,0x00,0x00,0x00,0x00,0x00,0x00,0x00,0x00,0x00,0x00,0x00,0x00,0x00,0x00,0x00,0x00,0x00,0x00,0x00,0x00,0x00,0x00,0x00,0x00,0x00,0x00,0x00,
    0x00,0x00,0x00,0x00,0x00,0x00,0x00,0x00,0x00,0x00,0x00,0x00,0x00,0x00,0x00,0x00,0x00,0x00,0x00,0x00,0x00,0x00,0x00,0x00,0x00,0x00,0x00,0x00,0x00,0x00,0x00,0x00,0x00,0x00,0x00,0x00,0x00,0x00,0x00,0x00,
    0x00,0x00,0x00,0x00,0x00,0x00,0x00,0x00,0x00,0x00,0x00,0x00,0x00,0x00,0x00,0x00,0x00,0x00,0x00,0x00,0x00,0x00,0x00,0x00,0x00,0x00,0x00,0x00,0x00,0x00,0x00,0x00,0x00,0x00,0x00,0x00,0x00,0x00,0x00,0x00,
    0x00,0x00,0x00,0x00,0x00,0x00,0x00,0x00,0x00,0x00,0x00,0x00,0x00,0x00,0x00,0x00,0x00,0x00,0x00,0x00,0x00,0x00,0x00,0x00,0x00,0x00,0x00,0x00,0x00,0x00,0x00,0x00,0x00,0x00,0x00,0x00,0x00,0x00,0x00,0x00,
  },
  { // clock
    0x00,0x00,0x00,0x00,0x00,0x00,0x00,0x00,0x00,0x00,0x00,0x00,0x00,0x00,0x00,0x00,0x00,0x00,0x00,0x00,0x00,0x00,0x00,0x00,0x00,0x00,0x00,0x00,0x00,0x00,0x00,0x00,0x00,0x00,0x00,0x00,0x00,0x00,0x00,0x00,
    0x00,0x00,0x00,0x00,0x00,0x00,0x00,0x00,0x00,0x00,0x00,0x00,0x00,0x00,0x00,0x00,0x00,0x00,0x00,0x00,0x00,0x00,0x00,0x00,0x00,0x00,0x00,0x00,0x00,0x00,0x00,0x00,0x00,0x00,0x00,0x00,0x00,0x00,0x00,0x00,
    0x00,0x00,0x00,0x00,0x00,0x00,0x00,0x00,0x00,0x00,0x00,0x00,0x00,0x00,0x00,0x00,0x00,0x00,0x00,0x00,0x00,0x00,0x00,0x00,0x00,0x00,0x00,0x00,0x00,0x00,0x00,0x00,0x00,0x00,0x00,0x00,0x00,0x00,0x00,0x00,
    0x00,0x00,0x00,0x00,0x00,0x00,0x00,0x00,0x00,0x00,0x00,0x00,0x00,0x00,0x0C,0x64,0x9F,0xBF,0xDF,0xFB,0xF7,0xDB,0xBF,0x9F,0x64,0x0C,0x00,0x00,0x00,0x00,0x00,0x00,0x00,0x00,0x00,0x00,0x00,0x00,0x00,0x00,
    0x00,0x00,0x00,0x00,0x00,0x00,0x00,0x00,0x00,0x00,0x00,0x00,0x48,0xA7,0xF7,0xFF,0xFF,0xFF,0xFF,0xFF,0xFF,0xFF,0xFF,0xFF,0xFF,0xF7,0xA3,0x48,0x00,0x00,0x00,0x00,0x00,0x00,0x00,0x00,0x00,0x00,0x00,0x00,
    0x00,0x00,0x00,0x00,0x00,0x00,0x00,0x00,0x00,0x00,0x30,0xC7,0xFF,0xFF,0xFF,0xFF,0xFF,0xFF,0xFF,0xFF,0xFF,0xFF,0xFF,0xFF,0xFF,0xFF,0xFF,0xFF,0xC7,0x30,0x00,0x00,0x00,0x00,0x00,0x00,0x00,0x00,0x00,0x00,
    0x00,0x00,0x00,0x00,0x00,0x00,0x00,0x00,0x00,0x70,0xF7,0xFF,0xFF,0xFF,0xFF,0xFF,0xBF,0x93,0x78,0x60,0x60,0x78,0x93,0xBF,0xFF,0xFF,0xFF,0xFF,0xFF,0xF7,0x70,0x00,0x00,0x00,0x00,0x00,0x00,0x00,0x00,0x00,
    0x00,0x00,0x00,0x00,0x00,0x00,0x00,0x00,0x94,0xFF,0xFF,0xFF,0xFF,0xEF,0x84,0x20,0x00,0x00,0x00,0x00,0x00,0x00,0x00,0x00,0x20,0x84,0xEF,0xFF,0xFF,0xFF,0xFF,0x94,0x00,0x00,0x00,0x00,0x00,0x00,0x00,0x00,
    0x00,0x00,0x00,0x00,0x00,0x00,0x00,0x93,0xFF,0xFF,0xFF,0xFF,0xAF,0x14,0x00,0x00,0x00,0x00,0x00,0x10,0x0C,0x00,0x00,0x00,0x00,0x00,0x14,0xAF,0xFF,0xFF,0xFF,0xFF,0x93,0x00,0x00,0x00,0x00,0x00,0x00,0x00,
    0x00,0x00,0x00,0x00,0x00,0x00,0x54,0xFF,0xFF,0xFF,0xF3,0x68,0x00,0x00,0x00,0x00,0x00,0x00,0x50,0xFB,0xF3,0x38,0x00,0x00,0x00,0x00,0x00,0x00,0x68,0xF3,0xFF,0xFF,0xFF,0x54,0x00,0x00,0x00,0x00,0x00,0x00,
    0x00,0x00,0x00,0x00,0x00,0x40,0xFF,0xFF,0xFB,0xF3,0x3C,0x00,0x00,0x00,0x00,0x00,0x00,0x00,0xBB,0xFF,0xFF,0xA7,0x00,0x00,0x00,0x00,0x00,0x00,0x00,0x3C,0xF3,0xFB,0xFF,0xFF,0x40,0x00,0x00,0x00,0x00,0x00,
    0x00,0x00,0x00,0x00,0x00,0xCB,0xFF,0xFF,0xFF,0x4C,0x00,0x00,0x00,0x00,0x00,0x00,0x00,0x00,0x9F,0xFF,0xFF,0xBF,0x00,0x00,0x00,0x00,0x00,0x00,0x00,0x00,0x4C,0xFF,0xFF,0xFF,0xCB,0x00,0x00,0x00,0x00,0x00,
    0x00,0x00,0x00,0x00,0x50,0xFF,0xFF,0xFF,0x98,0x00,0x00,0x00,0x00,0x00,0x00,0x00,0x00,0x00,0x9F,0xFF,0xFF,0xBF,0x00,0x00,0x00,0x00,0x00,0x00,0x00,0x00,0x00,0x98,0xFF,0xFF,0xFF,0x50,0x00,0x00,0x00,0x00,
    0x00,0x00,0x00,0x00,0xBB,0xFF,0xFF,0xEF,0x10,0x00,0x00,0x00,0x00,0x00,0x00,0x00,0x00,0x00,0x9F,0xFF,0xFF,0xBF,0x00,0x00,0x00,0x00,0x00,0x00,0x00,0x00,0x00,0x10,0xEF,0xFF,0xFF,0xBB,0x00,0x00,0x00,0x00,
    0x00,0x00,0x00,0x1C,0xF7,0xFF,0xFF,0x80,0x00,0x00,0x00,0x00,0x00,0x00,0x00,0x00,0x00,0x00,0x9F,0xFF,0xFF,0xBF,0x00,0x00,0x00,0x00,0x00,0x00,0x00,0x00,0x00,0x00,0x80,0xFF,0xFF,0xF7,0x1C,0x00,0x00,0x00,
    0x00,0x00,0x00,0x60,0xFF,0xFF,0xFF,0x28,0x00,0x00,0x00,0x00,0x00,0x00,0x00,0x00,0x00,0x00,0x9F,0xFF,0xFF,0xBF,0x00,0x00,0x00,0x00,0x00,0x00,0x00,0x00,0x00,0x00,0x28,0xFF,0xFF,0xFF,0x60,0x00,0x00,0x00,
    0x00,0x00,0x00,0x9F,0xFF,0xFF,0xE7,0x00,0x00,0x00,0x00,0x00,0x00,0x00,0x00,0x00,0x00,0x00,0x9F,0xFF,0xFF,0xBF,0x00,0x00,0x00,0x00,0x00,0x00,0x00,0x00,0x00,0x00,0x00,0xE7,0xFF,0xFF,0x9F,0x00,0x00,0x00,
    0x00,0x00,0x00,0xD3,0xFF,0xFF,0xA7,0x00,0x00,0x00,0x00,0x00,0x00,0x00,0x00,0x00,0x00,0x00,0x9F,0xFF,0xFF,0xBF,0x00,0x00,0x00,0x00,0x00,0x00,0x00,0x00,0x00,0x00,0x00,0xA7,0xFF,0xFF,0xD3,0x00,0x00,0x00,
    0x00,0x00,0x00,0xF7,0xFF,0xFF,0x70,0x00,0x00,0x00,0x00,0x00,0x00,0x00,0x00,0x00,0x00,0x00,0x9F,0xFF,0xFF,0xBF,0x00,0x00,0x00,0x00,0x00,0x00,0x00,0x00,0x00,0x00,0x00,0x70,0xFF,0xFF,0xF7,0x00,0x00,0x00,
    0x00,0x00,0x00,0xFF,0xFF,0xFF,0x60,0x00,0x00,0x00,0x00,0x00,0x00,0x00,0x00,0x00,0x00,0x00,0xAF,0xFF,0xFF,0xF3,0x68,0x00,0x00,0x00,0x00,0x00,0x00,0x00,0x00,0x00,0x00,0x60,0xFF,0xFF,0xFF,0x00,0x00,0x00,
    0x00,0x00,0x00,0xFF,0xFF,0xFF,0x60,0x00,0x00,0x00,0x00,0x00,0x00,0x00,0x00,0x00,0x00,0x00,0x9F,0xFF,0xFF,0xFF,0xFF,0xC7,0x34,0x00,0x00,0x00,0x00,0x00,0x00,0x00,0x00,0x60,0xFF,0xFF,0xFF,0x00,0x00,0x00,
    0x00,0x00,0x00,0xF7,0xFF,0xFF,0x70,0x00,0x00,0x00,0x00,0x00,0x00,0x00,0x00,0x00,0x00,0x00,0x0C,0xA7,0xFF,0xFF,0xFF,0xFF,0xFB,0x98,0x10,0x00,0x00,0x00,0x00,0x00,0x00,0x70,0xFF,0xFF,0xF7,0x00,0x00,0x00,
    0x00,0x00,0x00,0xD3,0xFF,0xFF,0xA7,0x00,0x00,0x00,0x00,0x00,0x00,0x00,0x00,0x00,0x00,0x00,0x00,0x00,0x44,0xDB,0xFF,0xFF,0xFF,0xFF,0xE7,0x5C,0x00,0x00,0x00,0x00,0x00,0xA7,0xFF,0xFF,0xD3,0x00,0x00,0x00,
    0x00,0x00,0x00,0x9F,0xFF,0xFF,0xE7,0x00,0x00,0x00,0x00,0x00,0x00,0x00,0x00,0x00,0x00,0x00,0x00,0x00,0x00,0x08,0x7C,0xF7,0xFF,0xFF,0xFF,0xFF,0x5C,0x00,0x00,0x00,0x00,0xE7,0xFF,0xFF,0x9F,0x00,0x00,0x00,
    0x00,0x00,0x00,0x60,0xFF,0xFF,0xFF,0x28,0x00,0x00,0x00,0x00,0x00,0x00,0x00,0x00,0x00,0x00,0x00,0x00,0x00,0x00,0x00,0x20,0xB3,0xFF,0xFF,0xFF,0x97,0x00,0x00,0x00,0x28,0xFF,0xFF,0xFF,0x60,0x00,0x00,0x00,
    0x00,0x00,0x00,0x1C,0xF7,0xFF,0xFF,0x80,0x00,0x00,0x00,0x00,0x00,0x00,0x00,0x00,0x00,0x00,0x00,0x00,0x00,0x00,0x00,0x00,0x00,0x50,0xEB,0xDF,0x28,0x00,0x00,0x00,0x80,0xFF,0xFF,0xF7,0x1C,0x00,0x00,0x00,
    0x00,0x00,0x00,0x00,0xBB,0xFF,0xFF,0xEF,0x10,0x00,0x00,0x00,0x00,0x00,0x00,0x00,0x00,0x00,0x00,0x00,0x00,0x00,0x00,0x00,0x00,0x00,0x00,0x00,0x00,0x00,0x00,0x10,0xEF,0xFF,0xFF,0xBB,0x00,0x00,0x00,0x00,
    0x00,0x00,0x00,0x00,0x50,0xFF,0xFF,0xFF,0x98,0x00,0x00,0x00,0x00,0x00,0x00,0x00,0x00,0x00,0x00,0x00,0x00,0x00,0x00,0x00,0x00,0x00,0x00,0x00,0x00,0x00,0x00,0x98,0xFF,0xFF,0xFF,0x50,0x00,0x00,0x00,0x00,
    0x00,0x00,0x00,0x00,0x00,0xCB,0xFF,0xFF,0xFF,0x4C,0x00,0x00,0x00,0x00,0x00,0x00,0x00,0x00,0x00,0x00,0x00,0x00,0x00,0x00,0x00,0x00,0x00,0x00,0x00,0x00,0x4C,0xFF,0xFF,0xFF,0xCB,0x00,0x00,0x00,0x00,0x00,
    0x00,0x00,0x00,0x00,0x00,0x40,0xFF,0xFF,0xFB,0xF3,0x3C,0x00,0x00,0x00,0x00,0x00,0x00,0x00,0x00,0x00,0x00,0x00,0x00,0x00,0x00,0x00,0x00,0x00,0x00,0x3C,0xF3,0xFB,0xFF,0xFF,0x40,0x00,0x00,0x00,0x00,0x00,
    0x00,0x00,0x00,0x00,0x00,0x00,0x54,0xFF,0xFF,0xFF,0xF3,0x68,0x00,0x00,0x00,0x00,0x00,0x00,0x00,0x00,0x00,0x00,0x00,0x00,0x00,0x00,0x00,0x00,0x68,0xF3,0xFF,0xFF,0xFF,0x54,0x00,0x00,0x00,0x00,0x00,0x00,
    0x00,0x00,0x00,0x00,0x00,0x00,0x00,0x93,0xFF,0xFF,0xFF,0xFF,0xAF,0x14,0x00,0x00,0x00,0x00,0x00,0x00,0x00,0x00,0x00,0x00,0x00,0x00,0x14,0xAF,0xFF,0xFF,0xFF,0xFF,0x93,0x00,0x00,0x00,0x00,0x00,0x00,0x00,
    0x00,0x00,0x00,0x00,0x00,0x00,0x00,0x00,0x94,0xFF,0xFF,0xFF,0xFF,0xEF,0x84,0x20,0x00,0x00,0x00,0x00,0x00,0x00,0x00,0x00,0x20,0x84,0xEF,0xFF,0xFF,0xFF,0xFF,0x94,0x00,0x00,0x00,0x00,0x00,0x00,0x00,0x00,
    0x00,0x00,0x00,0x00,0x00,0x00,0x00,0x00,0x00,0x70,0xF7,0xFF,0xFF,0xFF,0xFF,0xFF,0xBF,0x93,0x78,0x60,0x60,0x78,0x93,0xBF,0xFF,0xFF,0xFF,0xFF,0xFF,0xF7,0x70,0x00,0x00,0x00,0x00,0x00,0x00,0x00,0x00,0x00,
    0x00,0x00,0x00,0x00,0x00,0x00,0x00,0x00,0x00,0x00,0x30,0xC7,0xFF,0xFF,0xFF,0xFF,0xFF,0xFF,0xFF,0xFF,0xFF,0xFF,0xFF,0xFF,0xFF,0xFF,0xFF,0xFF,0xC7,0x30,0x00,0x00,0x00,0x00,0x00,0x00,0x00,0x00,0x00,0x00,
    0x00,0x00,0x00,0x00,0x00,0x00,0x00,0x00,0x00,0x00,0x00,0x00,0x48,0xA7,0xF7,0xFF,0xFF,0xFF,0xFF,0xFF,0xFF,0xFF,0xFF,0xFF,0xFF,0xF7,0xA3,0x48,0x00,0x00,0x00,0x00,0x00,0x00,0x00,0x00,0x00,0x00,0x00,0x00,
    0x00,0x00,0x00,0x00,0x00,0x00,0x00,0x00,0x00,0x00,0x00,0x00,0x00,0x00,0x0C,0x64,0x9F,0xBF,0xDF,0xFB,0xF7,0xDB,0xBF,0x9F,0x64,0x0C,0x00,0x00,0x00,0x00,0x00,0x00,0x00,0x00,0x00,0x00,0x00,0x00,0x00,0x00,
    0x00,0x00,0x00,0x00,0x00,0x00,0x00,0x00,0x00,0x00,0x00,0x00,0x00,0x00,0x00,0x00,0x00,0x00,0x00,0x00,0x00,0x00,0x00,0x00,0x00,0x00,0x00,0x00,0x00,0x00,0x00,0x00,0x00,0x00,0x00,0x00,0x00,0x00,0x00,0x00,
    0x00,0x00,0x00,0x00,0x00,0x00,0x00,0x00,0x00,0x00,0x00,0x00,0x00,0x00,0x00,0x00,0x00,0x00,0x00,0x00,0x00,0x00,0x00,0x00,0x00,0x00,0x00,0x00,0x00,0x00,0x00,0x00,0x00,0x00,0x00,0x00,0x00,0x00,0x00,0x00,
    0x00,0x00,0x00,0x00,0x00,0x00,0x00,0x00,0x00,0x00,0x00,0x00,0x00,0x00,0x00,0x00,0x00,0x00,0x00,0x00,0x00,0x00,0x00,0x00,0x00,0x00,0x00,0x00,0x00,0x00,0x00,0x00,0x00,0x00,0x00,0x00,0x00,0x00,0x00,0x00,
  },
};

// Noms du contrat d'API, dans l'ordre exact de IconId.
const char *const NAMES[ICON_COUNT] = {
  "none", "bulb", "lamp", "ceiling", "strip", "plug",
  "power", "gate", "garage", "door", "window", "shutter",
  "blind", "lock", "heat", "cool", "fan", "thermo",
  "water", "valve", "tv", "music", "speaker", "camera",
  "alarm", "shield", "scene", "movie", "night", "sun",
  "moon", "coffee", "folder", "home", "grid", "car",
  "mower", "vacuum", "bell", "clock",
};

// Comparaison insensible à la casse, bornée : strcasecmp existe sur ESP32
// mais dépend de la locale ; ici on reste en ASCII pur.
bool sameName(const char *a, const char *b) {
  for (;; a++, b++) {
    char ca = *a, cb = *b;
    if (ca >= 'A' && ca <= 'Z') ca = (char)(ca + 32);
    if (cb >= 'A' && cb <= 'Z') cb = (char)(cb + 32);
    if (ca != cb) return false;
    if (ca == '\0') return true;
  }
}

}  // namespace

IconId iconFromName(const char *name) {
  // Un nom absent du vocabulaire fermé du contrat retombe sur ICON_NONE :
  // la tuile s'affiche alors avec son seul libellé, jamais un carré vide.
  if (!name || name[0] == '\0') return ICON_NONE;
  for (uint8_t i = 0; i < (uint8_t)ICON_COUNT; i++) {
    if (sameName(name, NAMES[i])) return (IconId)i;
  }
  return ICON_NONE;
}

const char *iconName(IconId id) {
  if ((uint8_t)id >= (uint8_t)ICON_COUNT) return NAMES[ICON_NONE];
  return NAMES[(uint8_t)id];
}

const uint8_t *iconAlpha24(IconId id) {
  if (id == ICON_NONE || (uint8_t)id >= (uint8_t)ICON_COUNT) return nullptr;
  return ICON_A24[(uint8_t)id - 1];
}

const uint8_t *iconAlpha40(IconId id) {
  if (id == ICON_NONE || (uint8_t)id >= (uint8_t)ICON_COUNT) return nullptr;
  return ICON_A40[(uint8_t)id - 1];
}
