// --------------------------------------------------------------------------
// font_ui_20.cpp — police VLW GÉNÉRÉE, NE PAS ÉDITER À LA MAIN.
// Inter-var.ttf 20px wght=600 opsz=None — 140 glyphes, ascent=20 descent=5, 26233 octets
// Fonte Inter, Copyright 2020 The Inter Project Authors,
// SIL Open Font License 1.1 — voir fonts.h.
// Générateur : gen_vlw.py + check_vlw.py (voir fonts.h).
// --------------------------------------------------------------------------
#include "fonts.h"

const uint8_t FONT_UI_20[] PROGMEM = {
  0x00,0x00,0x00,0x8C,0x00,0x00,0x00,0x0B,0x00,0x00,0x00,0x14,0x00,0x00,0x00,0x00,
  0x00,0x00,0x00,0x14,0x00,0x00,0x00,0x05,0x00,0x00,0x00,0x20,0x00,0x00,0x00,0x00,
  0x00,0x00,0x00,0x00,0x00,0x00,0x00,0x05,0x00,0x00,0x00,0x00,0x00,0x00,0x00,0x00,
  0x00,0x00,0x00,0x00,0x00,0x00,0x00,0x21,0x00,0x00,0x00,0x10,0x00,0x00,0x00,0x04,
  0x00,0x00,0x00,0x06,0x00,0x00,0x00,0x0F,0x00,0x00,0x00,0x01,0x00,0x00,0x00,0x00,
  0x00,0x00,0x00,0x22,0x00,0x00,0x00,0x07,0x00,0x00,0x00,0x08,0x00,0x00,0x00,0x0A,
  0x00,0x00,0x00,0x0F,0x00,0x00,0x00,0x01,0x00,0x00,0x00,0x00,0x00,0x00,0x00,0x23,
  0x00,0x00,0x00,0x0F,0x00,0x00,0x00,0x0D,0x00,0x00,0x00,0x0D,0x00,0x00,0x00,0x0F,
  0x00,0x00,0x00,0x00,0x00,0x00,0x00,0x00,0x00,0x00,0x00,0x24,0x00,0x00,0x00,0x14,
  0x00,0x00,0x00,0x0D,0x00,0x00,0x00,0x0D,0x00,0x00,0x00,0x11,0x00,0x00,0x00,0x00,
  0x00,0x00,0x00,0x00,0x00,0x00,0x00,0x25,0x00,0x00,0x00,0x10,0x00,0x00,0x00,0x11,
  0x00,0x00,0x00,0x13,0x00,0x00,0x00,0x0F,0x00,0x00,0x00,0x01,0x00,0x00,0x00,0x00,
  0x00,0x00,0x00,0x26,0x00,0x00,0x00,0x10,0x00,0x00,0x00,0x0D,0x00,0x00,0x00,0x0D,
  0x00,0x00,0x00,0x0F,0x00,0x00,0x00,0x00,0x00,0x00,0x00,0x00,0x00,0x00,0x00,0x27,
  0x00,0x00,0x00,0x07,0x00,0x00,0x00,0x04,0x00,0x00,0x00,0x06,0x00,0x00,0x00,0x0F,
  0x00,0x00,0x00,0x01,0x00,0x00,0x00,0x00,0x00,0x00,0x00,0x28,0x00,0x00,0x00,0x13,
  0x00,0x00,0x00,0x06,0x00,0x00,0x00,0x07,0x00,0x00,0x00,0x10,0x00,0x00,0x00,0x01,
  0x00,0x00,0x00,0x00,0x00,0x00,0x00,0x29,0x00,0x00,0x00,0x13,0x00,0x00,0x00,0x06,
  0x00,0x00,0x00,0x07,0x00,0x00,0x00,0x10,0x00,0x00,0x00,0x00,0x00,0x00,0x00,0x00,
  0x00,0x00,0x00,0x2A,0x00,0x00,0x00,0x09,0x00,0x00,0x00,0x09,0x00,0x00,0x00,0x0B,
  0x00,0x00,0x00,0x0F,0x00,0x00,0x00,0x01,0x00,0x00,0x00,0x00,0x00,0x00,0x00,0x2B,
  0x00,0x00,0x00,0x0B,0x00,0x00,0x00,0x0B,0x00,0x00,0x00,0x0D,0x00,0x00,0x00,0x0B,
  0x00,0x00,0x00,0x01,0x00,0x00,0x00,0x00,0x00,0x00,0x00,0x2C,0x00,0x00,0x00,0x07,
  0x00,0x00,0x00,0x05,0x00,0x00,0x00,0x06,0x00,0x00,0x00,0x03,0x00,0x00,0x00,0x00,
  0x00,0x00,0x00,0x00,0x00,0x00,0x00,0x2D,0x00,0x00,0x00,0x04,0x00,0x00,0x00,0x07,
  0x00,0x00,0x00,0x09,0x00,0x00,0x00,0x08,0x00,0x00,0x00,0x01,0x00,0x00,0x00,0x00,
  0x00,0x00,0x00,0x2E,0x00,0x00,0x00,0x04,0x00,0x00,0x00,0x04,0x00,0x00,0x00,0x06,
  0x00,0x00,0x00,0x03,0x00,0x00,0x00,0x01,0x00,0x00,0x00,0x00,0x00,0x00,0x00,0x2F,
  0x00,0x00,0x00,0x13,0x00,0x00,0x00,0x08,0x00,0x00,0x00,0x07,0x00,0x00,0x00,0x10,
  0x00,0x00,0x00,0x00,0x00,0x00,0x00,0x00,0x00,0x00,0x00,0x30,0x00,0x00,0x00,0x10,
  0x00,0x00,0x00,0x0D,0x00,0x00,0x00,0x0D,0x00,0x00,0x00,0x0F,0x00,0x00,0x00,0x00,
  0x00,0x00,0x00,0x00,0x00,0x00,0x00,0x31,0x00,0x00,0x00,0x0F,0x00,0x00,0x00,0x07,
  0x00,0x00,0x00,0x08,0x00,0x00,0x00,0x0F,0x00,0x00,0x00,0x00,0x00,0x00,0x00,0x00,
  0x00,0x00,0x00,0x32,0x00,0x00,0x00,0x0F,0x00,0x00,0x00,0x0B,0x00,0x00,0x00,0x0C,
  0x00,0x00,0x00,0x0F,0x00,0x00,0x00,0x01,0x00,0x00,0x00,0x00,0x00,0x00,0x00,0x33,
  0x00,0x00,0x00,0x10,0x00,0x00,0x00,0x0C,0x00,0x00,0x00,0x0D,0x00,0x00,0x00,0x0F,
  0x00,0x00,0x00,0x00,0x00,0x00,0x00,0x00,0x00,0x00,0x00,0x34,0x00,0x00,0x00,0x0F,
  0x00,0x00,0x00,0x0D,0x00,0x00,0x00,0x0D,0x00,0x00,0x00,0x0F,0x00,0x00,0x00,0x00,
  0x00,0x00,0x00,0x00,0x00,0x00,0x00,0x35,0x00,0x00,0x00,0x10,0x00,0x00,0x00,0x0C,
  0x00,0x00,0x00,0x0C,0x00,0x00,0x00,0x0F,0x00,0x00,0x00,0x00,0x00,0x00,0x00,0x00,
  0x00,0x00,0x00,0x36,0x00,0x00,0x00,0x10,0x00,0x00,0x00,0x0C,0x00,0x00,0x00,0x0D,
  0x00,0x00,0x00,0x0F,0x00,0x00,0x00,0x00,0x00,0x00,0x00,0x00,0x00,0x00,0x00,0x37,
  0x00,0x00,0x00,0x0F,0x00,0x00,0x00,0x0B,0x00,0x00,0x00,0x0B,0x00,0x00,0x00,0x0F,
  0x00,0x00,0x00,0x00,0x00,0x00,0x00,0x00,0x00,0x00,0x00,0x38,0x00,0x00,0x00,0x10,
  0x00,0x00,0x00,0x0C,0x00,0x00,0x00,0x0D,0x00,0x00,0x00,0x0F,0x00,0x00,0x00,0x00,
  0x00,0x00,0x00,0x00,0x00,0x00,0x00,0x39,0x00,0x00,0x00,0x10,0x00,0x00,0x00,0x0C,
  0x00,0x00,0x00,0x0D,0x00,0x00,0x00,0x0F,0x00,0x00,0x00,0x00,0x00,0x00,0x00,0x00,
  0x00,0x00,0x00,0x3A,0x00,0x00,0x00,0x0B,0x00,0x00,0x00,0x04,0x00,0x00,0x00,0x06,
  0x00,0x00,0x00,0x0A,0x00,0x00,0x00,0x01,0x00,0x00,0x00,0x00,0x00,0x00,0x00,0x3B,
  0x00,0x00,0x00,0x0E,0x00,0x00,0x00,0x05,0x00,0x00,0x00,0x06,0x00,0x00,0x00,0x0A,
  0x00,0x00,0x00,0x00,0x00,0x00,0x00,0x00,0x00,0x00,0x00,0x3C,0x00,0x00,0x00,0x0C,
  0x00,0x00,0x00,0x0B,0x00,0x00,0x00,0x0D,0x00,0x00,0x00,0x0C,0x00,0x00,0x00,0x01,
  0x00,0x00,0x00,0x00,0x00,0x00,0x00,0x3D,0x00,0x00,0x00,0x08,0x00,0x00,0x00,0x0B,
  0x00,0x00,0x00,0x0D,0x00,0x00,0x00,0x0A,0x00,0x00,0x00,0x01,0x00,0x00,0x00,0x00,
  0x00,0x00,0x00,0x3E,0x00,0x00,0x00,0x0C,0x00,0x00,0x00,0x0A,0x00,0x00,0x00,0x0D,
  0x00,0x00,0x00,0x0C,0x00,0x00,0x00,0x02,0x00,0x00,0x00,0x00,0x00,0x00,0x00,0x3F,
  0x00,0x00,0x00,0x10,0x00,0x00,0x00,0x0B,0x00,0x00,0x00,0x0B,0x00,0x00,0x00,0x0F,
  0x00,0x00,0x00,0x00,0x00,0x00,0x00,0x00,0x00,0x00,0x00,0x40,0x00,0x00,0x00,0x14,
  0x00,0x00,0x00,0x14,0x00,0x00,0x00,0x14,0x00,0x00,0x00,0x0F,0x00,0x00,0x00,0x00,
  0x00,0x00,0x00,0x00,0x00,0x00,0x00,0x41,0x00,0x00,0x00,0x0F,0x00,0x00,0x00,0x0E,
  0x00,0x00,0x00,0x0E,0x00,0x00,0x00,0x0F,0x00,0x00,0x00,0x00,0x00,0x00,0x00,0x00,
  0x00,0x00,0x00,0x42,0x00,0x00,0x00,0x0F,0x00,0x00,0x00,0x0C,0x00,0x00,0x00,0x0D,
  0x00,0x00,0x00,0x0F,0x00,0x00,0x00,0x01,0x00,0x00,0x00,0x00,0x00,0x00,0x00,0x43,
  0x00,0x00,0x00,0x10,0x00,0x00,0x00,0x0E,0x00,0x00,0x00,0x0F,0x00,0x00,0x00,0x0F,
  0x00,0x00,0x00,0x00,0x00,0x00,0x00,0x00,0x00,0x00,0x00,0x44,0x00,0x00,0x00,0x0F,
  0x00,0x00,0x00,0x0D,0x00,0x00,0x00,0x0E,0x00,0x00,0x00,0x0F,0x00,0x00,0x00,0x01,
  0x00,0x00,0x00,0x00,0x00,0x00,0x00,0x45,0x00,0x00,0x00,0x0F,0x00,0x00,0x00,0x0B,
  0x00,0x00,0x00,0x0C,0x00,0x00,0x00,0x0F,0x00,0x00,0x00,0x01,0x00,0x00,0x00,0x00,
  0x00,0x00,0x00,0x46,0x00,0x00,0x00,0x0F,0x00,0x00,0x00,0x0A,0x00,0x00,0x00,0x0C,
  0x00,0x00,0x00,0x0F,0x00,0x00,0x00,0x01,0x00,0x00,0x00,0x00,0x00,0x00,0x00,0x47,
  0x00,0x00,0x00,0x10,0x00,0x00,0x00,0x0E,0x00,0x00,0x00,0x0F,0x00,0x00,0x00,0x0F,
  0x00,0x00,0x00,0x00,0x00,0x00,0x00,0x00,0x00,0x00,0x00,0x48,0x00,0x00,0x00,0x0F,
  0x00,0x00,0x00,0x0D,0x00,0x00,0x00,0x0F,0x00,0x00,0x00,0x0F,0x00,0x00,0x00,0x01,
  0x00,0x00,0x00,0x00,0x00,0x00,0x00,0x49,0x00,0x00,0x00,0x0F,0x00,0x00,0x00,0x03,
  0x00,0x00,0x00,0x05,0x00,0x00,0x00,0x0F,0x00,0x00,0x00,0x01,0x00,0x00,0x00,0x00,
  0x00,0x00,0x00,0x4A,0x00,0x00,0x00,0x10,0x00,0x00,0x00,0x0B,0x00,0x00,0x00,0x0B,
  0x00,0x00,0x00,0x0F,0x00,0x00,0x00,0x00,0x00,0x00,0x00,0x00,0x00,0x00,0x00,0x4B,
  0x00,0x00,0x00,0x0F,0x00,0x00,0x00,0x0D,0x00,0x00,0x00,0x0E,0x00,0x00,0x00,0x0F,
  0x00,0x00,0x00,0x01,0x00,0x00,0x00,0x00,0x00,0x00,0x00,0x4C,0x00,0x00,0x00,0x0F,
  0x00,0x00,0x00,0x0A,0x00,0x00,0x00,0x0B,0x00,0x00,0x00,0x0F,0x00,0x00,0x00,0x01,
  0x00,0x00,0x00,0x00,0x00,0x00,0x00,0x4D,0x00,0x00,0x00,0x0F,0x00,0x00,0x00,0x10,
  0x00,0x00,0x00,0x12,0x00,0x00,0x00,0x0F,0x00,0x00,0x00,0x01,0x00,0x00,0x00,0x00,
  0x00,0x00,0x00,0x4E,0x00,0x00,0x00,0x0F,0x00,0x00,0x00,0x0D,0x00,0x00,0x00,0x0F,
  0x00,0x00,0x00,0x0F,0x00,0x00,0x00,0x01,0x00,0x00,0x00,0x00,0x00,0x00,0x00,0x4F,
  0x00,0x00,0x00,0x10,0x00,0x00,0x00,0x0F,0x00,0x00,0x00,0x0F,0x00,0x00,0x00,0x0F,
  0x00,0x00,0x00,0x00,0x00,0x00,0x00,0x00,0x00,0x00,0x00,0x50,0x00,0x00,0x00,0x0F,
  0x00,0x00,0x00,0x0C,0x00,0x00,0x00,0x0D,0x00,0x00,0x00,0x0F,0x00,0x00,0x00,0x01,
  0x00,0x00,0x00,0x00,0x00,0x00,0x00,0x51,0x00,0x00,0x00,0x11,0x00,0x00,0x00,0x0F,
  0x00,0x00,0x00,0x0F,0x00,0x00,0x00,0x0F,0x00,0x00,0x00,0x00,0x00,0x00,0x00,0x00,
  0x00,0x00,0x00,0x52,0x00,0x00,0x00,0x0F,0x00,0x00,0x00,0x0C,0x00,0x00,0x00,0x0D,
  0x00,0x00,0x00,0x0F,0x00,0x00,0x00,0x01,0x00,0x00,0x00,0x00,0x00,0x00,0x00,0x53,
  0x00,0x00,0x00,0x10,0x00,0x00,0x00,0x0D,0x00,0x00,0x00,0x0D,0x00,0x00,0x00,0x0F,
  0x00,0x00,0x00,0x00,0x00,0x00,0x00,0x00,0x00,0x00,0x00,0x54,0x00,0x00,0x00,0x0F,
  0x00,0x00,0x00,0x0D,0x00,0x00,0x00,0x0D,0x00,0x00,0x00,0x0F,0x00,0x00,0x00,0x00,
  0x00,0x00,0x00,0x00,0x00,0x00,0x00,0x55,0x00,0x00,0x00,0x10,0x00,0x00,0x00,0x0D,
  0x00,0x00,0x00,0x0F,0x00,0x00,0x00,0x0F,0x00,0x00,0x00,0x01,0x00,0x00,0x00,0x00,
  0x00,0x00,0x00,0x56,0x00,0x00,0x00,0x0F,0x00,0x00,0x00,0x0E,0x00,0x00,0x00,0x0E,
  0x00,0x00,0x00,0x0F,0x00,0x00,0x00,0x00,0x00,0x00,0x00,0x00,0x00,0x00,0x00,0x57,
  0x00,0x00,0x00,0x0F,0x00,0x00,0x00,0x14,0x00,0x00,0x00,0x14,0x00,0x00,0x00,0x0F,
  0x00,0x00,0x00,0x00,0x00,0x00,0x00,0x00,0x00,0x00,0x00,0x58,0x00,0x00,0x00,0x0F,
  0x00,0x00,0x00,0x0E,0x00,0x00,0x00,0x0E,0x00,0x00,0x00,0x0F,0x00,0x00,0x00,0x00,
  0x00,0x00,0x00,0x00,0x00,0x00,0x00,0x59,0x00,0x00,0x00,0x0F,0x00,0x00,0x00,0x0E,
  0x00,0x00,0x00,0x0E,0x00,0x00,0x00,0x0F,0x00,0x00,0x00,0x00,0x00,0x00,0x00,0x00,
  0x00,0x00,0x00,0x5A,0x00,0x00,0x00,0x0F,0x00,0x00,0x00,0x0C,0x00,0x00,0x00,0x0D,
  0x00,0x00,0x00,0x0F,0x00,0x00,0x00,0x00,0x00,0x00,0x00,0x00,0x00,0x00,0x00,0x5B,
  0x00,0x00,0x00,0x13,0x00,0x00,0x00,0x06,0x00,0x00,0x00,0x07,0x00,0x00,0x00,0x10,
  0x00,0x00,0x00,0x01,0x00,0x00,0x00,0x00,0x00,0x00,0x00,0x5C,0x00,0x00,0x00,0x13,
  0x00,0x00,0x00,0x08,0x00,0x00,0x00,0x07,0x00,0x00,0x00,0x10,0x00,0x00,0x00,0x00,
  0x00,0x00,0x00,0x00,0x00,0x00,0x00,0x5D,0x00,0x00,0x00,0x13,0x00,0x00,0x00,0x06,
  0x00,0x00,0x00,0x07,0x00,0x00,0x00,0x10,0x00,0x00,0x00,0x00,0x00,0x00,0x00,0x00,
  0x00,0x00,0x00,0x5E,0x00,0x00,0x00,0x08,0x00,0x00,0x00,0x09,0x00,0x00,0x00,0x09,
  0x00,0x00,0x00,0x0F,0x00,0x00,0x00,0x00,0x00,0x00,0x00,0x00,0x00,0x00,0x00,0x5F,
  0x00,0x00,0x00,0x03,0x00,0x00,0x00,0x0A,0x00,0x00,0x00,0x09,0x00,0x00,0x00,0x00,
  0x00,0x00,0x00,0x00,0x00,0x00,0x00,0x00,0x00,0x00,0x00,0x60,0x00,0x00,0x00,0x04,
  0x00,0x00,0x00,0x05,0x00,0x00,0x00,0x07,0x00,0x00,0x00,0x10,0x00,0x00,0x00,0x01,
  0x00,0x00,0x00,0x00,0x00,0x00,0x00,0x61,0x00,0x00,0x00,0x0C,0x00,0x00,0x00,0x0A,
  0x00,0x00,0x00,0x0B,0x00,0x00,0x00,0x0B,0x00,0x00,0x00,0x00,0x00,0x00,0x00,0x00,
  0x00,0x00,0x00,0x62,0x00,0x00,0x00,0x10,0x00,0x00,0x00,0x0B,0x00,0x00,0x00,0x0C,
  0x00,0x00,0x00,0x0F,0x00,0x00,0x00,0x01,0x00,0x00,0x00,0x00,0x00,0x00,0x00,0x63,
  0x00,0x00,0x00,0x0C,0x00,0x00,0x00,0x0B,0x00,0x00,0x00,0x0B,0x00,0x00,0x00,0x0B,
  0x00,0x00,0x00,0x00,0x00,0x00,0x00,0x00,0x00,0x00,0x00,0x64,0x00,0x00,0x00,0x10,
  0x00,0x00,0x00,0x0B,0x00,0x00,0x00,0x0C,0x00,0x00,0x00,0x0F,0x00,0x00,0x00,0x00,
  0x00,0x00,0x00,0x00,0x00,0x00,0x00,0x65,0x00,0x00,0x00,0x0C,0x00,0x00,0x00,0x0B,
  0x00,0x00,0x00,0x0C,0x00,0x00,0x00,0x0B,0x00,0x00,0x00,0x00,0x00,0x00,0x00,0x00,
  0x00,0x00,0x00,0x66,0x00,0x00,0x00,0x0F,0x00,0x00,0x00,0x08,0x00,0x00,0x00,0x08,
  0x00,0x00,0x00,0x0F,0x00,0x00,0x00,0x00,0x00,0x00,0x00,0x00,0x00,0x00,0x00,0x67,
  0x00,0x00,0x00,0x10,0x00,0x00,0x00,0x0B,0x00,0x00,0x00,0x0C,0x00,0x00,0x00,0x0B,
  0x00,0x00,0x00,0x00,0x00,0x00,0x00,0x00,0x00,0x00,0x00,0x68,0x00,0x00,0x00,0x0F,
  0x00,0x00,0x00,0x0A,0x00,0x00,0x00,0x0C,0x00,0x00,0x00,0x0F,0x00,0x00,0x00,0x01,
  0x00,0x00,0x00,0x00,0x00,0x00,0x00,0x69,0x00,0x00,0x00,0x10,0x00,0x00,0x00,0x03,
  0x00,0x00,0x00,0x05,0x00,0x00,0x00,0x10,0x00,0x00,0x00,0x01,0x00,0x00,0x00,0x00,
  0x00,0x00,0x00,0x6A,0x00,0x00,0x00,0x15,0x00,0x00,0x00,0x05,0x00,0x00,0x00,0x05,
  0x00,0x00,0x00,0x10,0xFF,0xFF,0xFF,0xFF,0x00,0x00,0x00,0x00,0x00,0x00,0x00,0x6B,
  0x00,0x00,0x00,0x0F,0x00,0x00,0x00,0x0B,0x00,0x00,0x00,0x0B,0x00,0x00,0x00,0x0F,
  0x00,0x00,0x00,0x01,0x00,0x00,0x00,0x00,0x00,0x00,0x00,0x6C,0x00,0x00,0x00,0x0F,
  0x00,0x00,0x00,0x03,0x00,0x00,0x00,0x05,0x00,0x00,0x00,0x0F,0x00,0x00,0x00,0x01,
  0x00,0x00,0x00,0x00,0x00,0x00,0x00,0x6D,0x00,0x00,0x00,0x0B,0x00,0x00,0x00,0x10,
  0x00,0x00,0x00,0x12,0x00,0x00,0x00,0x0B,0x00,0x00,0x00,0x01,0x00,0x00,0x00,0x00,
  0x00,0x00,0x00,0x6E,0x00,0x00,0x00,0x0B,0x00,0x00,0x00,0x0A,0x00,0x00,0x00,0x0C,
  0x00,0x00,0x00,0x0B,0x00,0x00,0x00,0x01,0x00,0x00,0x00,0x00,0x00,0x00,0x00,0x6F,
  0x00,0x00,0x00,0x0C,0x00,0x00,0x00,0x0C,0x00,0x00,0x00,0x0C,0x00,0x00,0x00,0x0B,
  0x00,0x00,0x00,0x00,0x00,0x00,0x00,0x00,0x00,0x00,0x00,0x70,0x00,0x00,0x00,0x10,
  0x00,0x00,0x00,0x0B,0x00,0x00,0x00,0x0C,0x00,0x00,0x00,0x0B,0x00,0x00,0x00,0x01,
  0x00,0x00,0x00,0x00,0x00,0x00,0x00,0x71,0x00,0x00,0x00,0x10,0x00,0x00,0x00,0x0B,
  0x00,0x00,0x00,0x0C,0x00,0x00,0x00,0x0B,0x00,0x00,0x00,0x00,0x00,0x00,0x00,0x00,
  0x00,0x00,0x00,0x72,0x00,0x00,0x00,0x0B,0x00,0x00,0x00,0x07,0x00,0x00,0x00,0x08,
  0x00,0x00,0x00,0x0B,0x00,0x00,0x00,0x01,0x00,0x00,0x00,0x00,0x00,0x00,0x00,0x73,
  0x00,0x00,0x00,0x0C,0x00,0x00,0x00,0x0A,0x00,0x00,0x00,0x0B,0x00,0x00,0x00,0x0B,
  0x00,0x00,0x00,0x00,0x00,0x00,0x00,0x00,0x00,0x00,0x00,0x74,0x00,0x00,0x00,0x0F,
  0x00,0x00,0x00,0x07,0x00,0x00,0x00,0x07,0x00,0x00,0x00,0x0E,0x00,0x00,0x00,0x00,
  0x00,0x00,0x00,0x00,0x00,0x00,0x00,0x75,0x00,0x00,0x00,0x0C,0x00,0x00,0x00,0x0A,
  0x00,0x00,0x00,0x0C,0x00,0x00,0x00,0x0B,0x00,0x00,0x00,0x01,0x00,0x00,0x00,0x00,
  0x00,0x00,0x00,0x76,0x00,0x00,0x00,0x0B,0x00,0x00,0x00,0x0C,0x00,0x00,0x00,0x0B,
  0x00,0x00,0x00,0x0B,0x00,0x00,0x00,0x00,0x00,0x00,0x00,0x00,0x00,0x00,0x00,0x77,
  0x00,0x00,0x00,0x0B,0x00,0x00,0x00,0x11,0x00,0x00,0x00,0x11,0x00,0x00,0x00,0x0B,
  0x00,0x00,0x00,0x00,0x00,0x00,0x00,0x00,0x00,0x00,0x00,0x78,0x00,0x00,0x00,0x0B,
  0x00,0x00,0x00,0x0B,0x00,0x00,0x00,0x0B,0x00,0x00,0x00,0x0B,0x00,0x00,0x00,0x00,
  0x00,0x00,0x00,0x00,0x00,0x00,0x00,0x79,0x00,0x00,0x00,0x10,0x00,0x00,0x00,0x0C,
  0x00,0x00,0x00,0x0B,0x00,0x00,0x00,0x0B,0x00,0x00,0x00,0x00,0x00,0x00,0x00,0x00,
  0x00,0x00,0x00,0x7A,0x00,0x00,0x00,0x0B,0x00,0x00,0x00,0x09,0x00,0x00,0x00,0x0B,
  0x00,0x00,0x00,0x0B,0x00,0x00,0x00,0x01,0x00,0x00,0x00,0x00,0x00,0x00,0x00,0x7B,
  0x00,0x00,0x00,0x13,0x00,0x00,0x00,0x07,0x00,0x00,0x00,0x09,0x00,0x00,0x00,0x10,
  0x00,0x00,0x00,0x01,0x00,0x00,0x00,0x00,0x00,0x00,0x00,0x7C,0x00,0x00,0x00,0x19,
  0x00,0x00,0x00,0x03,0x00,0x00,0x00,0x07,0x00,0x00,0x00,0x14,0x00,0x00,0x00,0x02,
  0x00,0x00,0x00,0x00,0x00,0x00,0x00,0x7D,0x00,0x00,0x00,0x13,0x00,0x00,0x00,0x08,
  0x00,0x00,0x00,0x09,0x00,0x00,0x00,0x10,0x00,0x00,0x00,0x00,0x00,0x00,0x00,0x00,
  0x00,0x00,0x00,0x7E,0x00,0x00,0x00,0x05,0x00,0x00,0x00,0x0B,0x00,0x00,0x00,0x0D,
  0x00,0x00,0x00,0x08,0x00,0x00,0x00,0x01,0x00,0x00,0x00,0x00,0x00,0x00,0x00,0xAB,
  0x00,0x00,0x00,0x0A,0x00,0x00,0x00,0x0C,0x00,0x00,0x00,0x0C,0x00,0x00,0x00,0x0B,
  0x00,0x00,0x00,0x00,0x00,0x00,0x00,0x00,0x00,0x00,0x00,0xB0,0x00,0x00,0x00,0x08,
  0x00,0x00,0x00,0x07,0x00,0x00,0x00,0x09,0x00,0x00,0x00,0x0F,0x00,0x00,0x00,0x01,
  0x00,0x00,0x00,0x00,0x00,0x00,0x00,0xB2,0x00,0x00,0x00,0x09,0x00,0x00,0x00,0x08,
  0x00,0x00,0x00,0x09,0x00,0x00,0x00,0x11,0x00,0x00,0x00,0x00,0x00,0x00,0x00,0x00,
  0x00,0x00,0x00,0xB3,0x00,0x00,0x00,0x09,0x00,0x00,0x00,0x09,0x00,0x00,0x00,0x09,
  0x00,0x00,0x00,0x11,0x00,0x00,0x00,0x00,0x00,0x00,0x00,0x00,0x00,0x00,0x00,0xB7,
  0x00,0x00,0x00,0x04,0x00,0x00,0x00,0x04,0x00,0x00,0x00,0x06,0x00,0x00,0x00,0x09,
  0x00,0x00,0x00,0x01,0x00,0x00,0x00,0x00,0x00,0x00,0x00,0xBB,0x00,0x00,0x00,0x0A,
  0x00,0x00,0x00,0x0C,0x00,0x00,0x00,0x0C,0x00,0x00,0x00,0x0B,0x00,0x00,0x00,0x00,
  0x00,0x00,0x00,0x00,0x00,0x00,0x00,0xC0,0x00,0x00,0x00,0x14,0x00,0x00,0x00,0x0E,
  0x00,0x00,0x00,0x0E,0x00,0x00,0x00,0x14,0x00,0x00,0x00,0x00,0x00,0x00,0x00,0x00,
  0x00,0x00,0x00,0xC2,0x00,0x00,0x00,0x14,0x00,0x00,0x00,0x0E,0x00,0x00,0x00,0x0E,
  0x00,0x00,0x00,0x14,0x00,0x00,0x00,0x00,0x00,0x00,0x00,0x00,0x00,0x00,0x00,0xC4,
  0x00,0x00,0x00,0x13,0x00,0x00,0x00,0x0E,0x00,0x00,0x00,0x0E,0x00,0x00,0x00,0x13,
  0x00,0x00,0x00,0x00,0x00,0x00,0x00,0x00,0x00,0x00,0x00,0xC7,0x00,0x00,0x00,0x14,
  0x00,0x00,0x00,0x0E,0x00,0x00,0x00,0x0F,0x00,0x00,0x00,0x0F,0x00,0x00,0x00,0x00,
  0x00,0x00,0x00,0x00,0x00,0x00,0x00,0xC8,0x00,0x00,0x00,0x14,0x00,0x00,0x00,0x0B,
  0x00,0x00,0x00,0x0C,0x00,0x00,0x00,0x14,0x00,0x00,0x00,0x01,0x00,0x00,0x00,0x00,
  0x00,0x00,0x00,0xC9,0x00,0x00,0x00,0x14,0x00,0x00,0x00,0x0B,0x00,0x00,0x00,0x0C,
  0x00,0x00,0x00,0x14,0x00,0x00,0x00,0x01,0x00,0x00,0x00,0x00,0x00,0x00,0x00,0xCA,
  0x00,0x00,0x00,0x14,0x00,0x00,0x00,0x0B,0x00,0x00,0x00,0x0C,0x00,0x00,0x00,0x14,
  0x00,0x00,0x00,0x01,0x00,0x00,0x00,0x00,0x00,0x00,0x00,0xCB,0x00,0x00,0x00,0x13,
  0x00,0x00,0x00,0x0B,0x00,0x00,0x00,0x0C,0x00,0x00,0x00,0x13,0x00,0x00,0x00,0x01,
  0x00,0x00,0x00,0x00,0x00,0x00,0x00,0xCE,0x00,0x00,0x00,0x14,0x00,0x00,0x00,0x08,
  0x00,0x00,0x00,0x05,0x00,0x00,0x00,0x14,0xFF,0xFF,0xFF,0xFF,0x00,0x00,0x00,0x00,
  0x00,0x00,0x00,0xCF,0x00,0x00,0x00,0x13,0x00,0x00,0x00,0x08,0x00,0x00,0x00,0x05,
  0x00,0x00,0x00,0x13,0xFF,0xFF,0xFF,0xFF,0x00,0x00,0x00,0x00,0x00,0x00,0x00,0xD4,
  0x00,0x00,0x00,0x15,0x00,0x00,0x00,0x0F,0x00,0x00,0x00,0x0F,0x00,0x00,0x00,0x14,
  0x00,0x00,0x00,0x00,0x00,0x00,0x00,0x00,0x00,0x00,0x00,0xD6,0x00,0x00,0x00,0x14,
  0x00,0x00,0x00,0x0F,0x00,0x00,0x00,0x0F,0x00,0x00,0x00,0x13,0x00,0x00,0x00,0x00,
  0x00,0x00,0x00,0x00,0x00,0x00,0x00,0xD9,0x00,0x00,0x00,0x15,0x00,0x00,0x00,0x0D,
  0x00,0x00,0x00,0x0F,0x00,0x00,0x00,0x14,0x00,0x00,0x00,0x01,0x00,0x00,0x00,0x00,
  0x00,0x00,0x00,0xDB,0x00,0x00,0x00,0x15,0x00,0x00,0x00,0x0D,0x00,0x00,0x00,0x0F,
  0x00,0x00,0x00,0x14,0x00,0x00,0x00,0x01,0x00,0x00,0x00,0x00,0x00,0x00,0x00,0xDC,
  0x00,0x00,0x00,0x14,0x00,0x00,0x00,0x0D,0x00,0x00,0x00,0x0F,0x00,0x00,0x00,0x13,
  0x00,0x00,0x00,0x01,0x00,0x00,0x00,0x00,0x00,0x00,0x00,0xE0,0x00,0x00,0x00,0x11,
  0x00,0x00,0x00,0x0A,0x00,0x00,0x00,0x0B,0x00,0x00,0x00,0x10,0x00,0x00,0x00,0x00,
  0x00,0x00,0x00,0x00,0x00,0x00,0x00,0xE2,0x00,0x00,0x00,0x11,0x00,0x00,0x00,0x0A,
  0x00,0x00,0x00,0x0B,0x00,0x00,0x00,0x10,0x00,0x00,0x00,0x00,0x00,0x00,0x00,0x00,
  0x00,0x00,0x00,0xE4,0x00,0x00,0x00,0x10,0x00,0x00,0x00,0x0A,0x00,0x00,0x00,0x0B,
  0x00,0x00,0x00,0x0F,0x00,0x00,0x00,0x00,0x00,0x00,0x00,0x00,0x00,0x00,0x00,0xE7,
  0x00,0x00,0x00,0x10,0x00,0x00,0x00,0x0B,0x00,0x00,0x00,0x0B,0x00,0x00,0x00,0x0B,
  0x00,0x00,0x00,0x00,0x00,0x00,0x00,0x00,0x00,0x00,0x00,0xE8,0x00,0x00,0x00,0x11,
  0x00,0x00,0x00,0x0B,0x00,0x00,0x00,0x0C,0x00,0x00,0x00,0x10,0x00,0x00,0x00,0x00,
  0x00,0x00,0x00,0x00,0x00,0x00,0x00,0xE9,0x00,0x00,0x00,0x11,0x00,0x00,0x00,0x0B,
  0x00,0x00,0x00,0x0C,0x00,0x00,0x00,0x10,0x00,0x00,0x00,0x00,0x00,0x00,0x00,0x00,
  0x00,0x00,0x00,0xEA,0x00,0x00,0x00,0x11,0x00,0x00,0x00,0x0B,0x00,0x00,0x00,0x0C,
  0x00,0x00,0x00,0x10,0x00,0x00,0x00,0x00,0x00,0x00,0x00,0x00,0x00,0x00,0x00,0xEB,
  0x00,0x00,0x00,0x10,0x00,0x00,0x00,0x0B,0x00,0x00,0x00,0x0C,0x00,0x00,0x00,0x0F,
  0x00,0x00,0x00,0x00,0x00,0x00,0x00,0x00,0x00,0x00,0x00,0xEE,0x00,0x00,0x00,0x10,
  0x00,0x00,0x00,0x09,0x00,0x00,0x00,0x05,0x00,0x00,0x00,0x10,0xFF,0xFF,0xFF,0xFE,
  0x00,0x00,0x00,0x00,0x00,0x00,0x00,0xEF,0x00,0x00,0x00,0x0F,0x00,0x00,0x00,0x08,
  0x00,0x00,0x00,0x05,0x00,0x00,0x00,0x0F,0xFF,0xFF,0xFF,0xFF,0x00,0x00,0x00,0x00,
  0x00,0x00,0x00,0xF4,0x00,0x00,0x00,0x11,0x00,0x00,0x00,0x0C,0x00,0x00,0x00,0x0C,
  0x00,0x00,0x00,0x10,0x00,0x00,0x00,0x00,0x00,0x00,0x00,0x00,0x00,0x00,0x00,0xF6,
  0x00,0x00,0x00,0x10,0x00,0x00,0x00,0x0C,0x00,0x00,0x00,0x0C,0x00,0x00,0x00,0x0F,
  0x00,0x00,0x00,0x00,0x00,0x00,0x00,0x00,0x00,0x00,0x00,0xF9,0x00,0x00,0x00,0x11,
  0x00,0x00,0x00,0x0A,0x00,0x00,0x00,0x0C,0x00,0x00,0x00,0x10,0x00,0x00,0x00,0x01,
  0x00,0x00,0x00,0x00,0x00,0x00,0x00,0xFB,0x00,0x00,0x00,0x11,0x00,0x00,0x00,0x0A,
  0x00,0x00,0x00,0x0C,0x00,0x00,0x00,0x10,0x00,0x00,0x00,0x01,0x00,0x00,0x00,0x00,
  0x00,0x00,0x00,0xFC,0x00,0x00,0x00,0x10,0x00,0x00,0x00,0x0A,0x00,0x00,0x00,0x0C,
  0x00,0x00,0x00,0x0F,0x00,0x00,0x00,0x01,0x00,0x00,0x00,0x00,0x00,0x00,0x00,0xFF,
  0x00,0x00,0x00,0x14,0x00,0x00,0x00,0x0C,0x00,0x00,0x00,0x0B,0x00,0x00,0x00,0x0F,
  0x00,0x00,0x00,0x00,0x00,0x00,0x00,0x00,0x00,0x00,0x01,0x52,0x00,0x00,0x00,0x0F,
  0x00,0x00,0x00,0x14,0x00,0x00,0x00,0x14,0x00,0x00,0x00,0x0F,0x00,0x00,0x00,0x00,
  0x00,0x00,0x00,0x00,0x00,0x00,0x01,0x53,0x00,0x00,0x00,0x0C,0x00,0x00,0x00,0x13,
  0x00,0x00,0x00,0x14,0x00,0x00,0x00,0x0B,0x00,0x00,0x00,0x00,0x00,0x00,0x00,0x00,
  0x00,0x00,0x01,0x78,0x00,0x00,0x00,0x13,0x00,0x00,0x00,0x0E,0x00,0x00,0x00,0x0E,
  0x00,0x00,0x00,0x13,0x00,0x00,0x00,0x00,0x00,0x00,0x00,0x00,0x00,0x00,0x20,0x13,
  0x00,0x00,0x00,0x04,0x00,0x00,0x00,0x0A,0x00,0x00,0x00,0x0A,0x00,0x00,0x00,0x08,
  0x00,0x00,0x00,0x00,0x00,0x00,0x00,0x00,0x00,0x00,0x20,0x14,0x00,0x00,0x00,0x04,
  0x00,0x00,0x00,0x14,0x00,0x00,0x00,0x14,0x00,0x00,0x00,0x08,0x00,0x00,0x00,0x00,
  0x00,0x00,0x00,0x00,0x00,0x00,0x20,0x19,0x00,0x00,0x00,0x07,0x00,0x00,0x00,0x04,
  0x00,0x00,0x00,0x05,0x00,0x00,0x00,0x0F,0x00,0x00,0x00,0x01,0x00,0x00,0x00,0x00,
  0x00,0x00,0x20,0x26,0x00,0x00,0x00,0x04,0x00,0x00,0x00,0x10,0x00,0x00,0x00,0x11,
  0x00,0x00,0x00,0x03,0x00,0x00,0x00,0x01,0x00,0x00,0x00,0x00,0x00,0x00,0x20,0xAC,
  0x00,0x00,0x00,0x10,0x00,0x00,0x00,0x0D,0x00,0x00,0x00,0x0D,0x00,0x00,0x00,0x0F,
  0x00,0x00,0x00,0x00,0x00,0x00,0x00,0x00,0x3C,0x8C,0x8C,0x28,0x6B,0xFF,0xFF,0x46,
  0x66,0xFF,0xFF,0x41,0x60,0xFF,0xFF,0x3B,0x5B,0xFF,0xFF,0x36,0x56,0xFF,0xFF,0x31,
  0x51,0xFF,0xFF,0x2C,0x4C,0xFF,0xFF,0x27,0x47,0xFF,0xFF,0x22,0x41,0xFF,0xFF,0x1C,
  0x20,0x88,0x88,0x0D,0x00,0x00,0x00,0x00,0x2A,0xC9,0xBD,0x17,0x93,0xFF,0xFF,0x72,
  0x50,0xFB,0xF5,0x34,0x00,0x15,0x10,0x00,0x14,0x8C,0x8C,0x25,0x27,0x8C,0x8C,0x11,
  0x1C,0xFF,0xFF,0x3B,0x40,0xFF,0xFF,0x17,0x11,0xFF,0xFF,0x2F,0x35,0xFF,0xFF,0x0B,
  0x06,0xFF,0xFF,0x23,0x2A,0xFF,0xFE,0x01,0x00,0xFA,0xFF,0x17,0x1F,0xFF,0xF3,0x00,
  0x00,0xEF,0xFF,0x0B,0x13,0xFF,0xE7,0x00,0x00,0x20,0x24,0x00,0x01,0x24,0x1F,0x00,
  0x00,0x00,0x00,0x06,0x8C,0x7F,0x00,0x00,0x00,0x81,0x8B,0x04,0x00,0x00,0x00,0x00,
  0x2C,0xFF,0xC8,0x00,0x00,0x0D,0xFF,0xE7,0x00,0x00,0x00,0x00,0x00,0x56,0xFF,0x9E,
  0x00,0x00,0x37,0xFF,0xBD,0x00,0x00,0x00,0x00,0x00,0x80,0xFF,0x74,0x00,0x00,0x61,
  0xFF,0x93,0x00,0x00,0x00,0x90,0xC8,0xFF,0xFF,0xFF,0xC8,0xC8,0xFF,0xFF,0xFF,0xC8,
  0x59,0x00,0xDF,0xFF,0xFF,0xFF,0xFF,0xFF,0xFF,0xFF,0xFF,0xFF,0xFF,0x4C,0x00,0x2E,
  0x33,0xFF,0xFF,0x31,0x30,0x30,0xFF,0xFF,0x45,0x30,0x09,0x00,0x00,0x27,0xFF,0xCD,
  0x00,0x00,0x0B,0xFE,0xEB,0x00,0x00,0x00,0x00,0x00,0x51,0xFF,0xA3,0x00,0x00,0x35,
  0xFF,0xC1,0x00,0x00,0x00,0x67,0xB8,0xFF,0xFF,0xFF,0xB8,0xB8,0xFF,0xFF,0xFF,0xB8,
  0x70,0x00,0xB4,0xFF,0xFF,0xFF,0xFF,0xFF,0xFF,0xFF,0xFF,0xFF,0xFF,0x77,0x00,0x30,
  0x3C,0xFF,0xFF,0x62,0x3C,0x3C,0xF0,0xFF,0x7F,0x3C,0x15,0x00,0x00,0x01,0xF5,0xF8,
  0x03,0x00,0x00,0xDE,0xFF,0x19,0x00,0x00,0x00,0x00,0x22,0xFF,0xD2,0x00,0x00,0x0A,
  0xFE,0xEE,0x00,0x00,0x00,0x00,0x00,0x4B,0xFF,0xA8,0x00,0x00,0x33,0xFF,0xC5,0x00,
  0x00,0x00,0x00,0x00,0x00,0x00,0x00,0x00,0x18,0x9C,0x1F,0x00,0x00,0x00,0x00,0x00,
  0x00,0x00,0x00,0x00,0x00,0x28,0xFF,0x34,0x00,0x00,0x00,0x00,0x00,0x00,0x00,0x00,
  0x17,0x70,0xD2,0xFF,0xE1,0x79,0x1D,0x00,0x00,0x00,0x00,0x00,0x57,0xF1,0xFF,0xFF,
  0xFF,0xFF,0xFF,0xF5,0x5E,0x00,0x00,0x00,0x33,0xFB,0xFF,0xF2,0xCA,0xFF,0xD0,0xF4,
  0xFF,0xFC,0x35,0x00,0x00,0x9D,0xFF,0xFB,0x2B,0x28,0xFF,0x34,0x2A,0xF6,0xFF,0xA2,
  0x00,0x00,0xC0,0xFF,0xE2,0x00,0x28,0xFF,0x34,0x00,0x70,0x94,0x73,0x00,0x00,0xA5,
  0xFF,0xFF,0x72,0x29,0xFF,0x34,0x00,0x00,0x00,0x00,0x00,0x00,0x36,0xFA,0xFF,0xFF,
  0xFF,0xFF,0x88,0x0D,0x00,0x00,0x00,0x00,0x00,0x00,0x3B,0xD6,0xFF,0xFF,0xFF,0xFF,
  0xF7,0xA7,0x1E,0x00,0x00,0x00,0x00,0x00,0x01,0x3A,0xB2,0xFF,0xFF,0xFF,0xFF,0xF3,
  0x38,0x00,0x00,0x00,0x00,0x00,0x00,0x28,0xFF,0x48,0x7D,0xFB,0xFF,0xCD,0x00,0x0C,
  0x70,0x70,0x31,0x00,0x28,0xFF,0x34,0x00,0x9D,0xFF,0xFF,0x0A,0x05,0xFB,0xFF,0xAA,
  0x00,0x28,0xFF,0x34,0x00,0xA7,0xFF,0xFA,0x03,0x00,0xAF,0xFF,0xFF,0x8B,0x46,0xFF,
  0x58,0x7D,0xFD,0xFF,0xB8,0x00,0x00,0x21,0xE6,0xFF,0xFF,0xFF,0xFF,0xFF,0xFF,0xFF,
  0xEE,0x2A,0x00,0x00,0x00,0x1A,0xA0,0xF2,0xFF,0xFF,0xFF,0xF5,0xA8,0x21,0x00,0x00,
  0x00,0x00,0x00,0x00,0x05,0x4E,0xFF,0x5C,0x08,0x00,0x00,0x00,0x00,0x00,0x00,0x00,
  0x00,0x00,0x28,0xFF,0x34,0x00,0x00,0x00,0x00,0x00,0x00,0x00,0x00,0x00,0x00,0x02,
  0x10,0x03,0x00,0x00,0x00,0x00,0x00,0x00,0x05,0x78,0xBC,0xB2,0x52,0x00,0x00,0x00,
  0x00,0x00,0x00,0x41,0x8C,0x3F,0x00,0x00,0x00,0xAA,0xFF,0xE9,0xF4,0xFF,0x61,0x00,
  0x00,0x00,0x00,0x16,0xEA,0xDE,0x0C,0x00,0x00,0x21,0xFF,0xD2,0x06,0x24,0xFC,0xD4,
  0x00,0x00,0x00,0x00,0xB0,0xFD,0x3D,0x00,0x00,0x00,0x44,0xFF,0x9B,0x00,0x00,0xE3,
  0xF8,0x00,0x00,0x00,0x61,0xFF,0x8B,0x00,0x00,0x00,0x00,0x3B,0xFF,0xA8,0x00,0x01,
  0xEE,0xF0,0x00,0x00,0x1E,0xF1,0xD4,0x07,0x00,0x00,0x00,0x00,0x09,0xEF,0xF4,0x66,
  0x8D,0xFF,0xAC,0x00,0x01,0xBE,0xFA,0x31,0x00,0x00,0x00,0x00,0x00,0x00,0x4D,0xF4,
  0xFF,0xFF,0xD8,0x1D,0x00,0x71,0xFF,0x7B,0x00,0x00,0x00,0x00,0x00,0x00,0x00,0x00,
  0x10,0x44,0x3B,0x03,0x00,0x29,0xF7,0xC8,0x03,0x00,0x00,0x00,0x00,0x00,0x00,0x00,
  0x00,0x00,0x00,0x00,0x00,0x04,0xCB,0xF5,0x25,0x00,0x24,0xA4,0xD0,0xB2,0x39,0x00,
  0x00,0x00,0x00,0x00,0x00,0x00,0x81,0xFF,0x6B,0x00,0x13,0xE8,0xFD,0xCD,0xF7,0xF9,
  0x2C,0x00,0x00,0x00,0x00,0x00,0x34,0xFB,0xBA,0x01,0x00,0x6A,0xFF,0x86,0x00,0x5E,
  0xFF,0x91,0x00,0x00,0x00,0x00,0x09,0xD7,0xEF,0x1C,0x00,0x00,0x89,0xFF,0x52,0x00,
  0x2A,0xFF,0xB1,0x00,0x00,0x00,0x00,0x91,0xFF,0x5B,0x00,0x00,0x00,0x7E,0xFF,0x63,
  0x00,0x3C,0xFF,0xA5,0x00,0x00,0x00,0x42,0xFE,0xAB,0x00,0x00,0x00,0x00,0x39,0xFF,
  0xDB,0x69,0xC6,0xFF,0x5D,0x00,0x00,0x0E,0xE1,0xE8,0x13,0x00,0x00,0x00,0x00,0x00,
  0x7B,0xFB,0xFF,0xFE,0x9D,0x01,0x00,0x00,0x00,0x00,0x00,0x00,0x00,0x00,0x00,0x00,
  0x00,0x00,0x14,0x38,0x1C,0x00,0x00,0x00,0x00,0x00,0x17,0x7E,0xAD,0xA4,0x5C,0x02,
  0x00,0x00,0x00,0x00,0x00,0x00,0x28,0xEB,0xFF,0xFF,0xFF,0xFF,0xB0,0x02,0x00,0x00,
  0x00,0x00,0x00,0xB6,0xFF,0xE7,0x6F,0x83,0xFD,0xFF,0x4C,0x00,0x00,0x00,0x00,0x00,
  0xF0,0xFF,0x5F,0x00,0x00,0xB8,0xFF,0x7A,0x00,0x00,0x00,0x00,0x00,0xE8,0xFF,0x70,
  0x00,0x0D,0xE4,0xFF,0x56,0x00,0x00,0x00,0x00,0x00,0x96,0xFF,0xE6,0x37,0xCC,0xFF,
  0xD9,0x07,0x00,0x00,0x00,0x00,0x00,0x12,0xEB,0xFF,0xFF,0xFF,0xDB,0x21,0x00,0x00,
  0x00,0x00,0x00,0x00,0x14,0xFA,0xFF,0xFF,0xFF,0x0F,0x00,0x00,0x00,0x00,0x00,0x00,
  0x1E,0xDE,0xFF,0xFF,0xFF,0xFF,0x72,0x00,0x15,0xD4,0xD4,0x15,0x00,0xC7,0xFF,0xE9,
  0x2F,0x90,0xFF,0xFD,0x4E,0x3F,0xFF,0xFC,0x08,0x23,0xFF,0xFF,0x65,0x00,0x02,0xAF,
  0xFF,0xF4,0xCC,0xFF,0xCE,0x00,0x2B,0xFF,0xFF,0x56,0x00,0x00,0x09,0xC8,0xFF,0xFF,
  0xFF,0x6D,0x00,0x07,0xEC,0xFF,0xD8,0x24,0x00,0x08,0x7D,0xFF,0xFF,0xFF,0x11,0x00,
  0x00,0x63,0xFF,0xFF,0xFD,0xE3,0xF7,0xFF,0xFF,0xFF,0xFF,0xB1,0x02,0x00,0x00,0x54,
  0xD6,0xFF,0xFF,0xFF,0xE0,0x73,0x3F,0xF8,0xFF,0x8E,0x00,0x00,0x00,0x00,0x18,0x2E,
  0x1C,0x00,0x00,0x00,0x00,0x00,0x00,0x14,0x8C,0x8C,0x25,0x1C,0xFF,0xFF,0x3B,0x11,
  0xFF,0xFF,0x2F,0x06,0xFF,0xFF,0x23,0x00,0xFA,0xFF,0x17,0x00,0xEF,0xFF,0x0B,0x00,
  0x20,0x24,0x00,0x00,0x00,0x04,0x62,0x64,0x25,0x00,0x00,0x65,0xFF,0xFD,0x1E,0x00,
  0x00,0xD7,0xFF,0xB9,0x00,0x00,0x36,0xFF,0xFF,0x58,0x00,0x00,0x7B,0xFF,0xFE,0x11,
  0x00,0x00,0xBE,0xFF,0xD1,0x00,0x00,0x07,0xF8,0xFF,0x93,0x00,0x00,0x2B,0xFF,0xFF,
  0x63,0x00,0x00,0x4A,0xFF,0xFF,0x45,0x00,0x00,0x59,0xFF,0xFF,0x36,0x00,0x00,0x59,
  0xFF,0xFF,0x38,0x00,0x00,0x48,0xFF,0xFF,0x4E,0x00,0x00,0x2D,0xFF,0xFF,0x66,0x00,
  0x00,0x03,0xF5,0xFF,0x9E,0x00,0x00,0x00,0xBE,0xFF,0xE2,0x00,0x00,0x00,0x69,0xFF,
  0xFF,0x2A,0x00,0x00,0x13,0xF8,0xFF,0x84,0x00,0x00,0x00,0x92,0xFF,0xE5,0x04,0x00,
  0x00,0x18,0xC2,0xC4,0x38,0x1A,0x64,0x64,0x0D,0x00,0x00,0x0C,0xF3,0xFF,0x80,0x00,
  0x00,0x00,0x9E,0xFF,0xEC,0x07,0x00,0x00,0x3C,0xFF,0xFF,0x51,0x00,0x00,0x03,0xF2,
  0xFF,0x96,0x00,0x00,0x00,0xB8,0xFF,0xD9,0x00,0x00,0x00,0x7B,0xFF,0xFF,0x1B,0x00,
  0x00,0x4C,0xFF,0xFF,0x46,0x00,0x00,0x2B,0xFF,0xFF,0x65,0x00,0x00,0x1C,0xFF,0xFF,
  0x74,0x00,0x00,0x1D,0xFF,0xFF,0x74,0x00,0x00,0x34,0xFF,0xFF,0x63,0x00,0x00,0x4B,
  0xFF,0xFF,0x49,0x00,0x00,0x7B,0xFF,0xFF,0x15,0x00,0x00,0xBB,0xFF,0xDB,0x00,0x00,
  0x10,0xFA,0xFF,0x85,0x00,0x00,0x67,0xFF,0xFF,0x29,0x00,0x00,0xCC,0xFF,0xAF,0x00,
  0x00,0x23,0xC4,0xC4,0x2C,0x00,0x00,0x00,0x00,0x00,0x4A,0x8C,0x13,0x00,0x00,0x00,
  0x00,0x10,0x00,0x7E,0xFF,0x19,0x00,0x10,0x00,0x3E,0xEF,0x62,0x70,0xFF,0x1E,0xA4,
  0xD5,0x04,0x43,0xD4,0xFF,0xE9,0xFF,0xE9,0xFD,0xA5,0x12,0x00,0x02,0x93,0xFF,0xFF,
  0xF4,0x3F,0x00,0x00,0x35,0xBD,0xFF,0xF4,0xFF,0xF4,0xF5,0x8C,0x0E,0x4C,0xF8,0x7B,
  0x73,0xFF,0x2A,0xBC,0xDF,0x08,0x00,0x1F,0x00,0x7D,0xFF,0x18,0x00,0x1E,0x00,0x00,
  0x00,0x00,0x55,0xA0,0x16,0x00,0x00,0x00,0x00,0x00,0x00,0x00,0x48,0xA0,0x75,0x00,
  0x00,0x00,0x00,0x00,0x00,0x00,0x00,0x74,0xFF,0xBC,0x00,0x00,0x00,0x00,0x00,0x00,
  0x00,0x00,0x74,0xFF,0xBC,0x00,0x00,0x00,0x00,0x00,0x00,0x00,0x00,0x74,0xFF,0xBC,
  0x00,0x00,0x00,0x00,0x34,0xC4,0xC4,0xC4,0xFF,0xFF,0xFF,0xC4,0xC4,0xC4,0x6B,0x44,
  0xFF,0xFF,0xFF,0xFF,0xFF,0xFF,0xFF,0xFF,0xFF,0x8C,0x15,0x50,0x50,0x50,0xC4,0xFF,
  0xFF,0x50,0x50,0x50,0x2B,0x00,0x00,0x00,0x00,0x74,0xFF,0xBC,0x00,0x00,0x00,0x00,
  0x00,0x00,0x00,0x00,0x74,0xFF,0xBC,0x00,0x00,0x00,0x00,0x00,0x00,0x00,0x00,0x74,
  0xFF,0xBC,0x00,0x00,0x00,0x00,0x00,0x00,0x00,0x00,0x15,0x30,0x23,0x00,0x00,0x00,
  0x00,0x00,0x24,0x8C,0x8C,0x24,0x00,0x5F,0xFF,0xFB,0x0F,0x00,0x85,0xFF,0xC1,0x00,
  0x00,0xAA,0xFF,0x77,0x00,0x00,0xD0,0xFF,0x2E,0x00,0x00,0xF4,0xE4,0x00,0x00,0x01,
  0x1C,0x14,0x00,0x00,0x02,0x04,0x04,0x04,0x04,0x04,0x03,0xB4,0xFF,0xFF,0xFF,0xFF,
  0xFF,0xD4,0xB4,0xFF,0xFF,0xFF,0xFF,0xFF,0xD4,0x0B,0x10,0x10,0x10,0x10,0x10,0x0D,
  0x2C,0xD1,0xC0,0x14,0x97,0xFF,0xFF,0x6A,0x4F,0xFB,0xF2,0x2C,0x00,0x16,0x0E,0x00,
  0x00,0x00,0x00,0x00,0x05,0x3C,0x3C,0x06,0x00,0x00,0x00,0x00,0x43,0xFF,0xEE,0x02,
  0x00,0x00,0x00,0x00,0x88,0xFF,0xAC,0x00,0x00,0x00,0x00,0x00,0xCC,0xFF,0x67,0x00,
  0x00,0x00,0x00,0x13,0xFD,0xFF,0x22,0x00,0x00,0x00,0x00,0x56,0xFF,0xDD,0x00,0x00,
  0x00,0x00,0x00,0x9B,0xFF,0x98,0x00,0x00,0x00,0x00,0x00,0xE0,0xFF,0x53,0x00,0x00,
  0x00,0x00,0x25,0xFF,0xFD,0x11,0x00,0x00,0x00,0x00,0x6A,0xFF,0xC9,0x00,0x00,0x00,
  0x00,0x00,0xAF,0xFF,0x85,0x00,0x00,0x00,0x00,0x03,0xEF,0xFF,0x40,0x00,0x00,0x00,
  0x00,0x38,0xFF,0xF5,0x06,0x00,0x00,0x00,0x00,0x7D,0xFF,0xB6,0x00,0x00,0x00,0x00,
  0x00,0xC2,0xFF,0x71,0x00,0x00,0x00,0x00,0x0C,0xFA,0xFF,0x2C,0x00,0x00,0x00,0x00,
  0x4C,0xFF,0xE7,0x00,0x00,0x00,0x00,0x00,0x91,0xFF,0xA2,0x00,0x00,0x00,0x00,0x00,
  0x22,0x30,0x16,0x00,0x00,0x00,0x00,0x00,0x00,0x00,0x00,0x02,0x58,0x9F,0xBA,0xA1,
  0x5D,0x03,0x00,0x00,0x00,0x00,0x00,0x11,0xC9,0xFF,0xFF,0xFF,0xFF,0xFF,0xCE,0x14,
  0x00,0x00,0x00,0x00,0xBD,0xFF,0xFF,0xAE,0x73,0xA8,0xFF,0xFF,0xC6,0x01,0x00,0x00,
  0x4A,0xFF,0xFF,0x86,0x00,0x00,0x00,0x7A,0xFF,0xFF,0x56,0x00,0x00,0xA3,0xFF,0xF0,
  0x0A,0x00,0x00,0x00,0x06,0xE9,0xFF,0xAE,0x00,0x00,0xE4,0xFF,0xB2,0x00,0x00,0x00,
  0x00,0x00,0xA7,0xFF,0xEF,0x00,0x02,0xFD,0xFF,0x8A,0x00,0x00,0x00,0x00,0x00,0x7E,
  0xFF,0xFF,0x0B,0x12,0xFF,0xFF,0x7C,0x00,0x00,0x00,0x00,0x00,0x70,0xFF,0xFF,0x1D,
  0x09,0xFF,0xFF,0x82,0x00,0x00,0x00,0x00,0x00,0x77,0xFF,0xFF,0x14,0x00,0xF4,0xFF,
  0x9B,0x00,0x00,0x00,0x00,0x00,0x90,0xFF,0xFD,0x02,0x00,0xC4,0xFF,0xD3,0x00,0x00,
  0x00,0x00,0x00,0xC7,0xFF,0xCF,0x00,0x00,0x7B,0xFF,0xFF,0x3B,0x00,0x00,0x00,0x2F,
  0xFF,0xFF,0x87,0x00,0x00,0x12,0xEF,0xFF,0xDF,0x38,0x02,0x32,0xD9,0xFF,0xF5,0x19,
  0x00,0x00,0x00,0x55,0xFB,0xFF,0xFF,0xFC,0xFF,0xFF,0xFD,0x60,0x00,0x00,0x00,0x00,
  0x00,0x44,0xCA,0xFF,0xFF,0xFF,0xD0,0x4B,0x00,0x00,0x00,0x00,0x00,0x00,0x00,0x00,
  0x10,0x2B,0x12,0x00,0x00,0x00,0x00,0x00,0x00,0x00,0x00,0x2D,0x8B,0x8C,0x6F,0x00,
  0x02,0x74,0xF8,0xFF,0xFF,0xCC,0x15,0xC2,0xFF,0xFF,0xF6,0xFF,0xCC,0x40,0xFF,0xE6,
  0x48,0xC0,0xFF,0xCC,0x40,0xAA,0x12,0x00,0xC0,0xFF,0xCC,0x06,0x00,0x00,0x00,0xC0,
  0xFF,0xCC,0x00,0x00,0x00,0x00,0xC0,0xFF,0xCC,0x00,0x00,0x00,0x00,0xC0,0xFF,0xCC,
  0x00,0x00,0x00,0x00,0xC0,0xFF,0xCC,0x00,0x00,0x00,0x00,0xC0,0xFF,0xCC,0x00,0x00,
  0x00,0x00,0xC0,0xFF,0xCC,0x00,0x00,0x00,0x00,0xC0,0xFF,0xCC,0x00,0x00,0x00,0x00,
  0xC0,0xFF,0xCC,0x00,0x00,0x00,0x00,0xC0,0xFF,0xCC,0x00,0x00,0x00,0x00,0xC0,0xFF,
  0xCC,0x00,0x00,0x2B,0x8A,0xB4,0xB8,0x93,0x39,0x00,0x00,0x00,0x00,0x6F,0xFB,0xFF,
  0xFF,0xFF,0xFF,0xFF,0x96,0x01,0x00,0x43,0xFE,0xFF,0xD5,0x73,0x6E,0xC9,0xFF,0xFF,
  0x6C,0x00,0xB0,0xFF,0xE3,0x0D,0x00,0x00,0x05,0xD0,0xFF,0xD3,0x00,0xDA,0xFC,0x94,
  0x00,0x00,0x00,0x00,0x88,0xFF,0xF4,0x00,0x00,0x00,0x00,0x00,0x00,0x00,0x00,0xA6,
  0xFF,0xDA,0x00,0x00,0x00,0x00,0x00,0x00,0x00,0x34,0xFB,0xFF,0x7F,0x00,0x00,0x00,
  0x00,0x00,0x00,0x21,0xE2,0xFF,0xD5,0x0A,0x00,0x00,0x00,0x00,0x00,0x23,0xE0,0xFF,
  0xE8,0x22,0x00,0x00,0x00,0x00,0x00,0x2B,0xE6,0xFF,0xE8,0x2A,0x00,0x00,0x00,0x00,
  0x00,0x33,0xEC,0xFF,0xE5,0x27,0x00,0x00,0x00,0x00,0x00,0x3C,0xF1,0xFF,0xE1,0x23,
  0x00,0x00,0x00,0x00,0x00,0x46,0xF5,0xFF,0xF0,0x47,0x28,0x28,0x28,0x28,0x28,0x06,
  0xDA,0xFF,0xFF,0xFF,0xFF,0xFF,0xFF,0xFF,0xFF,0xFF,0x28,0xDC,0xFF,0xFF,0xFF,0xFF,
  0xFF,0xFF,0xFF,0xFF,0xFF,0x28,0x00,0x00,0x00,0x1C,0x7B,0xAF,0xBC,0xA1,0x55,0x02,
  0x00,0x00,0x00,0x00,0x56,0xF4,0xFF,0xFF,0xFF,0xFF,0xFF,0xC6,0x10,0x00,0x00,0x2D,
  0xFA,0xFF,0xE8,0x76,0x5F,0xA8,0xFF,0xFF,0xA8,0x00,0x00,0x95,0xFF,0xF3,0x1D,0x00,
  0x00,0x00,0x9E,0xFF,0xFD,0x0C,0x00,0x5B,0x80,0x64,0x00,0x00,0x00,0x00,0x60,0xFF,
  0xFF,0x1B,0x00,0x00,0x00,0x00,0x00,0x00,0x00,0x00,0xAC,0xFF,0xDF,0x01,0x00,0x00,
  0x00,0x00,0x1C,0x70,0x85,0xC6,0xFF,0xEF,0x3E,0x00,0x00,0x00,0x00,0x00,0x40,0xFF,
  0xFF,0xFF,0xE2,0x47,0x00,0x00,0x00,0x00,0x00,0x00,0x25,0x94,0x9E,0xD6,0xFF,0xFF,
  0x99,0x00,0x00,0x00,0x00,0x00,0x00,0x00,0x00,0x01,0x85,0xFF,0xFF,0x53,0x01,0x34,
  0x34,0x1D,0x00,0x00,0x00,0x00,0x08,0xFE,0xFF,0x9B,0x00,0xEF,0xFF,0xB6,0x00,0x00,
  0x00,0x00,0x1E,0xFF,0xFF,0x92,0x00,0x9E,0xFF,0xFF,0x77,0x0B,0x00,0x2A,0xC6,0xFF,
  0xFF,0x48,0x00,0x18,0xDD,0xFF,0xFF,0xFD,0xF6,0xFF,0xFF,0xFF,0x9E,0x00,0x00,0x00,
  0x13,0x98,0xF0,0xFF,0xFF,0xFF,0xD6,0x64,0x01,0x00,0x00,0x00,0x00,0x00,0x05,0x21,
  0x2D,0x16,0x00,0x00,0x00,0x00,0x00,0x00,0x00,0x00,0x00,0x00,0x04,0x88,0xFF,0x8C,
  0x3B,0x00,0x00,0x00,0x00,0x00,0x00,0x00,0x00,0x7D,0xFF,0xFF,0xFF,0x6C,0x00,0x00,
  0x00,0x00,0x00,0x00,0x00,0x2C,0xF9,0xFF,0xFF,0xFF,0x6C,0x00,0x00,0x00,0x00,0x00,
  0x00,0x03,0xCB,0xFF,0xC5,0xFF,0xFF,0x6C,0x00,0x00,0x00,0x00,0x00,0x00,0x77,0xFF,
  0xF2,0x27,0xFF,0xFF,0x6C,0x00,0x00,0x00,0x00,0x00,0x28,0xF7,0xFF,0x68,0x08,0xFF,
  0xFF,0x6C,0x00,0x00,0x00,0x00,0x02,0xC6,0xFF,0xBF,0x01,0x08,0xFF,0xFF,0x6C,0x00,
  0x00,0x00,0x00,0x72,0xFF,0xF5,0x22,0x00,0x08,0xFF,0xFF,0x6C,0x00,0x00,0x00,0x24,
  0xF6,0xFF,0x6E,0x00,0x00,0x08,0xFF,0xFF,0x6C,0x00,0x00,0x01,0xC2,0xFF,0xC7,0x06,
  0x04,0x04,0x0C,0xFF,0xFF,0x70,0x04,0x01,0x1F,0xFF,0xFF,0xFF,0xFF,0xFF,0xFF,0xFF,
  0xFF,0xFF,0xFF,0xFF,0x54,0x20,0xFF,0xFF,0xFF,0xFF,0xFF,0xFF,0xFF,0xFF,0xFF,0xFF,
  0xFF,0x54,0x03,0x1C,0x1C,0x1C,0x1C,0x1C,0x1C,0x2C,0xFF,0xFF,0x88,0x1C,0x09,0x00,
  0x00,0x00,0x00,0x00,0x00,0x00,0x10,0xFF,0xFF,0x6C,0x00,0x00,0x00,0x00,0x00,0x00,
  0x00,0x00,0x00,0x10,0xFF,0xFF,0x6C,0x00,0x00,0x00,0x1F,0x8C,0x8C,0x8C,0x8C,0x8C,
  0x8C,0x8C,0x8C,0x3B,0x00,0x00,0x4B,0xFF,0xFF,0xFF,0xFF,0xFF,0xFF,0xFF,0xFF,0x6C,
  0x00,0x00,0x60,0xFF,0xFF,0xA0,0xA0,0xA0,0xA0,0xA0,0xA0,0x43,0x00,0x00,0x76,0xFF,
  0xED,0x00,0x00,0x00,0x00,0x00,0x00,0x00,0x00,0x00,0x8B,0xFF,0xD4,0x00,0x00,0x00,
  0x00,0x00,0x00,0x00,0x00,0x00,0xA1,0xFF,0xBC,0x24,0x81,0xA1,0x8B,0x39,0x00,0x00,
  0x00,0x00,0xB6,0xFF,0xE0,0xF8,0xFF,0xFF,0xFF,0xFF,0x97,0x01,0x00,0x00,0xCC,0xFF,
  0xFF,0xBA,0x6E,0x73,0xD4,0xFF,0xFF,0x72,0x00,0x00,0x44,0x69,0x5F,0x00,0x00,0x00,
  0x09,0xD3,0xFF,0xE8,0x01,0x00,0x00,0x00,0x00,0x00,0x00,0x00,0x00,0x69,0xFF,0xFF,
  0x23,0x02,0x18,0x18,0x09,0x00,0x00,0x00,0x00,0x55,0xFF,0xFF,0x29,0x06,0xFA,0xFF,
  0x8F,0x00,0x00,0x00,0x00,0x91,0xFF,0xFA,0x0B,0x00,0xB2,0xFF,0xF8,0x63,0x02,0x03,
  0x5F,0xFA,0xFF,0xA6,0x00,0x00,0x23,0xE9,0xFF,0xFF,0xF5,0xF6,0xFF,0xFF,0xE2,0x17,
  0x00,0x00,0x00,0x1D,0xA9,0xF8,0xFF,0xFF,0xF6,0xA1,0x15,0x00,0x00,0x00,0x00,0x00,
  0x00,0x09,0x28,0x26,0x08,0x00,0x00,0x00,0x00,0x00,0x00,0x00,0x01,0x53,0xA2,0xBC,
  0xAB,0x67,0x0A,0x00,0x00,0x00,0x00,0x0A,0xBA,0xFF,0xFF,0xFF,0xFF,0xFF,0xDC,0x24,
  0x00,0x00,0x00,0xA7,0xFF,0xFF,0xB1,0x7A,0xA1,0xFB,0xFF,0xD5,0x03,0x00,0x38,0xFF,
  0xFF,0x73,0x00,0x00,0x00,0x66,0xFF,0xFF,0x4F,0x00,0x98,0xFF,0xDF,0x03,0x00,0x00,
  0x00,0x05,0x58,0x58,0x2A,0x00,0xD7,0xFF,0x98,0x00,0x3D,0x77,0x82,0x4F,0x03,0x00,
  0x00,0x02,0xFC,0xFF,0x7C,0xB2,0xFF,0xFF,0xFF,0xFF,0xD2,0x22,0x00,0x0F,0xFF,0xFF,
  0xEC,0xFF,0xAE,0x7E,0xB0,0xFF,0xFF,0xD5,0x07,0x12,0xFF,0xFF,0xFF,0x63,0x00,0x00,
  0x00,0x76,0xFF,0xFF,0x5B,0x03,0xFE,0xFF,0xDA,0x00,0x00,0x00,0x00,0x05,0xF2,0xFF,
  0x96,0x00,0xDB,0xFF,0xBD,0x00,0x00,0x00,0x00,0x00,0xE1,0xFF,0xA1,0x00,0x98,0xFF,
  0xF1,0x11,0x00,0x00,0x00,0x25,0xFE,0xFF,0x7C,0x00,0x2D,0xFC,0xFF,0xC7,0x1A,0x00,
  0x28,0xD0,0xFF,0xFB,0x21,0x00,0x00,0x78,0xFF,0xFF,0xFE,0xEF,0xFF,0xFF,0xFF,0x70,
  0x00,0x00,0x00,0x00,0x5A,0xDA,0xFF,0xFF,0xFF,0xD1,0x51,0x00,0x00,0x00,0x00,0x00,
  0x00,0x00,0x1C,0x2D,0x16,0x00,0x00,0x00,0x00,0x2B,0x8C,0x8C,0x8C,0x8C,0x8C,0x8C,
  0x8C,0x8C,0x8C,0x50,0x50,0xFF,0xFF,0xFF,0xFF,0xFF,0xFF,0xFF,0xFF,0xFF,0x94,0x33,
  0xA4,0xA4,0xA4,0xA4,0xA4,0xA4,0xB2,0xFF,0xFF,0x8D,0x00,0x00,0x00,0x00,0x00,0x00,
  0x00,0x7F,0xFF,0xFE,0x2C,0x00,0x00,0x00,0x00,0x00,0x00,0x10,0xF0,0xFF,0xA9,0x00,
  0x00,0x00,0x00,0x00,0x00,0x00,0x82,0xFF,0xFD,0x2B,0x00,0x00,0x00,0x00,0x00,0x00,
  0x12,0xF1,0xFF,0xA7,0x00,0x00,0x00,0x00,0x00,0x00,0x00,0x85,0xFF,0xFD,0x29,0x00,
  0x00,0x00,0x00,0x00,0x00,0x13,0xF2,0xFF,0xA5,0x00,0x00,0x00,0x00,0x00,0x00,0x00,
  0x88,0xFF,0xFD,0x28,0x00,0x00,0x00,0x00,0x00,0x00,0x15,0xF4,0xFF,0xA3,0x00,0x00,
  0x00,0x00,0x00,0x00,0x00,0x8B,0xFF,0xFC,0x26,0x00,0x00,0x00,0x00,0x00,0x00,0x17,
  0xF5,0xFF,0xA1,0x00,0x00,0x00,0x00,0x00,0x00,0x00,0x8E,0xFF,0xFC,0x24,0x00,0x00,
  0x00,0x00,0x00,0x00,0x18,0xF6,0xFF,0xA0,0x00,0x00,0x00,0x00,0x00,0x00,0x00,0x00,
  0x00,0x1E,0x7D,0xB0,0xBC,0xA0,0x55,0x02,0x00,0x00,0x00,0x00,0x59,0xF6,0xFF,0xFF,
  0xFF,0xFF,0xFF,0xC8,0x12,0x00,0x00,0x25,0xFB,0xFF,0xE8,0x68,0x50,0x9F,0xFF,0xFF,
  0xAC,0x00,0x00,0x7B,0xFF,0xFF,0x2D,0x00,0x00,0x00,0xA0,0xFF,0xFE,0x09,0x00,0x85,
  0xFF,0xFB,0x00,0x00,0x00,0x00,0x6C,0xFF,0xFF,0x10,0x00,0x44,0xFF,0xFF,0x4E,0x00,
  0x00,0x06,0xBF,0xFF,0xCE,0x00,0x00,0x00,0x90,0xFF,0xF8,0x95,0x7C,0xC9,0xFF,0xE9,
  0x30,0x00,0x00,0x00,0x09,0x92,0xFE,0xFF,0xFF,0xFF,0xE3,0x44,0x00,0x00,0x00,0x1D,
  0xDA,0xFF,0xF4,0xA1,0x8C,0xC8,0xFF,0xFF,0x84,0x00,0x00,0xB4,0xFF,0xF0,0x32,0x00,
  0x00,0x00,0x8C,0xFF,0xFF,0x3F,0x07,0xFD,0xFF,0x9D,0x00,0x00,0x00,0x00,0x11,0xFF,
  0xFF,0x93,0x09,0xFE,0xFF,0xA6,0x00,0x00,0x00,0x00,0x1B,0xFF,0xFF,0x98,0x00,0xC6,
  0xFF,0xF8,0x4E,0x00,0x00,0x0F,0xB0,0xFF,0xFF,0x56,0x00,0x31,0xF0,0xFF,0xFF,0xE4,
  0xD2,0xF7,0xFF,0xFF,0xAE,0x01,0x00,0x00,0x23,0xA8,0xF5,0xFF,0xFF,0xFF,0xDA,0x6F,
  0x04,0x00,0x00,0x00,0x00,0x00,0x06,0x23,0x2D,0x17,0x00,0x00,0x00,0x00,0x00,0x00,
  0x00,0x26,0x87,0xB2,0xBA,0x94,0x39,0x00,0x00,0x00,0x00,0x00,0x6F,0xFA,0xFF,0xFF,
  0xFF,0xFF,0xFF,0x96,0x02,0x00,0x00,0x4D,0xFF,0xFF,0xE0,0x78,0x69,0xC3,0xFF,0xFF,
  0x77,0x00,0x00,0xC9,0xFF,0xE6,0x14,0x00,0x00,0x02,0xB0,0xFF,0xF1,0x0C,0x05,0xFD,
  0xFF,0x86,0x00,0x00,0x00,0x00,0x3B,0xFF,0xFF,0x54,0x0E,0xFF,0xFF,0x76,0x00,0x00,
  0x00,0x00,0x32,0xFF,0xFF,0x89,0x00,0xEA,0xFF,0xC1,0x02,0x00,0x00,0x00,0x85,0xFF,
  0xFF,0x9F,0x00,0x8C,0xFF,0xFF,0xA4,0x20,0x1C,0x78,0xFB,0xFF,0xFF,0xA7,0x00,0x0B,
  0xCE,0xFF,0xFF,0xFF,0xFF,0xFF,0xB6,0xE0,0xFF,0x9A,0x00,0x00,0x0A,0x83,0xD9,0xF3,
  0xD6,0x7C,0x0A,0xF0,0xFF,0x7C,0x00,0x00,0x00,0x00,0x00,0x00,0x00,0x00,0x2A,0xFF,
  0xFF,0x49,0x00,0xC6,0xE8,0xAA,0x00,0x00,0x00,0x00,0x96,0xFF,0xF0,0x07,0x00,0x8A,
  0xFF,0xFF,0x79,0x0E,0x11,0x7A,0xFF,0xFF,0x80,0x00,0x00,0x11,0xD7,0xFF,0xFF,0xFF,
  0xFF,0xFF,0xFF,0xC5,0x08,0x00,0x00,0x00,0x13,0x9F,0xF7,0xFF,0xFF,0xF3,0x92,0x0B,
  0x00,0x00,0x00,0x00,0x00,0x00,0x0A,0x2B,0x2A,0x08,0x00,0x00,0x00,0x00,0x2C,0xD1,
  0xC0,0x14,0x97,0xFF,0xFF,0x6A,0x4F,0xFB,0xF2,0x2C,0x00,0x16,0x0E,0x00,0x00,0x00,
  0x00,0x00,0x00,0x00,0x00,0x00,0x00,0x00,0x00,0x00,0x2C,0xD1,0xC0,0x14,0x97,0xFF,
  0xFF,0x6A,0x4F,0xFB,0xF2,0x2C,0x00,0x16,0x0E,0x00,0x00,0x17,0xC2,0xCF,0x2A,0x00,
  0x6F,0xFF,0xFF,0x92,0x00,0x2F,0xF3,0xFA,0x4C,0x00,0x00,0x0F,0x15,0x00,0x00,0x00,
  0x00,0x00,0x00,0x00,0x00,0x00,0x00,0x00,0x00,0x00,0x00,0x00,0x00,0x00,0x24,0x8C,
  0x8C,0x24,0x00,0x5F,0xFF,0xFB,0x0F,0x00,0x85,0xFF,0xC1,0x00,0x00,0xAA,0xFF,0x77,
  0x00,0x00,0xD0,0xFF,0x2E,0x00,0x00,0xF4,0xE4,0x00,0x00,0x01,0x1C,0x14,0x00,0x00,
  0x00,0x00,0x00,0x00,0x00,0x00,0x00,0x00,0x00,0x05,0x0D,0x00,0x00,0x00,0x00,0x00,
  0x00,0x00,0x0C,0x71,0xE3,0x44,0x00,0x00,0x00,0x00,0x00,0x16,0x83,0xEE,0xFF,0xFF,
  0x44,0x00,0x00,0x00,0x22,0x95,0xF6,0xFF,0xFF,0xF1,0x91,0x13,0x00,0x32,0xA8,0xFC,
  0xFF,0xFF,0xD9,0x6D,0x0D,0x00,0x00,0x5D,0xFF,0xFF,0xFE,0xB7,0x49,0x01,0x00,0x00,
  0x00,0x00,0x6C,0xFF,0xFF,0xCD,0x3D,0x00,0x00,0x00,0x00,0x00,0x00,0x24,0xAA,0xFD,
  0xFF,0xFF,0xCE,0x60,0x07,0x00,0x00,0x00,0x00,0x00,0x24,0x98,0xF7,0xFF,0xFF,0xE9,
  0x83,0x19,0x00,0x00,0x00,0x00,0x00,0x16,0x85,0xEF,0xFF,0xFF,0xFA,0x36,0x00,0x00,
  0x00,0x00,0x00,0x00,0x0D,0x73,0xE4,0xFF,0x44,0x00,0x00,0x00,0x00,0x00,0x00,0x00,
  0x00,0x06,0x61,0x2D,0x01,0x1C,0x1C,0x1C,0x1C,0x1C,0x1C,0x1C,0x1C,0x1C,0x09,0x10,
  0xFF,0xFF,0xFF,0xFF,0xFF,0xFF,0xFF,0xFF,0xFF,0x58,0x10,0xFF,0xFF,0xFF,0xFF,0xFF,
  0xFF,0xFF,0xFF,0xFF,0x58,0x00,0x0C,0x0C,0x0C,0x0C,0x0C,0x0C,0x0C,0x0C,0x0C,0x04,
  0x00,0x00,0x00,0x00,0x00,0x00,0x00,0x00,0x00,0x00,0x00,0x09,0x98,0x98,0x98,0x98,
  0x98,0x98,0x98,0x98,0x98,0x34,0x10,0xFF,0xFF,0xFF,0xFF,0xFF,0xFF,0xFF,0xFF,0xFF,
  0x58,0x09,0x94,0x94,0x94,0x94,0x94,0x94,0x94,0x94,0x94,0x32,0x13,0x00,0x00,0x00,
  0x00,0x00,0x00,0x00,0x00,0x00,0xF5,0x91,0x1F,0x00,0x00,0x00,0x00,0x00,0x00,0x00,
  0xFF,0xFF,0xFB,0xA4,0x2E,0x00,0x00,0x00,0x00,0x00,0x73,0xDE,0xFF,0xFF,0xFF,0xB6,
  0x3F,0x00,0x00,0x00,0x00,0x02,0x4F,0xBD,0xFF,0xFF,0xFF,0xC9,0x52,0x02,0x00,0x00,
  0x00,0x00,0x2B,0x98,0xF5,0xFF,0xFF,0xA4,0x00,0x00,0x00,0x00,0x00,0x21,0xA2,0xFF,
  0xFF,0xB4,0x00,0x00,0x00,0x42,0xB0,0xFD,0xFF,0xFF,0xCA,0x47,0x09,0x65,0xD3,0xFF,
  0xFF,0xFF,0xB8,0x42,0x00,0x00,0xED,0xFF,0xFF,0xFC,0xA6,0x2F,0x00,0x00,0x00,0x00,
  0xFF,0xF5,0x93,0x20,0x00,0x00,0x00,0x00,0x00,0x00,0x81,0x14,0x00,0x00,0x00,0x00,
  0x00,0x00,0x00,0x00,0x00,0x00,0x0A,0x67,0xA7,0xB9,0xA2,0x5B,0x04,0x00,0x00,0x00,
  0x1F,0xDC,0xFF,0xFF,0xFF,0xFF,0xFF,0xCC,0x11,0x00,0x00,0xC3,0xFF,0xFD,0x90,0x63,
  0xAC,0xFF,0xFF,0x9E,0x00,0x20,0xFF,0xFF,0x78,0x00,0x00,0x00,0xB7,0xFF,0xED,0x00,
  0x1E,0x80,0x80,0x1E,0x00,0x00,0x00,0x95,0xFF,0xF7,0x00,0x00,0x00,0x00,0x00,0x00,
  0x00,0x19,0xE9,0xFF,0xC0,0x00,0x00,0x00,0x00,0x00,0x00,0x3B,0xE2,0xFF,0xF8,0x38,
  0x00,0x00,0x00,0x00,0x00,0x58,0xFB,0xFF,0xE0,0x37,0x00,0x00,0x00,0x00,0x00,0x00,
  0xE3,0xFF,0xCF,0x10,0x00,0x00,0x00,0x00,0x00,0x00,0x11,0xFF,0xFF,0x4C,0x00,0x00,
  0x00,0x00,0x00,0x00,0x00,0x12,0xA8,0xA8,0x22,0x00,0x00,0x00,0x00,0x00,0x00,0x00,
  0x00,0x00,0x00,0x00,0x00,0x00,0x00,0x00,0x00,0x00,0x00,0x19,0xBE,0xC9,0x28,0x00,
  0x00,0x00,0x00,0x00,0x00,0x00,0x73,0xFF,0xFF,0x92,0x00,0x00,0x00,0x00,0x00,0x00,
  0x00,0x36,0xF6,0xFB,0x4E,0x00,0x00,0x00,0x00,0x00,0x00,0x00,0x00,0x10,0x15,0x00,
  0x00,0x00,0x00,0x00,0x00,0x00,0x00,0x00,0x00,0x00,0x00,0x0A,0x35,0x4A,0x50,0x3B,
  0x16,0x00,0x00,0x00,0x00,0x00,0x00,0x00,0x00,0x00,0x00,0x00,0x00,0x4B,0xBC,0xF9,
  0xFF,0xFF,0xFF,0xFF,0xFE,0xCD,0x64,0x05,0x00,0x00,0x00,0x00,0x00,0x00,0x00,0x11,
  0xB7,0xFF,0xFF,0xFC,0xCC,0xAF,0xA6,0xBA,0xEE,0xFF,0xFF,0xD2,0x23,0x00,0x00,0x00,
  0x00,0x00,0x0C,0xD4,0xFF,0xF4,0x7C,0x11,0x00,0x00,0x00,0x00,0x02,0x4C,0xD4,0xFF,
  0xE9,0x1E,0x00,0x00,0x00,0x00,0xA3,0xFF,0xE9,0x2D,0x00,0x00,0x00,0x00,0x00,0x00,
  0x00,0x00,0x0B,0xBE,0xFF,0xC7,0x00,0x00,0x00,0x2D,0xFE,0xFF,0x45,0x00,0x00,0x54,
  0xC7,0xEF,0xD9,0x70,0x84,0xBC,0x20,0x15,0xF0,0xFF,0x4E,0x00,0x00,0x92,0xFF,0xBE,
  0x00,0x00,0x72,0xFF,0xFF,0xFF,0xFF,0xFF,0xF6,0xFF,0x2C,0x00,0x8A,0xFF,0xA9,0x00,
  0x00,0xD4,0xFF,0x6A,0x00,0x1C,0xFA,0xFD,0x68,0x08,0x15,0x9A,0xFF,0xFF,0x2C,0x00,
  0x40,0xFF,0xE8,0x00,0x00,0xFB,0xFF,0x37,0x00,0x6D,0xFF,0xA6,0x00,0x00,0x00,0x06,
  0xF0,0xFF,0x2C,0x00,0x1E,0xFF,0xFE,0x04,0x0F,0xFF,0xFF,0x23,0x00,0x8E,0xFF,0x70,
  0x00,0x00,0x00,0x00,0xCB,0xFF,0x2C,0x00,0x14,0xFF,0xFE,0x06,0x0D,0xFF,0xFF,0x27,
  0x00,0x89,0xFF,0x84,0x00,0x00,0x00,0x00,0xD3,0xFF,0x2C,0x00,0x24,0xFF,0xEB,0x00,
  0x00,0xF8,0xFF,0x3F,0x00,0x5F,0xFF,0xC2,0x00,0x00,0x00,0x1A,0xFC,0xFF,0x2D,0x00,
  0x53,0xFF,0xC0,0x00,0x00,0xCB,0xFF,0x78,0x00,0x11,0xEF,0xFF,0x9B,0x3B,0x4C,0xCC,
  0xFF,0xFF,0x73,0x1D,0xCA,0xFF,0x62,0x00,0x00,0x86,0xFF,0xD6,0x01,0x00,0x52,0xFA,
  0xFF,0xFF,0xFF,0xF9,0x8D,0xFF,0xFF,0xFF,0xFF,0xCE,0x08,0x00,0x00,0x1E,0xF9,0xFF,
  0x6D,0x00,0x00,0x2C,0x92,0xB3,0x9C,0x34,0x00,0x55,0xAA,0xB9,0x80,0x0D,0x00,0x00,
  0x00,0x00,0x86,0xFF,0xFA,0x60,0x00,0x00,0x00,0x00,0x00,0x00,0x00,0x00,0x00,0x00,
  0x00,0x00,0x00,0x00,0x00,0x00,0x02,0xAF,0xFF,0xFF,0xBD,0x53,0x15,0x00,0x00,0x01,
  0x25,0x65,0x42,0x00,0x00,0x00,0x00,0x00,0x00,0x00,0x00,0x02,0x7F,0xF7,0xFF,0xFF,
  0xFF,0xF7,0xEC,0xFC,0xFF,0xFF,0xBB,0x00,0x00,0x00,0x00,0x00,0x00,0x00,0x00,0x00,
  0x00,0x18,0x7E,0xC3,0xF5,0xFF,0xFF,0xFD,0xE0,0xA7,0x58,0x00,0x00,0x00,0x00,0x00,
  0x00,0x00,0x00,0x00,0x00,0x00,0x00,0x00,0x00,0x09,0x12,0x02,0x00,0x00,0x00,0x00,
  0x00,0x00,0x00,0x00,0x00,0x00,0x00,0x00,0x00,0x55,0x8C,0x8C,0x7A,0x00,0x00,0x00,
  0x00,0x00,0x00,0x00,0x00,0x00,0x01,0xE1,0xFF,0xFF,0xFF,0x27,0x00,0x00,0x00,0x00,
  0x00,0x00,0x00,0x00,0x3D,0xFF,0xFF,0xFF,0xFF,0x81,0x00,0x00,0x00,0x00,0x00,0x00,
  0x00,0x00,0x97,0xFF,0xDC,0xA0,0xFF,0xDC,0x00,0x00,0x00,0x00,0x00,0x00,0x00,0x05,
  0xEB,0xFF,0x95,0x58,0xFF,0xFF,0x37,0x00,0x00,0x00,0x00,0x00,0x00,0x4C,0xFF,0xFF,
  0x4D,0x11,0xFB,0xFF,0x92,0x00,0x00,0x00,0x00,0x00,0x00,0xA6,0xFF,0xF7,0x0A,0x00,
  0xBF,0xFF,0xE9,0x04,0x00,0x00,0x00,0x00,0x0B,0xF4,0xFF,0xB3,0x00,0x00,0x6F,0xFF,
  0xFF,0x48,0x00,0x00,0x00,0x00,0x5A,0xFF,0xFF,0x5E,0x00,0x00,0x1B,0xFE,0xFF,0xA3,
  0x00,0x00,0x00,0x00,0xB4,0xFF,0xFF,0xBB,0xAC,0xAC,0xAC,0xFF,0xFF,0xF4,0x0A,0x00,
  0x00,0x13,0xFA,0xFF,0xFF,0xFF,0xFF,0xFF,0xFF,0xFF,0xFF,0xFF,0x59,0x00,0x00,0x69,
  0xFF,0xFF,0xCC,0x70,0x70,0x70,0x70,0x87,0xFF,0xFF,0xB4,0x00,0x00,0xC3,0xFF,0xF8,
  0x0E,0x00,0x00,0x00,0x00,0x00,0xBD,0xFF,0xFB,0x14,0x1E,0xFE,0xFF,0xB0,0x00,0x00,
  0x00,0x00,0x00,0x00,0x66,0xFF,0xFF,0x6A,0x77,0xFF,0xFF,0x5A,0x00,0x00,0x00,0x00,
  0x00,0x00,0x14,0xFB,0xFF,0xC6,0x57,0x8C,0x8C,0x8C,0x8C,0x8B,0x80,0x60,0x17,0x00,
  0x00,0x00,0xA0,0xFF,0xFF,0xFF,0xFF,0xFF,0xFF,0xFF,0xF7,0x6D,0x00,0x00,0xA0,0xFF,
  0xFC,0x98,0x98,0x99,0xB5,0xFB,0xFF,0xFF,0x40,0x00,0xA0,0xFF,0xF8,0x00,0x00,0x00,
  0x00,0x43,0xFF,0xFF,0x9A,0x00,0xA0,0xFF,0xF8,0x00,0x00,0x00,0x00,0x00,0xEF,0xFF,
  0xAB,0x00,0xA0,0xFF,0xF8,0x00,0x00,0x00,0x00,0x2C,0xFE,0xFF,0x70,0x00,0xA0,0xFF,
  0xFA,0x5C,0x5C,0x5E,0x84,0xED,0xFF,0xA7,0x02,0x00,0xA0,0xFF,0xFF,0xFF,0xFF,0xFF,
  0xFF,0xFF,0xB2,0x24,0x00,0x00,0xA0,0xFF,0xFC,0x90,0x90,0x90,0x9F,0xE7,0xFF,0xF9,
  0x52,0x00,0xA0,0xFF,0xF8,0x00,0x00,0x00,0x00,0x0E,0xD3,0xFF,0xEE,0x08,0xA0,0xFF,
  0xF8,0x00,0x00,0x00,0x00,0x00,0x6E,0xFF,0xFF,0x36,0xA0,0xFF,0xF8,0x00,0x00,0x00,
  0x00,0x00,0x8B,0xFF,0xFF,0x32,0xA0,0xFF,0xF9,0x28,0x28,0x28,0x39,0x7C,0xFA,0xFF,
  0xEA,0x07,0xA0,0xFF,0xFF,0xFF,0xFF,0xFF,0xFF,0xFF,0xFF,0xFC,0x55,0x00,0xA0,0xFF,
  0xFF,0xFF,0xFF,0xFF,0xFA,0xE3,0xA6,0x33,0x00,0x00,0x00,0x00,0x00,0x00,0x0C,0x68,
  0xA0,0xBC,0xB1,0x7F,0x25,0x00,0x00,0x00,0x00,0x00,0x00,0x51,0xF0,0xFF,0xFF,0xFF,
  0xFF,0xFF,0xFD,0x8C,0x02,0x00,0x00,0x00,0x5A,0xFE,0xFF,0xFF,0xC5,0x9D,0xB4,0xF7,
  0xFF,0xFF,0x96,0x00,0x00,0x1A,0xF0,0xFF,0xEC,0x3C,0x00,0x00,0x00,0x1A,0xD0,0xFF,
  0xFF,0x38,0x00,0x7E,0xFF,0xFF,0x4F,0x00,0x00,0x00,0x00,0x00,0x27,0xFF,0xFF,0x9A,
  0x00,0xD3,0xFF,0xDD,0x00,0x00,0x00,0x00,0x00,0x00,0x00,0x4E,0x58,0x43,0x00,0xF7,
  0xFF,0xA0,0x00,0x00,0x00,0x00,0x00,0x00,0x00,0x00,0x00,0x00,0x10,0xFF,0xFF,0x8A,
  0x00,0x00,0x00,0x00,0x00,0x00,0x00,0x00,0x00,0x00,0x06,0xFE,0xFF,0x94,0x00,0x00,
  0x00,0x00,0x00,0x00,0x00,0x00,0x00,0x00,0x00,0xEA,0xFF,0xBA,0x00,0x00,0x00,0x00,
  0x00,0x00,0x00,0x00,0x00,0x00,0x00,0xAB,0xFF,0xF9,0x16,0x00,0x00,0x00,0x00,0x00,
  0x08,0xD8,0xE4,0xA1,0x00,0x4D,0xFF,0xFF,0xAD,0x03,0x00,0x00,0x00,0x00,0x7B,0xFF,
  0xFF,0x6A,0x00,0x00,0xB2,0xFF,0xFF,0xC0,0x4F,0x28,0x3E,0x9B,0xFE,0xFF,0xDB,0x09,
  0x00,0x00,0x13,0xC2,0xFF,0xFF,0xFF,0xFF,0xFF,0xFF,0xFF,0xE5,0x29,0x00,0x00,0x00,
  0x00,0x05,0x73,0xDB,0xFF,0xFF,0xFF,0xEE,0x93,0x13,0x00,0x00,0x00,0x00,0x00,0x00,
  0x00,0x00,0x11,0x2C,0x22,0x02,0x00,0x00,0x00,0x00,0x57,0xCB,0xFF,0x8C,0x8C,0x86,
  0x6D,0x45,0x03,0x00,0x00,0x00,0x00,0xA0,0xFF,0xFF,0xFF,0xFF,0xFF,0xFF,0xFF,0xE5,
  0x61,0x00,0x00,0x00,0xA0,0xFF,0xFF,0xB0,0xB0,0xB8,0xD7,0xFF,0xFF,0xFF,0x8A,0x00,
  0x00,0xA0,0xFF,0xFC,0x00,0x00,0x00,0x00,0x2F,0xD1,0xFF,0xFF,0x4B,0x00,0xA0,0xFF,
  0xFC,0x00,0x00,0x00,0x00,0x00,0x17,0xEE,0xFF,0xC4,0x00,0xA0,0xFF,0xFC,0x00,0x00,
  0x00,0x00,0x00,0x00,0x91,0xFF,0xFE,0x1C,0xA0,0xFF,0xFC,0x00,0x00,0x00,0x00,0x00,
  0x00,0x53,0xFF,0xFF,0x40,0xA0,0xFF,0xFC,0x00,0x00,0x00,0x00,0x00,0x00,0x3E,0xFF,
  0xFF,0x58,0xA0,0xFF,0xFC,0x00,0x00,0x00,0x00,0x00,0x00,0x4A,0xFF,0xFF,0x4B,0xA0,
  0xFF,0xFC,0x00,0x00,0x00,0x00,0x00,0x00,0x70,0xFF,0xFF,0x30,0xA0,0xFF,0xFC,0x00,
  0x00,0x00,0x00,0x00,0x00,0xC7,0xFF,0xE8,0x03,0xA0,0xFF,0xFC,0x00,0x00,0x00,0x00,
  0x00,0x78,0xFF,0xFF,0x8A,0x00,0xA0,0xFF,0xFF,0x40,0x40,0x48,0x67,0xBD,0xFF,0xFF,
  0xD9,0x0B,0x00,0xA0,0xFF,0xFF,0xFF,0xFF,0xFF,0xFF,0xFF,0xFF,0xC9,0x1F,0x00,0x00,
  0xA0,0xFF,0xFF,0xFF,0xFF,0xF9,0xDF,0xB5,0x5A,0x06,0x00,0x00,0x00,0x57,0x8C,0x8C,
  0x8C,0x8C,0x8C,0x8C,0x8C,0x8C,0x8C,0x06,0xA0,0xFF,0xFF,0xFF,0xFF,0xFF,0xFF,0xFF,
  0xFF,0xFF,0x0C,0xA0,0xFF,0xFE,0xA8,0xA8,0xA8,0xA8,0xA8,0xA8,0xA8,0x07,0xA0,0xFF,
  0xFC,0x00,0x00,0x00,0x00,0x00,0x00,0x00,0x00,0xA0,0xFF,0xFC,0x00,0x00,0x00,0x00,
  0x00,0x00,0x00,0x00,0xA0,0xFF,0xFC,0x00,0x00,0x00,0x00,0x00,0x00,0x00,0x00,0xA0,
  0xFF,0xFD,0x74,0x74,0x74,0x74,0x74,0x74,0x3D,0x00,0xA0,0xFF,0xFF,0xFF,0xFF,0xFF,
  0xFF,0xFF,0xFF,0x88,0x00,0xA0,0xFF,0xFE,0xBC,0xBC,0xBC,0xBC,0xBC,0xBC,0x63,0x00,
  0xA0,0xFF,0xFC,0x00,0x00,0x00,0x00,0x00,0x00,0x00,0x00,0xA0,0xFF,0xFC,0x00,0x00,
  0x00,0x00,0x00,0x00,0x00,0x00,0xA0,0xFF,0xFC,0x00,0x00,0x00,0x00,0x00,0x00,0x00,
  0x00,0xA0,0xFF,0xFC,0x34,0x34,0x34,0x34,0x34,0x34,0x34,0x04,0xA0,0xFF,0xFF,0xFF,
  0xFF,0xFF,0xFF,0xFF,0xFF,0xFF,0x14,0xA0,0xFF,0xFF,0xFF,0xFF,0xFF,0xFF,0xFF,0xFF,
  0xFF,0x14,0x57,0x8C,0x8C,0x8C,0x8C,0x8C,0x8C,0x8C,0x8C,0x76,0xA0,0xFF,0xFF,0xFF,
  0xFF,0xFF,0xFF,0xFF,0xFF,0xD8,0xA0,0xFF,0xFE,0xA8,0xA8,0xA8,0xA8,0xA8,0xA8,0x8D,
  0xA0,0xFF,0xFC,0x00,0x00,0x00,0x00,0x00,0x00,0x00,0xA0,0xFF,0xFC,0x00,0x00,0x00,
  0x00,0x00,0x00,0x00,0xA0,0xFF,0xFC,0x00,0x00,0x00,0x00,0x00,0x00,0x00,0xA0,0xFF,
  0xFC,0x1C,0x1C,0x1C,0x1C,0x1C,0x1C,0x07,0xA0,0xFF,0xFF,0xFF,0xFF,0xFF,0xFF,0xFF,
  0xFF,0x40,0xA0,0xFF,0xFF,0xFF,0xFF,0xFF,0xFF,0xFF,0xFF,0x40,0xA0,0xFF,0xFC,0x10,
  0x10,0x10,0x10,0x10,0x10,0x04,0xA0,0xFF,0xFC,0x00,0x00,0x00,0x00,0x00,0x00,0x00,
  0xA0,0xFF,0xFC,0x00,0x00,0x00,0x00,0x00,0x00,0x00,0xA0,0xFF,0xFC,0x00,0x00,0x00,
  0x00,0x00,0x00,0x00,0xA0,0xFF,0xFC,0x00,0x00,0x00,0x00,0x00,0x00,0x00,0xA0,0xFF,
  0xFC,0x00,0x00,0x00,0x00,0x00,0x00,0x00,0x00,0x00,0x00,0x00,0x0D,0x69,0xA0,0xBC,
  0xB1,0x7E,0x22,0x00,0x00,0x00,0x00,0x00,0x00,0x51,0xF0,0xFF,0xFF,0xFF,0xFF,0xFF,
  0xFD,0x89,0x02,0x00,0x00,0x00,0x5A,0xFE,0xFF,0xFF,0xC6,0x9D,0xB3,0xF6,0xFF,0xFF,
  0x97,0x00,0x00,0x1A,0xF0,0xFF,0xED,0x3E,0x00,0x00,0x00,0x19,0xD2,0xFF,0xFF,0x3E,
  0x00,0x7E,0xFF,0xFF,0x4F,0x00,0x00,0x00,0x00,0x00,0x2A,0xFE,0xFF,0x9F,0x00,0xD3,
  0xFF,0xDC,0x00,0x00,0x00,0x00,0x00,0x00,0x00,0x23,0x28,0x1E,0x00,0xF7,0xFF,0x9F,
  0x00,0x00,0x00,0x00,0x00,0x00,0x00,0x00,0x00,0x00,0x10,0xFF,0xFF,0x8A,0x00,0x00,
  0x00,0x00,0x98,0x98,0x98,0x98,0x98,0x89,0x06,0xFE,0xFF,0x95,0x00,0x00,0x00,0x00,
  0xFF,0xFF,0xFF,0xFF,0xFF,0xE8,0x00,0xEA,0xFF,0xBB,0x00,0x00,0x00,0x00,0x74,0x74,
  0x74,0xD7,0xFF,0xDD,0x00,0xAB,0xFF,0xF9,0x18,0x00,0x00,0x00,0x00,0x00,0x00,0xD0,
  0xFF,0xBE,0x00,0x4E,0xFF,0xFF,0xB0,0x04,0x00,0x00,0x00,0x00,0x50,0xFF,0xFF,0x71,
  0x00,0x00,0xB3,0xFF,0xFF,0xC5,0x53,0x29,0x36,0x86,0xF9,0xFF,0xE4,0x10,0x00,0x00,
  0x13,0xC3,0xFF,0xFF,0xFF,0xFF,0xFF,0xFF,0xFF,0xEC,0x37,0x00,0x00,0x00,0x00,0x05,
  0x73,0xDB,0xFF,0xFF,0xFF,0xF1,0x9C,0x1A,0x00,0x00,0x00,0x00,0x00,0x00,0x00,0x00,
  0x10,0x2B,0x1D,0x04,0x00,0x00,0x00,0x00,0x57,0x8C,0x89,0x00,0x00,0x00,0x00,0x00,
  0x00,0x25,0x8C,0x8C,0x2D,0xA0,0xFF,0xFC,0x00,0x00,0x00,0x00,0x00,0x00,0x44,0xFF,
  0xFF,0x54,0xA0,0xFF,0xFC,0x00,0x00,0x00,0x00,0x00,0x00,0x44,0xFF,0xFF,0x54,0xA0,
  0xFF,0xFC,0x00,0x00,0x00,0x00,0x00,0x00,0x44,0xFF,0xFF,0x54,0xA0,0xFF,0xFC,0x00,
  0x00,0x00,0x00,0x00,0x00,0x44,0xFF,0xFF,0x54,0xA0,0xFF,0xFC,0x00,0x00,0x00,0x00,
  0x00,0x00,0x44,0xFF,0xFF,0x54,0xA0,0xFF,0xFE,0x8C,0x8C,0x8C,0x8C,0x8C,0x8C,0xAA,
  0xFF,0xFF,0x54,0xA0,0xFF,0xFF,0xFF,0xFF,0xFF,0xFF,0xFF,0xFF,0xFF,0xFF,0xFF,0x54,
  0xA0,0xFF,0xFE,0xAC,0xAC,0xAC,0xAC,0xAC,0xAC,0xC2,0xFF,0xFF,0x54,0xA0,0xFF,0xFC,
  0x00,0x00,0x00,0x00,0x00,0x00,0x44,0xFF,0xFF,0x54,0xA0,0xFF,0xFC,0x00,0x00,0x00,
  0x00,0x00,0x00,0x44,0xFF,0xFF,0x54,0xA0,0xFF,0xFC,0x00,0x00,0x00,0x00,0x00,0x00,
  0x44,0xFF,0xFF,0x54,0xA0,0xFF,0xFC,0x00,0x00,0x00,0x00,0x00,0x00,0x44,0xFF,0xFF,
  0x54,0xA0,0xFF,0xFC,0x00,0x00,0x00,0x00,0x00,0x00,0x44,0xFF,0xFF,0x54,0xA0,0xFF,
  0xFC,0x00,0x00,0x00,0x00,0x00,0x00,0x44,0xFF,0xFF,0x54,0x57,0x8C,0x89,0xA0,0xFF,
  0xFC,0xA0,0xFF,0xFC,0xA0,0xFF,0xFC,0xA0,0xFF,0xFC,0xA0,0xFF,0xFC,0xA0,0xFF,0xFC,
  0xA0,0xFF,0xFC,0xA0,0xFF,0xFC,0xA0,0xFF,0xFC,0xA0,0xFF,0xFC,0xA0,0xFF,0xFC,0xA0,
  0xFF,0xFC,0xA0,0xFF,0xFC,0xA0,0xFF,0xFC,0x00,0x00,0x00,0x00,0x00,0x00,0x00,0x4A,
  0x8C,0x8C,0x08,0x00,0x00,0x00,0x00,0x00,0x00,0x00,0x88,0xFF,0xFF,0x10,0x00,0x00,
  0x00,0x00,0x00,0x00,0x00,0x88,0xFF,0xFF,0x10,0x00,0x00,0x00,0x00,0x00,0x00,0x00,
  0x88,0xFF,0xFF,0x10,0x00,0x00,0x00,0x00,0x00,0x00,0x00,0x88,0xFF,0xFF,0x10,0x00,
  0x00,0x00,0x00,0x00,0x00,0x00,0x88,0xFF,0xFF,0x10,0x00,0x00,0x00,0x00,0x00,0x00,
  0x00,0x88,0xFF,0xFF,0x10,0x00,0x00,0x00,0x00,0x00,0x00,0x00,0x88,0xFF,0xFF,0x10,
  0x00,0x00,0x00,0x00,0x00,0x00,0x00,0x88,0xFF,0xFF,0x10,0x0B,0x28,0x28,0x0B,0x00,
  0x00,0x00,0x88,0xFF,0xFF,0x10,0x47,0xFF,0xFF,0x49,0x00,0x00,0x00,0x89,0xFF,0xFF,
  0x0E,0x36,0xFF,0xFF,0x68,0x00,0x00,0x00,0xAA,0xFF,0xFB,0x02,0x07,0xF1,0xFF,0xDD,
  0x2F,0x04,0x51,0xFB,0xFF,0xC1,0x00,0x00,0x71,0xFF,0xFF,0xFF,0xFE,0xFF,0xFF,0xFB,
  0x3E,0x00,0x00,0x00,0x67,0xE4,0xFF,0xFF,0xFF,0xD0,0x42,0x00,0x00,0x00,0x00,0x00,
  0x00,0x21,0x2F,0x18,0x00,0x00,0x00,0x00,0x57,0x8C,0x89,0x00,0x00,0x00,0x00,0x00,
  0x14,0x8A,0x8C,0x88,0x0F,0xA0,0xFF,0xFC,0x00,0x00,0x00,0x00,0x09,0xC6,0xFF,0xFF,
  0x67,0x00,0xA0,0xFF,0xFC,0x00,0x00,0x00,0x02,0xAD,0xFF,0xFF,0x83,0x00,0x00,0xA0,
  0xFF,0xFC,0x00,0x00,0x00,0x90,0xFF,0xFF,0xA0,0x00,0x00,0x00,0xA0,0xFF,0xFB,0x00,
  0x00,0x71,0xFF,0xFF,0xB9,0x05,0x00,0x00,0x00,0xA0,0xFF,0xFA,0x00,0x4D,0xFD,0xFF,
  0xCE,0x0D,0x00,0x00,0x00,0x00,0xA0,0xFF,0xF7,0x27,0xF2,0xFF,0xFF,0x19,0x00,0x00,
  0x00,0x00,0x00,0xA0,0xFF,0xFD,0xD3,0xFF,0xFF,0xFF,0x43,0x00,0x00,0x00,0x00,0x00,
  0xA0,0xFF,0xFF,0xFF,0xEF,0xFF,0xFF,0xE3,0x0F,0x00,0x00,0x00,0x00,0xA0,0xFF,0xFF,
  0xE6,0x20,0x59,0xFF,0xFF,0xA3,0x00,0x00,0x00,0x00,0xA0,0xFF,0xFF,0x2F,0x00,0x00,
  0xAB,0xFF,0xFF,0x54,0x00,0x00,0x00,0xA0,0xFF,0xFF,0x00,0x00,0x00,0x14,0xE9,0xFF,
  0xEC,0x18,0x00,0x00,0xA0,0xFF,0xFC,0x00,0x00,0x00,0x00,0x51,0xFF,0xFF,0xB5,0x00,
  0x00,0xA0,0xFF,0xFC,0x00,0x00,0x00,0x00,0x00,0xA4,0xFF,0xFF,0x66,0x00,0xA0,0xFF,
  0xFC,0x00,0x00,0x00,0x00,0x00,0x11,0xE5,0xFF,0xF4,0x23,0x57,0x8C,0x89,0x00,0x00,
  0x00,0x00,0x00,0x00,0x00,0xA0,0xFF,0xFC,0x00,0x00,0x00,0x00,0x00,0x00,0x00,0xA0,
  0xFF,0xFC,0x00,0x00,0x00,0x00,0x00,0x00,0x00,0xA0,0xFF,0xFC,0x00,0x00,0x00,0x00,
  0x00,0x00,0x00,0xA0,0xFF,0xFC,0x00,0x00,0x00,0x00,0x00,0x00,0x00,0xA0,0xFF,0xFC,
  0x00,0x00,0x00,0x00,0x00,0x00,0x00,0xA0,0xFF,0xFC,0x00,0x00,0x00,0x00,0x00,0x00,
  0x00,0xA0,0xFF,0xFC,0x00,0x00,0x00,0x00,0x00,0x00,0x00,0xA0,0xFF,0xFC,0x00,0x00,
  0x00,0x00,0x00,0x00,0x00,0xA0,0xFF,0xFC,0x00,0x00,0x00,0x00,0x00,0x00,0x00,0xA0,
  0xFF,0xFC,0x00,0x00,0x00,0x00,0x00,0x00,0x00,0xA0,0xFF,0xFC,0x00,0x00,0x00,0x00,
  0x00,0x00,0x00,0xA0,0xFF,0xFC,0x34,0x34,0x34,0x34,0x34,0x34,0x1A,0xA0,0xFF,0xFF,
  0xFF,0xFF,0xFF,0xFF,0xFF,0xFF,0x84,0xA0,0xFF,0xFF,0xFF,0xFF,0xFF,0xFF,0xFF,0xFF,
  0x84,0x57,0x8C,0x8C,0x8C,0x2E,0x00,0x00,0x00,0x00,0x00,0x00,0x18,0x8C,0x8C,0x8C,
  0x6F,0xA0,0xFF,0xFF,0xFF,0x9E,0x00,0x00,0x00,0x00,0x00,0x00,0x75,0xFF,0xFF,0xFF,
  0xCC,0xA0,0xFF,0xFF,0xFF,0xF2,0x0A,0x00,0x00,0x00,0x00,0x00,0xD2,0xFF,0xFF,0xFF,
  0xCC,0xA0,0xFF,0xEE,0xFC,0xFF,0x5C,0x00,0x00,0x00,0x00,0x2E,0xFF,0xFF,0xE0,0xFF,
  0xCC,0xA0,0xFF,0xE0,0xC3,0xFF,0xBA,0x00,0x00,0x00,0x00,0x8B,0xFF,0xE1,0xBC,0xFF,
  0xCC,0xA0,0xFF,0xE6,0x74,0xFF,0xFD,0x1C,0x00,0x00,0x02,0xE4,0xFF,0x93,0xC2,0xFF,
  0xCC,0xA0,0xFF,0xEB,0x21,0xFF,0xFF,0x78,0x00,0x00,0x44,0xFF,0xFF,0x43,0xC7,0xFF,
  0xCC,0xA0,0xFF,0xEF,0x00,0xCA,0xFF,0xD6,0x00,0x00,0xA0,0xFF,0xEA,0x03,0xC8,0xFF,
  0xCC,0xA0,0xFF,0xF0,0x00,0x6D,0xFF,0xFF,0x2C,0x05,0xF0,0xFF,0x91,0x00,0xC8,0xFF,
  0xCC,0xA0,0xFF,0xF0,0x00,0x13,0xF9,0xFF,0x76,0x43,0xFF,0xFF,0x32,0x00,0xC8,0xFF,
  0xCC,0xA0,0xFF,0xF0,0x00,0x00,0xAE,0xFF,0xBB,0x8A,0xFF,0xD4,0x00,0x00,0xC8,0xFF,
  0xCC,0xA0,0xFF,0xF0,0x00,0x00,0x4E,0xFF,0xF7,0xD6,0xFF,0x76,0x00,0x00,0xC8,0xFF,
  0xCC,0xA0,0xFF,0xF0,0x00,0x00,0x04,0xE9,0xFF,0xFF,0xFD,0x1A,0x00,0x00,0xC8,0xFF,
  0xCC,0xA0,0xFF,0xF0,0x00,0x00,0x00,0x8F,0xFF,0xFF,0xB9,0x00,0x00,0x00,0xC8,0xFF,
  0xCC,0xA0,0xFF,0xF0,0x00,0x00,0x00,0x30,0xFF,0xFF,0x5B,0x00,0x00,0x00,0xC8,0xFF,
  0xCC,0x57,0x8C,0x8C,0x3D,0x00,0x00,0x00,0x00,0x00,0x0A,0x8C,0x8C,0x4C,0xA0,0xFF,
  0xFF,0xE0,0x0B,0x00,0x00,0x00,0x00,0x14,0xFF,0xFF,0x8C,0xA0,0xFF,0xFF,0xFF,0x8D,
  0x00,0x00,0x00,0x00,0x14,0xFF,0xFF,0x8C,0xA0,0xFF,0xFF,0xFF,0xFC,0x32,0x00,0x00,
  0x00,0x14,0xFF,0xFF,0x8C,0xA0,0xFF,0xE6,0xC5,0xFF,0xCC,0x03,0x00,0x00,0x14,0xFF,
  0xFF,0x8C,0xA0,0xFF,0xF1,0x3B,0xFF,0xFF,0x70,0x00,0x00,0x14,0xFF,0xFF,0x8C,0xA0,
  0xFF,0xFA,0x00,0xAB,0xFF,0xF3,0x1D,0x00,0x14,0xFF,0xFF,0x8C,0xA0,0xFF,0xFF,0x02,
  0x1E,0xF5,0xFF,0xB2,0x00,0x14,0xFF,0xFF,0x8C,0xA0,0xFF,0xFF,0x04,0x00,0x76,0xFF,
  0xFF,0x52,0x13,0xFF,0xFF,0x8C,0xA0,0xFF,0xFF,0x04,0x00,0x04,0xD0,0xFF,0xE1,0x17,
  0xFF,0xFF,0x8C,0xA0,0xFF,0xFF,0x04,0x00,0x00,0x35,0xFD,0xFF,0x7A,0xFF,0xFF,0x8C,
  0xA0,0xFF,0xFF,0x04,0x00,0x00,0x00,0x91,0xFF,0xE9,0xFF,0xFF,0x8C,0xA0,0xFF,0xFF,
  0x04,0x00,0x00,0x00,0x0D,0xE3,0xFF,0xFF,0xFF,0x8C,0xA0,0xFF,0xFF,0x04,0x00,0x00,
  0x00,0x00,0x4E,0xFF,0xFF,0xFF,0x8C,0xA0,0xFF,0xFF,0x04,0x00,0x00,0x00,0x00,0x00,
  0xAD,0xFF,0xFF,0x8C,0x00,0x00,0x00,0x00,0x0C,0x68,0xA0,0xBB,0xA8,0x7C,0x1C,0x00,
  0x00,0x00,0x00,0x00,0x00,0x00,0x51,0xF0,0xFF,0xFF,0xFF,0xFF,0xFF,0xFB,0x80,0x01,
  0x00,0x00,0x00,0x00,0x5A,0xFE,0xFF,0xFF,0xC4,0x9D,0xB4,0xF8,0xFF,0xFF,0x94,0x00,
  0x00,0x00,0x1A,0xF0,0xFF,0xEB,0x3B,0x00,0x00,0x00,0x1C,0xCE,0xFF,0xFF,0x47,0x00,
  0x00,0x7E,0xFF,0xFF,0x4F,0x00,0x00,0x00,0x00,0x00,0x1E,0xF4,0xFF,0xB9,0x00,0x00,
  0xD3,0xFF,0xDD,0x00,0x00,0x00,0x00,0x00,0x00,0x00,0xA2,0xFF,0xFC,0x12,0x00,0xF7,
  0xFF,0xA0,0x00,0x00,0x00,0x00,0x00,0x00,0x00,0x64,0xFF,0xFF,0x33,0x10,0xFF,0xFF,
  0x8A,0x00,0x00,0x00,0x00,0x00,0x00,0x00,0x4F,0xFF,0xFF,0x4B,0x05,0xFE,0xFF,0x94,
  0x00,0x00,0x00,0x00,0x00,0x00,0x00,0x59,0xFF,0xFF,0x40,0x00,0xEA,0xFF,0xBA,0x00,
  0x00,0x00,0x00,0x00,0x00,0x00,0x7F,0xFF,0xFF,0x25,0x00,0xA9,0xFF,0xF9,0x16,0x00,
  0x00,0x00,0x00,0x00,0x01,0xD2,0xFF,0xE2,0x01,0x00,0x4A,0xFF,0xFF,0xAD,0x03,0x00,
  0x00,0x00,0x00,0x75,0xFF,0xFF,0x85,0x00,0x00,0x00,0xAF,0xFF,0xFF,0xC1,0x4F,0x28,
  0x3F,0xA0,0xFF,0xFF,0xDD,0x0D,0x00,0x00,0x00,0x11,0xC0,0xFF,0xFF,0xFF,0xFF,0xFF,
  0xFF,0xFF,0xE0,0x2D,0x00,0x00,0x00,0x00,0x00,0x04,0x71,0xD9,0xFF,0xFF,0xFF,0xEC,
  0x8C,0x14,0x00,0x00,0x00,0x00,0x00,0x00,0x00,0x00,0x00,0x11,0x2C,0x19,0x01,0x00,
  0x00,0x00,0x00,0x00,0x57,0x8C,0x8C,0x8C,0x8C,0x8B,0x7B,0x55,0x0A,0x00,0x00,0x00,
  0xA0,0xFF,0xFF,0xFF,0xFF,0xFF,0xFF,0xFF,0xEE,0x53,0x00,0x00,0xA0,0xFF,0xFE,0xA4,
  0xA4,0xA6,0xC6,0xFE,0xFF,0xFB,0x3A,0x00,0xA0,0xFF,0xFC,0x00,0x00,0x00,0x00,0x43,
  0xFB,0xFF,0xB4,0x00,0xA0,0xFF,0xFC,0x00,0x00,0x00,0x00,0x00,0xB7,0xFF,0xEE,0x00,
  0xA0,0xFF,0xFC,0x00,0x00,0x00,0x00,0x00,0xA5,0xFF,0xF9,0x00,0xA0,0xFF,0xFC,0x00,
  0x00,0x00,0x00,0x09,0xE3,0xFF,0xD6,0x00,0xA0,0xFF,0xFF,0x30,0x30,0x32,0x51,0xC5,
  0xFF,0xFF,0x77,0x00,0xA0,0xFF,0xFF,0xFF,0xFF,0xFF,0xFF,0xFF,0xFF,0xB8,0x04,0x00,
  0xA0,0xFF,0xFF,0xF8,0xF8,0xF7,0xE7,0xC0,0x64,0x02,0x00,0x00,0xA0,0xFF,0xFC,0x00,
  0x00,0x00,0x00,0x00,0x00,0x00,0x00,0x00,0xA0,0xFF,0xFC,0x00,0x00,0x00,0x00,0x00,
  0x00,0x00,0x00,0x00,0xA0,0xFF,0xFC,0x00,0x00,0x00,0x00,0x00,0x00,0x00,0x00,0x00,
  0xA0,0xFF,0xFC,0x00,0x00,0x00,0x00,0x00,0x00,0x00,0x00,0x00,0xA0,0xFF,0xFC,0x00,
  0x00,0x00,0x00,0x00,0x00,0x00,0x00,0x00,0x00,0x00,0x00,0x00,0x0C,0x68,0xA0,0xBB,
  0xA8,0x7C,0x1C,0x00,0x00,0x00,0x00,0x00,0x00,0x00,0x51,0xF0,0xFF,0xFF,0xFF,0xFF,
  0xFF,0xFB,0x80,0x01,0x00,0x00,0x00,0x00,0x5A,0xFE,0xFF,0xFF,0xC4,0x9D,0xB4,0xF8,
  0xFF,0xFF,0x94,0x00,0x00,0x00,0x1A,0xF0,0xFF,0xEB,0x3B,0x00,0x00,0x00,0x1C,0xCE,
  0xFF,0xFF,0x47,0x00,0x00,0x7E,0xFF,0xFF,0x4F,0x00,0x00,0x00,0x00,0x00,0x1E,0xF4,
  0xFF,0xB9,0x00,0x00,0xD3,0xFF,0xDD,0x00,0x00,0x00,0x00,0x00,0x00,0x00,0xA2,0xFF,
  0xFC,0x12,0x00,0xF7,0xFF,0xA0,0x00,0x00,0x00,0x00,0x00,0x00,0x00,0x64,0xFF,0xFF,
  0x33,0x10,0xFF,0xFF,0x8A,0x00,0x00,0x00,0x00,0x00,0x00,0x00,0x4F,0xFF,0xFF,0x4B,
  0x05,0xFE,0xFF,0x94,0x00,0x00,0x00,0x00,0x00,0x00,0x00,0x59,0xFF,0xFF,0x40,0x00,
  0xEA,0xFF,0xBA,0x00,0x00,0x00,0x00,0x00,0x00,0x00,0x7F,0xFF,0xFF,0x25,0x00,0xA9,
  0xFF,0xF9,0x16,0x00,0x0B,0xC3,0xDC,0x59,0x01,0xD2,0xFF,0xE2,0x01,0x00,0x4A,0xFF,
  0xFF,0xAD,0x03,0x00,0x40,0xFC,0xF4,0x9F,0xFF,0xFF,0x85,0x00,0x00,0x00,0xAF,0xFF,
  0xFF,0xC1,0x4F,0x28,0xBB,0xFF,0xFF,0xFF,0xDD,0x0D,0x00,0x00,0x00,0x11,0xC0,0xFF,
  0xFF,0xFF,0xFF,0xFF,0xFF,0xFF,0xFF,0x2F,0x00,0x00,0x00,0x00,0x00,0x04,0x71,0xD9,
  0xFF,0xFF,0xFF,0xFF,0xFF,0xFF,0x83,0x00,0x00,0x00,0x00,0x00,0x00,0x00,0x00,0x11,
  0x2C,0x19,0x01,0x38,0xF9,0xFE,0x4C,0x00,0x00,0x00,0x00,0x00,0x00,0x00,0x00,0x00,
  0x00,0x00,0x00,0x2F,0x44,0x35,0x00,0x57,0x8C,0x8C,0x8C,0x8C,0x8B,0x7D,0x5A,0x0F,
  0x00,0x00,0x00,0xA0,0xFF,0xFF,0xFF,0xFF,0xFF,0xFF,0xFF,0xF4,0x63,0x00,0x00,0xA0,
  0xFF,0xFE,0xA4,0xA4,0xA6,0xC0,0xFB,0xFF,0xFE,0x4B,0x00,0xA0,0xFF,0xFC,0x00,0x00,
  0x00,0x00,0x33,0xF5,0xFF,0xC5,0x00,0xA0,0xFF,0xFC,0x00,0x00,0x00,0x00,0x00,0xAA,
  0xFF,0xF8,0x01,0xA0,0xFF,0xFC,0x00,0x00,0x00,0x00,0x00,0xA0,0xFF,0xFC,0x03,0xA0,
  0xFF,0xFC,0x00,0x00,0x00,0x00,0x17,0xEA,0xFF,0xD3,0x00,0xA0,0xFF,0xFF,0x7C,0x7C,
  0x7D,0x96,0xE9,0xFF,0xFF,0x63,0x00,0xA0,0xFF,0xFF,0xFF,0xFF,0xFF,0xFF,0xFF,0xFF,
  0x87,0x00,0x00,0xA0,0xFF,0xFF,0xAC,0xAC,0xF8,0xFF,0xFF,0xB2,0x00,0x00,0x00,0xA0,
  0xFF,0xFC,0x00,0x00,0x00,0xC4,0xFF,0xF7,0x1C,0x00,0x00,0xA0,0xFF,0xFC,0x00,0x00,
  0x00,0x3E,0xFF,0xFF,0x9D,0x00,0x00,0xA0,0xFF,0xFC,0x00,0x00,0x00,0x00,0xB6,0xFF,
  0xFC,0x2A,0x00,0xA0,0xFF,0xFC,0x00,0x00,0x00,0x00,0x30,0xFE,0xFF,0xB1,0x00,0xA0,
  0xFF,0xFC,0x00,0x00,0x00,0x00,0x00,0xA8,0xFF,0xFF,0x3B,0x00,0x00,0x00,0x17,0x70,
  0xAA,0xBD,0xAD,0x79,0x1D,0x00,0x00,0x00,0x00,0x00,0x57,0xF1,0xFF,0xFF,0xFF,0xFF,
  0xFF,0xF5,0x5E,0x00,0x00,0x00,0x33,0xFB,0xFF,0xF2,0xA2,0x7E,0x9C,0xF4,0xFF,0xFC,
  0x35,0x00,0x00,0x9D,0xFF,0xFB,0x2B,0x00,0x00,0x00,0x2A,0xF6,0xFF,0xA2,0x00,0x00,
  0xC0,0xFF,0xE2,0x00,0x00,0x00,0x00,0x00,0x70,0x94,0x73,0x00,0x00,0xA5,0xFF,0xFF,
  0x72,0x01,0x00,0x00,0x00,0x00,0x00,0x00,0x00,0x00,0x36,0xFA,0xFF,0xFF,0xE3,0x95,
  0x54,0x0D,0x00,0x00,0x00,0x00,0x00,0x00,0x3B,0xD6,0xFF,0xFF,0xFF,0xFF,0xF7,0xA7,
  0x1E,0x00,0x00,0x00,0x00,0x00,0x01,0x3A,0x8A,0xCB,0xFD,0xFF,0xFF,0xF3,0x38,0x00,
  0x00,0x00,0x00,0x00,0x00,0x00,0x00,0x14,0x7D,0xFB,0xFF,0xCD,0x00,0x0C,0x70,0x70,
  0x31,0x00,0x00,0x00,0x00,0x00,0x9D,0xFF,0xFF,0x0A,0x05,0xFB,0xFF,0xAA,0x00,0x00,
  0x00,0x00,0x00,0xA7,0xFF,0xFA,0x03,0x00,0xAF,0xFF,0xFF,0x8B,0x1E,0x04,0x24,0x7D,
  0xFD,0xFF,0xB8,0x00,0x00,0x21,0xE6,0xFF,0xFF,0xFF,0xFF,0xFF,0xFF,0xFF,0xEE,0x2A,
  0x00,0x00,0x00,0x1A,0xA0,0xF2,0xFF,0xFF,0xFF,0xF5,0xA8,0x21,0x00,0x00,0x00,0x00,
  0x00,0x00,0x05,0x26,0x36,0x28,0x08,0x00,0x00,0x00,0x00,0x2B,0x8C,0x8C,0x8C,0x8C,
  0x8C,0x8C,0x8C,0x8C,0x8C,0x8C,0x8C,0x29,0x50,0xFF,0xFF,0xFF,0xFF,0xFF,0xFF,0xFF,
  0xFF,0xFF,0xFF,0xFF,0x4C,0x34,0xA8,0xA8,0xA8,0xA8,0xEE,0xFF,0xEE,0xA8,0xA8,0xA8,
  0xA8,0x31,0x00,0x00,0x00,0x00,0x00,0xCC,0xFF,0xCC,0x00,0x00,0x00,0x00,0x00,0x00,
  0x00,0x00,0x00,0x00,0xCC,0xFF,0xCC,0x00,0x00,0x00,0x00,0x00,0x00,0x00,0x00,0x00,
  0x00,0xCC,0xFF,0xCC,0x00,0x00,0x00,0x00,0x00,0x00,0x00,0x00,0x00,0x00,0xCC,0xFF,
  0xCC,0x00,0x00,0x00,0x00,0x00,0x00,0x00,0x00,0x00,0x00,0xCC,0xFF,0xCC,0x00,0x00,
  0x00,0x00,0x00,0x00,0x00,0x00,0x00,0x00,0xCC,0xFF,0xCC,0x00,0x00,0x00,0x00,0x00,
  0x00,0x00,0x00,0x00,0x00,0xCC,0xFF,0xCC,0x00,0x00,0x00,0x00,0x00,0x00,0x00,0x00,
  0x00,0x00,0xCC,0xFF,0xCC,0x00,0x00,0x00,0x00,0x00,0x00,0x00,0x00,0x00,0x00,0xCC,
  0xFF,0xCC,0x00,0x00,0x00,0x00,0x00,0x00,0x00,0x00,0x00,0x00,0xCC,0xFF,0xCC,0x00,
  0x00,0x00,0x00,0x00,0x00,0x00,0x00,0x00,0x00,0xCC,0xFF,0xCC,0x00,0x00,0x00,0x00,
  0x00,0x00,0x00,0x00,0x00,0x00,0xCC,0xFF,0xCC,0x00,0x00,0x00,0x00,0x00,0x59,0x8C,
  0x85,0x00,0x00,0x00,0x00,0x00,0x00,0x3D,0x8C,0x8C,0x13,0xA4,0xFF,0xF4,0x00,0x00,
  0x00,0x00,0x00,0x00,0x70,0xFF,0xFF,0x24,0xA4,0xFF,0xF4,0x00,0x00,0x00,0x00,0x00,
  0x00,0x70,0xFF,0xFF,0x24,0xA4,0xFF,0xF4,0x00,0x00,0x00,0x00,0x00,0x00,0x70,0xFF,
  0xFF,0x24,0xA4,0xFF,0xF4,0x00,0x00,0x00,0x00,0x00,0x00,0x70,0xFF,0xFF,0x24,0xA4,
  0xFF,0xF4,0x00,0x00,0x00,0x00,0x00,0x00,0x70,0xFF,0xFF,0x24,0xA4,0xFF,0xF4,0x00,
  0x00,0x00,0x00,0x00,0x00,0x70,0xFF,0xFF,0x24,0xA4,0xFF,0xF4,0x00,0x00,0x00,0x00,
  0x00,0x00,0x70,0xFF,0xFF,0x24,0xA4,0xFF,0xF4,0x00,0x00,0x00,0x00,0x00,0x00,0x70,
  0xFF,0xFF,0x24,0xA3,0xFF,0xF4,0x00,0x00,0x00,0x00,0x00,0x00,0x71,0xFF,0xFF,0x23,
  0x93,0xFF,0xFF,0x10,0x00,0x00,0x00,0x00,0x00,0x8C,0xFF,0xFF,0x12,0x64,0xFF,0xFF,
  0x7A,0x00,0x00,0x00,0x00,0x11,0xE5,0xFF,0xE4,0x00,0x0C,0xEB,0xFF,0xFD,0x8B,0x2F,
  0x20,0x50,0xD4,0xFF,0xFF,0x77,0x00,0x00,0x40,0xF5,0xFF,0xFF,0xFF,0xFF,0xFF,0xFF,
  0xFF,0xB4,0x03,0x00,0x00,0x00,0x24,0xA9,0xF7,0xFF,0xFF,0xFF,0xD9,0x6E,0x02,0x00,
  0x00,0x00,0x00,0x00,0x00,0x08,0x25,0x30,0x17,0x00,0x00,0x00,0x00,0x00,0x4C,0x8C,
  0x8C,0x29,0x00,0x00,0x00,0x00,0x00,0x00,0x02,0x87,0x8C,0x73,0x45,0xFF,0xFF,0x8F,
  0x00,0x00,0x00,0x00,0x00,0x00,0x3D,0xFF,0xFF,0x8D,0x02,0xE6,0xFF,0xE4,0x02,0x00,
  0x00,0x00,0x00,0x00,0x92,0xFF,0xFF,0x34,0x00,0x8E,0xFF,0xFF,0x3E,0x00,0x00,0x00,
  0x00,0x01,0xE5,0xFF,0xDA,0x00,0x00,0x33,0xFF,0xFF,0x96,0x00,0x00,0x00,0x00,0x3C,
  0xFF,0xFF,0x81,0x00,0x00,0x00,0xD7,0xFF,0xEA,0x03,0x00,0x00,0x00,0x91,0xFF,0xFF,
  0x27,0x00,0x00,0x00,0x7C,0xFF,0xFF,0x45,0x00,0x00,0x01,0xE4,0xFF,0xCD,0x00,0x00,
  0x00,0x00,0x21,0xFF,0xFF,0x9D,0x00,0x00,0x3B,0xFF,0xFF,0x74,0x00,0x00,0x00,0x00,
  0x00,0xC6,0xFF,0xED,0x03,0x00,0x8D,0xFF,0xFE,0x1C,0x00,0x00,0x00,0x00,0x00,0x6A,
  0xFF,0xFF,0x3D,0x00,0xDA,0xFF,0xC0,0x00,0x00,0x00,0x00,0x00,0x00,0x14,0xFA,0xFF,
  0x88,0x26,0xFF,0xFF,0x67,0x00,0x00,0x00,0x00,0x00,0x00,0x00,0xB4,0xFF,0xD3,0x6E,
  0xFF,0xFA,0x13,0x00,0x00,0x00,0x00,0x00,0x00,0x00,0x58,0xFF,0xFF,0xD2,0xFF,0xB3,
  0x00,0x00,0x00,0x00,0x00,0x00,0x00,0x00,0x0A,0xF3,0xFF,0xFF,0xFF,0x5A,0x00,0x00,
  0x00,0x00,0x00,0x00,0x00,0x00,0x00,0xA2,0xFF,0xFF,0xF5,0x0B,0x00,0x00,0x00,0x00,
  0x4F,0x8C,0x8C,0x1C,0x00,0x00,0x00,0x00,0x35,0x8C,0x8C,0x49,0x00,0x00,0x00,0x00,
  0x0B,0x8C,0x8C,0x62,0x5C,0xFF,0xFF,0x65,0x00,0x00,0x00,0x00,0x94,0xFF,0xFF,0xB7,
  0x00,0x00,0x00,0x00,0x46,0xFF,0xFF,0x7F,0x17,0xFE,0xFF,0xA4,0x00,0x00,0x00,0x00,
  0xD5,0xFF,0xFF,0xF3,0x04,0x00,0x00,0x00,0x85,0xFF,0xFF,0x39,0x00,0xD1,0xFF,0xE2,
  0x00,0x00,0x00,0x16,0xFF,0xFF,0xFF,0xFF,0x38,0x00,0x00,0x00,0xC3,0xFF,0xF0,0x03,
  0x00,0x8C,0xFF,0xFF,0x21,0x00,0x00,0x56,0xFF,0xE8,0xCA,0xFF,0x79,0x00,0x00,0x08,
  0xF9,0xFF,0xAF,0x00,0x00,0x46,0xFF,0xFF,0x60,0x00,0x00,0x97,0xFF,0xB3,0x94,0xFF,
  0xBA,0x00,0x00,0x41,0xFF,0xFF,0x69,0x00,0x00,0x09,0xF8,0xFF,0x9E,0x00,0x00,0xD8,
  0xFF,0x7D,0x5B,0xFF,0xF5,0x06,0x00,0x7F,0xFF,0xFF,0x24,0x00,0x00,0x00,0xBC,0xFF,
  0xDD,0x00,0x18,0xFF,0xFF,0x3F,0x1C,0xFF,0xFF,0x3C,0x00,0xBE,0xFF,0xDF,0x00,0x00,
  0x00,0x00,0x77,0xFF,0xFF,0x1A,0x57,0xFF,0xF5,0x06,0x00,0xD8,0xFF,0x7A,0x04,0xF6,
  0xFF,0x9A,0x00,0x00,0x00,0x00,0x31,0xFF,0xFF,0x51,0x93,0xFF,0xB8,0x00,0x00,0x95,
  0xFF,0xB4,0x32,0xFF,0xFF,0x54,0x00,0x00,0x00,0x00,0x01,0xEA,0xFF,0x84,0xCA,0xFF,
  0x74,0x00,0x00,0x51,0xFF,0xEA,0x65,0xFF,0xFD,0x12,0x00,0x00,0x00,0x00,0x00,0xA7,
  0xFF,0xB7,0xF7,0xFF,0x30,0x00,0x00,0x10,0xFC,0xFF,0xB1,0xFF,0xCA,0x00,0x00,0x00,
  0x00,0x00,0x00,0x61,0xFF,0xFF,0xFF,0xEB,0x01,0x00,0x00,0x00,0xCA,0xFF,0xFF,0xFF,
  0x84,0x00,0x00,0x00,0x00,0x00,0x00,0x1C,0xFF,0xFF,0xFF,0xA9,0x00,0x00,0x00,0x00,
  0x86,0xFF,0xFF,0xFF,0x3F,0x00,0x00,0x00,0x00,0x00,0x00,0x00,0xD7,0xFF,0xFF,0x65,
  0x00,0x00,0x00,0x00,0x42,0xFF,0xFF,0xF4,0x06,0x00,0x00,0x00,0x06,0x85,0x8C,0x85,
  0x05,0x00,0x00,0x00,0x00,0x00,0x6A,0x8C,0x8B,0x18,0x00,0x7B,0xFF,0xFF,0x80,0x00,
  0x00,0x00,0x00,0x48,0xFF,0xFF,0xA5,0x00,0x00,0x03,0xC9,0xFF,0xFA,0x2F,0x00,0x00,
  0x10,0xE4,0xFF,0xE5,0x11,0x00,0x00,0x00,0x28,0xF7,0xFF,0xCC,0x03,0x00,0x9D,0xFF,
  0xFF,0x49,0x00,0x00,0x00,0x00,0x00,0x72,0xFF,0xFF,0x6B,0x3C,0xFF,0xFF,0x9B,0x00,
  0x00,0x00,0x00,0x00,0x00,0x02,0xC2,0xFF,0xED,0xDA,0xFF,0xDF,0x0D,0x00,0x00,0x00,
  0x00,0x00,0x00,0x00,0x23,0xF4,0xFF,0xFF,0xFF,0x40,0x00,0x00,0x00,0x00,0x00,0x00,
  0x00,0x00,0x00,0xC0,0xFF,0xFF,0xFF,0x00,0x00,0x00,0x00,0x00,0x00,0x00,0x00,0x00,
  0x1C,0xEF,0xFF,0xFF,0xFF,0x47,0x00,0x00,0x00,0x00,0x00,0x00,0x00,0x01,0xBD,0xFF,
  0xF4,0xED,0xFF,0xE4,0x11,0x00,0x00,0x00,0x00,0x00,0x00,0x73,0xFF,0xFF,0x6A,0x4A,
  0xFF,0xFF,0xA5,0x00,0x00,0x00,0x00,0x00,0x2D,0xF8,0xFF,0xC2,0x01,0x00,0xA8,0xFF,
  0xFF,0x55,0x00,0x00,0x00,0x07,0xD2,0xFF,0xF4,0x22,0x00,0x00,0x14,0xE9,0xFF,0xEC,
  0x18,0x00,0x00,0x8F,0xFF,0xFF,0x67,0x00,0x00,0x00,0x00,0x52,0xFF,0xFF,0xB3,0x00,
  0x43,0xFE,0xFF,0xB7,0x00,0x00,0x00,0x00,0x00,0x00,0xA6,0xFF,0xFF,0x64,0x42,0x8C,
  0x8C,0x4C,0x00,0x00,0x00,0x00,0x00,0x00,0x47,0x8C,0x8C,0x42,0x14,0xED,0xFF,0xEC,
  0x11,0x00,0x00,0x00,0x00,0x0C,0xE6,0xFF,0xEF,0x15,0x00,0x68,0xFF,0xFF,0x90,0x00,
  0x00,0x00,0x00,0x84,0xFF,0xFF,0x6B,0x00,0x00,0x02,0xCB,0xFF,0xFB,0x28,0x00,0x00,
  0x1D,0xF6,0xFF,0xD0,0x03,0x00,0x00,0x00,0x34,0xFD,0xFF,0xB6,0x00,0x00,0xA4,0xFF,
  0xFF,0x3C,0x00,0x00,0x00,0x00,0x00,0x98,0xFF,0xFF,0x43,0x30,0xFE,0xFF,0xA2,0x00,
  0x00,0x00,0x00,0x00,0x00,0x12,0xEB,0xFF,0xC5,0xAF,0xFF,0xF1,0x18,0x00,0x00,0x00,
  0x00,0x00,0x00,0x00,0x62,0xFF,0xFF,0xFF,0xFF,0x71,0x00,0x00,0x00,0x00,0x00,0x00,
  0x00,0x00,0x01,0xC6,0xFF,0xFF,0xD4,0x04,0x00,0x00,0x00,0x00,0x00,0x00,0x00,0x00,
  0x00,0x4B,0xFF,0xFF,0x5E,0x00,0x00,0x00,0x00,0x00,0x00,0x00,0x00,0x00,0x00,0x40,
  0xFF,0xFF,0x54,0x00,0x00,0x00,0x00,0x00,0x00,0x00,0x00,0x00,0x00,0x40,0xFF,0xFF,
  0x54,0x00,0x00,0x00,0x00,0x00,0x00,0x00,0x00,0x00,0x00,0x40,0xFF,0xFF,0x54,0x00,
  0x00,0x00,0x00,0x00,0x00,0x00,0x00,0x00,0x00,0x40,0xFF,0xFF,0x54,0x00,0x00,0x00,
  0x00,0x00,0x00,0x00,0x00,0x00,0x00,0x40,0xFF,0xFF,0x54,0x00,0x00,0x00,0x00,0x00,
  0x00,0x89,0x8C,0x8C,0x8C,0x8C,0x8C,0x8C,0x8C,0x8C,0x8C,0x7C,0x00,0xFC,0xFF,0xFF,
  0xFF,0xFF,0xFF,0xFF,0xFF,0xFF,0xFF,0xE4,0x00,0xA5,0xA8,0xA8,0xA8,0xA8,0xA8,0xA8,
  0xC6,0xFF,0xFF,0xAA,0x00,0x00,0x00,0x00,0x00,0x00,0x00,0x0C,0xD6,0xFF,0xE3,0x12,
  0x00,0x00,0x00,0x00,0x00,0x00,0x00,0xA8,0xFF,0xFD,0x3E,0x00,0x00,0x00,0x00,0x00,
  0x00,0x00,0x65,0xFF,0xFF,0x81,0x00,0x00,0x00,0x00,0x00,0x00,0x00,0x2A,0xF5,0xFF,
  0xC4,0x03,0x00,0x00,0x00,0x00,0x00,0x00,0x08,0xD2,0xFF,0xEF,0x1E,0x00,0x00,0x00,
  0x00,0x00,0x00,0x00,0x96,0xFF,0xFF,0x54,0x00,0x00,0x00,0x00,0x00,0x00,0x00,0x51,
  0xFF,0xFF,0x9A,0x00,0x00,0x00,0x00,0x00,0x00,0x00,0x1E,0xEE,0xFF,0xD5,0x0A,0x00,
  0x00,0x00,0x00,0x00,0x00,0x03,0xC4,0xFF,0xF3,0x29,0x00,0x00,0x00,0x00,0x00,0x00,
  0x00,0x83,0xFF,0xFF,0x7F,0x31,0x33,0x34,0x34,0x34,0x34,0x31,0x09,0xFD,0xFF,0xFF,
  0xFF,0xFF,0xFF,0xFF,0xFF,0xFF,0xFF,0xF4,0x0C,0xFF,0xFF,0xFF,0xFF,0xFF,0xFF,0xFF,
  0xFF,0xFF,0xFF,0xF4,0x1A,0x64,0x64,0x64,0x64,0x11,0x44,0xFF,0xFF,0xFF,0xFF,0x2C,
  0x44,0xFF,0xFF,0xAB,0x98,0x1A,0x44,0xFF,0xFF,0x30,0x00,0x00,0x44,0xFF,0xFF,0x30,
  0x00,0x00,0x44,0xFF,0xFF,0x30,0x00,0x00,0x44,0xFF,0xFF,0x30,0x00,0x00,0x44,0xFF,
  0xFF,0x30,0x00,0x00,0x44,0xFF,0xFF,0x30,0x00,0x00,0x44,0xFF,0xFF,0x30,0x00,0x00,
  0x44,0xFF,0xFF,0x30,0x00,0x00,0x44,0xFF,0xFF,0x30,0x00,0x00,0x44,0xFF,0xFF,0x30,
  0x00,0x00,0x44,0xFF,0xFF,0x30,0x00,0x00,0x44,0xFF,0xFF,0x30,0x00,0x00,0x44,0xFF,
  0xFF,0x30,0x00,0x00,0x44,0xFF,0xFF,0x5A,0x34,0x08,0x44,0xFF,0xFF,0xFF,0xFF,0x2C,
  0x34,0xC4,0xC4,0xC4,0xC4,0x21,0x2B,0x3C,0x1D,0x00,0x00,0x00,0x00,0x00,0x8D,0xFF,
  0xA6,0x00,0x00,0x00,0x00,0x00,0x49,0xFF,0xE9,0x01,0x00,0x00,0x00,0x00,0x0A,0xF9,
  0xFF,0x2F,0x00,0x00,0x00,0x00,0x00,0xBF,0xFF,0x74,0x00,0x00,0x00,0x00,0x00,0x7A,
  0xFF,0xB9,0x00,0x00,0x00,0x00,0x00,0x35,0xFF,0xF6,0x07,0x00,0x00,0x00,0x00,0x02,
  0xED,0xFF,0x43,0x00,0x00,0x00,0x00,0x00,0xAB,0xFF,0x88,0x00,0x00,0x00,0x00,0x00,
  0x66,0xFF,0xCD,0x00,0x00,0x00,0x00,0x00,0x21,0xFF,0xFE,0x13,0x00,0x00,0x00,0x00,
  0x00,0xDD,0xFF,0x56,0x00,0x00,0x00,0x00,0x00,0x98,0xFF,0x9B,0x00,0x00,0x00,0x00,
  0x00,0x53,0xFF,0xE0,0x00,0x00,0x00,0x00,0x00,0x11,0xFD,0xFF,0x25,0x00,0x00,0x00,
  0x00,0x00,0xC9,0xFF,0x6A,0x00,0x00,0x00,0x00,0x00,0x84,0xFF,0xAF,0x00,0x00,0x00,
  0x00,0x00,0x3F,0xFF,0xF0,0x03,0x00,0x00,0x00,0x00,0x04,0x30,0x30,0x05,0x06,0x64,
  0x64,0x64,0x64,0x25,0x10,0xFF,0xFF,0xFF,0xFF,0x60,0x09,0x98,0xA0,0xFF,0xFF,0x60,
  0x00,0x00,0x14,0xFF,0xFF,0x60,0x00,0x00,0x14,0xFF,0xFF,0x60,0x00,0x00,0x14,0xFF,
  0xFF,0x60,0x00,0x00,0x14,0xFF,0xFF,0x60,0x00,0x00,0x14,0xFF,0xFF,0x60,0x00,0x00,
  0x14,0xFF,0xFF,0x60,0x00,0x00,0x14,0xFF,0xFF,0x60,0x00,0x00,0x14,0xFF,0xFF,0x60,
  0x00,0x00,0x14,0xFF,0xFF,0x60,0x00,0x00,0x14,0xFF,0xFF,0x60,0x00,0x00,0x14,0xFF,
  0xFF,0x60,0x00,0x00,0x14,0xFF,0xFF,0x60,0x00,0x00,0x14,0xFF,0xFF,0x60,0x03,0x34,
  0x43,0xFF,0xFF,0x60,0x10,0xFF,0xFF,0xFF,0xFF,0x60,0x0C,0xC4,0xC4,0xC4,0xC4,0x49,
  0x00,0x00,0x00,0x13,0x2C,0x26,0x00,0x00,0x00,0x00,0x00,0x00,0xB7,0xFF,0xFE,0x2B,
  0x00,0x00,0x00,0x00,0x31,0xFF,0xFF,0xFF,0xA4,0x00,0x00,0x00,0x00,0xAC,0xFF,0x4B,
  0xD6,0xFC,0x21,0x00,0x00,0x29,0xFD,0xD6,0x01,0x64,0xFF,0x98,0x00,0x00,0xA2,0xFF,
  0x65,0x00,0x08,0xE9,0xF8,0x1A,0x21,0xFB,0xEA,0x08,0x00,0x00,0x7F,0xFF,0x8D,0x04,
  0x0C,0x08,0x00,0x00,0x00,0x03,0x0C,0x09,0xFF,0xFF,0xFF,0xFF,0xFF,0xFF,0xFF,0xFF,
  0xFF,0x60,0xFF,0xFF,0xFF,0xFF,0xFF,0xFF,0xFF,0xFF,0xFF,0x60,0x08,0x08,0x08,0x08,
  0x08,0x08,0x08,0x08,0x08,0x03,0x0B,0x10,0x0B,0x00,0x00,0x5D,0xFF,0xEE,0x0E,0x00,
  0x00,0xAC,0xFF,0x78,0x00,0x00,0x13,0xDA,0xD5,0x06,0x00,0x00,0x13,0x7E,0xC3,0xD9,
  0xC3,0x8A,0x1D,0x00,0x00,0x25,0xE5,0xFF,0xFF,0xFF,0xFF,0xFF,0xF4,0x39,0x00,0xB9,
  0xFF,0xEA,0x55,0x1C,0x48,0xE9,0xFF,0xC6,0x00,0x37,0x5D,0x3C,0x00,0x00,0x00,0x91,
  0xFF,0xF7,0x00,0x00,0x00,0x0B,0x37,0x5B,0x7F,0xE3,0xFF,0xFF,0x00,0x1D,0xAD,0xFB,
  0xFF,0xFF,0xFF,0xFB,0xFF,0xFF,0x06,0xDB,0xFF,0xF5,0x94,0x5D,0x32,0x7F,0xFF,0xFF,
  0x3A,0xFF,0xFF,0x49,0x00,0x00,0x00,0x8D,0xFF,0xFF,0x38,0xFF,0xFF,0x5D,0x00,0x00,
  0x22,0xEA,0xFF,0xFF,0x05,0xE2,0xFF,0xFB,0xBC,0xB7,0xF6,0xDE,0xFF,0xFF,0x00,0x2D,
  0xCF,0xFF,0xFF,0xFB,0x8C,0x6E,0xFF,0xFF,0x00,0x00,0x00,0x1C,0x2A,0x09,0x00,0x00,
  0x00,0x00,0x66,0x8C,0x6D,0x00,0x00,0x00,0x00,0x00,0x00,0x00,0x00,0xBC,0xFF,0xC8,
  0x00,0x00,0x00,0x00,0x00,0x00,0x00,0x00,0xBC,0xFF,0xC8,0x00,0x00,0x00,0x00,0x00,
  0x00,0x00,0x00,0xBC,0xFF,0xC8,0x00,0x00,0x00,0x00,0x00,0x00,0x00,0x00,0xBC,0xFF,
  0xC8,0x0B,0x8B,0xD4,0xCD,0x90,0x19,0x00,0x00,0xBC,0xFF,0xCD,0xC6,0xFF,0xFF,0xFF,
  0xFF,0xE4,0x23,0x00,0xBC,0xFF,0xFF,0xE2,0x5D,0x3E,0x8E,0xFF,0xFF,0xBB,0x00,0xBC,
  0xFF,0xFE,0x31,0x00,0x00,0x00,0x9C,0xFF,0xFF,0x21,0xBC,0xFF,0xD4,0x00,0x00,0x00,
  0x00,0x3F,0xFF,0xFF,0x58,0xBC,0xFF,0xB8,0x00,0x00,0x00,0x00,0x21,0xFF,0xFF,0x6D,
  0xBC,0xFF,0xC7,0x00,0x00,0x00,0x00,0x31,0xFF,0xFF,0x60,0xBC,0xFF,0xF8,0x13,0x00,
  0x00,0x00,0x77,0xFF,0xFF,0x39,0xBC,0xFF,0xFF,0xB3,0x11,0x00,0x3B,0xEF,0xFF,0xE2,
  0x02,0xBC,0xFF,0xD6,0xED,0xFA,0xEA,0xFF,0xFF,0xFE,0x51,0x00,0xBC,0xFF,0xBC,0x39,
  0xDD,0xFF,0xFF,0xE2,0x56,0x00,0x00,0x00,0x00,0x00,0x00,0x02,0x28,0x22,0x03,0x00,
  0x00,0x00,0x00,0x00,0x00,0x4B,0xAE,0xD6,0xD8,0xA5,0x32,0x00,0x00,0x00,0x00,0x96,
  0xFF,0xFF,0xFF,0xFF,0xFF,0xFF,0x6D,0x00,0x00,0x62,0xFF,0xFF,0xB1,0x3E,0x44,0xC0,
  0xFF,0xFD,0x38,0x00,0xD6,0xFF,0xD3,0x03,0x00,0x00,0x0C,0xEB,0xDE,0x69,0x18,0xFF,
  0xFF,0x7B,0x00,0x00,0x00,0x00,0x02,0x00,0x00,0x30,0xFF,0xFF,0x5D,0x00,0x00,0x00,
  0x00,0x00,0x00,0x00,0x23,0xFF,0xFF,0x6B,0x00,0x00,0x00,0x00,0x00,0x00,0x00,0x05,
  0xEF,0xFF,0xAD,0x00,0x00,0x00,0x00,0x9E,0x94,0x48,0x00,0x93,0xFF,0xFE,0x5C,0x00,
  0x01,0x75,0xFF,0xFF,0x5E,0x00,0x0F,0xDB,0xFF,0xFF,0xE6,0xEB,0xFF,0xFF,0xB8,0x04,
  0x00,0x00,0x13,0xA3,0xF9,0xFF,0xFF,0xF5,0x8B,0x0C,0x00,0x00,0x00,0x00,0x00,0x0B,
  0x2A,0x23,0x03,0x00,0x00,0x00,0x00,0x00,0x00,0x00,0x00,0x00,0x00,0x00,0x4C,0x8C,
  0x87,0x00,0x00,0x00,0x00,0x00,0x00,0x00,0x00,0x8C,0xFF,0xF8,0x00,0x00,0x00,0x00,
  0x00,0x00,0x00,0x00,0x8C,0xFF,0xF8,0x00,0x00,0x00,0x00,0x00,0x00,0x00,0x00,0x8C,
  0xFF,0xF8,0x00,0x00,0x08,0x75,0xC5,0xD8,0xA7,0x1E,0x8C,0xFF,0xF8,0x00,0x08,0xC5,
  0xFF,0xFF,0xFF,0xFF,0xEB,0xA8,0xFF,0xF8,0x00,0x83,0xFF,0xFF,0xB5,0x45,0x4D,0xC7,
  0xFF,0xFF,0xF8,0x01,0xE5,0xFF,0xD2,0x03,0x00,0x00,0x0D,0xE9,0xFF,0xF8,0x1E,0xFF,
  0xFF,0x79,0x00,0x00,0x00,0x00,0x9A,0xFF,0xF8,0x32,0xFF,0xFF,0x5C,0x00,0x00,0x00,
  0x00,0x7D,0xFF,0xF8,0x25,0xFF,0xFF,0x6B,0x00,0x00,0x00,0x00,0x8D,0xFF,0xF8,0x07,
  0xF5,0xFF,0xB0,0x00,0x00,0x00,0x01,0xD2,0xFF,0xF8,0x00,0xA8,0xFF,0xFE,0x66,0x01,
  0x05,0x84,0xFF,0xFF,0xF8,0x00,0x22,0xF2,0xFF,0xFF,0xEF,0xF4,0xFE,0xC5,0xFF,0xF8,
  0x00,0x00,0x31,0xCB,0xFF,0xFF,0xF1,0x60,0x80,0xFF,0xF8,0x00,0x00,0x00,0x00,0x19,
  0x2C,0x09,0x00,0x00,0x00,0x00,0x00,0x00,0x00,0x4C,0xB1,0xD7,0xD4,0x9C,0x2D,0x00,
  0x00,0x00,0x00,0x97,0xFF,0xFF,0xFF,0xFF,0xFF,0xFA,0x58,0x00,0x00,0x62,0xFF,0xFE,
  0x84,0x25,0x32,0xB2,0xFF,0xF7,0x1E,0x00,0xD6,0xFF,0x9F,0x00,0x00,0x00,0x08,0xE5,
  0xFF,0x82,0x18,0xFF,0xFF,0xB5,0x64,0x64,0x64,0x64,0xFF,0xFF,0xBC,0x30,0xFF,0xFF,
  0xFF,0xFF,0xFF,0xFF,0xFF,0xFF,0xFF,0xD0,0x23,0xFF,0xFF,0xA0,0x54,0x54,0x54,0x54,
  0x54,0x54,0x45,0x06,0xF1,0xFF,0x81,0x00,0x00,0x00,0x00,0x1A,0x08,0x00,0x00,0x99,
  0xFF,0xF1,0x35,0x00,0x00,0x34,0xF5,0xFE,0x76,0x00,0x11,0xDE,0xFF,0xFE,0xD1,0xD1,
  0xFC,0xFF,0xE2,0x14,0x00,0x00,0x14,0xA2,0xF8,0xFF,0xFF,0xFA,0xAB,0x1B,0x00,0x00,
  0x00,0x00,0x00,0x0A,0x2A,0x2E,0x0C,0x00,0x00,0x00,0x00,0x00,0x02,0x7E,0xE0,0xFA,
  0xEA,0x1F,0x00,0x00,0x75,0xFF,0xFF,0xFF,0xF9,0x04,0x00,0x00,0xCA,0xFF,0xDD,0x26,
  0x1A,0x00,0x00,0x00,0xDB,0xFF,0xA5,0x00,0x00,0x00,0x95,0xB8,0xFF,0xFF,0xFF,0xB8,
  0xA9,0x00,0xD0,0xFF,0xFF,0xFF,0xFF,0xFF,0xEC,0x00,0x37,0x44,0xFF,0xFF,0xE8,0x44,
  0x3E,0x00,0x00,0x00,0xDC,0xFF,0xA4,0x00,0x00,0x00,0x00,0x00,0xDC,0xFF,0xA4,0x00,
  0x00,0x00,0x00,0x00,0xDC,0xFF,0xA4,0x00,0x00,0x00,0x00,0x00,0xDC,0xFF,0xA4,0x00,
  0x00,0x00,0x00,0x00,0xDC,0xFF,0xA4,0x00,0x00,0x00,0x00,0x00,0xDC,0xFF,0xA4,0x00,
  0x00,0x00,0x00,0x00,0xDC,0xFF,0xA4,0x00,0x00,0x00,0x00,0x00,0xDC,0xFF,0xA4,0x00,
  0x00,0x00,0x00,0x00,0x07,0x73,0xC4,0xD8,0xA8,0x21,0x59,0xB8,0xB8,0x00,0x07,0xC2,
  0xFF,0xFF,0xFF,0xFF,0xEF,0x9B,0xFF,0xFF,0x00,0x7F,0xFF,0xFF,0xB2,0x41,0x48,0xC2,
  0xFF,0xFF,0xFF,0x01,0xE4,0xFF,0xCF,0x03,0x00,0x00,0x0A,0xE5,0xFF,0xFF,0x1D,0xFF,
  0xFF,0x77,0x00,0x00,0x00,0x00,0x95,0xFF,0xFF,0x31,0xFF,0xFF,0x5C,0x00,0x00,0x00,
  0x00,0x79,0xFF,0xFF,0x23,0xFF,0xFF,0x6F,0x00,0x00,0x00,0x00,0x8C,0xFF,0xFF,0x05,
  0xF0,0xFF,0xBD,0x00,0x00,0x00,0x04,0xD9,0xFF,0xFF,0x00,0x97,0xFF,0xFF,0x94,0x28,
  0x2E,0xAB,0xFF,0xFF,0xFF,0x00,0x10,0xD7,0xFF,0xFF,0xFF,0xFF,0xF2,0xA8,0xFF,0xFF,
  0x00,0x00,0x0F,0x87,0xD3,0xE5,0xB7,0x2C,0x80,0xFF,0xFF,0x00,0x00,0x00,0x00,0x00,
  0x00,0x00,0x00,0x94,0xFF,0xEE,0x00,0x63,0xC6,0xC5,0x11,0x00,0x00,0x1A,0xE6,0xFF,
  0xBB,0x00,0x45,0xFE,0xFF,0xEC,0xB5,0xB6,0xF4,0xFF,0xF9,0x3D,0x00,0x00,0x4C,0xDA,
  0xFF,0xFF,0xFF,0xFF,0xCF,0x41,0x00,0x00,0x00,0x00,0x00,0x23,0x40,0x3D,0x1C,0x00,
  0x00,0x00,0x66,0x8C,0x69,0x00,0x00,0x00,0x00,0x00,0x00,0x00,0xBC,0xFF,0xC0,0x00,
  0x00,0x00,0x00,0x00,0x00,0x00,0xBC,0xFF,0xC0,0x00,0x00,0x00,0x00,0x00,0x00,0x00,
  0xBC,0xFF,0xC0,0x00,0x00,0x00,0x00,0x00,0x00,0x00,0xBC,0xFF,0xC0,0x0F,0x8A,0xCC,
  0xD1,0x91,0x13,0x00,0xBC,0xFF,0xC6,0xC7,0xFF,0xFF,0xFF,0xFF,0xD8,0x0B,0xBC,0xFF,
  0xFF,0xD3,0x5F,0x5A,0xC9,0xFF,0xFF,0x6C,0xBC,0xFF,0xF9,0x19,0x00,0x00,0x13,0xF6,
  0xFF,0xA5,0xBC,0xFF,0xCF,0x00,0x00,0x00,0x00,0xD3,0xFF,0xB7,0xBC,0xFF,0xC8,0x00,
  0x00,0x00,0x00,0xCC,0xFF,0xB8,0xBC,0xFF,0xC8,0x00,0x00,0x00,0x00,0xCC,0xFF,0xB8,
  0xBC,0xFF,0xC8,0x00,0x00,0x00,0x00,0xCC,0xFF,0xB8,0xBC,0xFF,0xC8,0x00,0x00,0x00,
  0x00,0xCC,0xFF,0xB8,0xBC,0xFF,0xC8,0x00,0x00,0x00,0x00,0xCC,0xFF,0xB8,0xBC,0xFF,
  0xC8,0x00,0x00,0x00,0x00,0xCC,0xFF,0xB8,0x00,0x03,0x00,0x90,0xFD,0x99,0xE5,0xFF,
  0xF1,0x50,0xB4,0x55,0x00,0x00,0x00,0x87,0xB8,0x8F,0xBC,0xFF,0xC8,0xBC,0xFF,0xC8,
  0xBC,0xFF,0xC8,0xBC,0xFF,0xC8,0xBC,0xFF,0xC8,0xBC,0xFF,0xC8,0xBC,0xFF,0xC8,0xBC,
  0xFF,0xC8,0xBC,0xFF,0xC8,0xBC,0xFF,0xC8,0x00,0x00,0x00,0x03,0x00,0x00,0x00,0x90,
  0xFD,0x99,0x00,0x00,0xE5,0xFF,0xF1,0x00,0x00,0x50,0xB4,0x55,0x00,0x00,0x00,0x00,
  0x00,0x00,0x00,0x87,0xB8,0x8F,0x00,0x00,0xBC,0xFF,0xC8,0x00,0x00,0xBC,0xFF,0xC8,
  0x00,0x00,0xBC,0xFF,0xC8,0x00,0x00,0xBC,0xFF,0xC8,0x00,0x00,0xBC,0xFF,0xC8,0x00,
  0x00,0xBC,0xFF,0xC8,0x00,0x00,0xBC,0xFF,0xC8,0x00,0x00,0xBC,0xFF,0xC8,0x00,0x00,
  0xBC,0xFF,0xC8,0x00,0x00,0xBC,0xFF,0xC8,0x00,0x00,0xBE,0xFF,0xC7,0x00,0x19,0xEA,
  0xFF,0xB2,0x78,0xFF,0xFF,0xFF,0x5E,0x7C,0xFF,0xE7,0x78,0x00,0x09,0x0D,0x00,0x00,
  0x00,0x66,0x8C,0x6D,0x00,0x00,0x00,0x00,0x00,0x00,0x00,0x00,0xBC,0xFF,0xC8,0x00,
  0x00,0x00,0x00,0x00,0x00,0x00,0x00,0xBC,0xFF,0xC8,0x00,0x00,0x00,0x00,0x00,0x00,
  0x00,0x00,0xBC,0xFF,0xC8,0x00,0x00,0x00,0x00,0x00,0x00,0x00,0x00,0xBC,0xFF,0xC8,
  0x00,0x00,0x00,0x53,0xB8,0xB8,0x5E,0x00,0xBC,0xFF,0xC8,0x00,0x00,0x44,0xF9,0xFF,
  0xB7,0x05,0x00,0xBC,0xFF,0xC8,0x00,0x35,0xF3,0xFF,0xC7,0x0A,0x00,0x00,0xBC,0xFF,
  0xC8,0x27,0xEB,0xFF,0xD6,0x12,0x00,0x00,0x00,0xBC,0xFF,0xF4,0xE1,0xFF,0xFF,0x1D,
  0x00,0x00,0x00,0x00,0xBC,0xFF,0xFF,0xFF,0xFF,0xFF,0x1D,0x00,0x00,0x00,0x00,0xBC,
  0xFF,0xFF,0xD7,0xFD,0xFF,0xC3,0x03,0x00,0x00,0x00,0xBC,0xFF,0xF5,0x03,0x7B,0xFF,
  0xFF,0x83,0x00,0x00,0x00,0xBC,0xFF,0xC8,0x00,0x02,0xBE,0xFF,0xFD,0x42,0x00,0x00,
  0xBC,0xFF,0xC8,0x00,0x00,0x1A,0xEB,0xFF,0xE6,0x16,0x00,0xBC,0xFF,0xC8,0x00,0x00,
  0x00,0x4B,0xFE,0xFF,0xB7,0x01,0x66,0x8C,0x6D,0xBC,0xFF,0xC8,0xBC,0xFF,0xC8,0xBC,
  0xFF,0xC8,0xBC,0xFF,0xC8,0xBC,0xFF,0xC8,0xBC,0xFF,0xC8,0xBC,0xFF,0xC8,0xBC,0xFF,
  0xC8,0xBC,0xFF,0xC8,0xBC,0xFF,0xC8,0xBC,0xFF,0xC8,0xBC,0xFF,0xC8,0xBC,0xFF,0xC8,
  0xBC,0xFF,0xC8,0x87,0xB8,0x77,0x17,0x9C,0xDE,0xC8,0x51,0x00,0x11,0x8D,0xD7,0xDA,
  0x97,0x14,0x00,0xBC,0xFF,0xB4,0xD6,0xFF,0xFF,0xFF,0xFD,0x46,0xD0,0xFF,0xFF,0xFF,
  0xFF,0xD4,0x07,0xBC,0xFF,0xFF,0xC3,0x4A,0x67,0xF0,0xFF,0xFF,0xE7,0x59,0x4E,0xC8,
  0xFF,0xFF,0x54,0xBC,0xFF,0xEF,0x0B,0x00,0x00,0x76,0xFF,0xFF,0x52,0x00,0x00,0x20,
  0xFF,0xFF,0x7E,0xBC,0xFF,0xCA,0x00,0x00,0x00,0x54,0xFF,0xFF,0x22,0x00,0x00,0x00,
  0xFC,0xFF,0x88,0xBC,0xFF,0xC8,0x00,0x00,0x00,0x54,0xFF,0xFF,0x20,0x00,0x00,0x00,
  0xFC,0xFF,0x88,0xBC,0xFF,0xC8,0x00,0x00,0x00,0x54,0xFF,0xFF,0x20,0x00,0x00,0x00,
  0xFC,0xFF,0x88,0xBC,0xFF,0xC8,0x00,0x00,0x00,0x54,0xFF,0xFF,0x20,0x00,0x00,0x00,
  0xFC,0xFF,0x88,0xBC,0xFF,0xC8,0x00,0x00,0x00,0x54,0xFF,0xFF,0x20,0x00,0x00,0x00,
  0xFC,0xFF,0x88,0xBC,0xFF,0xC8,0x00,0x00,0x00,0x54,0xFF,0xFF,0x20,0x00,0x00,0x00,
  0xFC,0xFF,0x88,0xBC,0xFF,0xC8,0x00,0x00,0x00,0x54,0xFF,0xFF,0x20,0x00,0x00,0x00,
  0xFC,0xFF,0x88,0x87,0xB8,0x7C,0x0F,0x8A,0xCC,0xD1,0x91,0x13,0x00,0xBC,0xFF,0xB5,
  0xC7,0xFF,0xFF,0xFF,0xFF,0xD8,0x0B,0xBC,0xFF,0xFF,0xD3,0x5F,0x5A,0xC9,0xFF,0xFF,
  0x6C,0xBC,0xFF,0xF9,0x19,0x00,0x00,0x13,0xF6,0xFF,0xA5,0xBC,0xFF,0xCF,0x00,0x00,
  0x00,0x00,0xD3,0xFF,0xB7,0xBC,0xFF,0xC8,0x00,0x00,0x00,0x00,0xCC,0xFF,0xB8,0xBC,
  0xFF,0xC8,0x00,0x00,0x00,0x00,0xCC,0xFF,0xB8,0xBC,0xFF,0xC8,0x00,0x00,0x00,0x00,
  0xCC,0xFF,0xB8,0xBC,0xFF,0xC8,0x00,0x00,0x00,0x00,0xCC,0xFF,0xB8,0xBC,0xFF,0xC8,
  0x00,0x00,0x00,0x00,0xCC,0xFF,0xB8,0xBC,0xFF,0xC8,0x00,0x00,0x00,0x00,0xCC,0xFF,
  0xB8,0x00,0x00,0x00,0x4B,0xAE,0xD5,0xD3,0xA7,0x3F,0x00,0x00,0x00,0x00,0x00,0x96,
  0xFF,0xFF,0xFF,0xFF,0xFF,0xFF,0x81,0x00,0x00,0x00,0x62,0xFF,0xFF,0xB0,0x3E,0x43,
  0xBF,0xFF,0xFF,0x4E,0x00,0x00,0xD6,0xFF,0xD3,0x03,0x00,0x00,0x09,0xE3,0xFF,0xC2,
  0x00,0x18,0xFF,0xFF,0x7B,0x00,0x00,0x00,0x00,0x8F,0xFF,0xFE,0x06,0x30,0xFF,0xFF,
  0x5D,0x00,0x00,0x00,0x00,0x71,0xFF,0xFF,0x1C,0x23,0xFF,0xFF,0x6B,0x00,0x00,0x00,
  0x00,0x7F,0xFF,0xFF,0x0E,0x05,0xEF,0xFF,0xAD,0x00,0x00,0x00,0x00,0xC2,0xFF,0xE0,
  0x00,0x00,0x93,0xFF,0xFE,0x5C,0x00,0x01,0x6F,0xFF,0xFF,0x7F,0x00,0x00,0x0F,0xDB,
  0xFF,0xFF,0xE6,0xE9,0xFF,0xFF,0xCD,0x07,0x00,0x00,0x00,0x13,0xA3,0xF8,0xFF,0xFF,
  0xF4,0x96,0x0C,0x00,0x00,0x00,0x00,0x00,0x00,0x0A,0x2A,0x28,0x08,0x00,0x00,0x00,
  0x00,0x87,0xB8,0x87,0x0C,0x8D,0xD4,0xCD,0x90,0x19,0x00,0x00,0xBC,0xFF,0xC2,0xC9,
  0xFF,0xFF,0xFF,0xFF,0xE4,0x23,0x00,0xBC,0xFF,0xFF,0xE2,0x5D,0x3E,0x8E,0xFF,0xFF,
  0xBB,0x00,0xBC,0xFF,0xFE,0x31,0x00,0x00,0x00,0x9C,0xFF,0xFF,0x21,0xBC,0xFF,0xD4,
  0x00,0x00,0x00,0x00,0x3F,0xFF,0xFF,0x58,0xBC,0xFF,0xB8,0x00,0x00,0x00,0x00,0x21,
  0xFF,0xFF,0x6D,0xBC,0xFF,0xC7,0x00,0x00,0x00,0x00,0x31,0xFF,0xFF,0x60,0xBC,0xFF,
  0xF8,0x13,0x00,0x00,0x00,0x77,0xFF,0xFF,0x39,0xBC,0xFF,0xFF,0xB3,0x11,0x00,0x3B,
  0xEF,0xFF,0xE2,0x02,0xBC,0xFF,0xDD,0xEB,0xFA,0xEA,0xFF,0xFF,0xFE,0x51,0x00,0xBC,
  0xFF,0xC8,0x37,0xDD,0xFF,0xFF,0xE2,0x56,0x00,0x00,0xBC,0xFF,0xC8,0x00,0x02,0x28,
  0x22,0x03,0x00,0x00,0x00,0xBC,0xFF,0xC8,0x00,0x00,0x00,0x00,0x00,0x00,0x00,0x00,
  0xBC,0xFF,0xC8,0x00,0x00,0x00,0x00,0x00,0x00,0x00,0x00,0xBC,0xFF,0xC8,0x00,0x00,
  0x00,0x00,0x00,0x00,0x00,0x00,0x0E,0x14,0x0F,0x00,0x00,0x00,0x00,0x00,0x00,0x00,
  0x00,0x00,0x00,0x08,0x75,0xC5,0xD8,0xA8,0x1F,0x5C,0xB8,0xB2,0x00,0x08,0xC5,0xFF,
  0xFF,0xFF,0xFF,0xEC,0x9E,0xFF,0xF8,0x00,0x83,0xFF,0xFF,0xB5,0x45,0x4D,0xC7,0xFF,
  0xFF,0xF8,0x01,0xE5,0xFF,0xD2,0x03,0x00,0x00,0x0D,0xE9,0xFF,0xF8,0x1E,0xFF,0xFF,
  0x79,0x00,0x00,0x00,0x00,0x9A,0xFF,0xF8,0x32,0xFF,0xFF,0x5C,0x00,0x00,0x00,0x00,
  0x7D,0xFF,0xF8,0x25,0xFF,0xFF,0x6B,0x00,0x00,0x00,0x00,0x8D,0xFF,0xF8,0x07,0xF5,
  0xFF,0xB0,0x00,0x00,0x00,0x01,0xD2,0xFF,0xF8,0x00,0xA8,0xFF,0xFE,0x66,0x01,0x05,
  0x84,0xFF,0xFF,0xF8,0x00,0x22,0xF2,0xFF,0xFF,0xEF,0xF4,0xFD,0xCB,0xFF,0xF8,0x00,
  0x00,0x31,0xCB,0xFF,0xFF,0xF1,0x5E,0x8C,0xFF,0xF8,0x00,0x00,0x00,0x00,0x19,0x2C,
  0x09,0x00,0x8C,0xFF,0xF8,0x00,0x00,0x00,0x00,0x00,0x00,0x00,0x00,0x8C,0xFF,0xF8,
  0x00,0x00,0x00,0x00,0x00,0x00,0x00,0x00,0x8C,0xFF,0xF8,0x00,0x00,0x00,0x00,0x00,
  0x00,0x00,0x00,0x8C,0xFF,0xF8,0x00,0x00,0x00,0x00,0x00,0x00,0x00,0x00,0x0A,0x14,
  0x13,0x87,0xB8,0x7E,0x26,0xAA,0xD3,0x3C,0xBC,0xFF,0xB8,0xE4,0xFF,0xFF,0x4C,0xBC,
  0xFF,0xFD,0xEC,0x7F,0x69,0x24,0xBC,0xFF,0xFB,0x2D,0x00,0x00,0x00,0xBC,0xFF,0xD0,
  0x00,0x00,0x00,0x00,0xBC,0xFF,0xC8,0x00,0x00,0x00,0x00,0xBC,0xFF,0xC8,0x00,0x00,
  0x00,0x00,0xBC,0xFF,0xC8,0x00,0x00,0x00,0x00,0xBC,0xFF,0xC8,0x00,0x00,0x00,0x00,
  0xBC,0xFF,0xC8,0x00,0x00,0x00,0x00,0xBC,0xFF,0xC8,0x00,0x00,0x00,0x00,0x00,0x00,
  0x26,0x94,0xCC,0xD9,0xC2,0x79,0x0D,0x00,0x00,0x40,0xF7,0xFF,0xFF,0xFF,0xFF,0xFF,
  0xD5,0x0E,0x00,0xC9,0xFF,0xDE,0x30,0x09,0x4B,0xF4,0xFF,0x7D,0x00,0xE9,0xFF,0xA7,
  0x00,0x00,0x00,0x46,0x4C,0x1F,0x00,0xB0,0xFF,0xFE,0xAD,0x68,0x32,0x02,0x00,0x00,
  0x00,0x1D,0xCA,0xFF,0xFF,0xFF,0xFF,0xE9,0x83,0x07,0x00,0x00,0x01,0x3A,0x81,0xB9,
  0xF4,0xFF,0xFF,0x91,0x00,0x12,0x32,0x0F,0x00,0x00,0x0F,0xD3,0xFF,0xE3,0x19,0xFF,
  0xFF,0x8F,0x00,0x00,0x05,0xCD,0xFF,0xD5,0x00,0x9F,0xFF,0xFF,0xD6,0xB7,0xE4,0xFF,
  0xFF,0x61,0x00,0x04,0x85,0xF1,0xFF,0xFF,0xFF,0xDE,0x5C,0x00,0x00,0x00,0x00,0x04,
  0x29,0x36,0x20,0x00,0x00,0x00,0x00,0x12,0x64,0x64,0x20,0x00,0x00,0x00,0x30,0xFF,
  0xFF,0x54,0x00,0x00,0x00,0x30,0xFF,0xFF,0x54,0x00,0x00,0x95,0xE8,0xFF,0xFF,0xFF,
  0xB8,0x50,0xD0,0xFF,0xFF,0xFF,0xFF,0xFF,0x70,0x37,0x74,0xFF,0xFF,0x98,0x44,0x1D,
  0x00,0x30,0xFF,0xFF,0x54,0x00,0x00,0x00,0x30,0xFF,0xFF,0x54,0x00,0x00,0x00,0x30,
  0xFF,0xFF,0x54,0x00,0x00,0x00,0x30,0xFF,0xFF,0x54,0x00,0x00,0x00,0x30,0xFF,0xFF,
  0x54,0x00,0x00,0x00,0x23,0xFF,0xFF,0x7B,0x00,0x01,0x00,0x02,0xE4,0xFF,0xFF,0xF8,
  0x71,0x00,0x00,0x37,0xCF,0xFE,0xFF,0x91,0x00,0x00,0x00,0x00,0x08,0x12,0x01,0x87,
  0xB8,0x8F,0x00,0x00,0x00,0x00,0x92,0xB8,0x84,0xBC,0xFF,0xC8,0x00,0x00,0x00,0x00,
  0xCC,0xFF,0xB8,0xBC,0xFF,0xC8,0x00,0x00,0x00,0x00,0xCC,0xFF,0xB8,0xBC,0xFF,0xC8,
  0x00,0x00,0x00,0x00,0xCC,0xFF,0xB8,0xBC,0xFF,0xC8,0x00,0x00,0x00,0x00,0xCC,0xFF,
  0xB8,0xBC,0xFF,0xC8,0x00,0x00,0x00,0x00,0xCC,0xFF,0xB8,0xBC,0xFF,0xC9,0x00,0x00,
  0x00,0x00,0xCF,0xFF,0xB8,0xB1,0xFF,0xE9,0x03,0x00,0x00,0x07,0xF1,0xFF,0xB8,0x89,
  0xFF,0xFF,0x8D,0x11,0x19,0xA3,0xFF,0xFF,0xB8,0x27,0xF7,0xFF,0xFF,0xFF,0xFF,0xE8,
  0xC8,0xFF,0xB8,0x00,0x46,0xDD,0xFF,0xFF,0xCF,0x2F,0xB5,0xFF,0xB8,0x00,0x00,0x01,
  0x1A,0x15,0x00,0x00,0x00,0x00,0x00,0x66,0xB8,0xB7,0x13,0x00,0x00,0x00,0x00,0x78,
  0xB8,0xAF,0x04,0x3C,0xFF,0xFF,0x66,0x00,0x00,0x00,0x05,0xED,0xFF,0xA7,0x00,0x00,
  0xDB,0xFF,0xBE,0x00,0x00,0x00,0x49,0xFF,0xFF,0x47,0x00,0x00,0x7D,0xFF,0xFD,0x18,
  0x00,0x00,0xA0,0xFF,0xE5,0x03,0x00,0x00,0x1E,0xFE,0xFF,0x6D,0x00,0x06,0xF0,0xFF,
  0x88,0x00,0x00,0x00,0x00,0xBE,0xFF,0xC5,0x00,0x4E,0xFF,0xFF,0x29,0x00,0x00,0x00,
  0x00,0x5E,0xFF,0xFE,0x18,0x9E,0xFF,0xC9,0x00,0x00,0x00,0x00,0x00,0x0B,0xF3,0xFF,
  0x62,0xE6,0xFF,0x6A,0x00,0x00,0x00,0x00,0x00,0x00,0x9F,0xFF,0xD6,0xFF,0xF8,0x11,
  0x00,0x00,0x00,0x00,0x00,0x00,0x40,0xFF,0xFF,0xFF,0xAB,0x00,0x00,0x00,0x00,0x00,
  0x00,0x00,0x01,0xDE,0xFF,0xFF,0x4B,0x00,0x00,0x00,0x00,0x64,0xB8,0xB7,0x0E,0x00,
  0x00,0x06,0xB5,0xB8,0x64,0x00,0x00,0x00,0x70,0xB8,0xB6,0x0A,0x4A,0xFF,0xFF,0x4C,
  0x00,0x00,0x40,0xFF,0xFF,0xC3,0x00,0x00,0x00,0xD5,0xFF,0xC9,0x00,0x08,0xF4,0xFF,
  0x8F,0x00,0x00,0x84,0xFF,0xFF,0xFA,0x0A,0x00,0x18,0xFF,0xFF,0x7C,0x00,0x00,0xAF,
  0xFF,0xD1,0x00,0x00,0xC8,0xFF,0xDF,0xFF,0x46,0x00,0x5A,0xFF,0xFF,0x2E,0x00,0x00,
  0x62,0xFF,0xFE,0x14,0x0F,0xFC,0xEE,0x78,0xFF,0x87,0x00,0x9B,0xFF,0xE1,0x00,0x00,
  0x00,0x17,0xFE,0xFF,0x50,0x4C,0xFF,0xB0,0x37,0xFF,0xC7,0x00,0xD9,0xFF,0x94,0x00,
  0x00,0x00,0x00,0xC8,0xFF,0x8D,0x8B,0xFF,0x6D,0x03,0xEE,0xFB,0x21,0xFF,0xFF,0x47,
  0x00,0x00,0x00,0x00,0x7A,0xFF,0xC4,0xC5,0xFF,0x24,0x00,0xA9,0xFF,0x8C,0xFF,0xF3,
  0x06,0x00,0x00,0x00,0x00,0x2D,0xFF,0xFB,0xFB,0xD9,0x00,0x00,0x5E,0xFF,0xF8,0xFF,
  0xAC,0x00,0x00,0x00,0x00,0x00,0x00,0xE0,0xFF,0xFF,0x8F,0x00,0x00,0x15,0xFE,0xFF,
  0xFF,0x5F,0x00,0x00,0x00,0x00,0x00,0x00,0x93,0xFF,0xFF,0x45,0x00,0x00,0x00,0xC9,
  0xFF,0xFD,0x15,0x00,0x00,0x00,0x1D,0xB6,0xB8,0x70,0x00,0x00,0x00,0x4A,0xB8,0xB8,
  0x38,0x00,0x98,0xFF,0xF9,0x29,0x00,0x0E,0xE4,0xFF,0xBC,0x00,0x00,0x0D,0xE2,0xFF,
  0xB9,0x00,0x8E,0xFF,0xF4,0x20,0x00,0x00,0x00,0x48,0xFF,0xFF,0x67,0xF9,0xFF,0x6B,
  0x00,0x00,0x00,0x00,0x00,0xA0,0xFF,0xFF,0xFF,0xC0,0x01,0x00,0x00,0x00,0x00,0x00,
  0x20,0xFF,0xFF,0xFF,0x3E,0x00,0x00,0x00,0x00,0x00,0x00,0x9E,0xFF,0xFF,0xFF,0xB5,
  0x00,0x00,0x00,0x00,0x00,0x49,0xFF,0xFF,0x6C,0xFD,0xFF,0x60,0x00,0x00,0x00,0x0F,
  0xE4,0xFF,0xAC,0x00,0x9A,0xFF,0xF0,0x1B,0x00,0x00,0x9F,0xFF,0xF3,0x1E,0x00,0x13,
  0xEB,0xFF,0xB6,0x00,0x4A,0xFF,0xFF,0x70,0x00,0x00,0x00,0x5D,0xFF,0xFF,0x62,0x65,
  0xB8,0xB7,0x13,0x00,0x00,0x00,0x00,0x76,0xB8,0xB1,0x06,0x3A,0xFF,0xFF,0x66,0x00,
  0x00,0x00,0x04,0xEC,0xFF,0xAC,0x00,0x00,0xD8,0xFF,0xBE,0x00,0x00,0x00,0x4A,0xFF,
  0xFF,0x4A,0x00,0x00,0x77,0xFF,0xFD,0x18,0x00,0x00,0xA3,0xFF,0xE5,0x03,0x00,0x00,
  0x19,0xFC,0xFF,0x6D,0x00,0x09,0xF2,0xFF,0x86,0x00,0x00,0x00,0x00,0xB5,0xFF,0xC5,
  0x00,0x55,0xFF,0xFF,0x25,0x00,0x00,0x00,0x00,0x53,0xFF,0xFE,0x17,0xA9,0xFF,0xC3,
  0x00,0x00,0x00,0x00,0x00,0x06,0xEC,0xFF,0x65,0xF1,0xFF,0x61,0x00,0x00,0x00,0x00,
  0x00,0x00,0x91,0xFF,0xE6,0xFF,0xF3,0x0B,0x00,0x00,0x00,0x00,0x00,0x00,0x2F,0xFF,
  0xFF,0xFF,0x9D,0x00,0x00,0x00,0x00,0x00,0x00,0x00,0x00,0xCE,0xFF,0xFF,0x3B,0x00,
  0x00,0x00,0x00,0x00,0x00,0x00,0x00,0xC1,0xFF,0xD8,0x00,0x00,0x00,0x00,0x00,0x00,
  0x01,0x00,0x3A,0xFD,0xFF,0x75,0x00,0x00,0x00,0x00,0x00,0x00,0x74,0xF9,0xFE,0xFF,
  0xE5,0x0E,0x00,0x00,0x00,0x00,0x00,0x00,0xA7,0xFF,0xFF,0xCF,0x2D,0x00,0x00,0x00,
  0x00,0x00,0x00,0x00,0x06,0x1E,0x15,0x00,0x00,0x00,0x00,0x00,0x00,0x00,0x00,0x8F,
  0xB8,0xB8,0xB8,0xB8,0xB8,0xB8,0xB8,0x7E,0xC8,0xFF,0xFF,0xFF,0xFF,0xFF,0xFF,0xFF,
  0xB0,0x4B,0x60,0x60,0x60,0x60,0xBC,0xFF,0xFF,0x58,0x00,0x00,0x00,0x00,0x3E,0xFB,
  0xFF,0x8F,0x00,0x00,0x00,0x00,0x1C,0xE9,0xFF,0xC2,0x04,0x00,0x00,0x00,0x07,0xCA,
  0xFF,0xE6,0x18,0x00,0x00,0x00,0x00,0x9E,0xFF,0xFA,0x3B,0x00,0x00,0x00,0x00,0x6B,
  0xFF,0xFF,0x6D,0x00,0x00,0x00,0x00,0x3C,0xFA,0xFF,0xB3,0x14,0x14,0x14,0x14,0x10,
  0xD7,0xFF,0xFF,0xFF,0xFF,0xFF,0xFF,0xFF,0xD4,0xE4,0xFF,0xFF,0xFF,0xFF,0xFF,0xFF,
  0xFF,0xD4,0x00,0x00,0x00,0x00,0x11,0x42,0x52,0x00,0x00,0x00,0x73,0xF9,0xFF,0xEC,
  0x00,0x00,0x2F,0xFF,0xFF,0xE3,0x94,0x00,0x00,0x75,0xFF,0xF9,0x17,0x00,0x00,0x00,
  0x89,0xFF,0xDA,0x00,0x00,0x00,0x00,0x8C,0xFF,0xD4,0x00,0x00,0x00,0x00,0x91,0xFF,
  0xD4,0x00,0x00,0x00,0x00,0xC4,0xFF,0xC1,0x00,0x00,0xB3,0xFF,0xFF,0xFF,0x6A,0x00,
  0x00,0xFF,0xFF,0xFF,0x54,0x00,0x00,0x00,0xFF,0xFF,0xFF,0xE3,0x2D,0x00,0x00,0x00,
  0x20,0xE7,0xFF,0xAC,0x00,0x00,0x00,0x00,0x9B,0xFF,0xD1,0x00,0x00,0x00,0x00,0x8C,
  0xFF,0xD4,0x00,0x00,0x00,0x00,0x8B,0xFF,0xD5,0x00,0x00,0x00,0x00,0x80,0xFF,0xEE,
  0x02,0x00,0x00,0x00,0x53,0xFF,0xFF,0x94,0x39,0x00,0x00,0x05,0xCD,0xFF,0xFF,0xEC,
  0x00,0x00,0x00,0x09,0x63,0xA6,0xAB,0x29,0x3C,0x27,0xB0,0xFF,0xA8,0xB0,0xFF,0xA8,
  0xB0,0xFF,0xA8,0xB0,0xFF,0xA8,0xB0,0xFF,0xA8,0xB0,0xFF,0xA8,0xB0,0xFF,0xA8,0xB0,
  0xFF,0xA8,0xB0,0xFF,0xA8,0xB0,0xFF,0xA8,0xB0,0xFF,0xA8,0xB0,0xFF,0xA8,0xB0,0xFF,
  0xA8,0xB0,0xFF,0xA8,0xB0,0xFF,0xA8,0xB0,0xFF,0xA8,0xB0,0xFF,0xA8,0xB0,0xFF,0xA8,
  0xB0,0xFF,0xA8,0xB0,0xFF,0xA8,0xB0,0xFF,0xA8,0xB0,0xFF,0xA8,0xB0,0xFF,0xA8,0x79,
  0xB0,0x73,0x06,0x56,0x3F,0x0B,0x00,0x00,0x00,0x00,0x10,0xFF,0xFF,0xF2,0x57,0x00,
  0x00,0x00,0x09,0xA5,0xEF,0xFF,0xF6,0x14,0x00,0x00,0x00,0x00,0x34,0xFF,0xFF,0x50,
  0x00,0x00,0x00,0x00,0x01,0xFA,0xFF,0x65,0x00,0x00,0x00,0x00,0x00,0xF4,0xFF,0x68,
  0x00,0x00,0x00,0x00,0x00,0xF4,0xFF,0x6D,0x00,0x00,0x00,0x00,0x00,0xE3,0xFF,0x9E,
  0x00,0x00,0x00,0x00,0x00,0x8E,0xFF,0xFF,0xFF,0x8F,0x00,0x00,0x00,0x02,0x69,0xFF,
  0xFF,0xFF,0x00,0x00,0x00,0x45,0xEE,0xFF,0xFF,0xFF,0x00,0x00,0x00,0xCF,0xFF,0xCD,
  0x13,0x00,0x00,0x00,0x00,0xF2,0xFF,0x76,0x00,0x00,0x00,0x00,0x00,0xF4,0xFF,0x68,
  0x00,0x00,0x00,0x00,0x00,0xF5,0xFF,0x67,0x00,0x00,0x00,0x00,0x12,0xFF,0xFF,0x5C,
  0x00,0x00,0x03,0x40,0xAC,0xFF,0xFF,0x2F,0x00,0x00,0x10,0xFF,0xFF,0xFF,0xAF,0x00,
  0x00,0x00,0x0C,0xB8,0xA2,0x63,0x05,0x00,0x00,0x00,0x00,0x2E,0xB8,0xE0,0xB0,0x2B,
  0x00,0x00,0x27,0x8C,0x6D,0x10,0xEA,0xFF,0xFF,0xFF,0xF6,0x5D,0x00,0x82,0xFF,0xB6,
  0x5D,0xFF,0xE7,0x54,0x93,0xFE,0xFF,0xEF,0xFF,0xFF,0x6F,0x73,0xEC,0x87,0x00,0x00,
  0x51,0xEB,0xFF,0xFF,0xB5,0x06,0x00,0x00,0x00,0x00,0x00,0x00,0x09,0x3D,0x2C,0x00,
  0x00,0x00,0x00,0x00,0x00,0x3D,0x6C,0x6C,0x13,0x15,0x6C,0x6C,0x3C,0x00,0x00,0x00,
  0x35,0xF6,0xFF,0x98,0x07,0xC4,0xFF,0xE1,0x16,0x00,0x00,0x1C,0xE6,0xFF,0xBF,0x05,
  0xA3,0xFF,0xF4,0x2F,0x00,0x00,0x0B,0xCF,0xFF,0xDD,0x13,0x7C,0xFF,0xFE,0x52,0x00,
  0x00,0x02,0xB1,0xFF,0xF2,0x2B,0x55,0xFE,0xFF,0x7D,0x00,0x00,0x00,0x0A,0xD0,0xFF,
  0xE2,0x15,0x7A,0xFF,0xFF,0x57,0x00,0x00,0x00,0x00,0x1C,0xE6,0xFF,0xC3,0x06,0xA2,
  0xFF,0xF6,0x33,0x00,0x00,0x00,0x00,0x34,0xF5,0xFF,0x9E,0x07,0xC3,0xFF,0xE4,0x1A,
  0x00,0x00,0x00,0x00,0x53,0xFE,0xFF,0x73,0x14,0xDD,0xFF,0xCA,0x08,0x00,0x00,0x00,
  0x00,0x61,0x98,0x95,0x13,0x28,0x98,0x98,0x49,0x00,0x12,0x78,0x9F,0x77,0x11,0x00,
  0x1C,0xE2,0xFF,0xFF,0xFF,0xE1,0x1A,0xA5,0xFF,0x98,0x39,0x9A,0xFF,0xA1,0xE1,0xF5,
  0x04,0x00,0x04,0xF5,0xDD,0xCF,0xFE,0x28,0x00,0x28,0xFF,0xCB,0x66,0xFF,0xEC,0xB1,
  0xED,0xFF,0x62,0x00,0x7A,0xF3,0xFF,0xF2,0x77,0x00,0x00,0x00,0x07,0x20,0x07,0x00,
  0x00,0x00,0x05,0x67,0xAE,0xBD,0x99,0x30,0x00,0x00,0xA1,0xFF,0xF0,0xDD,0xFF,0xF9,
  0x37,0x07,0xE8,0xDE,0x10,0x00,0x8A,0xFF,0x8C,0x00,0x00,0x00,0x00,0x02,0xB3,0xFF,
  0x6B,0x00,0x00,0x00,0x15,0xBA,0xFF,0xBA,0x07,0x00,0x00,0x40,0xE6,0xFB,0x84,0x05,
  0x00,0x00,0x7D,0xFC,0xFB,0x80,0x48,0x48,0x37,0x04,0xFF,0xFF,0xFF,0xFF,0xFF,0xFF,
  0xC4,0x01,0x5C,0x5C,0x5C,0x5C,0x5C,0x5C,0x46,0x00,0x00,0x54,0xAA,0xC2,0xA8,0x4C,
  0x00,0x00,0x00,0x80,0xFF,0xFB,0xDC,0xFE,0xFF,0x63,0x00,0x00,0xA0,0xB4,0x23,0x00,
  0x5D,0xFF,0xB3,0x00,0x00,0x00,0x00,0x37,0x6E,0xC9,0xF6,0x52,0x00,0x00,0x00,0x00,
  0x8A,0xF6,0xFE,0xB0,0x2D,0x00,0x03,0x20,0x1E,0x00,0x00,0x53,0xFF,0xE9,0x02,0x08,
  0xF4,0xFF,0x70,0x3A,0x89,0xFF,0xF6,0x05,0x00,0x5B,0xF6,0xFF,0xFF,0xFF,0xF8,0x61,
  0x00,0x00,0x00,0x16,0x5D,0x73,0x5C,0x18,0x00,0x00,0x2C,0xD1,0xC0,0x14,0x97,0xFF,
  0xFF,0x6A,0x4F,0xFB,0xF2,0x2C,0x00,0x16,0x0E,0x00,0x15,0x6C,0x6C,0x3B,0x00,0x59,
  0x6C,0x62,0x01,0x00,0x00,0x00,0x00,0x9C,0xFF,0xF4,0x31,0x41,0xFB,0xFF,0x87,0x00,
  0x00,0x00,0x00,0x05,0xC1,0xFF,0xE4,0x1A,0x67,0xFF,0xFF,0x5F,0x00,0x00,0x00,0x00,
  0x14,0xDE,0xFF,0xCC,0x0A,0x93,0xFF,0xF9,0x3D,0x00,0x00,0x00,0x00,0x2C,0xF2,0xFF,
  0xAD,0x05,0xBA,0xFF,0xEC,0x23,0x00,0x00,0x00,0x16,0xE2,0xFF,0xCD,0x08,0x98,0xFF,
  0xF9,0x3C,0x00,0x00,0x06,0xC5,0xFF,0xE4,0x1A,0x6C,0xFF,0xFF,0x5F,0x00,0x00,0x00,
  0xA0,0xFF,0xF4,0x31,0x45,0xFB,0xFF,0x85,0x00,0x00,0x00,0x77,0xFF,0xFD,0x4F,0x27,
  0xEF,0xFF,0xAB,0x01,0x00,0x00,0x15,0x95,0x98,0x5F,0x00,0x72,0x98,0x8E,0x09,0x00,
  0x00,0x00,0x00,0x00,0x00,0x00,0x0C,0x10,0x0B,0x00,0x00,0x00,0x00,0x00,0x00,0x00,
  0x00,0x00,0x00,0x00,0x65,0xFF,0xEA,0x0A,0x00,0x00,0x00,0x00,0x00,0x00,0x00,0x00,
  0x00,0x00,0x00,0xB3,0xFF,0x70,0x00,0x00,0x00,0x00,0x00,0x00,0x00,0x00,0x00,0x00,
  0x00,0x17,0xDD,0xD0,0x04,0x00,0x00,0x00,0x00,0x00,0x00,0x00,0x00,0x00,0x00,0x00,
  0x00,0x00,0x00,0x00,0x00,0x00,0x00,0x00,0x00,0x00,0x00,0x00,0x00,0x55,0x8C,0x8C,
  0x7A,0x00,0x00,0x00,0x00,0x00,0x00,0x00,0x00,0x00,0x01,0xE1,0xFF,0xFF,0xFF,0x27,
  0x00,0x00,0x00,0x00,0x00,0x00,0x00,0x00,0x3D,0xFF,0xFF,0xFF,0xFF,0x81,0x00,0x00,
  0x00,0x00,0x00,0x00,0x00,0x00,0x97,0xFF,0xDC,0xA0,0xFF,0xDC,0x00,0x00,0x00,0x00,
  0x00,0x00,0x00,0x05,0xEB,0xFF,0x95,0x58,0xFF,0xFF,0x37,0x00,0x00,0x00,0x00,0x00,
  0x00,0x4C,0xFF,0xFF,0x4D,0x11,0xFB,0xFF,0x92,0x00,0x00,0x00,0x00,0x00,0x00,0xA6,
  0xFF,0xF7,0x0A,0x00,0xBF,0xFF,0xE9,0x04,0x00,0x00,0x00,0x00,0x0B,0xF4,0xFF,0xB3,
  0x00,0x00,0x6F,0xFF,0xFF,0x48,0x00,0x00,0x00,0x00,0x5A,0xFF,0xFF,0x5E,0x00,0x00,
  0x1B,0xFE,0xFF,0xA3,0x00,0x00,0x00,0x00,0xB4,0xFF,0xFF,0xBB,0xAC,0xAC,0xAC,0xFF,
  0xFF,0xF4,0x0A,0x00,0x00,0x13,0xFA,0xFF,0xFF,0xFF,0xFF,0xFF,0xFF,0xFF,0xFF,0xFF,
  0x59,0x00,0x00,0x69,0xFF,0xFF,0xCC,0x70,0x70,0x70,0x70,0x87,0xFF,0xFF,0xB4,0x00,
  0x00,0xC3,0xFF,0xF8,0x0E,0x00,0x00,0x00,0x00,0x00,0xBD,0xFF,0xFB,0x14,0x1E,0xFE,
  0xFF,0xB0,0x00,0x00,0x00,0x00,0x00,0x00,0x66,0xFF,0xFF,0x6A,0x77,0xFF,0xFF,0x5A,
  0x00,0x00,0x00,0x00,0x00,0x00,0x14,0xFB,0xFF,0xC6,0x00,0x00,0x00,0x00,0x00,0x00,
  0x0E,0x10,0x03,0x00,0x00,0x00,0x00,0x00,0x00,0x00,0x00,0x00,0x00,0x63,0xFF,0xFF,
  0xAE,0x03,0x00,0x00,0x00,0x00,0x00,0x00,0x00,0x00,0x4D,0xFC,0xCE,0x90,0xFF,0x99,
  0x00,0x00,0x00,0x00,0x00,0x00,0x00,0x1E,0xC2,0xC4,0x1D,0x02,0xA0,0xCC,0x54,0x00,
  0x00,0x00,0x00,0x00,0x00,0x00,0x00,0x00,0x00,0x00,0x00,0x00,0x00,0x00,0x00,0x00,
  0x00,0x00,0x00,0x00,0x00,0x55,0x8C,0x8C,0x7A,0x00,0x00,0x00,0x00,0x00,0x00,0x00,
  0x00,0x00,0x01,0xE1,0xFF,0xFF,0xFF,0x27,0x00,0x00,0x00,0x00,0x00,0x00,0x00,0x00,
  0x3D,0xFF,0xFF,0xFF,0xFF,0x81,0x00,0x00,0x00,0x00,0x00,0x00,0x00,0x00,0x97,0xFF,
  0xDC,0xA0,0xFF,0xDC,0x00,0x00,0x00,0x00,0x00,0x00,0x00,0x05,0xEB,0xFF,0x95,0x58,
  0xFF,0xFF,0x37,0x00,0x00,0x00,0x00,0x00,0x00,0x4C,0xFF,0xFF,0x4D,0x11,0xFB,0xFF,
  0x92,0x00,0x00,0x00,0x00,0x00,0x00,0xA6,0xFF,0xF7,0x0A,0x00,0xBF,0xFF,0xE9,0x04,
  0x00,0x00,0x00,0x00,0x0B,0xF4,0xFF,0xB3,0x00,0x00,0x6F,0xFF,0xFF,0x48,0x00,0x00,
  0x00,0x00,0x5A,0xFF,0xFF,0x5E,0x00,0x00,0x1B,0xFE,0xFF,0xA3,0x00,0x00,0x00,0x00,
  0xB4,0xFF,0xFF,0xBB,0xAC,0xAC,0xAC,0xFF,0xFF,0xF4,0x0A,0x00,0x00,0x13,0xFA,0xFF,
  0xFF,0xFF,0xFF,0xFF,0xFF,0xFF,0xFF,0xFF,0x59,0x00,0x00,0x69,0xFF,0xFF,0xCC,0x70,
  0x70,0x70,0x70,0x87,0xFF,0xFF,0xB4,0x00,0x00,0xC3,0xFF,0xF8,0x0E,0x00,0x00,0x00,
  0x00,0x00,0xBD,0xFF,0xFB,0x14,0x1E,0xFE,0xFF,0xB0,0x00,0x00,0x00,0x00,0x00,0x00,
  0x66,0xFF,0xFF,0x6A,0x77,0xFF,0xFF,0x5A,0x00,0x00,0x00,0x00,0x00,0x00,0x14,0xFB,
  0xFF,0xC6,0x00,0x00,0x00,0x18,0xD8,0xDE,0x21,0x00,0xAE,0xF0,0x4E,0x00,0x00,0x00,
  0x00,0x00,0x00,0x4D,0xFF,0xFF,0x5D,0x0B,0xFE,0xFF,0x9D,0x00,0x00,0x00,0x00,0x00,
  0x00,0x05,0x8C,0x92,0x09,0x00,0x63,0xA4,0x23,0x00,0x00,0x00,0x00,0x00,0x00,0x00,
  0x00,0x00,0x00,0x00,0x00,0x00,0x00,0x00,0x00,0x00,0x00,0x00,0x00,0x00,0x00,0x55,
  0x8C,0x8C,0x7A,0x00,0x00,0x00,0x00,0x00,0x00,0x00,0x00,0x00,0x01,0xE1,0xFF,0xFF,
  0xFF,0x27,0x00,0x00,0x00,0x00,0x00,0x00,0x00,0x00,0x3D,0xFF,0xFF,0xFF,0xFF,0x81,
  0x00,0x00,0x00,0x00,0x00,0x00,0x00,0x00,0x97,0xFF,0xDC,0xA0,0xFF,0xDC,0x00,0x00,
  0x00,0x00,0x00,0x00,0x00,0x05,0xEB,0xFF,0x95,0x58,0xFF,0xFF,0x37,0x00,0x00,0x00,
  0x00,0x00,0x00,0x4C,0xFF,0xFF,0x4D,0x11,0xFB,0xFF,0x92,0x00,0x00,0x00,0x00,0x00,
  0x00,0xA6,0xFF,0xF7,0x0A,0x00,0xBF,0xFF,0xE9,0x04,0x00,0x00,0x00,0x00,0x0B,0xF4,
  0xFF,0xB3,0x00,0x00,0x6F,0xFF,0xFF,0x48,0x00,0x00,0x00,0x00,0x5A,0xFF,0xFF,0x5E,
  0x00,0x00,0x1B,0xFE,0xFF,0xA3,0x00,0x00,0x00,0x00,0xB4,0xFF,0xFF,0xBB,0xAC,0xAC,
  0xAC,0xFF,0xFF,0xF4,0x0A,0x00,0x00,0x13,0xFA,0xFF,0xFF,0xFF,0xFF,0xFF,0xFF,0xFF,
  0xFF,0xFF,0x59,0x00,0x00,0x69,0xFF,0xFF,0xCC,0x70,0x70,0x70,0x70,0x87,0xFF,0xFF,
  0xB4,0x00,0x00,0xC3,0xFF,0xF8,0x0E,0x00,0x00,0x00,0x00,0x00,0xBD,0xFF,0xFB,0x14,
  0x1E,0xFE,0xFF,0xB0,0x00,0x00,0x00,0x00,0x00,0x00,0x66,0xFF,0xFF,0x6A,0x77,0xFF,
  0xFF,0x5A,0x00,0x00,0x00,0x00,0x00,0x00,0x14,0xFB,0xFF,0xC6,0x00,0x00,0x00,0x00,
  0x0C,0x68,0xA0,0xBC,0xB1,0x7F,0x25,0x00,0x00,0x00,0x00,0x00,0x00,0x51,0xF0,0xFF,
  0xFF,0xFF,0xFF,0xFF,0xFD,0x8C,0x02,0x00,0x00,0x00,0x5A,0xFE,0xFF,0xFF,0xC5,0x9D,
  0xB4,0xF7,0xFF,0xFF,0x96,0x00,0x00,0x1A,0xF0,0xFF,0xEC,0x3C,0x00,0x00,0x00,0x1A,
  0xD0,0xFF,0xFF,0x38,0x00,0x7E,0xFF,0xFF,0x4F,0x00,0x00,0x00,0x00,0x00,0x27,0xFF,
  0xFF,0x9A,0x00,0xD3,0xFF,0xDD,0x00,0x00,0x00,0x00,0x00,0x00,0x00,0x4E,0x58,0x43,
  0x00,0xF7,0xFF,0xA0,0x00,0x00,0x00,0x00,0x00,0x00,0x00,0x00,0x00,0x00,0x10,0xFF,
  0xFF,0x8A,0x00,0x00,0x00,0x00,0x00,0x00,0x00,0x00,0x00,0x00,0x06,0xFE,0xFF,0x94,
  0x00,0x00,0x00,0x00,0x00,0x00,0x00,0x00,0x00,0x00,0x00,0xEA,0xFF,0xBA,0x00,0x00,
  0x00,0x00,0x00,0x00,0x00,0x00,0x00,0x00,0x00,0xAB,0xFF,0xF9,0x16,0x00,0x00,0x00,
  0x00,0x00,0x08,0xD8,0xE4,0xA1,0x00,0x4D,0xFF,0xFF,0xAD,0x03,0x00,0x00,0x00,0x00,
  0x7B,0xFF,0xFF,0x6A,0x00,0x00,0xB2,0xFF,0xFF,0xC0,0x4F,0x28,0x3E,0x9B,0xFE,0xFF,
  0xDB,0x09,0x00,0x00,0x13,0xC2,0xFF,0xFF,0xFF,0xFF,0xFF,0xFF,0xFF,0xE5,0x29,0x00,
  0x00,0x00,0x00,0x05,0x73,0xDB,0xFF,0xFF,0xFF,0xEE,0x93,0x13,0x00,0x00,0x00,0x00,
  0x00,0x00,0x00,0x00,0x30,0xFF,0x4F,0x02,0x00,0x00,0x00,0x00,0x00,0x00,0x00,0x00,
  0x00,0x00,0x30,0xBE,0xF5,0x97,0x00,0x00,0x00,0x00,0x00,0x00,0x00,0x00,0x00,0x00,
  0x07,0x0E,0xB8,0xE3,0x00,0x00,0x00,0x00,0x00,0x00,0x00,0x00,0x00,0x00,0xA8,0xFF,
  0xF7,0x75,0x00,0x00,0x00,0x00,0x00,0x00,0x00,0x00,0x00,0x00,0x0D,0x12,0x02,0x00,
  0x00,0x00,0x00,0x00,0x00,0x00,0x0A,0x10,0x0C,0x00,0x00,0x00,0x00,0x00,0x00,0x00,
  0x00,0x50,0xFF,0xF4,0x14,0x00,0x00,0x00,0x00,0x00,0x00,0x00,0x00,0xA0,0xFF,0x84,
  0x00,0x00,0x00,0x00,0x00,0x00,0x00,0x00,0x0E,0xD4,0xDC,0x0A,0x00,0x00,0x00,0x00,
  0x00,0x00,0x00,0x00,0x00,0x00,0x00,0x00,0x00,0x00,0x00,0x57,0x8C,0x8C,0x8C,0x8C,
  0x8C,0x8C,0x8C,0x8C,0x8C,0x06,0xA0,0xFF,0xFF,0xFF,0xFF,0xFF,0xFF,0xFF,0xFF,0xFF,
  0x0C,0xA0,0xFF,0xFE,0xA8,0xA8,0xA8,0xA8,0xA8,0xA8,0xA8,0x07,0xA0,0xFF,0xFC,0x00,
  0x00,0x00,0x00,0x00,0x00,0x00,0x00,0xA0,0xFF,0xFC,0x00,0x00,0x00,0x00,0x00,0x00,
  0x00,0x00,0xA0,0xFF,0xFC,0x00,0x00,0x00,0x00,0x00,0x00,0x00,0x00,0xA0,0xFF,0xFD,
  0x74,0x74,0x74,0x74,0x74,0x74,0x3D,0x00,0xA0,0xFF,0xFF,0xFF,0xFF,0xFF,0xFF,0xFF,
  0xFF,0x88,0x00,0xA0,0xFF,0xFE,0xBC,0xBC,0xBC,0xBC,0xBC,0xBC,0x63,0x00,0xA0,0xFF,
  0xFC,0x00,0x00,0x00,0x00,0x00,0x00,0x00,0x00,0xA0,0xFF,0xFC,0x00,0x00,0x00,0x00,
  0x00,0x00,0x00,0x00,0xA0,0xFF,0xFC,0x00,0x00,0x00,0x00,0x00,0x00,0x00,0x00,0xA0,
  0xFF,0xFC,0x34,0x34,0x34,0x34,0x34,0x34,0x34,0x04,0xA0,0xFF,0xFF,0xFF,0xFF,0xFF,
  0xFF,0xFF,0xFF,0xFF,0x14,0xA0,0xFF,0xFF,0xFF,0xFF,0xFF,0xFF,0xFF,0xFF,0xFF,0x14,
  0x00,0x00,0x00,0x00,0x00,0x05,0x10,0x10,0x02,0x00,0x00,0x00,0x00,0x00,0x00,0x00,
  0x96,0xFF,0xC2,0x02,0x00,0x00,0x00,0x00,0x00,0x00,0x18,0xF7,0xF2,0x21,0x00,0x00,
  0x00,0x00,0x00,0x00,0x00,0x7C,0xEC,0x61,0x00,0x00,0x00,0x00,0x00,0x00,0x00,0x00,
  0x00,0x00,0x00,0x00,0x00,0x00,0x00,0x57,0x8C,0x8C,0x8C,0x8C,0x8C,0x8C,0x8C,0x8C,
  0x8C,0x06,0xA0,0xFF,0xFF,0xFF,0xFF,0xFF,0xFF,0xFF,0xFF,0xFF,0x0C,0xA0,0xFF,0xFE,
  0xA8,0xA8,0xA8,0xA8,0xA8,0xA8,0xA8,0x07,0xA0,0xFF,0xFC,0x00,0x00,0x00,0x00,0x00,
  0x00,0x00,0x00,0xA0,0xFF,0xFC,0x00,0x00,0x00,0x00,0x00,0x00,0x00,0x00,0xA0,0xFF,
  0xFC,0x00,0x00,0x00,0x00,0x00,0x00,0x00,0x00,0xA0,0xFF,0xFD,0x74,0x74,0x74,0x74,
  0x74,0x74,0x3D,0x00,0xA0,0xFF,0xFF,0xFF,0xFF,0xFF,0xFF,0xFF,0xFF,0x88,0x00,0xA0,
  0xFF,0xFE,0xBC,0xBC,0xBC,0xBC,0xBC,0xBC,0x63,0x00,0xA0,0xFF,0xFC,0x00,0x00,0x00,
  0x00,0x00,0x00,0x00,0x00,0xA0,0xFF,0xFC,0x00,0x00,0x00,0x00,0x00,0x00,0x00,0x00,
  0xA0,0xFF,0xFC,0x00,0x00,0x00,0x00,0x00,0x00,0x00,0x00,0xA0,0xFF,0xFC,0x34,0x34,
  0x34,0x34,0x34,0x34,0x34,0x04,0xA0,0xFF,0xFF,0xFF,0xFF,0xFF,0xFF,0xFF,0xFF,0xFF,
  0x14,0xA0,0xFF,0xFF,0xFF,0xFF,0xFF,0xFF,0xFF,0xFF,0xFF,0x14,0x00,0x00,0x00,0x00,
  0x0D,0x10,0x04,0x00,0x00,0x00,0x00,0x00,0x00,0x00,0x51,0xFC,0xFF,0xBE,0x07,0x00,
  0x00,0x00,0x00,0x00,0x3E,0xF7,0xDB,0x83,0xFF,0xAB,0x02,0x00,0x00,0x00,0x14,0xBC,
  0xC8,0x29,0x00,0x92,0xCC,0x64,0x00,0x00,0x00,0x00,0x00,0x00,0x00,0x00,0x00,0x00,
  0x00,0x00,0x00,0x57,0x8C,0x8C,0x8C,0x8C,0x8C,0x8C,0x8C,0x8C,0x8C,0x06,0xA0,0xFF,
  0xFF,0xFF,0xFF,0xFF,0xFF,0xFF,0xFF,0xFF,0x0C,0xA0,0xFF,0xFE,0xA8,0xA8,0xA8,0xA8,
  0xA8,0xA8,0xA8,0x07,0xA0,0xFF,0xFC,0x00,0x00,0x00,0x00,0x00,0x00,0x00,0x00,0xA0,
  0xFF,0xFC,0x00,0x00,0x00,0x00,0x00,0x00,0x00,0x00,0xA0,0xFF,0xFC,0x00,0x00,0x00,
  0x00,0x00,0x00,0x00,0x00,0xA0,0xFF,0xFD,0x74,0x74,0x74,0x74,0x74,0x74,0x3D,0x00,
  0xA0,0xFF,0xFF,0xFF,0xFF,0xFF,0xFF,0xFF,0xFF,0x88,0x00,0xA0,0xFF,0xFE,0xBC,0xBC,
  0xBC,0xBC,0xBC,0xBC,0x63,0x00,0xA0,0xFF,0xFC,0x00,0x00,0x00,0x00,0x00,0x00,0x00,
  0x00,0xA0,0xFF,0xFC,0x00,0x00,0x00,0x00,0x00,0x00,0x00,0x00,0xA0,0xFF,0xFC,0x00,
  0x00,0x00,0x00,0x00,0x00,0x00,0x00,0xA0,0xFF,0xFC,0x34,0x34,0x34,0x34,0x34,0x34,
  0x34,0x04,0xA0,0xFF,0xFF,0xFF,0xFF,0xFF,0xFF,0xFF,0xFF,0xFF,0x14,0xA0,0xFF,0xFF,
  0xFF,0xFF,0xFF,0xFF,0xFF,0xFF,0xFF,0x14,0x00,0x0E,0xCD,0xE5,0x2E,0x00,0x9B,0xF2,
  0x5E,0x00,0x00,0x00,0x39,0xFF,0xFF,0x71,0x00,0xF4,0xFF,0xB1,0x00,0x00,0x00,0x01,
  0x82,0x99,0x10,0x00,0x56,0xA7,0x2E,0x00,0x00,0x00,0x00,0x00,0x00,0x00,0x00,0x00,
  0x00,0x00,0x00,0x00,0x57,0x8C,0x8C,0x8C,0x8C,0x8C,0x8C,0x8C,0x8C,0x8C,0x06,0xA0,
  0xFF,0xFF,0xFF,0xFF,0xFF,0xFF,0xFF,0xFF,0xFF,0x0C,0xA0,0xFF,0xFE,0xA8,0xA8,0xA8,
  0xA8,0xA8,0xA8,0xA8,0x07,0xA0,0xFF,0xFC,0x00,0x00,0x00,0x00,0x00,0x00,0x00,0x00,
  0xA0,0xFF,0xFC,0x00,0x00,0x00,0x00,0x00,0x00,0x00,0x00,0xA0,0xFF,0xFC,0x00,0x00,
  0x00,0x00,0x00,0x00,0x00,0x00,0xA0,0xFF,0xFD,0x74,0x74,0x74,0x74,0x74,0x74,0x3D,
  0x00,0xA0,0xFF,0xFF,0xFF,0xFF,0xFF,0xFF,0xFF,0xFF,0x88,0x00,0xA0,0xFF,0xFE,0xBC,
  0xBC,0xBC,0xBC,0xBC,0xBC,0x63,0x00,0xA0,0xFF,0xFC,0x00,0x00,0x00,0x00,0x00,0x00,
  0x00,0x00,0xA0,0xFF,0xFC,0x00,0x00,0x00,0x00,0x00,0x00,0x00,0x00,0xA0,0xFF,0xFC,
  0x00,0x00,0x00,0x00,0x00,0x00,0x00,0x00,0xA0,0xFF,0xFC,0x34,0x34,0x34,0x34,0x34,
  0x34,0x34,0x04,0xA0,0xFF,0xFF,0xFF,0xFF,0xFF,0xFF,0xFF,0xFF,0xFF,0x14,0xA0,0xFF,
  0xFF,0xFF,0xFF,0xFF,0xFF,0xFF,0xFF,0xFF,0x14,0x00,0x00,0x06,0x10,0x0B,0x00,0x00,
  0x00,0x00,0x0E,0xCF,0xFF,0xF7,0x3E,0x00,0x00,0x07,0xBF,0xFF,0x77,0xE8,0xF0,0x2D,
  0x00,0x78,0xCC,0x7F,0x00,0x39,0xCB,0xB1,0x0B,0x00,0x00,0x00,0x00,0x00,0x00,0x00,
  0x00,0x00,0x00,0x57,0x8C,0x89,0x00,0x00,0x00,0x00,0x00,0xA0,0xFF,0xFC,0x00,0x00,
  0x00,0x00,0x00,0xA0,0xFF,0xFC,0x00,0x00,0x00,0x00,0x00,0xA0,0xFF,0xFC,0x00,0x00,
  0x00,0x00,0x00,0xA0,0xFF,0xFC,0x00,0x00,0x00,0x00,0x00,0xA0,0xFF,0xFC,0x00,0x00,
  0x00,0x00,0x00,0xA0,0xFF,0xFC,0x00,0x00,0x00,0x00,0x00,0xA0,0xFF,0xFC,0x00,0x00,
  0x00,0x00,0x00,0xA0,0xFF,0xFC,0x00,0x00,0x00,0x00,0x00,0xA0,0xFF,0xFC,0x00,0x00,
  0x00,0x00,0x00,0xA0,0xFF,0xFC,0x00,0x00,0x00,0x00,0x00,0xA0,0xFF,0xFC,0x00,0x00,
  0x00,0x00,0x00,0xA0,0xFF,0xFC,0x00,0x00,0x00,0x00,0x00,0xA0,0xFF,0xFC,0x00,0x00,
  0x00,0x00,0x00,0xA0,0xFF,0xFC,0x00,0x00,0x00,0x6F,0xF3,0x8D,0x00,0x39,0xEA,0xC2,
  0x07,0xC5,0xFF,0xE5,0x00,0x81,0xFF,0xFF,0x25,0x39,0xA8,0x4C,0x00,0x17,0x9E,0x76,
  0x00,0x00,0x00,0x00,0x00,0x00,0x00,0x00,0x00,0x00,0x00,0x57,0x8C,0x89,0x00,0x00,
  0x00,0x00,0x00,0xA0,0xFF,0xFC,0x00,0x00,0x00,0x00,0x00,0xA0,0xFF,0xFC,0x00,0x00,
  0x00,0x00,0x00,0xA0,0xFF,0xFC,0x00,0x00,0x00,0x00,0x00,0xA0,0xFF,0xFC,0x00,0x00,
  0x00,0x00,0x00,0xA0,0xFF,0xFC,0x00,0x00,0x00,0x00,0x00,0xA0,0xFF,0xFC,0x00,0x00,
  0x00,0x00,0x00,0xA0,0xFF,0xFC,0x00,0x00,0x00,0x00,0x00,0xA0,0xFF,0xFC,0x00,0x00,
  0x00,0x00,0x00,0xA0,0xFF,0xFC,0x00,0x00,0x00,0x00,0x00,0xA0,0xFF,0xFC,0x00,0x00,
  0x00,0x00,0x00,0xA0,0xFF,0xFC,0x00,0x00,0x00,0x00,0x00,0xA0,0xFF,0xFC,0x00,0x00,
  0x00,0x00,0x00,0xA0,0xFF,0xFC,0x00,0x00,0x00,0x00,0x00,0xA0,0xFF,0xFC,0x00,0x00,
  0x00,0x00,0x00,0x00,0x00,0x00,0x00,0x06,0x10,0x0A,0x00,0x00,0x00,0x00,0x00,0x00,
  0x00,0x00,0x00,0x00,0x00,0x13,0xD7,0xFF,0xF4,0x35,0x00,0x00,0x00,0x00,0x00,0x00,
  0x00,0x00,0x00,0x0A,0xC7,0xFE,0x72,0xED,0xEB,0x26,0x00,0x00,0x00,0x00,0x00,0x00,
  0x00,0x00,0x81,0xCC,0x75,0x00,0x43,0xCC,0xAB,0x08,0x00,0x00,0x00,0x00,0x00,0x00,
  0x00,0x00,0x00,0x00,0x00,0x00,0x00,0x00,0x00,0x00,0x00,0x00,0x00,0x00,0x00,0x00,
  0x0C,0x68,0xA0,0xBB,0xA8,0x7C,0x1C,0x00,0x00,0x00,0x00,0x00,0x00,0x00,0x51,0xF0,
  0xFF,0xFF,0xFF,0xFF,0xFF,0xFB,0x80,0x01,0x00,0x00,0x00,0x00,0x5A,0xFE,0xFF,0xFF,
  0xC4,0x9D,0xB4,0xF8,0xFF,0xFF,0x94,0x00,0x00,0x00,0x1A,0xF0,0xFF,0xEB,0x3B,0x00,
  0x00,0x00,0x1C,0xCE,0xFF,0xFF,0x47,0x00,0x00,0x7E,0xFF,0xFF,0x4F,0x00,0x00,0x00,
  0x00,0x00,0x1E,0xF4,0xFF,0xB9,0x00,0x00,0xD3,0xFF,0xDD,0x00,0x00,0x00,0x00,0x00,
  0x00,0x00,0xA2,0xFF,0xFC,0x12,0x00,0xF7,0xFF,0xA0,0x00,0x00,0x00,0x00,0x00,0x00,
  0x00,0x64,0xFF,0xFF,0x33,0x10,0xFF,0xFF,0x8A,0x00,0x00,0x00,0x00,0x00,0x00,0x00,
  0x4F,0xFF,0xFF,0x4B,0x05,0xFE,0xFF,0x94,0x00,0x00,0x00,0x00,0x00,0x00,0x00,0x59,
  0xFF,0xFF,0x40,0x00,0xEA,0xFF,0xBA,0x00,0x00,0x00,0x00,0x00,0x00,0x00,0x7F,0xFF,
  0xFF,0x25,0x00,0xA9,0xFF,0xF9,0x16,0x00,0x00,0x00,0x00,0x00,0x01,0xD2,0xFF,0xE2,
  0x01,0x00,0x4A,0xFF,0xFF,0xAD,0x03,0x00,0x00,0x00,0x00,0x75,0xFF,0xFF,0x85,0x00,
  0x00,0x00,0xAF,0xFF,0xFF,0xC1,0x4F,0x28,0x3F,0xA0,0xFF,0xFF,0xDD,0x0D,0x00,0x00,
  0x00,0x11,0xC0,0xFF,0xFF,0xFF,0xFF,0xFF,0xFF,0xFF,0xE0,0x2D,0x00,0x00,0x00,0x00,
  0x00,0x04,0x71,0xD9,0xFF,0xFF,0xFF,0xEC,0x8C,0x14,0x00,0x00,0x00,0x00,0x00,0x00,
  0x00,0x00,0x00,0x11,0x2C,0x19,0x01,0x00,0x00,0x00,0x00,0x00,0x00,0x00,0x00,0x00,
  0x82,0xF3,0x7A,0x00,0x48,0xEE,0xB4,0x01,0x00,0x00,0x00,0x00,0x00,0x00,0x00,0xD9,
  0xFF,0xD1,0x00,0x95,0xFF,0xFF,0x11,0x00,0x00,0x00,0x00,0x00,0x00,0x00,0x45,0xA8,
  0x40,0x00,0x20,0xA2,0x69,0x00,0x00,0x00,0x00,0x00,0x00,0x00,0x00,0x00,0x00,0x00,
  0x00,0x00,0x00,0x00,0x00,0x00,0x00,0x00,0x00,0x00,0x00,0x00,0x0C,0x68,0xA0,0xBB,
  0xA8,0x7C,0x1C,0x00,0x00,0x00,0x00,0x00,0x00,0x00,0x51,0xF0,0xFF,0xFF,0xFF,0xFF,
  0xFF,0xFB,0x80,0x01,0x00,0x00,0x00,0x00,0x5A,0xFE,0xFF,0xFF,0xC4,0x9D,0xB4,0xF8,
  0xFF,0xFF,0x94,0x00,0x00,0x00,0x1A,0xF0,0xFF,0xEB,0x3B,0x00,0x00,0x00,0x1C,0xCE,
  0xFF,0xFF,0x47,0x00,0x00,0x7E,0xFF,0xFF,0x4F,0x00,0x00,0x00,0x00,0x00,0x1E,0xF4,
  0xFF,0xB9,0x00,0x00,0xD3,0xFF,0xDD,0x00,0x00,0x00,0x00,0x00,0x00,0x00,0xA2,0xFF,
  0xFC,0x12,0x00,0xF7,0xFF,0xA0,0x00,0x00,0x00,0x00,0x00,0x00,0x00,0x64,0xFF,0xFF,
  0x33,0x10,0xFF,0xFF,0x8A,0x00,0x00,0x00,0x00,0x00,0x00,0x00,0x4F,0xFF,0xFF,0x4B,
  0x05,0xFE,0xFF,0x94,0x00,0x00,0x00,0x00,0x00,0x00,0x00,0x59,0xFF,0xFF,0x40,0x00,
  0xEA,0xFF,0xBA,0x00,0x00,0x00,0x00,0x00,0x00,0x00,0x7F,0xFF,0xFF,0x25,0x00,0xA9,
  0xFF,0xF9,0x16,0x00,0x00,0x00,0x00,0x00,0x01,0xD2,0xFF,0xE2,0x01,0x00,0x4A,0xFF,
  0xFF,0xAD,0x03,0x00,0x00,0x00,0x00,0x75,0xFF,0xFF,0x85,0x00,0x00,0x00,0xAF,0xFF,
  0xFF,0xC1,0x4F,0x28,0x3F,0xA0,0xFF,0xFF,0xDD,0x0D,0x00,0x00,0x00,0x11,0xC0,0xFF,
  0xFF,0xFF,0xFF,0xFF,0xFF,0xFF,0xE0,0x2D,0x00,0x00,0x00,0x00,0x00,0x04,0x71,0xD9,
  0xFF,0xFF,0xFF,0xEC,0x8C,0x14,0x00,0x00,0x00,0x00,0x00,0x00,0x00,0x00,0x00,0x11,
  0x2C,0x19,0x01,0x00,0x00,0x00,0x00,0x00,0x00,0x00,0x00,0x0A,0x10,0x0C,0x00,0x00,
  0x00,0x00,0x00,0x00,0x00,0x00,0x00,0x00,0x4D,0xFF,0xF6,0x16,0x00,0x00,0x00,0x00,
  0x00,0x00,0x00,0x00,0x00,0x00,0x9C,0xFF,0x88,0x00,0x00,0x00,0x00,0x00,0x00,0x00,
  0x00,0x00,0x00,0x0D,0xD2,0xDE,0x0C,0x00,0x00,0x00,0x00,0x00,0x00,0x00,0x00,0x00,
  0x00,0x00,0x00,0x00,0x00,0x00,0x00,0x00,0x00,0x59,0x8C,0x85,0x00,0x00,0x00,0x00,
  0x00,0x00,0x3D,0x8C,0x8C,0x13,0xA4,0xFF,0xF4,0x00,0x00,0x00,0x00,0x00,0x00,0x70,
  0xFF,0xFF,0x24,0xA4,0xFF,0xF4,0x00,0x00,0x00,0x00,0x00,0x00,0x70,0xFF,0xFF,0x24,
  0xA4,0xFF,0xF4,0x00,0x00,0x00,0x00,0x00,0x00,0x70,0xFF,0xFF,0x24,0xA4,0xFF,0xF4,
  0x00,0x00,0x00,0x00,0x00,0x00,0x70,0xFF,0xFF,0x24,0xA4,0xFF,0xF4,0x00,0x00,0x00,
  0x00,0x00,0x00,0x70,0xFF,0xFF,0x24,0xA4,0xFF,0xF4,0x00,0x00,0x00,0x00,0x00,0x00,
  0x70,0xFF,0xFF,0x24,0xA4,0xFF,0xF4,0x00,0x00,0x00,0x00,0x00,0x00,0x70,0xFF,0xFF,
  0x24,0xA4,0xFF,0xF4,0x00,0x00,0x00,0x00,0x00,0x00,0x70,0xFF,0xFF,0x24,0xA3,0xFF,
  0xF4,0x00,0x00,0x00,0x00,0x00,0x00,0x71,0xFF,0xFF,0x23,0x93,0xFF,0xFF,0x10,0x00,
  0x00,0x00,0x00,0x00,0x8C,0xFF,0xFF,0x12,0x64,0xFF,0xFF,0x7A,0x00,0x00,0x00,0x00,
  0x11,0xE5,0xFF,0xE4,0x00,0x0C,0xEB,0xFF,0xFD,0x8B,0x2F,0x20,0x50,0xD4,0xFF,0xFF,
  0x77,0x00,0x00,0x40,0xF5,0xFF,0xFF,0xFF,0xFF,0xFF,0xFF,0xFF,0xB4,0x03,0x00,0x00,
  0x00,0x24,0xA9,0xF7,0xFF,0xFF,0xFF,0xD9,0x6E,0x02,0x00,0x00,0x00,0x00,0x00,0x00,
  0x08,0x25,0x30,0x17,0x00,0x00,0x00,0x00,0x00,0x00,0x00,0x00,0x00,0x00,0x0C,0x10,
  0x04,0x00,0x00,0x00,0x00,0x00,0x00,0x00,0x00,0x00,0x4E,0xFC,0xFF,0xC1,0x08,0x00,
  0x00,0x00,0x00,0x00,0x00,0x00,0x3B,0xF6,0xDD,0x81,0xFF,0xAE,0x03,0x00,0x00,0x00,
  0x00,0x00,0x13,0xBA,0xC9,0x2B,0x00,0x8F,0xCC,0x67,0x00,0x00,0x00,0x00,0x00,0x00,
  0x00,0x00,0x00,0x00,0x00,0x00,0x00,0x00,0x00,0x00,0x59,0x8C,0x85,0x00,0x00,0x00,
  0x00,0x00,0x00,0x3D,0x8C,0x8C,0x13,0xA4,0xFF,0xF4,0x00,0x00,0x00,0x00,0x00,0x00,
  0x70,0xFF,0xFF,0x24,0xA4,0xFF,0xF4,0x00,0x00,0x00,0x00,0x00,0x00,0x70,0xFF,0xFF,
  0x24,0xA4,0xFF,0xF4,0x00,0x00,0x00,0x00,0x00,0x00,0x70,0xFF,0xFF,0x24,0xA4,0xFF,
  0xF4,0x00,0x00,0x00,0x00,0x00,0x00,0x70,0xFF,0xFF,0x24,0xA4,0xFF,0xF4,0x00,0x00,
  0x00,0x00,0x00,0x00,0x70,0xFF,0xFF,0x24,0xA4,0xFF,0xF4,0x00,0x00,0x00,0x00,0x00,
  0x00,0x70,0xFF,0xFF,0x24,0xA4,0xFF,0xF4,0x00,0x00,0x00,0x00,0x00,0x00,0x70,0xFF,
  0xFF,0x24,0xA4,0xFF,0xF4,0x00,0x00,0x00,0x00,0x00,0x00,0x70,0xFF,0xFF,0x24,0xA3,
  0xFF,0xF4,0x00,0x00,0x00,0x00,0x00,0x00,0x71,0xFF,0xFF,0x23,0x93,0xFF,0xFF,0x10,
  0x00,0x00,0x00,0x00,0x00,0x8C,0xFF,0xFF,0x12,0x64,0xFF,0xFF,0x7A,0x00,0x00,0x00,
  0x00,0x11,0xE5,0xFF,0xE4,0x00,0x0C,0xEB,0xFF,0xFD,0x8B,0x2F,0x20,0x50,0xD4,0xFF,
  0xFF,0x77,0x00,0x00,0x40,0xF5,0xFF,0xFF,0xFF,0xFF,0xFF,0xFF,0xFF,0xB4,0x03,0x00,
  0x00,0x00,0x24,0xA9,0xF7,0xFF,0xFF,0xFF,0xD9,0x6E,0x02,0x00,0x00,0x00,0x00,0x00,
  0x00,0x08,0x25,0x30,0x17,0x00,0x00,0x00,0x00,0x00,0x00,0x00,0x0D,0xCB,0xE6,0x31,
  0x00,0x98,0xF3,0x62,0x00,0x00,0x00,0x00,0x00,0x35,0xFF,0xFF,0x75,0x00,0xF1,0xFF,
  0xB5,0x00,0x00,0x00,0x00,0x00,0x01,0x80,0x9A,0x12,0x00,0x54,0xA7,0x30,0x00,0x00,
  0x00,0x00,0x00,0x00,0x00,0x00,0x00,0x00,0x00,0x00,0x00,0x00,0x00,0x00,0x59,0x8C,
  0x85,0x00,0x00,0x00,0x00,0x00,0x00,0x3D,0x8C,0x8C,0x13,0xA4,0xFF,0xF4,0x00,0x00,
  0x00,0x00,0x00,0x00,0x70,0xFF,0xFF,0x24,0xA4,0xFF,0xF4,0x00,0x00,0x00,0x00,0x00,
  0x00,0x70,0xFF,0xFF,0x24,0xA4,0xFF,0xF4,0x00,0x00,0x00,0x00,0x00,0x00,0x70,0xFF,
  0xFF,0x24,0xA4,0xFF,0xF4,0x00,0x00,0x00,0x00,0x00,0x00,0x70,0xFF,0xFF,0x24,0xA4,
  0xFF,0xF4,0x00,0x00,0x00,0x00,0x00,0x00,0x70,0xFF,0xFF,0x24,0xA4,0xFF,0xF4,0x00,
  0x00,0x00,0x00,0x00,0x00,0x70,0xFF,0xFF,0x24,0xA4,0xFF,0xF4,0x00,0x00,0x00,0x00,
  0x00,0x00,0x70,0xFF,0xFF,0x24,0xA4,0xFF,0xF4,0x00,0x00,0x00,0x00,0x00,0x00,0x70,
  0xFF,0xFF,0x24,0xA3,0xFF,0xF4,0x00,0x00,0x00,0x00,0x00,0x00,0x71,0xFF,0xFF,0x23,
  0x93,0xFF,0xFF,0x10,0x00,0x00,0x00,0x00,0x00,0x8C,0xFF,0xFF,0x12,0x64,0xFF,0xFF,
  0x7A,0x00,0x00,0x00,0x00,0x11,0xE5,0xFF,0xE4,0x00,0x0C,0xEB,0xFF,0xFD,0x8B,0x2F,
  0x20,0x50,0xD4,0xFF,0xFF,0x77,0x00,0x00,0x40,0xF5,0xFF,0xFF,0xFF,0xFF,0xFF,0xFF,
  0xFF,0xB4,0x03,0x00,0x00,0x00,0x24,0xA9,0xF7,0xFF,0xFF,0xFF,0xD9,0x6E,0x02,0x00,
  0x00,0x00,0x00,0x00,0x00,0x08,0x25,0x30,0x17,0x00,0x00,0x00,0x00,0x00,0x00,0x00,
  0x05,0x10,0x10,0x01,0x00,0x00,0x00,0x00,0x00,0x00,0x14,0xE8,0xFF,0x5D,0x00,0x00,
  0x00,0x00,0x00,0x00,0x00,0x4C,0xFF,0xD6,0x01,0x00,0x00,0x00,0x00,0x00,0x00,0x00,
  0x95,0xEC,0x48,0x00,0x00,0x00,0x00,0x00,0x00,0x00,0x00,0x00,0x00,0x00,0x00,0x00,
  0x00,0x00,0x13,0x7E,0xC3,0xD9,0xC3,0x8A,0x1D,0x00,0x00,0x25,0xE5,0xFF,0xFF,0xFF,
  0xFF,0xFF,0xF4,0x39,0x00,0xB9,0xFF,0xEA,0x55,0x1C,0x48,0xE9,0xFF,0xC6,0x00,0x37,
  0x5D,0x3C,0x00,0x00,0x00,0x91,0xFF,0xF7,0x00,0x00,0x00,0x0B,0x37,0x5B,0x7F,0xE3,
  0xFF,0xFF,0x00,0x1D,0xAD,0xFB,0xFF,0xFF,0xFF,0xFB,0xFF,0xFF,0x06,0xDB,0xFF,0xF5,
  0x94,0x5D,0x32,0x7F,0xFF,0xFF,0x3A,0xFF,0xFF,0x49,0x00,0x00,0x00,0x8D,0xFF,0xFF,
  0x38,0xFF,0xFF,0x5D,0x00,0x00,0x22,0xEA,0xFF,0xFF,0x05,0xE2,0xFF,0xFB,0xBC,0xB7,
  0xF6,0xDE,0xFF,0xFF,0x00,0x2D,0xCF,0xFF,0xFF,0xFB,0x8C,0x6E,0xFF,0xFF,0x00,0x00,
  0x00,0x1C,0x2A,0x09,0x00,0x00,0x00,0x00,0x00,0x00,0x00,0x00,0x08,0x10,0x09,0x00,
  0x00,0x00,0x00,0x00,0x00,0x1C,0xE2,0xFF,0xEC,0x28,0x00,0x00,0x00,0x00,0x11,0xD4,
  0xFB,0x6E,0xF5,0xE2,0x1C,0x00,0x00,0x00,0x90,0xCC,0x65,0x00,0x52,0xCC,0xA0,0x03,
  0x00,0x00,0x00,0x00,0x00,0x00,0x00,0x00,0x00,0x00,0x00,0x00,0x13,0x7E,0xC3,0xD9,
  0xC3,0x8A,0x1D,0x00,0x00,0x25,0xE5,0xFF,0xFF,0xFF,0xFF,0xFF,0xF4,0x39,0x00,0xB9,
  0xFF,0xEA,0x55,0x1C,0x48,0xE9,0xFF,0xC6,0x00,0x37,0x5D,0x3C,0x00,0x00,0x00,0x91,
  0xFF,0xF7,0x00,0x00,0x00,0x0B,0x37,0x5B,0x7F,0xE3,0xFF,0xFF,0x00,0x1D,0xAD,0xFB,
  0xFF,0xFF,0xFF,0xFB,0xFF,0xFF,0x06,0xDB,0xFF,0xF5,0x94,0x5D,0x32,0x7F,0xFF,0xFF,
  0x3A,0xFF,0xFF,0x49,0x00,0x00,0x00,0x8D,0xFF,0xFF,0x38,0xFF,0xFF,0x5D,0x00,0x00,
  0x22,0xEA,0xFF,0xFF,0x05,0xE2,0xFF,0xFB,0xBC,0xB7,0xF6,0xDE,0xFF,0xFF,0x00,0x2D,
  0xCF,0xFF,0xFF,0xFB,0x8C,0x6E,0xFF,0xFF,0x00,0x00,0x00,0x1C,0x2A,0x09,0x00,0x00,
  0x00,0x00,0x00,0x00,0x90,0xF3,0x6C,0x00,0x54,0xF1,0xA7,0x00,0x00,0x00,0xE9,0xFF,
  0xC1,0x00,0xA5,0xFF,0xFC,0x05,0x00,0x00,0x4F,0xA8,0x36,0x00,0x27,0xA5,0x5E,0x00,
  0x00,0x00,0x00,0x00,0x00,0x00,0x00,0x00,0x00,0x00,0x00,0x00,0x13,0x7E,0xC3,0xD9,
  0xC3,0x8A,0x1D,0x00,0x00,0x25,0xE5,0xFF,0xFF,0xFF,0xFF,0xFF,0xF4,0x39,0x00,0xB9,
  0xFF,0xEA,0x55,0x1C,0x48,0xE9,0xFF,0xC6,0x00,0x37,0x5D,0x3C,0x00,0x00,0x00,0x91,
  0xFF,0xF7,0x00,0x00,0x00,0x0B,0x37,0x5B,0x7F,0xE3,0xFF,0xFF,0x00,0x1D,0xAD,0xFB,
  0xFF,0xFF,0xFF,0xFB,0xFF,0xFF,0x06,0xDB,0xFF,0xF5,0x94,0x5D,0x32,0x7F,0xFF,0xFF,
  0x3A,0xFF,0xFF,0x49,0x00,0x00,0x00,0x8D,0xFF,0xFF,0x38,0xFF,0xFF,0x5D,0x00,0x00,
  0x22,0xEA,0xFF,0xFF,0x05,0xE2,0xFF,0xFB,0xBC,0xB7,0xF6,0xDE,0xFF,0xFF,0x00,0x2D,
  0xCF,0xFF,0xFF,0xFB,0x8C,0x6E,0xFF,0xFF,0x00,0x00,0x00,0x1C,0x2A,0x09,0x00,0x00,
  0x00,0x00,0x00,0x00,0x00,0x4B,0xAE,0xD6,0xD8,0xA5,0x32,0x00,0x00,0x00,0x00,0x96,
  0xFF,0xFF,0xFF,0xFF,0xFF,0xFF,0x6D,0x00,0x00,0x62,0xFF,0xFF,0xB1,0x3E,0x44,0xC0,
  0xFF,0xFD,0x38,0x00,0xD6,0xFF,0xD3,0x03,0x00,0x00,0x0C,0xEB,0xDE,0x69,0x18,0xFF,
  0xFF,0x7B,0x00,0x00,0x00,0x00,0x02,0x00,0x00,0x30,0xFF,0xFF,0x5D,0x00,0x00,0x00,
  0x00,0x00,0x00,0x00,0x23,0xFF,0xFF,0x6B,0x00,0x00,0x00,0x00,0x00,0x00,0x00,0x05,
  0xEF,0xFF,0xAD,0x00,0x00,0x00,0x00,0x9E,0x94,0x48,0x00,0x93,0xFF,0xFE,0x5C,0x00,
  0x01,0x75,0xFF,0xFF,0x5E,0x00,0x0F,0xDB,0xFF,0xFF,0xE6,0xEB,0xFF,0xFF,0xB8,0x04,
  0x00,0x00,0x13,0xA3,0xF9,0xFF,0xFF,0xF5,0x8B,0x0C,0x00,0x00,0x00,0x00,0x00,0x0B,
  0xE1,0xB0,0x0A,0x00,0x00,0x00,0x00,0x00,0x00,0x00,0x00,0x9F,0xDC,0xE6,0x19,0x00,
  0x00,0x00,0x00,0x00,0x00,0x03,0x0C,0x58,0xFF,0x4B,0x00,0x00,0x00,0x00,0x00,0x00,
  0x40,0xFF,0xFF,0xC6,0x0F,0x00,0x00,0x00,0x00,0x00,0x00,0x05,0x14,0x08,0x00,0x00,
  0x00,0x00,0x00,0x00,0x01,0x10,0x10,0x05,0x00,0x00,0x00,0x00,0x00,0x00,0x00,0x01,
  0xBB,0xFF,0x9D,0x00,0x00,0x00,0x00,0x00,0x00,0x00,0x00,0x1C,0xEF,0xFA,0x1E,0x00,
  0x00,0x00,0x00,0x00,0x00,0x00,0x00,0x5A,0xEC,0x83,0x00,0x00,0x00,0x00,0x00,0x00,
  0x00,0x00,0x00,0x00,0x00,0x00,0x00,0x00,0x00,0x00,0x00,0x00,0x4C,0xB1,0xD7,0xD4,
  0x9C,0x2D,0x00,0x00,0x00,0x00,0x97,0xFF,0xFF,0xFF,0xFF,0xFF,0xFA,0x58,0x00,0x00,
  0x62,0xFF,0xFE,0x84,0x25,0x32,0xB2,0xFF,0xF7,0x1E,0x00,0xD6,0xFF,0x9F,0x00,0x00,
  0x00,0x08,0xE5,0xFF,0x82,0x18,0xFF,0xFF,0xB5,0x64,0x64,0x64,0x64,0xFF,0xFF,0xBC,
  0x30,0xFF,0xFF,0xFF,0xFF,0xFF,0xFF,0xFF,0xFF,0xFF,0xD0,0x23,0xFF,0xFF,0xA0,0x54,
  0x54,0x54,0x54,0x54,0x54,0x45,0x06,0xF1,0xFF,0x81,0x00,0x00,0x00,0x00,0x1A,0x08,
  0x00,0x00,0x99,0xFF,0xF1,0x35,0x00,0x00,0x34,0xF5,0xFE,0x76,0x00,0x11,0xDE,0xFF,
  0xFE,0xD1,0xD1,0xFC,0xFF,0xE2,0x14,0x00,0x00,0x14,0xA2,0xF8,0xFF,0xFF,0xFA,0xAB,
  0x1B,0x00,0x00,0x00,0x00,0x00,0x0A,0x2A,0x2E,0x0C,0x00,0x00,0x00,0x00,0x00,0x00,
  0x00,0x00,0x00,0x0B,0x10,0x0B,0x00,0x00,0x00,0x00,0x00,0x00,0x00,0x0E,0xEF,0xFF,
  0x5C,0x00,0x00,0x00,0x00,0x00,0x00,0x00,0x79,0xFF,0xAB,0x00,0x00,0x00,0x00,0x00,
  0x00,0x00,0x06,0xD6,0xDA,0x13,0x00,0x00,0x00,0x00,0x00,0x00,0x00,0x00,0x00,0x00,
  0x00,0x00,0x00,0x00,0x00,0x00,0x00,0x4C,0xB1,0xD7,0xD4,0x9C,0x2D,0x00,0x00,0x00,
  0x00,0x97,0xFF,0xFF,0xFF,0xFF,0xFF,0xFA,0x58,0x00,0x00,0x62,0xFF,0xFE,0x84,0x25,
  0x32,0xB2,0xFF,0xF7,0x1E,0x00,0xD6,0xFF,0x9F,0x00,0x00,0x00,0x08,0xE5,0xFF,0x82,
  0x18,0xFF,0xFF,0xB5,0x64,0x64,0x64,0x64,0xFF,0xFF,0xBC,0x30,0xFF,0xFF,0xFF,0xFF,
  0xFF,0xFF,0xFF,0xFF,0xFF,0xD0,0x23,0xFF,0xFF,0xA0,0x54,0x54,0x54,0x54,0x54,0x54,
  0x45,0x06,0xF1,0xFF,0x81,0x00,0x00,0x00,0x00,0x1A,0x08,0x00,0x00,0x99,0xFF,0xF1,
  0x35,0x00,0x00,0x34,0xF5,0xFE,0x76,0x00,0x11,0xDE,0xFF,0xFE,0xD1,0xD1,0xFC,0xFF,
  0xE2,0x14,0x00,0x00,0x14,0xA2,0xF8,0xFF,0xFF,0xFA,0xAB,0x1B,0x00,0x00,0x00,0x00,
  0x00,0x0A,0x2A,0x2E,0x0C,0x00,0x00,0x00,0x00,0x00,0x00,0x00,0x03,0x10,0x0D,0x00,
  0x00,0x00,0x00,0x00,0x00,0x00,0x04,0xB5,0xFF,0xFE,0x5B,0x00,0x00,0x00,0x00,0x00,
  0x01,0xA1,0xFF,0x8A,0xD4,0xFA,0x47,0x00,0x00,0x00,0x00,0x5B,0xCC,0x9A,0x01,0x22,
  0xC6,0xC0,0x1A,0x00,0x00,0x00,0x00,0x00,0x00,0x00,0x00,0x00,0x00,0x00,0x00,0x00,
  0x00,0x00,0x4C,0xB1,0xD7,0xD4,0x9C,0x2D,0x00,0x00,0x00,0x00,0x97,0xFF,0xFF,0xFF,
  0xFF,0xFF,0xFA,0x58,0x00,0x00,0x62,0xFF,0xFE,0x84,0x25,0x32,0xB2,0xFF,0xF7,0x1E,
  0x00,0xD6,0xFF,0x9F,0x00,0x00,0x00,0x08,0xE5,0xFF,0x82,0x18,0xFF,0xFF,0xB5,0x64,
  0x64,0x64,0x64,0xFF,0xFF,0xBC,0x30,0xFF,0xFF,0xFF,0xFF,0xFF,0xFF,0xFF,0xFF,0xFF,
  0xD0,0x23,0xFF,0xFF,0xA0,0x54,0x54,0x54,0x54,0x54,0x54,0x45,0x06,0xF1,0xFF,0x81,
  0x00,0x00,0x00,0x00,0x1A,0x08,0x00,0x00,0x99,0xFF,0xF1,0x35,0x00,0x00,0x34,0xF5,
  0xFE,0x76,0x00,0x11,0xDE,0xFF,0xFE,0xD1,0xD1,0xFC,0xFF,0xE2,0x14,0x00,0x00,0x14,
  0xA2,0xF8,0xFF,0xFF,0xFA,0xAB,0x1B,0x00,0x00,0x00,0x00,0x00,0x0A,0x2A,0x2E,0x0C,
  0x00,0x00,0x00,0x00,0x00,0x54,0xF1,0xAA,0x00,0x24,0xE0,0xD4,0x14,0x00,0x00,0x00,
  0xA5,0xFF,0xFD,0x07,0x61,0xFF,0xFF,0x45,0x00,0x00,0x00,0x27,0xA5,0x60,0x00,0x0B,
  0x94,0x89,0x03,0x00,0x00,0x00,0x00,0x00,0x00,0x00,0x00,0x00,0x00,0x00,0x00,0x00,
  0x00,0x00,0x4C,0xB1,0xD7,0xD4,0x9C,0x2D,0x00,0x00,0x00,0x00,0x97,0xFF,0xFF,0xFF,
  0xFF,0xFF,0xFA,0x58,0x00,0x00,0x62,0xFF,0xFE,0x84,0x25,0x32,0xB2,0xFF,0xF7,0x1E,
  0x00,0xD6,0xFF,0x9F,0x00,0x00,0x00,0x08,0xE5,0xFF,0x82,0x18,0xFF,0xFF,0xB5,0x64,
  0x64,0x64,0x64,0xFF,0xFF,0xBC,0x30,0xFF,0xFF,0xFF,0xFF,0xFF,0xFF,0xFF,0xFF,0xFF,
  0xD0,0x23,0xFF,0xFF,0xA0,0x54,0x54,0x54,0x54,0x54,0x54,0x45,0x06,0xF1,0xFF,0x81,
  0x00,0x00,0x00,0x00,0x1A,0x08,0x00,0x00,0x99,0xFF,0xF1,0x35,0x00,0x00,0x34,0xF5,
  0xFE,0x76,0x00,0x11,0xDE,0xFF,0xFE,0xD1,0xD1,0xFC,0xFF,0xE2,0x14,0x00,0x00,0x14,
  0xA2,0xF8,0xFF,0xFF,0xFA,0xAB,0x1B,0x00,0x00,0x00,0x00,0x00,0x0A,0x2A,0x2E,0x0C,
  0x00,0x00,0x00,0x00,0x00,0x00,0x08,0x10,0x09,0x00,0x00,0x00,0x00,0x00,0x20,0xE6,
  0xFF,0xE9,0x24,0x00,0x00,0x00,0x14,0xD9,0xF9,0x6E,0xF7,0xDD,0x18,0x00,0x01,0x96,
  0xCC,0x5F,0x00,0x59,0xCC,0x9B,0x02,0x00,0x00,0x00,0x00,0x00,0x00,0x00,0x00,0x00,
  0x00,0x00,0x00,0x87,0xB8,0x8F,0x00,0x00,0x00,0x00,0x00,0x00,0xBC,0xFF,0xC8,0x00,
  0x00,0x00,0x00,0x00,0x00,0xBC,0xFF,0xC8,0x00,0x00,0x00,0x00,0x00,0x00,0xBC,0xFF,
  0xC8,0x00,0x00,0x00,0x00,0x00,0x00,0xBC,0xFF,0xC8,0x00,0x00,0x00,0x00,0x00,0x00,
  0xBC,0xFF,0xC8,0x00,0x00,0x00,0x00,0x00,0x00,0xBC,0xFF,0xC8,0x00,0x00,0x00,0x00,
  0x00,0x00,0xBC,0xFF,0xC8,0x00,0x00,0x00,0x00,0x00,0x00,0xBC,0xFF,0xC8,0x00,0x00,
  0x00,0x00,0x00,0x00,0xBC,0xFF,0xC8,0x00,0x00,0x00,0x00,0x00,0x00,0xBC,0xFF,0xC8,
  0x00,0x00,0x00,0x98,0xF3,0x65,0x00,0x5B,0xF2,0xA0,0x00,0xF1,0xFF,0xB9,0x00,0xAD,
  0xFF,0xF7,0x01,0x54,0xA7,0x32,0x00,0x2B,0xA6,0x59,0x00,0x00,0x00,0x00,0x00,0x00,
  0x00,0x00,0x00,0x00,0x00,0x87,0xB8,0x8F,0x00,0x00,0x00,0x00,0x00,0xBC,0xFF,0xC8,
  0x00,0x00,0x00,0x00,0x00,0xBC,0xFF,0xC8,0x00,0x00,0x00,0x00,0x00,0xBC,0xFF,0xC8,
  0x00,0x00,0x00,0x00,0x00,0xBC,0xFF,0xC8,0x00,0x00,0x00,0x00,0x00,0xBC,0xFF,0xC8,
  0x00,0x00,0x00,0x00,0x00,0xBC,0xFF,0xC8,0x00,0x00,0x00,0x00,0x00,0xBC,0xFF,0xC8,
  0x00,0x00,0x00,0x00,0x00,0xBC,0xFF,0xC8,0x00,0x00,0x00,0x00,0x00,0xBC,0xFF,0xC8,
  0x00,0x00,0x00,0x00,0x00,0xBC,0xFF,0xC8,0x00,0x00,0x00,0x00,0x00,0x00,0x00,0x01,
  0x10,0x0F,0x00,0x00,0x00,0x00,0x00,0x00,0x00,0x00,0x00,0x96,0xFF,0xFF,0x7E,0x00,
  0x00,0x00,0x00,0x00,0x00,0x00,0x7F,0xFF,0xA4,0xB9,0xFF,0x66,0x00,0x00,0x00,0x00,
  0x00,0x3E,0xCB,0xB0,0x08,0x10,0xBB,0xC8,0x2E,0x00,0x00,0x00,0x00,0x00,0x00,0x00,
  0x00,0x00,0x00,0x00,0x00,0x00,0x00,0x00,0x00,0x00,0x4B,0xAE,0xD5,0xD3,0xA7,0x3F,
  0x00,0x00,0x00,0x00,0x00,0x96,0xFF,0xFF,0xFF,0xFF,0xFF,0xFF,0x81,0x00,0x00,0x00,
  0x62,0xFF,0xFF,0xB0,0x3E,0x43,0xBF,0xFF,0xFF,0x4E,0x00,0x00,0xD6,0xFF,0xD3,0x03,
  0x00,0x00,0x09,0xE3,0xFF,0xC2,0x00,0x18,0xFF,0xFF,0x7B,0x00,0x00,0x00,0x00,0x8F,
  0xFF,0xFE,0x06,0x30,0xFF,0xFF,0x5D,0x00,0x00,0x00,0x00,0x71,0xFF,0xFF,0x1C,0x23,
  0xFF,0xFF,0x6B,0x00,0x00,0x00,0x00,0x7F,0xFF,0xFF,0x0E,0x05,0xEF,0xFF,0xAD,0x00,
  0x00,0x00,0x00,0xC2,0xFF,0xE0,0x00,0x00,0x93,0xFF,0xFE,0x5C,0x00,0x01,0x6F,0xFF,
  0xFF,0x7F,0x00,0x00,0x0F,0xDB,0xFF,0xFF,0xE6,0xE9,0xFF,0xFF,0xCD,0x07,0x00,0x00,
  0x00,0x13,0xA3,0xF8,0xFF,0xFF,0xF4,0x96,0x0C,0x00,0x00,0x00,0x00,0x00,0x00,0x0A,
  0x2A,0x28,0x08,0x00,0x00,0x00,0x00,0x00,0x00,0x39,0xEA,0xC4,0x08,0x10,0xD0,0xE3,
  0x29,0x00,0x00,0x00,0x00,0x81,0xFF,0xFF,0x29,0x3D,0xFF,0xFF,0x69,0x00,0x00,0x00,
  0x00,0x17,0x9E,0x78,0x00,0x02,0x84,0x97,0x0D,0x00,0x00,0x00,0x00,0x00,0x00,0x00,
  0x00,0x00,0x00,0x00,0x00,0x00,0x00,0x00,0x00,0x00,0x4B,0xAE,0xD5,0xD3,0xA7,0x3F,
  0x00,0x00,0x00,0x00,0x00,0x96,0xFF,0xFF,0xFF,0xFF,0xFF,0xFF,0x81,0x00,0x00,0x00,
  0x62,0xFF,0xFF,0xB0,0x3E,0x43,0xBF,0xFF,0xFF,0x4E,0x00,0x00,0xD6,0xFF,0xD3,0x03,
  0x00,0x00,0x09,0xE3,0xFF,0xC2,0x00,0x18,0xFF,0xFF,0x7B,0x00,0x00,0x00,0x00,0x8F,
  0xFF,0xFE,0x06,0x30,0xFF,0xFF,0x5D,0x00,0x00,0x00,0x00,0x71,0xFF,0xFF,0x1C,0x23,
  0xFF,0xFF,0x6B,0x00,0x00,0x00,0x00,0x7F,0xFF,0xFF,0x0E,0x05,0xEF,0xFF,0xAD,0x00,
  0x00,0x00,0x00,0xC2,0xFF,0xE0,0x00,0x00,0x93,0xFF,0xFE,0x5C,0x00,0x01,0x6F,0xFF,
  0xFF,0x7F,0x00,0x00,0x0F,0xDB,0xFF,0xFF,0xE6,0xE9,0xFF,0xFF,0xCD,0x07,0x00,0x00,
  0x00,0x13,0xA3,0xF8,0xFF,0xFF,0xF4,0x96,0x0C,0x00,0x00,0x00,0x00,0x00,0x00,0x0A,
  0x2A,0x28,0x08,0x00,0x00,0x00,0x00,0x00,0x00,0x0E,0x10,0x08,0x00,0x00,0x00,0x00,
  0x00,0x00,0x00,0x91,0xFF,0xC8,0x00,0x00,0x00,0x00,0x00,0x00,0x00,0x09,0xD7,0xFF,
  0x44,0x00,0x00,0x00,0x00,0x00,0x00,0x00,0x34,0xE9,0xAC,0x00,0x00,0x00,0x00,0x00,
  0x00,0x00,0x00,0x00,0x00,0x00,0x00,0x00,0x00,0x87,0xB8,0x8F,0x00,0x00,0x00,0x00,
  0x92,0xB8,0x84,0xBC,0xFF,0xC8,0x00,0x00,0x00,0x00,0xCC,0xFF,0xB8,0xBC,0xFF,0xC8,
  0x00,0x00,0x00,0x00,0xCC,0xFF,0xB8,0xBC,0xFF,0xC8,0x00,0x00,0x00,0x00,0xCC,0xFF,
  0xB8,0xBC,0xFF,0xC8,0x00,0x00,0x00,0x00,0xCC,0xFF,0xB8,0xBC,0xFF,0xC8,0x00,0x00,
  0x00,0x00,0xCC,0xFF,0xB8,0xBC,0xFF,0xC9,0x00,0x00,0x00,0x00,0xCF,0xFF,0xB8,0xB1,
  0xFF,0xE9,0x03,0x00,0x00,0x07,0xF1,0xFF,0xB8,0x89,0xFF,0xFF,0x8D,0x11,0x19,0xA3,
  0xFF,0xFF,0xB8,0x27,0xF7,0xFF,0xFF,0xFF,0xFF,0xE8,0xC8,0xFF,0xB8,0x00,0x46,0xDD,
  0xFF,0xFF,0xCF,0x2F,0xB5,0xFF,0xB8,0x00,0x00,0x01,0x1A,0x15,0x00,0x00,0x00,0x00,
  0x00,0x00,0x00,0x00,0x01,0x10,0x10,0x00,0x00,0x00,0x00,0x00,0x00,0x00,0x8E,0xFF,
  0xFF,0x86,0x00,0x00,0x00,0x00,0x00,0x77,0xFF,0xAB,0xB3,0xFF,0x6D,0x00,0x00,0x00,
  0x38,0xCA,0xB4,0x0A,0x0D,0xB8,0xCA,0x33,0x00,0x00,0x00,0x00,0x00,0x00,0x00,0x00,
  0x00,0x00,0x00,0x87,0xB8,0x8F,0x00,0x00,0x00,0x00,0x92,0xB8,0x84,0xBC,0xFF,0xC8,
  0x00,0x00,0x00,0x00,0xCC,0xFF,0xB8,0xBC,0xFF,0xC8,0x00,0x00,0x00,0x00,0xCC,0xFF,
  0xB8,0xBC,0xFF,0xC8,0x00,0x00,0x00,0x00,0xCC,0xFF,0xB8,0xBC,0xFF,0xC8,0x00,0x00,
  0x00,0x00,0xCC,0xFF,0xB8,0xBC,0xFF,0xC8,0x00,0x00,0x00,0x00,0xCC,0xFF,0xB8,0xBC,
  0xFF,0xC9,0x00,0x00,0x00,0x00,0xCF,0xFF,0xB8,0xB1,0xFF,0xE9,0x03,0x00,0x00,0x07,
  0xF1,0xFF,0xB8,0x89,0xFF,0xFF,0x8D,0x11,0x19,0xA3,0xFF,0xFF,0xB8,0x27,0xF7,0xFF,
  0xFF,0xFF,0xFF,0xE8,0xC8,0xFF,0xB8,0x00,0x46,0xDD,0xFF,0xFF,0xCF,0x2F,0xB5,0xFF,
  0xB8,0x00,0x00,0x01,0x1A,0x15,0x00,0x00,0x00,0x00,0x00,0x00,0x34,0xE7,0xC9,0x0B,
  0x0D,0xCB,0xE6,0x2E,0x00,0x00,0x79,0xFF,0xFF,0x31,0x35,0xFF,0xFF,0x71,0x00,0x00,
  0x13,0x9C,0x7D,0x00,0x01,0x80,0x9A,0x10,0x00,0x00,0x00,0x00,0x00,0x00,0x00,0x00,
  0x00,0x00,0x00,0x87,0xB8,0x8F,0x00,0x00,0x00,0x00,0x92,0xB8,0x84,0xBC,0xFF,0xC8,
  0x00,0x00,0x00,0x00,0xCC,0xFF,0xB8,0xBC,0xFF,0xC8,0x00,0x00,0x00,0x00,0xCC,0xFF,
  0xB8,0xBC,0xFF,0xC8,0x00,0x00,0x00,0x00,0xCC,0xFF,0xB8,0xBC,0xFF,0xC8,0x00,0x00,
  0x00,0x00,0xCC,0xFF,0xB8,0xBC,0xFF,0xC8,0x00,0x00,0x00,0x00,0xCC,0xFF,0xB8,0xBC,
  0xFF,0xC9,0x00,0x00,0x00,0x00,0xCF,0xFF,0xB8,0xB1,0xFF,0xE9,0x03,0x00,0x00,0x07,
  0xF1,0xFF,0xB8,0x89,0xFF,0xFF,0x8D,0x11,0x19,0xA3,0xFF,0xFF,0xB8,0x27,0xF7,0xFF,
  0xFF,0xFF,0xFF,0xE8,0xC8,0xFF,0xB8,0x00,0x46,0xDD,0xFF,0xFF,0xCF,0x2F,0xB5,0xFF,
  0xB8,0x00,0x00,0x01,0x1A,0x15,0x00,0x00,0x00,0x00,0x00,0x00,0x00,0x6F,0xF3,0x8D,
  0x00,0x39,0xEA,0xC2,0x07,0x00,0x00,0x00,0x00,0xC5,0xFF,0xE5,0x00,0x81,0xFF,0xFF,
  0x25,0x00,0x00,0x00,0x00,0x39,0xA8,0x4C,0x00,0x17,0x9E,0x76,0x00,0x00,0x00,0x00,
  0x00,0x00,0x00,0x00,0x00,0x00,0x00,0x00,0x00,0x00,0x00,0x65,0xB8,0xB7,0x13,0x00,
  0x00,0x00,0x00,0x76,0xB8,0xB1,0x06,0x3A,0xFF,0xFF,0x66,0x00,0x00,0x00,0x04,0xEC,
  0xFF,0xAC,0x00,0x00,0xD8,0xFF,0xBE,0x00,0x00,0x00,0x4A,0xFF,0xFF,0x4A,0x00,0x00,
  0x77,0xFF,0xFD,0x18,0x00,0x00,0xA3,0xFF,0xE5,0x03,0x00,0x00,0x19,0xFC,0xFF,0x6D,
  0x00,0x09,0xF2,0xFF,0x86,0x00,0x00,0x00,0x00,0xB5,0xFF,0xC5,0x00,0x55,0xFF,0xFF,
  0x25,0x00,0x00,0x00,0x00,0x53,0xFF,0xFE,0x17,0xA9,0xFF,0xC3,0x00,0x00,0x00,0x00,
  0x00,0x06,0xEC,0xFF,0x65,0xF1,0xFF,0x61,0x00,0x00,0x00,0x00,0x00,0x00,0x91,0xFF,
  0xE6,0xFF,0xF3,0x0B,0x00,0x00,0x00,0x00,0x00,0x00,0x2F,0xFF,0xFF,0xFF,0x9D,0x00,
  0x00,0x00,0x00,0x00,0x00,0x00,0x00,0xCE,0xFF,0xFF,0x3B,0x00,0x00,0x00,0x00,0x00,
  0x00,0x00,0x00,0xC1,0xFF,0xD8,0x00,0x00,0x00,0x00,0x00,0x00,0x01,0x00,0x3A,0xFD,
  0xFF,0x75,0x00,0x00,0x00,0x00,0x00,0x00,0x74,0xF9,0xFE,0xFF,0xE5,0x0E,0x00,0x00,
  0x00,0x00,0x00,0x00,0xA7,0xFF,0xFF,0xCF,0x2D,0x00,0x00,0x00,0x00,0x00,0x00,0x00,
  0x06,0x1E,0x15,0x00,0x00,0x00,0x00,0x00,0x00,0x00,0x00,0x00,0x00,0x00,0x00,0x00,
  0x30,0x66,0x83,0x8C,0xC4,0xFF,0x8C,0x8C,0x8C,0x8C,0x8C,0x8C,0x8C,0x8C,0x25,0x00,
  0x00,0x00,0x2E,0xC9,0xFF,0xFF,0xFF,0xFF,0xFF,0xFF,0xFF,0xFF,0xFF,0xFF,0xFF,0xFF,
  0xFF,0xFF,0x44,0x00,0x00,0x43,0xF5,0xFF,0xFF,0xE3,0xBB,0xB0,0xFF,0xFF,0xFF,0xB8,
  0xA8,0xA8,0xA8,0xA8,0xA8,0xA8,0x2C,0x00,0x14,0xE7,0xFF,0xF1,0x54,0x01,0x00,0x00,
  0x68,0xFF,0xFF,0x30,0x00,0x00,0x00,0x00,0x00,0x00,0x00,0x00,0x79,0xFF,0xFF,0x4D,
  0x00,0x00,0x00,0x00,0x68,0xFF,0xFF,0x30,0x00,0x00,0x00,0x00,0x00,0x00,0x00,0x00,
  0xD0,0xFF,0xD5,0x00,0x00,0x00,0x00,0x00,0x68,0xFF,0xFF,0x30,0x00,0x00,0x00,0x00,
  0x00,0x00,0x00,0x00,0xF7,0xFF,0x97,0x00,0x00,0x00,0x00,0x00,0x68,0xFF,0xFF,0x8E,
  0x74,0x74,0x74,0x74,0x74,0x55,0x00,0x10,0xFF,0xFF,0x82,0x00,0x00,0x00,0x00,0x00,
  0x68,0xFF,0xFF,0xFF,0xFF,0xFF,0xFF,0xFF,0xFF,0xBC,0x00,0x05,0xFE,0xFF,0x8D,0x00,
  0x00,0x00,0x00,0x00,0x68,0xFF,0xFF,0xC8,0xBC,0xBC,0xBC,0xBC,0xBC,0x8A,0x00,0x00,
  0xE8,0xFF,0xB4,0x00,0x00,0x00,0x00,0x00,0x68,0xFF,0xFF,0x30,0x00,0x00,0x00,0x00,
  0x00,0x00,0x00,0x00,0xA2,0xFF,0xF7,0x17,0x00,0x00,0x00,0x00,0x68,0xFF,0xFF,0x30,
  0x00,0x00,0x00,0x00,0x00,0x00,0x00,0x00,0x3F,0xFF,0xFF,0xB6,0x09,0x00,0x00,0x00,
  0x68,0xFF,0xFF,0x30,0x00,0x00,0x00,0x00,0x00,0x00,0x00,0x00,0x00,0x99,0xFF,0xFF,
  0xD8,0x73,0x4A,0x40,0xA8,0xFF,0xFF,0x5A,0x34,0x34,0x34,0x34,0x34,0x34,0x0F,0x00,
  0x00,0x06,0x98,0xFF,0xFF,0xFF,0xFF,0xFF,0xFF,0xFF,0xFF,0xFF,0xFF,0xFF,0xFF,0xFF,
  0xFF,0xFF,0x4C,0x00,0x00,0x00,0x00,0x3D,0xA3,0xDA,0xF6,0xFF,0xFF,0xFF,0xFF,0xFF,
  0xFF,0xFF,0xFF,0xFF,0xFF,0xFF,0x4C,0x00,0x00,0x00,0x4B,0xAE,0xD5,0xD3,0xA7,0x3F,
  0x00,0x00,0x56,0xB6,0xD9,0xD1,0x95,0x24,0x00,0x00,0x00,0x00,0x96,0xFF,0xFF,0xFF,
  0xFF,0xFF,0xFF,0x84,0xA8,0xFF,0xFF,0xFF,0xFF,0xFF,0xF5,0x48,0x00,0x00,0x62,0xFF,
  0xFF,0xB0,0x3E,0x43,0xBF,0xFF,0xFF,0xFF,0xFB,0x77,0x23,0x37,0xBE,0xFF,0xF0,0x11,
  0x00,0xD6,0xFF,0xD3,0x03,0x00,0x00,0x09,0xE6,0xFF,0xFF,0x8B,0x00,0x00,0x00,0x0F,
  0xF1,0xFF,0x6E,0x18,0xFF,0xFF,0x7B,0x00,0x00,0x00,0x00,0xBC,0xFF,0xFF,0xA7,0x64,
  0x64,0x64,0x64,0xFF,0xFF,0xA8,0x30,0xFF,0xFF,0x5D,0x00,0x00,0x00,0x00,0xB6,0xFF,
  0xFF,0xFF,0xFF,0xFF,0xFF,0xFF,0xFF,0xFF,0xBC,0x23,0xFF,0xFF,0x6B,0x00,0x00,0x00,
  0x00,0xB7,0xFF,0xFF,0x9A,0x54,0x54,0x54,0x54,0x54,0x54,0x3F,0x05,0xEF,0xFF,0xAD,
  0x00,0x00,0x00,0x00,0xD3,0xFF,0xFF,0x6D,0x00,0x00,0x00,0x00,0x1C,0x06,0x00,0x00,
  0x93,0xFF,0xFE,0x5C,0x00,0x01,0x6F,0xFF,0xFF,0xFF,0xE8,0x2A,0x00,0x00,0x42,0xFB,
  0xFC,0x63,0x00,0x0F,0xDB,0xFF,0xFF,0xE6,0xE9,0xFF,0xFF,0xE9,0xF0,0xFF,0xFC,0xCE,
  0xD4,0xFE,0xFF,0xD6,0x0B,0x00,0x00,0x13,0xA3,0xF8,0xFF,0xFF,0xF4,0x96,0x0C,0x1C,
  0xAC,0xFB,0xFF,0xFF,0xF8,0xA1,0x13,0x00,0x00,0x00,0x00,0x00,0x0A,0x2A,0x28,0x08,
  0x00,0x00,0x00,0x00,0x0C,0x2B,0x2C,0x09,0x00,0x00,0x00,0x00,0x00,0x00,0x31,0xE6,
  0xCB,0x0C,0x0B,0xC9,0xE7,0x31,0x00,0x00,0x00,0x00,0x00,0x00,0x75,0xFF,0xFF,0x35,
  0x31,0xFF,0xFF,0x75,0x00,0x00,0x00,0x00,0x00,0x00,0x12,0x9A,0x80,0x00,0x00,0x7D,
  0x9B,0x12,0x00,0x00,0x00,0x00,0x00,0x00,0x00,0x00,0x00,0x00,0x00,0x00,0x00,0x00,
  0x00,0x00,0x00,0x42,0x8C,0x8C,0x4C,0x00,0x00,0x00,0x00,0x00,0x00,0x47,0x8C,0x8C,
  0x42,0x14,0xED,0xFF,0xEC,0x11,0x00,0x00,0x00,0x00,0x0C,0xE6,0xFF,0xEF,0x15,0x00,
  0x68,0xFF,0xFF,0x90,0x00,0x00,0x00,0x00,0x84,0xFF,0xFF,0x6B,0x00,0x00,0x02,0xCB,
  0xFF,0xFB,0x28,0x00,0x00,0x1D,0xF6,0xFF,0xD0,0x03,0x00,0x00,0x00,0x34,0xFD,0xFF,
  0xB6,0x00,0x00,0xA4,0xFF,0xFF,0x3C,0x00,0x00,0x00,0x00,0x00,0x98,0xFF,0xFF,0x43,
  0x30,0xFE,0xFF,0xA2,0x00,0x00,0x00,0x00,0x00,0x00,0x12,0xEB,0xFF,0xC5,0xAF,0xFF,
  0xF1,0x18,0x00,0x00,0x00,0x00,0x00,0x00,0x00,0x62,0xFF,0xFF,0xFF,0xFF,0x71,0x00,
  0x00,0x00,0x00,0x00,0x00,0x00,0x00,0x01,0xC6,0xFF,0xFF,0xD4,0x04,0x00,0x00,0x00,
  0x00,0x00,0x00,0x00,0x00,0x00,0x4B,0xFF,0xFF,0x5E,0x00,0x00,0x00,0x00,0x00,0x00,
  0x00,0x00,0x00,0x00,0x40,0xFF,0xFF,0x54,0x00,0x00,0x00,0x00,0x00,0x00,0x00,0x00,
  0x00,0x00,0x40,0xFF,0xFF,0x54,0x00,0x00,0x00,0x00,0x00,0x00,0x00,0x00,0x00,0x00,
  0x40,0xFF,0xFF,0x54,0x00,0x00,0x00,0x00,0x00,0x00,0x00,0x00,0x00,0x00,0x40,0xFF,
  0xFF,0x54,0x00,0x00,0x00,0x00,0x00,0x00,0x00,0x00,0x00,0x00,0x40,0xFF,0xFF,0x54,
  0x00,0x00,0x00,0x00,0x00,0x04,0x04,0x04,0x04,0x04,0x04,0x04,0x04,0x04,0x04,0xFF,
  0xFF,0xFF,0xFF,0xFF,0xFF,0xFF,0xFF,0xFF,0xFF,0xFF,0xFF,0xFF,0xFF,0xFF,0xFF,0xFF,
  0xFF,0xFF,0xFF,0x10,0x10,0x10,0x10,0x10,0x10,0x10,0x10,0x10,0x10,0x04,0x04,0x04,
  0x04,0x04,0x04,0x04,0x04,0x04,0x04,0x04,0x04,0x04,0x04,0x04,0x04,0x04,0x04,0x04,
  0x04,0xFF,0xFF,0xFF,0xFF,0xFF,0xFF,0xFF,0xFF,0xFF,0xFF,0xFF,0xFF,0xFF,0xFF,0xFF,
  0xFF,0xFF,0xFF,0xFF,0xFF,0xFF,0xFF,0xFF,0xFF,0xFF,0xFF,0xFF,0xFF,0xFF,0xFF,0xFF,
  0xFF,0xFF,0xFF,0xFF,0xFF,0xFF,0xFF,0xFF,0xFF,0x10,0x10,0x10,0x10,0x10,0x10,0x10,
  0x10,0x10,0x10,0x10,0x10,0x10,0x10,0x10,0x10,0x10,0x10,0x10,0x10,0x00,0x7E,0x8C,
  0x57,0x06,0xFC,0xFF,0x66,0x29,0xFF,0xFF,0x1D,0x4E,0xFF,0xD3,0x00,0x74,0xFF,0x8A,
  0x00,0x99,0xFF,0x40,0x00,0x13,0x1C,0x02,0x00,0x2C,0xD1,0xC0,0x14,0x00,0x00,0x49,
  0xDB,0xA9,0x04,0x00,0x00,0x6B,0xDF,0x88,0x00,0x97,0xFF,0xFF,0x6A,0x00,0x00,0xC3,
  0xFF,0xFF,0x3E,0x00,0x00,0xEF,0xFF,0xFF,0x12,0x4F,0xFB,0xF2,0x2C,0x00,0x00,0x77,
  0xFF,0xE1,0x11,0x00,0x00,0xA3,0xFF,0xC5,0x01,0x00,0x16,0x0E,0x00,0x00,0x00,0x00,
  0x1C,0x08,0x00,0x00,0x00,0x01,0x20,0x03,0x00,0x00,0x00,0x00,0x00,0x00,0x09,0x65,
  0x9F,0xB9,0xA5,0x64,0x0A,0x00,0x00,0x00,0x00,0x00,0x38,0xE8,0xFF,0xFF,0xFF,0xFF,
  0xFF,0xE4,0x24,0x00,0x00,0x00,0x2C,0xF6,0xFF,0xFF,0xC4,0xA1,0xC4,0xFE,0xEA,0x09,
  0x00,0x00,0x00,0xC6,0xFF,0xF6,0x47,0x00,0x00,0x00,0x2C,0x58,0x00,0x00,0x00,0x30,
  0xFF,0xFF,0x82,0x00,0x00,0x00,0x00,0x00,0x00,0x00,0x09,0x7B,0xF9,0xFF,0xFF,0xA0,
  0x7C,0x7C,0x7C,0x7C,0x37,0x00,0x00,0x58,0xFF,0xFF,0xFF,0xFF,0xFF,0xFF,0xFF,0xFF,
  0xFC,0x20,0x00,0x00,0x02,0x04,0xB8,0xFF,0xE5,0x04,0x04,0x04,0x04,0x03,0x00,0x00,
  0x00,0x0C,0x8F,0xFF,0xFF,0xFF,0x90,0x90,0x90,0x8F,0x11,0x00,0x00,0x00,0x59,0xF8,
  0xFF,0xFF,0xFF,0xFF,0xF8,0xF8,0xBB,0x00,0x00,0x00,0x00,0x00,0x00,0x58,0xFF,0xFF,
  0x4C,0x00,0x00,0x00,0x00,0x00,0x00,0x00,0x00,0x00,0x0D,0xF5,0xFF,0xCB,0x07,0x00,
  0x00,0x00,0x00,0x0C,0x00,0x00,0x00,0x00,0x76,0xFF,0xFF,0xC3,0x4A,0x29,0x4C,0xB3,
  0xAA,0x00,0x00,0x00,0x00,0x03,0xA7,0xFF,0xFF,0xFF,0xFF,0xFF,0xFF,0xFD,0x21,0x00,
  0x00,0x00,0x00,0x01,0x68,0xD9,0xFF,0xFF,0xFF,0xDB,0x68,0x01,0x00,0x00,0x00,0x00,
  0x00,0x00,0x00,0x10,0x29,0x17,0x00,0x00,0x00,
};
const uint32_t FONT_UI_20_LEN = 26233;
