// --------------------------------------------------------------------------
// font_ui_30.cpp — police VLW GÉNÉRÉE, NE PAS ÉDITER À LA MAIN.
// Inter-var.ttf 30px wght=600 opsz=None — 140 glyphes, ascent=29 descent=8, 50788 octets
// Fonte Inter, Copyright 2020 The Inter Project Authors,
// SIL Open Font License 1.1 — voir fonts.h.
// Générateur : gen_vlw.py + check_vlw.py (voir fonts.h).
// --------------------------------------------------------------------------
#include "fonts.h"

const uint8_t FONT_UI_30[] PROGMEM = {
  0x00,0x00,0x00,0x8C,0x00,0x00,0x00,0x0B,0x00,0x00,0x00,0x1E,0x00,0x00,0x00,0x00,
  0x00,0x00,0x00,0x1D,0x00,0x00,0x00,0x08,0x00,0x00,0x00,0x20,0x00,0x00,0x00,0x00,
  0x00,0x00,0x00,0x00,0x00,0x00,0x00,0x07,0x00,0x00,0x00,0x00,0x00,0x00,0x00,0x00,
  0x00,0x00,0x00,0x00,0x00,0x00,0x00,0x21,0x00,0x00,0x00,0x17,0x00,0x00,0x00,0x05,
  0x00,0x00,0x00,0x07,0x00,0x00,0x00,0x16,0x00,0x00,0x00,0x01,0x00,0x00,0x00,0x00,
  0x00,0x00,0x00,0x22,0x00,0x00,0x00,0x09,0x00,0x00,0x00,0x0A,0x00,0x00,0x00,0x0E,
  0x00,0x00,0x00,0x16,0x00,0x00,0x00,0x02,0x00,0x00,0x00,0x00,0x00,0x00,0x00,0x23,
  0x00,0x00,0x00,0x16,0x00,0x00,0x00,0x13,0x00,0x00,0x00,0x13,0x00,0x00,0x00,0x16,
  0x00,0x00,0x00,0x00,0x00,0x00,0x00,0x00,0x00,0x00,0x00,0x24,0x00,0x00,0x00,0x1E,
  0x00,0x00,0x00,0x12,0x00,0x00,0x00,0x13,0x00,0x00,0x00,0x1A,0x00,0x00,0x00,0x01,
  0x00,0x00,0x00,0x00,0x00,0x00,0x00,0x25,0x00,0x00,0x00,0x18,0x00,0x00,0x00,0x18,
  0x00,0x00,0x00,0x1C,0x00,0x00,0x00,0x17,0x00,0x00,0x00,0x02,0x00,0x00,0x00,0x00,
  0x00,0x00,0x00,0x26,0x00,0x00,0x00,0x18,0x00,0x00,0x00,0x14,0x00,0x00,0x00,0x13,
  0x00,0x00,0x00,0x17,0x00,0x00,0x00,0x00,0x00,0x00,0x00,0x00,0x00,0x00,0x00,0x27,
  0x00,0x00,0x00,0x09,0x00,0x00,0x00,0x04,0x00,0x00,0x00,0x08,0x00,0x00,0x00,0x16,
  0x00,0x00,0x00,0x02,0x00,0x00,0x00,0x00,0x00,0x00,0x00,0x28,0x00,0x00,0x00,0x1C,
  0x00,0x00,0x00,0x09,0x00,0x00,0x00,0x0A,0x00,0x00,0x00,0x17,0x00,0x00,0x00,0x01,
  0x00,0x00,0x00,0x00,0x00,0x00,0x00,0x29,0x00,0x00,0x00,0x1C,0x00,0x00,0x00,0x08,
  0x00,0x00,0x00,0x0A,0x00,0x00,0x00,0x17,0x00,0x00,0x00,0x00,0x00,0x00,0x00,0x00,
  0x00,0x00,0x00,0x2A,0x00,0x00,0x00,0x0D,0x00,0x00,0x00,0x0D,0x00,0x00,0x00,0x0F,
  0x00,0x00,0x00,0x16,0x00,0x00,0x00,0x01,0x00,0x00,0x00,0x00,0x00,0x00,0x00,0x2B,
  0x00,0x00,0x00,0x0F,0x00,0x00,0x00,0x10,0x00,0x00,0x00,0x13,0x00,0x00,0x00,0x10,
  0x00,0x00,0x00,0x02,0x00,0x00,0x00,0x00,0x00,0x00,0x00,0x2C,0x00,0x00,0x00,0x09,
  0x00,0x00,0x00,0x06,0x00,0x00,0x00,0x07,0x00,0x00,0x00,0x04,0x00,0x00,0x00,0x00,
  0x00,0x00,0x00,0x00,0x00,0x00,0x00,0x2D,0x00,0x00,0x00,0x04,0x00,0x00,0x00,0x0B,
  0x00,0x00,0x00,0x0D,0x00,0x00,0x00,0x0B,0x00,0x00,0x00,0x01,0x00,0x00,0x00,0x00,
  0x00,0x00,0x00,0x2E,0x00,0x00,0x00,0x06,0x00,0x00,0x00,0x05,0x00,0x00,0x00,0x07,
  0x00,0x00,0x00,0x05,0x00,0x00,0x00,0x01,0x00,0x00,0x00,0x00,0x00,0x00,0x00,0x2F,
  0x00,0x00,0x00,0x1B,0x00,0x00,0x00,0x0B,0x00,0x00,0x00,0x0B,0x00,0x00,0x00,0x17,
  0x00,0x00,0x00,0x00,0x00,0x00,0x00,0x00,0x00,0x00,0x00,0x30,0x00,0x00,0x00,0x18,
  0x00,0x00,0x00,0x12,0x00,0x00,0x00,0x13,0x00,0x00,0x00,0x17,0x00,0x00,0x00,0x01,
  0x00,0x00,0x00,0x00,0x00,0x00,0x00,0x31,0x00,0x00,0x00,0x16,0x00,0x00,0x00,0x0A,
  0x00,0x00,0x00,0x0C,0x00,0x00,0x00,0x16,0x00,0x00,0x00,0x00,0x00,0x00,0x00,0x00,
  0x00,0x00,0x00,0x32,0x00,0x00,0x00,0x17,0x00,0x00,0x00,0x10,0x00,0x00,0x00,0x12,
  0x00,0x00,0x00,0x17,0x00,0x00,0x00,0x01,0x00,0x00,0x00,0x00,0x00,0x00,0x00,0x33,
  0x00,0x00,0x00,0x18,0x00,0x00,0x00,0x11,0x00,0x00,0x00,0x12,0x00,0x00,0x00,0x17,
  0x00,0x00,0x00,0x01,0x00,0x00,0x00,0x00,0x00,0x00,0x00,0x34,0x00,0x00,0x00,0x16,
  0x00,0x00,0x00,0x13,0x00,0x00,0x00,0x13,0x00,0x00,0x00,0x16,0x00,0x00,0x00,0x00,
  0x00,0x00,0x00,0x00,0x00,0x00,0x00,0x35,0x00,0x00,0x00,0x17,0x00,0x00,0x00,0x10,
  0x00,0x00,0x00,0x12,0x00,0x00,0x00,0x16,0x00,0x00,0x00,0x01,0x00,0x00,0x00,0x00,
  0x00,0x00,0x00,0x36,0x00,0x00,0x00,0x18,0x00,0x00,0x00,0x11,0x00,0x00,0x00,0x12,
  0x00,0x00,0x00,0x17,0x00,0x00,0x00,0x01,0x00,0x00,0x00,0x00,0x00,0x00,0x00,0x37,
  0x00,0x00,0x00,0x16,0x00,0x00,0x00,0x10,0x00,0x00,0x00,0x10,0x00,0x00,0x00,0x16,
  0x00,0x00,0x00,0x00,0x00,0x00,0x00,0x00,0x00,0x00,0x00,0x38,0x00,0x00,0x00,0x18,
  0x00,0x00,0x00,0x11,0x00,0x00,0x00,0x12,0x00,0x00,0x00,0x17,0x00,0x00,0x00,0x01,
  0x00,0x00,0x00,0x00,0x00,0x00,0x00,0x39,0x00,0x00,0x00,0x18,0x00,0x00,0x00,0x11,
  0x00,0x00,0x00,0x12,0x00,0x00,0x00,0x17,0x00,0x00,0x00,0x01,0x00,0x00,0x00,0x00,
  0x00,0x00,0x00,0x3A,0x00,0x00,0x00,0x11,0x00,0x00,0x00,0x05,0x00,0x00,0x00,0x07,
  0x00,0x00,0x00,0x10,0x00,0x00,0x00,0x01,0x00,0x00,0x00,0x00,0x00,0x00,0x00,0x3B,
  0x00,0x00,0x00,0x15,0x00,0x00,0x00,0x07,0x00,0x00,0x00,0x07,0x00,0x00,0x00,0x10,
  0x00,0x00,0x00,0x00,0x00,0x00,0x00,0x00,0x00,0x00,0x00,0x3C,0x00,0x00,0x00,0x11,
  0x00,0x00,0x00,0x0F,0x00,0x00,0x00,0x13,0x00,0x00,0x00,0x11,0x00,0x00,0x00,0x02,
  0x00,0x00,0x00,0x00,0x00,0x00,0x00,0x3D,0x00,0x00,0x00,0x0B,0x00,0x00,0x00,0x0F,
  0x00,0x00,0x00,0x13,0x00,0x00,0x00,0x0E,0x00,0x00,0x00,0x02,0x00,0x00,0x00,0x00,
  0x00,0x00,0x00,0x3E,0x00,0x00,0x00,0x11,0x00,0x00,0x00,0x10,0x00,0x00,0x00,0x13,
  0x00,0x00,0x00,0x11,0x00,0x00,0x00,0x02,0x00,0x00,0x00,0x00,0x00,0x00,0x00,0x3F,
  0x00,0x00,0x00,0x18,0x00,0x00,0x00,0x10,0x00,0x00,0x00,0x11,0x00,0x00,0x00,0x17,
  0x00,0x00,0x00,0x00,0x00,0x00,0x00,0x00,0x00,0x00,0x00,0x40,0x00,0x00,0x00,0x1D,
  0x00,0x00,0x00,0x1C,0x00,0x00,0x00,0x1E,0x00,0x00,0x00,0x16,0x00,0x00,0x00,0x01,
  0x00,0x00,0x00,0x00,0x00,0x00,0x00,0x41,0x00,0x00,0x00,0x16,0x00,0x00,0x00,0x15,
  0x00,0x00,0x00,0x15,0x00,0x00,0x00,0x16,0x00,0x00,0x00,0x00,0x00,0x00,0x00,0x00,
  0x00,0x00,0x00,0x42,0x00,0x00,0x00,0x16,0x00,0x00,0x00,0x12,0x00,0x00,0x00,0x13,
  0x00,0x00,0x00,0x16,0x00,0x00,0x00,0x01,0x00,0x00,0x00,0x00,0x00,0x00,0x00,0x43,
  0x00,0x00,0x00,0x18,0x00,0x00,0x00,0x14,0x00,0x00,0x00,0x16,0x00,0x00,0x00,0x17,
  0x00,0x00,0x00,0x01,0x00,0x00,0x00,0x00,0x00,0x00,0x00,0x44,0x00,0x00,0x00,0x16,
  0x00,0x00,0x00,0x13,0x00,0x00,0x00,0x15,0x00,0x00,0x00,0x16,0x00,0x00,0x00,0x01,
  0x00,0x00,0x00,0x00,0x00,0x00,0x00,0x45,0x00,0x00,0x00,0x16,0x00,0x00,0x00,0x10,
  0x00,0x00,0x00,0x12,0x00,0x00,0x00,0x16,0x00,0x00,0x00,0x01,0x00,0x00,0x00,0x00,
  0x00,0x00,0x00,0x46,0x00,0x00,0x00,0x16,0x00,0x00,0x00,0x10,0x00,0x00,0x00,0x11,
  0x00,0x00,0x00,0x16,0x00,0x00,0x00,0x01,0x00,0x00,0x00,0x00,0x00,0x00,0x00,0x47,
  0x00,0x00,0x00,0x18,0x00,0x00,0x00,0x14,0x00,0x00,0x00,0x16,0x00,0x00,0x00,0x17,
  0x00,0x00,0x00,0x01,0x00,0x00,0x00,0x00,0x00,0x00,0x00,0x48,0x00,0x00,0x00,0x16,
  0x00,0x00,0x00,0x13,0x00,0x00,0x00,0x16,0x00,0x00,0x00,0x16,0x00,0x00,0x00,0x01,
  0x00,0x00,0x00,0x00,0x00,0x00,0x00,0x49,0x00,0x00,0x00,0x16,0x00,0x00,0x00,0x05,
  0x00,0x00,0x00,0x08,0x00,0x00,0x00,0x16,0x00,0x00,0x00,0x01,0x00,0x00,0x00,0x00,
  0x00,0x00,0x00,0x4A,0x00,0x00,0x00,0x17,0x00,0x00,0x00,0x0F,0x00,0x00,0x00,0x11,
  0x00,0x00,0x00,0x16,0x00,0x00,0x00,0x00,0x00,0x00,0x00,0x00,0x00,0x00,0x00,0x4B,
  0x00,0x00,0x00,0x16,0x00,0x00,0x00,0x13,0x00,0x00,0x00,0x14,0x00,0x00,0x00,0x16,
  0x00,0x00,0x00,0x01,0x00,0x00,0x00,0x00,0x00,0x00,0x00,0x4C,0x00,0x00,0x00,0x16,
  0x00,0x00,0x00,0x0F,0x00,0x00,0x00,0x11,0x00,0x00,0x00,0x16,0x00,0x00,0x00,0x01,
  0x00,0x00,0x00,0x00,0x00,0x00,0x00,0x4D,0x00,0x00,0x00,0x16,0x00,0x00,0x00,0x18,
  0x00,0x00,0x00,0x1B,0x00,0x00,0x00,0x16,0x00,0x00,0x00,0x01,0x00,0x00,0x00,0x00,
  0x00,0x00,0x00,0x4E,0x00,0x00,0x00,0x16,0x00,0x00,0x00,0x13,0x00,0x00,0x00,0x16,
  0x00,0x00,0x00,0x16,0x00,0x00,0x00,0x01,0x00,0x00,0x00,0x00,0x00,0x00,0x00,0x4F,
  0x00,0x00,0x00,0x18,0x00,0x00,0x00,0x15,0x00,0x00,0x00,0x17,0x00,0x00,0x00,0x17,
  0x00,0x00,0x00,0x01,0x00,0x00,0x00,0x00,0x00,0x00,0x00,0x50,0x00,0x00,0x00,0x16,
  0x00,0x00,0x00,0x11,0x00,0x00,0x00,0x13,0x00,0x00,0x00,0x16,0x00,0x00,0x00,0x01,
  0x00,0x00,0x00,0x00,0x00,0x00,0x00,0x51,0x00,0x00,0x00,0x19,0x00,0x00,0x00,0x15,
  0x00,0x00,0x00,0x17,0x00,0x00,0x00,0x17,0x00,0x00,0x00,0x01,0x00,0x00,0x00,0x00,
  0x00,0x00,0x00,0x52,0x00,0x00,0x00,0x16,0x00,0x00,0x00,0x12,0x00,0x00,0x00,0x13,
  0x00,0x00,0x00,0x16,0x00,0x00,0x00,0x01,0x00,0x00,0x00,0x00,0x00,0x00,0x00,0x53,
  0x00,0x00,0x00,0x18,0x00,0x00,0x00,0x12,0x00,0x00,0x00,0x13,0x00,0x00,0x00,0x17,
  0x00,0x00,0x00,0x01,0x00,0x00,0x00,0x00,0x00,0x00,0x00,0x54,0x00,0x00,0x00,0x16,
  0x00,0x00,0x00,0x13,0x00,0x00,0x00,0x13,0x00,0x00,0x00,0x16,0x00,0x00,0x00,0x00,
  0x00,0x00,0x00,0x00,0x00,0x00,0x00,0x55,0x00,0x00,0x00,0x17,0x00,0x00,0x00,0x13,
  0x00,0x00,0x00,0x15,0x00,0x00,0x00,0x16,0x00,0x00,0x00,0x01,0x00,0x00,0x00,0x00,
  0x00,0x00,0x00,0x56,0x00,0x00,0x00,0x16,0x00,0x00,0x00,0x15,0x00,0x00,0x00,0x15,
  0x00,0x00,0x00,0x16,0x00,0x00,0x00,0x00,0x00,0x00,0x00,0x00,0x00,0x00,0x00,0x57,
  0x00,0x00,0x00,0x16,0x00,0x00,0x00,0x1E,0x00,0x00,0x00,0x1E,0x00,0x00,0x00,0x16,
  0x00,0x00,0x00,0x00,0x00,0x00,0x00,0x00,0x00,0x00,0x00,0x58,0x00,0x00,0x00,0x16,
  0x00,0x00,0x00,0x15,0x00,0x00,0x00,0x15,0x00,0x00,0x00,0x16,0x00,0x00,0x00,0x00,
  0x00,0x00,0x00,0x00,0x00,0x00,0x00,0x59,0x00,0x00,0x00,0x16,0x00,0x00,0x00,0x15,
  0x00,0x00,0x00,0x14,0x00,0x00,0x00,0x16,0x00,0x00,0x00,0x00,0x00,0x00,0x00,0x00,
  0x00,0x00,0x00,0x5A,0x00,0x00,0x00,0x16,0x00,0x00,0x00,0x12,0x00,0x00,0x00,0x13,
  0x00,0x00,0x00,0x16,0x00,0x00,0x00,0x00,0x00,0x00,0x00,0x00,0x00,0x00,0x00,0x5B,
  0x00,0x00,0x00,0x1C,0x00,0x00,0x00,0x07,0x00,0x00,0x00,0x0A,0x00,0x00,0x00,0x17,
  0x00,0x00,0x00,0x02,0x00,0x00,0x00,0x00,0x00,0x00,0x00,0x5C,0x00,0x00,0x00,0x1B,
  0x00,0x00,0x00,0x0B,0x00,0x00,0x00,0x0B,0x00,0x00,0x00,0x17,0x00,0x00,0x00,0x00,
  0x00,0x00,0x00,0x00,0x00,0x00,0x00,0x5D,0x00,0x00,0x00,0x1C,0x00,0x00,0x00,0x07,
  0x00,0x00,0x00,0x0A,0x00,0x00,0x00,0x17,0x00,0x00,0x00,0x01,0x00,0x00,0x00,0x00,
  0x00,0x00,0x00,0x5E,0x00,0x00,0x00,0x0B,0x00,0x00,0x00,0x0D,0x00,0x00,0x00,0x0E,
  0x00,0x00,0x00,0x16,0x00,0x00,0x00,0x00,0x00,0x00,0x00,0x00,0x00,0x00,0x00,0x5F,
  0x00,0x00,0x00,0x04,0x00,0x00,0x00,0x0F,0x00,0x00,0x00,0x0E,0x00,0x00,0x00,0x00,
  0x00,0x00,0x00,0x00,0x00,0x00,0x00,0x00,0x00,0x00,0x00,0x60,0x00,0x00,0x00,0x06,
  0x00,0x00,0x00,0x07,0x00,0x00,0x00,0x09,0x00,0x00,0x00,0x17,0x00,0x00,0x00,0x01,
  0x00,0x00,0x00,0x00,0x00,0x00,0x00,0x61,0x00,0x00,0x00,0x11,0x00,0x00,0x00,0x0E,
  0x00,0x00,0x00,0x10,0x00,0x00,0x00,0x10,0x00,0x00,0x00,0x01,0x00,0x00,0x00,0x00,
  0x00,0x00,0x00,0x62,0x00,0x00,0x00,0x17,0x00,0x00,0x00,0x10,0x00,0x00,0x00,0x12,
  0x00,0x00,0x00,0x16,0x00,0x00,0x00,0x01,0x00,0x00,0x00,0x00,0x00,0x00,0x00,0x63,
  0x00,0x00,0x00,0x11,0x00,0x00,0x00,0x10,0x00,0x00,0x00,0x10,0x00,0x00,0x00,0x10,
  0x00,0x00,0x00,0x00,0x00,0x00,0x00,0x00,0x00,0x00,0x00,0x64,0x00,0x00,0x00,0x17,
  0x00,0x00,0x00,0x11,0x00,0x00,0x00,0x12,0x00,0x00,0x00,0x16,0x00,0x00,0x00,0x00,
  0x00,0x00,0x00,0x00,0x00,0x00,0x00,0x65,0x00,0x00,0x00,0x11,0x00,0x00,0x00,0x10,
  0x00,0x00,0x00,0x11,0x00,0x00,0x00,0x10,0x00,0x00,0x00,0x00,0x00,0x00,0x00,0x00,
  0x00,0x00,0x00,0x66,0x00,0x00,0x00,0x16,0x00,0x00,0x00,0x0B,0x00,0x00,0x00,0x0B,
  0x00,0x00,0x00,0x16,0x00,0x00,0x00,0x00,0x00,0x00,0x00,0x00,0x00,0x00,0x00,0x67,
  0x00,0x00,0x00,0x17,0x00,0x00,0x00,0x11,0x00,0x00,0x00,0x12,0x00,0x00,0x00,0x10,
  0x00,0x00,0x00,0x00,0x00,0x00,0x00,0x00,0x00,0x00,0x00,0x68,0x00,0x00,0x00,0x16,
  0x00,0x00,0x00,0x0F,0x00,0x00,0x00,0x11,0x00,0x00,0x00,0x16,0x00,0x00,0x00,0x01,
  0x00,0x00,0x00,0x00,0x00,0x00,0x00,0x69,0x00,0x00,0x00,0x17,0x00,0x00,0x00,0x05,
  0x00,0x00,0x00,0x07,0x00,0x00,0x00,0x17,0x00,0x00,0x00,0x01,0x00,0x00,0x00,0x00,
  0x00,0x00,0x00,0x6A,0x00,0x00,0x00,0x1E,0x00,0x00,0x00,0x07,0x00,0x00,0x00,0x07,
  0x00,0x00,0x00,0x17,0xFF,0xFF,0xFF,0xFF,0x00,0x00,0x00,0x00,0x00,0x00,0x00,0x6B,
  0x00,0x00,0x00,0x16,0x00,0x00,0x00,0x10,0x00,0x00,0x00,0x10,0x00,0x00,0x00,0x16,
  0x00,0x00,0x00,0x01,0x00,0x00,0x00,0x00,0x00,0x00,0x00,0x6C,0x00,0x00,0x00,0x16,
  0x00,0x00,0x00,0x05,0x00,0x00,0x00,0x07,0x00,0x00,0x00,0x16,0x00,0x00,0x00,0x01,
  0x00,0x00,0x00,0x00,0x00,0x00,0x00,0x6D,0x00,0x00,0x00,0x10,0x00,0x00,0x00,0x18,
  0x00,0x00,0x00,0x1A,0x00,0x00,0x00,0x10,0x00,0x00,0x00,0x01,0x00,0x00,0x00,0x00,
  0x00,0x00,0x00,0x6E,0x00,0x00,0x00,0x10,0x00,0x00,0x00,0x0F,0x00,0x00,0x00,0x11,
  0x00,0x00,0x00,0x10,0x00,0x00,0x00,0x01,0x00,0x00,0x00,0x00,0x00,0x00,0x00,0x6F,
  0x00,0x00,0x00,0x11,0x00,0x00,0x00,0x11,0x00,0x00,0x00,0x11,0x00,0x00,0x00,0x10,
  0x00,0x00,0x00,0x00,0x00,0x00,0x00,0x00,0x00,0x00,0x00,0x70,0x00,0x00,0x00,0x17,
  0x00,0x00,0x00,0x10,0x00,0x00,0x00,0x12,0x00,0x00,0x00,0x10,0x00,0x00,0x00,0x01,
  0x00,0x00,0x00,0x00,0x00,0x00,0x00,0x71,0x00,0x00,0x00,0x17,0x00,0x00,0x00,0x11,
  0x00,0x00,0x00,0x12,0x00,0x00,0x00,0x10,0x00,0x00,0x00,0x00,0x00,0x00,0x00,0x00,
  0x00,0x00,0x00,0x72,0x00,0x00,0x00,0x10,0x00,0x00,0x00,0x0A,0x00,0x00,0x00,0x0B,
  0x00,0x00,0x00,0x10,0x00,0x00,0x00,0x01,0x00,0x00,0x00,0x00,0x00,0x00,0x00,0x73,
  0x00,0x00,0x00,0x11,0x00,0x00,0x00,0x0F,0x00,0x00,0x00,0x0F,0x00,0x00,0x00,0x10,
  0x00,0x00,0x00,0x00,0x00,0x00,0x00,0x00,0x00,0x00,0x00,0x74,0x00,0x00,0x00,0x15,
  0x00,0x00,0x00,0x0A,0x00,0x00,0x00,0x0B,0x00,0x00,0x00,0x14,0x00,0x00,0x00,0x00,
  0x00,0x00,0x00,0x00,0x00,0x00,0x00,0x75,0x00,0x00,0x00,0x11,0x00,0x00,0x00,0x0F,
  0x00,0x00,0x00,0x11,0x00,0x00,0x00,0x10,0x00,0x00,0x00,0x01,0x00,0x00,0x00,0x00,
  0x00,0x00,0x00,0x76,0x00,0x00,0x00,0x10,0x00,0x00,0x00,0x11,0x00,0x00,0x00,0x10,
  0x00,0x00,0x00,0x10,0x00,0x00,0x00,0x00,0x00,0x00,0x00,0x00,0x00,0x00,0x00,0x77,
  0x00,0x00,0x00,0x10,0x00,0x00,0x00,0x18,0x00,0x00,0x00,0x18,0x00,0x00,0x00,0x10,
  0x00,0x00,0x00,0x00,0x00,0x00,0x00,0x00,0x00,0x00,0x00,0x78,0x00,0x00,0x00,0x10,
  0x00,0x00,0x00,0x10,0x00,0x00,0x00,0x10,0x00,0x00,0x00,0x10,0x00,0x00,0x00,0x00,
  0x00,0x00,0x00,0x00,0x00,0x00,0x00,0x79,0x00,0x00,0x00,0x17,0x00,0x00,0x00,0x11,
  0x00,0x00,0x00,0x10,0x00,0x00,0x00,0x10,0x00,0x00,0x00,0x00,0x00,0x00,0x00,0x00,
  0x00,0x00,0x00,0x7A,0x00,0x00,0x00,0x10,0x00,0x00,0x00,0x0D,0x00,0x00,0x00,0x0F,
  0x00,0x00,0x00,0x10,0x00,0x00,0x00,0x01,0x00,0x00,0x00,0x00,0x00,0x00,0x00,0x7B,
  0x00,0x00,0x00,0x1C,0x00,0x00,0x00,0x0B,0x00,0x00,0x00,0x0D,0x00,0x00,0x00,0x17,
  0x00,0x00,0x00,0x01,0x00,0x00,0x00,0x00,0x00,0x00,0x00,0x7C,0x00,0x00,0x00,0x25,
  0x00,0x00,0x00,0x04,0x00,0x00,0x00,0x0A,0x00,0x00,0x00,0x1D,0x00,0x00,0x00,0x03,
  0x00,0x00,0x00,0x00,0x00,0x00,0x00,0x7D,0x00,0x00,0x00,0x1C,0x00,0x00,0x00,0x0A,
  0x00,0x00,0x00,0x0D,0x00,0x00,0x00,0x17,0x00,0x00,0x00,0x01,0x00,0x00,0x00,0x00,
  0x00,0x00,0x00,0x7E,0x00,0x00,0x00,0x07,0x00,0x00,0x00,0x11,0x00,0x00,0x00,0x13,
  0x00,0x00,0x00,0x0C,0x00,0x00,0x00,0x01,0x00,0x00,0x00,0x00,0x00,0x00,0x00,0xAB,
  0x00,0x00,0x00,0x0E,0x00,0x00,0x00,0x12,0x00,0x00,0x00,0x12,0x00,0x00,0x00,0x10,
  0x00,0x00,0x00,0x00,0x00,0x00,0x00,0x00,0x00,0x00,0x00,0xB0,0x00,0x00,0x00,0x0B,
  0x00,0x00,0x00,0x0B,0x00,0x00,0x00,0x0D,0x00,0x00,0x00,0x16,0x00,0x00,0x00,0x01,
  0x00,0x00,0x00,0x00,0x00,0x00,0x00,0xB2,0x00,0x00,0x00,0x0D,0x00,0x00,0x00,0x0A,
  0x00,0x00,0x00,0x0C,0x00,0x00,0x00,0x19,0x00,0x00,0x00,0x01,0x00,0x00,0x00,0x00,
  0x00,0x00,0x00,0xB3,0x00,0x00,0x00,0x0D,0x00,0x00,0x00,0x0B,0x00,0x00,0x00,0x0C,
  0x00,0x00,0x00,0x19,0x00,0x00,0x00,0x01,0x00,0x00,0x00,0x00,0x00,0x00,0x00,0xB7,
  0x00,0x00,0x00,0x06,0x00,0x00,0x00,0x05,0x00,0x00,0x00,0x07,0x00,0x00,0x00,0x0D,
  0x00,0x00,0x00,0x01,0x00,0x00,0x00,0x00,0x00,0x00,0x00,0xBB,0x00,0x00,0x00,0x0E,
  0x00,0x00,0x00,0x11,0x00,0x00,0x00,0x12,0x00,0x00,0x00,0x10,0x00,0x00,0x00,0x00,
  0x00,0x00,0x00,0x00,0x00,0x00,0x00,0xC0,0x00,0x00,0x00,0x1D,0x00,0x00,0x00,0x15,
  0x00,0x00,0x00,0x15,0x00,0x00,0x00,0x1D,0x00,0x00,0x00,0x00,0x00,0x00,0x00,0x00,
  0x00,0x00,0x00,0xC2,0x00,0x00,0x00,0x1D,0x00,0x00,0x00,0x15,0x00,0x00,0x00,0x15,
  0x00,0x00,0x00,0x1D,0x00,0x00,0x00,0x00,0x00,0x00,0x00,0x00,0x00,0x00,0x00,0xC4,
  0x00,0x00,0x00,0x1D,0x00,0x00,0x00,0x15,0x00,0x00,0x00,0x15,0x00,0x00,0x00,0x1D,
  0x00,0x00,0x00,0x00,0x00,0x00,0x00,0x00,0x00,0x00,0x00,0xC7,0x00,0x00,0x00,0x1E,
  0x00,0x00,0x00,0x14,0x00,0x00,0x00,0x16,0x00,0x00,0x00,0x17,0x00,0x00,0x00,0x01,
  0x00,0x00,0x00,0x00,0x00,0x00,0x00,0xC8,0x00,0x00,0x00,0x1D,0x00,0x00,0x00,0x10,
  0x00,0x00,0x00,0x12,0x00,0x00,0x00,0x1D,0x00,0x00,0x00,0x01,0x00,0x00,0x00,0x00,
  0x00,0x00,0x00,0xC9,0x00,0x00,0x00,0x1D,0x00,0x00,0x00,0x10,0x00,0x00,0x00,0x12,
  0x00,0x00,0x00,0x1D,0x00,0x00,0x00,0x01,0x00,0x00,0x00,0x00,0x00,0x00,0x00,0xCA,
  0x00,0x00,0x00,0x1D,0x00,0x00,0x00,0x10,0x00,0x00,0x00,0x12,0x00,0x00,0x00,0x1D,
  0x00,0x00,0x00,0x01,0x00,0x00,0x00,0x00,0x00,0x00,0x00,0xCB,0x00,0x00,0x00,0x1D,
  0x00,0x00,0x00,0x10,0x00,0x00,0x00,0x12,0x00,0x00,0x00,0x1D,0x00,0x00,0x00,0x01,
  0x00,0x00,0x00,0x00,0x00,0x00,0x00,0xCE,0x00,0x00,0x00,0x1D,0x00,0x00,0x00,0x0B,
  0x00,0x00,0x00,0x08,0x00,0x00,0x00,0x1D,0xFF,0xFF,0xFF,0xFE,0x00,0x00,0x00,0x00,
  0x00,0x00,0x00,0xCF,0x00,0x00,0x00,0x1D,0x00,0x00,0x00,0x0C,0x00,0x00,0x00,0x08,
  0x00,0x00,0x00,0x1D,0xFF,0xFF,0xFF,0xFE,0x00,0x00,0x00,0x00,0x00,0x00,0x00,0xD4,
  0x00,0x00,0x00,0x1E,0x00,0x00,0x00,0x15,0x00,0x00,0x00,0x17,0x00,0x00,0x00,0x1D,
  0x00,0x00,0x00,0x01,0x00,0x00,0x00,0x00,0x00,0x00,0x00,0xD6,0x00,0x00,0x00,0x1E,
  0x00,0x00,0x00,0x15,0x00,0x00,0x00,0x17,0x00,0x00,0x00,0x1D,0x00,0x00,0x00,0x01,
  0x00,0x00,0x00,0x00,0x00,0x00,0x00,0xD9,0x00,0x00,0x00,0x1E,0x00,0x00,0x00,0x13,
  0x00,0x00,0x00,0x15,0x00,0x00,0x00,0x1D,0x00,0x00,0x00,0x01,0x00,0x00,0x00,0x00,
  0x00,0x00,0x00,0xDB,0x00,0x00,0x00,0x1E,0x00,0x00,0x00,0x13,0x00,0x00,0x00,0x15,
  0x00,0x00,0x00,0x1D,0x00,0x00,0x00,0x01,0x00,0x00,0x00,0x00,0x00,0x00,0x00,0xDC,
  0x00,0x00,0x00,0x1E,0x00,0x00,0x00,0x13,0x00,0x00,0x00,0x15,0x00,0x00,0x00,0x1D,
  0x00,0x00,0x00,0x01,0x00,0x00,0x00,0x00,0x00,0x00,0x00,0xE0,0x00,0x00,0x00,0x18,
  0x00,0x00,0x00,0x0E,0x00,0x00,0x00,0x10,0x00,0x00,0x00,0x17,0x00,0x00,0x00,0x01,
  0x00,0x00,0x00,0x00,0x00,0x00,0x00,0xE2,0x00,0x00,0x00,0x18,0x00,0x00,0x00,0x0E,
  0x00,0x00,0x00,0x10,0x00,0x00,0x00,0x17,0x00,0x00,0x00,0x01,0x00,0x00,0x00,0x00,
  0x00,0x00,0x00,0xE4,0x00,0x00,0x00,0x18,0x00,0x00,0x00,0x0E,0x00,0x00,0x00,0x10,
  0x00,0x00,0x00,0x17,0x00,0x00,0x00,0x01,0x00,0x00,0x00,0x00,0x00,0x00,0x00,0xE7,
  0x00,0x00,0x00,0x17,0x00,0x00,0x00,0x10,0x00,0x00,0x00,0x10,0x00,0x00,0x00,0x10,
  0x00,0x00,0x00,0x00,0x00,0x00,0x00,0x00,0x00,0x00,0x00,0xE8,0x00,0x00,0x00,0x18,
  0x00,0x00,0x00,0x10,0x00,0x00,0x00,0x11,0x00,0x00,0x00,0x17,0x00,0x00,0x00,0x00,
  0x00,0x00,0x00,0x00,0x00,0x00,0x00,0xE9,0x00,0x00,0x00,0x18,0x00,0x00,0x00,0x10,
  0x00,0x00,0x00,0x11,0x00,0x00,0x00,0x17,0x00,0x00,0x00,0x00,0x00,0x00,0x00,0x00,
  0x00,0x00,0x00,0xEA,0x00,0x00,0x00,0x18,0x00,0x00,0x00,0x10,0x00,0x00,0x00,0x11,
  0x00,0x00,0x00,0x17,0x00,0x00,0x00,0x00,0x00,0x00,0x00,0x00,0x00,0x00,0x00,0xEB,
  0x00,0x00,0x00,0x18,0x00,0x00,0x00,0x10,0x00,0x00,0x00,0x11,0x00,0x00,0x00,0x17,
  0x00,0x00,0x00,0x00,0x00,0x00,0x00,0x00,0x00,0x00,0x00,0xEE,0x00,0x00,0x00,0x17,
  0x00,0x00,0x00,0x0B,0x00,0x00,0x00,0x07,0x00,0x00,0x00,0x17,0xFF,0xFF,0xFF,0xFE,
  0x00,0x00,0x00,0x00,0x00,0x00,0x00,0xEF,0x00,0x00,0x00,0x17,0x00,0x00,0x00,0x0B,
  0x00,0x00,0x00,0x07,0x00,0x00,0x00,0x17,0xFF,0xFF,0xFF,0xFE,0x00,0x00,0x00,0x00,
  0x00,0x00,0x00,0xF4,0x00,0x00,0x00,0x18,0x00,0x00,0x00,0x11,0x00,0x00,0x00,0x11,
  0x00,0x00,0x00,0x17,0x00,0x00,0x00,0x00,0x00,0x00,0x00,0x00,0x00,0x00,0x00,0xF6,
  0x00,0x00,0x00,0x18,0x00,0x00,0x00,0x11,0x00,0x00,0x00,0x11,0x00,0x00,0x00,0x17,
  0x00,0x00,0x00,0x00,0x00,0x00,0x00,0x00,0x00,0x00,0x00,0xF9,0x00,0x00,0x00,0x18,
  0x00,0x00,0x00,0x0F,0x00,0x00,0x00,0x11,0x00,0x00,0x00,0x17,0x00,0x00,0x00,0x01,
  0x00,0x00,0x00,0x00,0x00,0x00,0x00,0xFB,0x00,0x00,0x00,0x18,0x00,0x00,0x00,0x0F,
  0x00,0x00,0x00,0x11,0x00,0x00,0x00,0x17,0x00,0x00,0x00,0x01,0x00,0x00,0x00,0x00,
  0x00,0x00,0x00,0xFC,0x00,0x00,0x00,0x18,0x00,0x00,0x00,0x0F,0x00,0x00,0x00,0x11,
  0x00,0x00,0x00,0x17,0x00,0x00,0x00,0x01,0x00,0x00,0x00,0x00,0x00,0x00,0x00,0xFF,
  0x00,0x00,0x00,0x1E,0x00,0x00,0x00,0x11,0x00,0x00,0x00,0x10,0x00,0x00,0x00,0x17,
  0x00,0x00,0x00,0x00,0x00,0x00,0x00,0x00,0x00,0x00,0x01,0x52,0x00,0x00,0x00,0x16,
  0x00,0x00,0x00,0x1D,0x00,0x00,0x00,0x1E,0x00,0x00,0x00,0x16,0x00,0x00,0x00,0x01,
  0x00,0x00,0x00,0x00,0x00,0x00,0x01,0x53,0x00,0x00,0x00,0x11,0x00,0x00,0x00,0x1C,
  0x00,0x00,0x00,0x1C,0x00,0x00,0x00,0x10,0x00,0x00,0x00,0x00,0x00,0x00,0x00,0x00,
  0x00,0x00,0x01,0x78,0x00,0x00,0x00,0x1D,0x00,0x00,0x00,0x15,0x00,0x00,0x00,0x14,
  0x00,0x00,0x00,0x1D,0x00,0x00,0x00,0x00,0x00,0x00,0x00,0x00,0x00,0x00,0x20,0x13,
  0x00,0x00,0x00,0x04,0x00,0x00,0x00,0x0F,0x00,0x00,0x00,0x0F,0x00,0x00,0x00,0x0B,
  0x00,0x00,0x00,0x00,0x00,0x00,0x00,0x00,0x00,0x00,0x20,0x14,0x00,0x00,0x00,0x04,
  0x00,0x00,0x00,0x1E,0x00,0x00,0x00,0x1E,0x00,0x00,0x00,0x0B,0x00,0x00,0x00,0x00,
  0x00,0x00,0x00,0x00,0x00,0x00,0x20,0x19,0x00,0x00,0x00,0x09,0x00,0x00,0x00,0x06,
  0x00,0x00,0x00,0x07,0x00,0x00,0x00,0x16,0x00,0x00,0x00,0x01,0x00,0x00,0x00,0x00,
  0x00,0x00,0x20,0x26,0x00,0x00,0x00,0x06,0x00,0x00,0x00,0x14,0x00,0x00,0x00,0x16,
  0x00,0x00,0x00,0x05,0x00,0x00,0x00,0x01,0x00,0x00,0x00,0x00,0x00,0x00,0x20,0xAC,
  0x00,0x00,0x00,0x18,0x00,0x00,0x00,0x13,0x00,0x00,0x00,0x14,0x00,0x00,0x00,0x17,
  0x00,0x00,0x00,0x00,0x00,0x00,0x00,0x00,0x3D,0xD4,0xD4,0xD4,0x92,0x45,0xFF,0xFF,
  0xFF,0xAC,0x40,0xFF,0xFF,0xFF,0xA7,0x3B,0xFF,0xFF,0xFF,0xA2,0x36,0xFF,0xFF,0xFF,
  0x9D,0x31,0xFF,0xFF,0xFF,0x98,0x2B,0xFF,0xFF,0xFF,0x92,0x26,0xFF,0xFF,0xFF,0x8D,
  0x21,0xFF,0xFF,0xFF,0x88,0x1C,0xFF,0xFF,0xFF,0x83,0x17,0xFF,0xFF,0xFF,0x7E,0x12,
  0xFF,0xFF,0xFF,0x79,0x0D,0xFF,0xFF,0xFF,0x74,0x07,0xFF,0xFF,0xFF,0x6E,0x02,0xFF,
  0xFF,0xFF,0x69,0x00,0xAE,0xB0,0xB0,0x45,0x00,0x00,0x00,0x00,0x00,0x00,0x08,0x39,
  0x1C,0x00,0x16,0xDC,0xFF,0xFB,0x5F,0x7C,0xFF,0xFF,0xFF,0xE4,0x7A,0xFF,0xFF,0xFF,
  0xE2,0x14,0xD9,0xFF,0xFA,0x5B,0x00,0x07,0x36,0x19,0x00,0x87,0xD4,0xD4,0xAB,0x00,
  0x10,0xD4,0xD4,0xD4,0x4E,0x99,0xFF,0xFF,0xC4,0x00,0x09,0xFF,0xFF,0xFF,0x54,0x8D,
  0xFF,0xFF,0xB8,0x00,0x00,0xFC,0xFF,0xFF,0x48,0x81,0xFF,0xFF,0xAC,0x00,0x00,0xF1,
  0xFF,0xFF,0x3C,0x75,0xFF,0xFF,0xA0,0x00,0x00,0xE5,0xFF,0xFF,0x30,0x69,0xFF,0xFF,
  0x94,0x00,0x00,0xD9,0xFF,0xFF,0x24,0x5D,0xFF,0xFF,0x88,0x00,0x00,0xCD,0xFF,0xFF,
  0x18,0x51,0xFF,0xFF,0x7C,0x00,0x00,0xC1,0xFF,0xFF,0x0C,0x11,0x3C,0x3C,0x1B,0x00,
  0x00,0x2B,0x3C,0x3C,0x01,0x00,0x00,0x00,0x00,0x00,0x39,0xD4,0xD4,0x83,0x00,0x00,
  0x00,0x00,0x7F,0xD4,0xD4,0x3D,0x00,0x00,0x00,0x00,0x00,0x00,0x00,0x6C,0xFF,0xFF,
  0x78,0x00,0x00,0x00,0x00,0xC0,0xFF,0xFF,0x24,0x00,0x00,0x00,0x00,0x00,0x00,0x00,
  0x96,0xFF,0xFF,0x4E,0x00,0x00,0x00,0x00,0xEB,0xFF,0xF7,0x02,0x00,0x00,0x00,0x00,
  0x00,0x00,0x00,0xC0,0xFF,0xFF,0x24,0x00,0x00,0x00,0x14,0xFF,0xFF,0xD0,0x00,0x00,
  0x00,0x00,0x00,0x00,0x00,0x00,0xEA,0xFF,0xF7,0x02,0x00,0x00,0x00,0x3F,0xFF,0xFF,
  0xA6,0x00,0x00,0x00,0x00,0x08,0x28,0x28,0x3B,0xFF,0xFF,0xF8,0x28,0x28,0x28,0x28,
  0x91,0xFF,0xFF,0xA4,0x28,0x28,0x14,0x00,0x50,0xFF,0xFF,0xFF,0xFF,0xFF,0xFF,0xFF,
  0xFF,0xFF,0xFF,0xFF,0xFF,0xFF,0xFF,0xFF,0xFF,0x6C,0x00,0x7B,0xFF,0xFF,0xFF,0xFF,
  0xFF,0xFF,0xFF,0xFF,0xFF,0xFF,0xFF,0xFF,0xFF,0xFF,0xFF,0xFF,0x43,0x00,0x7A,0xC4,
  0xC4,0xFF,0xFF,0xFF,0xFF,0xC4,0xC4,0xC4,0xC4,0xFF,0xFF,0xFF,0xC8,0xC4,0xC4,0x18,
  0x00,0x00,0x00,0x00,0xBC,0xFF,0xFF,0x28,0x00,0x00,0x00,0x11,0xFF,0xFF,0xD4,0x00,
  0x00,0x00,0x00,0x00,0x00,0x00,0x00,0xE6,0xFF,0xF9,0x04,0x00,0x00,0x00,0x3C,0xFF,
  0xFF,0xAA,0x00,0x00,0x00,0x00,0x00,0x00,0x00,0x0F,0xFF,0xFF,0xD4,0x00,0x00,0x00,
  0x00,0x66,0xFF,0xFF,0x80,0x00,0x00,0x00,0x00,0x00,0x00,0x00,0x3A,0xFF,0xFF,0xAA,
  0x00,0x00,0x00,0x00,0x90,0xFF,0xFF,0x56,0x00,0x00,0x00,0x00,0x4A,0x90,0x90,0xF4,
  0xFF,0xFF,0xFF,0x90,0x90,0x90,0x90,0xFF,0xFF,0xFF,0xBC,0x90,0x90,0x21,0x00,0xA6,
  0xFF,0xFF,0xFF,0xFF,0xFF,0xFF,0xFF,0xFF,0xFF,0xFF,0xFF,0xFF,0xFF,0xFF,0xFF,0xFF,
  0x18,0x00,0xD1,0xFF,0xFF,0xFF,0xFF,0xFF,0xFF,0xFF,0xFF,0xFF,0xFF,0xFF,0xFF,0xFF,
  0xFF,0xFF,0xEC,0x00,0x00,0x4D,0x54,0x54,0xFF,0xFF,0xFF,0x5A,0x54,0x54,0x54,0x8D,
  0xFF,0xFF,0xFF,0x54,0x54,0x43,0x00,0x00,0x00,0x00,0x0C,0xFE,0xFF,0xD8,0x00,0x00,
  0x00,0x00,0x63,0xFF,0xFF,0x84,0x00,0x00,0x00,0x00,0x00,0x00,0x00,0x36,0xFF,0xFF,
  0xAE,0x00,0x00,0x00,0x00,0x8D,0xFF,0xFF,0x5A,0x00,0x00,0x00,0x00,0x00,0x00,0x00,
  0x60,0xFF,0xFF,0x84,0x00,0x00,0x00,0x00,0xB7,0xFF,0xFF,0x30,0x00,0x00,0x00,0x00,
  0x00,0x00,0x00,0x8A,0xFF,0xFF,0x5A,0x00,0x00,0x00,0x00,0xE1,0xFF,0xFD,0x09,0x00,
  0x00,0x00,0x00,0x00,0x00,0x00,0xB3,0xFF,0xFF,0x30,0x00,0x00,0x00,0x0C,0xFE,0xFF,
  0xDC,0x00,0x00,0x00,0x00,0x00,0x00,0x00,0x00,0x00,0x00,0x00,0x00,0x00,0x04,0x08,
  0x07,0x00,0x00,0x00,0x00,0x00,0x00,0x00,0x00,0x00,0x00,0x00,0x00,0x00,0x00,0x00,
  0x98,0xFF,0xF0,0x00,0x00,0x00,0x00,0x00,0x00,0x00,0x00,0x00,0x00,0x00,0x00,0x00,
  0x00,0x00,0x98,0xFF,0xF0,0x00,0x00,0x00,0x00,0x00,0x00,0x00,0x00,0x00,0x00,0x00,
  0x00,0x00,0x00,0x01,0xAA,0xFF,0xFF,0x01,0x00,0x00,0x00,0x00,0x00,0x00,0x00,0x00,
  0x00,0x00,0x03,0x60,0xB5,0xF7,0xFF,0xFF,0xFF,0xFB,0xBE,0x67,0x06,0x00,0x00,0x00,
  0x00,0x00,0x00,0x2D,0xD0,0xFF,0xFF,0xFF,0xFF,0xFF,0xFF,0xFF,0xFF,0xFF,0xD5,0x31,
  0x00,0x00,0x00,0x00,0x25,0xE9,0xFF,0xFF,0xFF,0xFF,0xFF,0xFF,0xFF,0xFF,0xFF,0xFF,
  0xFF,0xEA,0x23,0x00,0x00,0x00,0xBB,0xFF,0xFF,0xFF,0xEE,0x7E,0xCF,0xFF,0xFF,0x7E,
  0xF1,0xFF,0xFF,0xFF,0xBC,0x00,0x00,0x29,0xFF,0xFF,0xFF,0xED,0x23,0x00,0x98,0xFF,
  0xF0,0x00,0x1C,0xE3,0xFF,0xFF,0xFF,0x2D,0x00,0x57,0xFF,0xFF,0xFF,0x8C,0x00,0x00,
  0x98,0xFF,0xF0,0x00,0x00,0x62,0xFF,0xFF,0xFF,0x69,0x00,0x6D,0xFF,0xFF,0xFF,0x80,
  0x00,0x00,0x98,0xFF,0xF0,0x00,0x00,0x1C,0xB8,0xB8,0xB8,0x63,0x00,0x51,0xFF,0xFF,
  0xFF,0xE0,0x19,0x00,0x98,0xFF,0xF0,0x00,0x00,0x00,0x00,0x00,0x00,0x00,0x00,0x0E,
  0xF1,0xFF,0xFF,0xFF,0xEC,0x7E,0xBF,0xFF,0xF0,0x00,0x00,0x00,0x00,0x00,0x00,0x00,
  0x00,0x00,0x67,0xFF,0xFF,0xFF,0xFF,0xFF,0xFF,0xFF,0xFF,0x6B,0x27,0x00,0x00,0x00,
  0x00,0x00,0x00,0x00,0x00,0x68,0xF6,0xFF,0xFF,0xFF,0xFF,0xFF,0xFF,0xFF,0xFF,0xD6,
  0x70,0x08,0x00,0x00,0x00,0x00,0x00,0x00,0x1A,0x8A,0xE6,0xFF,0xFF,0xFF,0xFF,0xFF,
  0xFF,0xFF,0xFF,0xDF,0x34,0x00,0x00,0x00,0x00,0x00,0x00,0x00,0x01,0x2F,0xFF,0xFF,
  0xFF,0xFF,0xFF,0xFF,0xFF,0xFF,0xEF,0x25,0x00,0x00,0x00,0x00,0x00,0x00,0x00,0x00,
  0x98,0xFF,0xF0,0x31,0x97,0xFB,0xFF,0xFF,0xFF,0xAC,0x00,0x07,0x08,0x08,0x07,0x00,
  0x00,0x00,0x98,0xFF,0xF0,0x00,0x00,0x48,0xFF,0xFF,0xFF,0xF7,0x04,0xDD,0xFF,0xFF,
  0xF8,0x02,0x00,0x00,0x98,0xFF,0xF0,0x00,0x00,0x00,0xCD,0xFF,0xFF,0xFF,0x19,0xBF,
  0xFF,0xFF,0xFF,0x39,0x00,0x00,0x98,0xFF,0xF0,0x00,0x00,0x00,0xD6,0xFF,0xFF,0xFF,
  0x10,0x81,0xFF,0xFF,0xFF,0xC6,0x08,0x00,0x98,0xFF,0xF0,0x00,0x00,0x4D,0xFF,0xFF,
  0xFF,0xDF,0x00,0x1D,0xF8,0xFF,0xFF,0xFF,0xD2,0x50,0xA3,0xFF,0xF0,0x25,0x84,0xF8,
  0xFF,0xFF,0xFF,0x7E,0x00,0x00,0x60,0xFF,0xFF,0xFF,0xFF,0xFF,0xFF,0xFF,0xFF,0xFF,
  0xFF,0xFF,0xFF,0xFF,0xCA,0x0A,0x00,0x00,0x00,0x6A,0xF5,0xFF,0xFF,0xFF,0xFF,0xFF,
  0xFF,0xFF,0xFF,0xFF,0xFF,0xC0,0x13,0x00,0x00,0x00,0x00,0x00,0x20,0x96,0xE5,0xFF,
  0xFF,0xFF,0xFF,0xFF,0xFA,0xBD,0x58,0x00,0x00,0x00,0x00,0x00,0x00,0x00,0x00,0x00,
  0x01,0x24,0xD5,0xFF,0xFF,0x32,0x0D,0x00,0x00,0x00,0x00,0x00,0x00,0x00,0x00,0x00,
  0x00,0x00,0x00,0x00,0x98,0xFF,0xF0,0x00,0x00,0x00,0x00,0x00,0x00,0x00,0x00,0x00,
  0x00,0x00,0x00,0x00,0x00,0x00,0x98,0xFF,0xF0,0x00,0x00,0x00,0x00,0x00,0x00,0x00,
  0x00,0x00,0x00,0x00,0x00,0x00,0x00,0x00,0x1E,0x34,0x30,0x00,0x00,0x00,0x00,0x00,
  0x00,0x00,0x00,0x00,0x00,0x00,0x04,0x1F,0x17,0x01,0x00,0x00,0x00,0x00,0x00,0x00,
  0x00,0x00,0x00,0x00,0x00,0x00,0x00,0x00,0x00,0x00,0x00,0x00,0x09,0x8F,0xF2,0xFF,
  0xFF,0xE0,0x64,0x00,0x00,0x00,0x00,0x00,0x00,0x00,0x00,0x00,0x74,0xD4,0xD4,0x58,
  0x00,0x00,0x00,0x04,0xC4,0xFF,0xFF,0xFF,0xFF,0xFF,0xFF,0x81,0x00,0x00,0x00,0x00,
  0x00,0x00,0x00,0x32,0xFA,0xFF,0xC6,0x03,0x00,0x00,0x00,0x6F,0xFF,0xFF,0xCE,0x50,
  0x65,0xEE,0xFF,0xFD,0x29,0x00,0x00,0x00,0x00,0x00,0x08,0xD5,0xFF,0xF5,0x25,0x00,
  0x00,0x00,0x00,0xCB,0xFF,0xFD,0x21,0x00,0x00,0x65,0xFF,0xFF,0x83,0x00,0x00,0x00,
  0x00,0x00,0x8E,0xFF,0xFF,0x6A,0x00,0x00,0x00,0x00,0x00,0xF2,0xFF,0xE2,0x00,0x00,
  0x00,0x28,0xFF,0xFF,0xA9,0x00,0x00,0x00,0x00,0x3F,0xFE,0xFF,0xB9,0x00,0x00,0x00,
  0x00,0x00,0x00,0xFD,0xFF,0xD7,0x00,0x00,0x00,0x1B,0xFF,0xFF,0xB4,0x00,0x00,0x00,
  0x0D,0xDF,0xFF,0xEE,0x1B,0x00,0x00,0x00,0x00,0x00,0x00,0xE5,0xFF,0xF1,0x02,0x00,
  0x00,0x39,0xFF,0xFF,0x9D,0x00,0x00,0x00,0x9E,0xFF,0xFF,0x5A,0x00,0x00,0x00,0x00,
  0x00,0x00,0x00,0xA7,0xFF,0xFF,0x63,0x00,0x02,0xA9,0xFF,0xFF,0x5E,0x00,0x00,0x4D,
  0xFF,0xFF,0xAA,0x00,0x00,0x00,0x00,0x00,0x00,0x00,0x00,0x34,0xFB,0xFF,0xFE,0xC8,
  0xDA,0xFF,0xFF,0xDD,0x0A,0x00,0x14,0xE8,0xFF,0xE7,0x13,0x00,0x00,0x00,0x00,0x00,
  0x00,0x00,0x00,0x00,0x61,0xFA,0xFF,0xFF,0xFF,0xFF,0xE3,0x2F,0x00,0x00,0xAD,0xFF,
  0xFF,0x4B,0x00,0x00,0x00,0x00,0x00,0x00,0x00,0x00,0x00,0x00,0x00,0x25,0x85,0xAC,
  0xA5,0x6F,0x10,0x00,0x00,0x5D,0xFF,0xFF,0x9B,0x00,0x00,0x00,0x00,0x00,0x00,0x00,
  0x00,0x00,0x00,0x00,0x00,0x00,0x00,0x00,0x00,0x00,0x00,0x00,0x1C,0xEF,0xFF,0xDE,
  0x0C,0x00,0x00,0x11,0x60,0x7F,0x6D,0x29,0x00,0x00,0x00,0x00,0x00,0x00,0x00,0x00,
  0x00,0x00,0x00,0x01,0xBB,0xFF,0xFD,0x3D,0x00,0x00,0x5D,0xF4,0xFF,0xFF,0xFF,0xFF,
  0x9C,0x06,0x00,0x00,0x00,0x00,0x00,0x00,0x00,0x00,0x00,0x6D,0xFF,0xFF,0x8B,0x00,
  0x00,0x45,0xFE,0xFF,0xFF,0xEF,0xFE,0xFF,0xFF,0x93,0x00,0x00,0x00,0x00,0x00,0x00,
  0x00,0x00,0x26,0xF5,0xFF,0xD3,0x07,0x00,0x00,0xC9,0xFF,0xFF,0x58,0x00,0x24,0xE6,
  0xFF,0xFD,0x1B,0x00,0x00,0x00,0x00,0x00,0x00,0x03,0xC8,0xFF,0xFA,0x31,0x00,0x00,
  0x13,0xFF,0xFF,0xC9,0x00,0x00,0x00,0x7D,0xFF,0xFF,0x62,0x00,0x00,0x00,0x00,0x00,
  0x00,0x7D,0xFF,0xFF,0x7B,0x00,0x00,0x00,0x2E,0xFF,0xFF,0xA2,0x00,0x00,0x00,0x56,
  0xFF,0xFF,0x7E,0x00,0x00,0x00,0x00,0x00,0x31,0xFA,0xFF,0xC7,0x03,0x00,0x00,0x00,
  0x2A,0xFF,0xFF,0xA5,0x00,0x00,0x00,0x5A,0xFF,0xFF,0x7A,0x00,0x00,0x00,0x00,0x07,
  0xD4,0xFF,0xF5,0x25,0x00,0x00,0x00,0x00,0x0D,0xFC,0xFF,0xD6,0x00,0x00,0x00,0x8B,
  0xFF,0xFF,0x5A,0x00,0x00,0x00,0x00,0x8D,0xFF,0xFF,0x6B,0x00,0x00,0x00,0x00,0x00,
  0x00,0xB8,0xFF,0xFF,0x85,0x1E,0x51,0xF3,0xFF,0xF7,0x10,0x00,0x00,0x00,0x3E,0xFD,
  0xFF,0xBA,0x01,0x00,0x00,0x00,0x00,0x00,0x00,0x2D,0xF7,0xFF,0xFF,0xFF,0xFF,0xFF,
  0xFF,0x74,0x00,0x00,0x00,0x0D,0xDE,0xFF,0xEF,0x1C,0x00,0x00,0x00,0x00,0x00,0x00,
  0x00,0x00,0x3B,0xDB,0xFF,0xFF,0xFF,0xF2,0x73,0x00,0x00,0x00,0x00,0x00,0x00,0x00,
  0x00,0x00,0x00,0x00,0x00,0x00,0x00,0x00,0x00,0x00,0x00,0x01,0x35,0x53,0x42,0x0D,
  0x00,0x00,0x00,0x00,0x00,0x00,0x00,0x00,0x00,0x00,0x00,0x0D,0x00,0x00,0x00,0x00,
  0x00,0x00,0x00,0x00,0x00,0x00,0x00,0x00,0x00,0x00,0x00,0x00,0x58,0xC1,0xF7,0xFF,
  0xF8,0xC0,0x54,0x00,0x00,0x00,0x00,0x00,0x00,0x00,0x00,0x00,0x00,0x00,0x01,0xA3,
  0xFF,0xFF,0xFF,0xFF,0xFF,0xFF,0xFF,0x98,0x00,0x00,0x00,0x00,0x00,0x00,0x00,0x00,
  0x00,0x00,0x73,0xFF,0xFF,0xFF,0xFF,0xFF,0xFF,0xFF,0xFF,0xFF,0x5F,0x00,0x00,0x00,
  0x00,0x00,0x00,0x00,0x00,0x02,0xE4,0xFF,0xFF,0xE7,0x3A,0x05,0x38,0xDD,0xFF,0xFF,
  0xCB,0x00,0x00,0x00,0x00,0x00,0x00,0x00,0x00,0x1D,0xFF,0xFF,0xFF,0x4D,0x00,0x00,
  0x00,0x54,0xFF,0xFF,0xF6,0x00,0x00,0x00,0x00,0x00,0x00,0x00,0x00,0x2C,0xFF,0xFF,
  0xFF,0x2C,0x00,0x00,0x00,0x4B,0xFF,0xFF,0xF4,0x00,0x00,0x00,0x00,0x00,0x00,0x00,
  0x00,0x0E,0xFB,0xFF,0xFF,0x6D,0x00,0x00,0x04,0xC1,0xFF,0xFF,0xB9,0x00,0x00,0x00,
  0x00,0x00,0x00,0x00,0x00,0x00,0xB7,0xFF,0xFF,0xE9,0x15,0x14,0xB8,0xFF,0xFF,0xFF,
  0x43,0x00,0x00,0x00,0x00,0x00,0x00,0x00,0x00,0x00,0x36,0xFD,0xFF,0xFF,0xFF,0xEC,
  0xFF,0xFF,0xFF,0x87,0x00,0x00,0x00,0x00,0x00,0x00,0x00,0x00,0x00,0x00,0x00,0x89,
  0xFF,0xFF,0xFF,0xFF,0xFF,0xFD,0x7D,0x00,0x00,0x00,0x00,0x00,0x00,0x00,0x00,0x00,
  0x00,0x00,0x00,0x38,0xFF,0xFF,0xFF,0xFF,0xFF,0x43,0x00,0x00,0x00,0x00,0x00,0x00,
  0x00,0x00,0x00,0x00,0x00,0x00,0x61,0xF9,0xFF,0xFF,0xFF,0xFF,0xFF,0x49,0x00,0x00,
  0x00,0x12,0x38,0x38,0x33,0x00,0x00,0x00,0x00,0x6F,0xFF,0xFF,0xFF,0xFF,0xFF,0xFF,
  0xFF,0xF2,0x2D,0x00,0x00,0x61,0xFF,0xFF,0xE1,0x00,0x00,0x00,0x3E,0xFE,0xFF,0xFF,
  0xEB,0x3A,0x43,0xFA,0xFF,0xFF,0xE1,0x18,0x00,0x86,0xFF,0xFF,0xCC,0x00,0x00,0x00,
  0xBD,0xFF,0xFF,0xFD,0x36,0x00,0x00,0x60,0xFF,0xFF,0xFF,0xCA,0x09,0xD1,0xFF,0xFF,
  0x9F,0x00,0x00,0x00,0xF9,0xFF,0xFF,0xBD,0x00,0x00,0x00,0x00,0x82,0xFF,0xFF,0xFF,
  0xF2,0xFF,0xFF,0xFF,0x5C,0x00,0x00,0x04,0xFC,0xFF,0xFF,0xB3,0x00,0x00,0x00,0x00,
  0x00,0xA2,0xFF,0xFF,0xFF,0xFF,0xFF,0xF1,0x0E,0x00,0x00,0x00,0xDF,0xFF,0xFF,0xF4,
  0x19,0x00,0x00,0x00,0x00,0x06,0xCA,0xFF,0xFF,0xFF,0xFF,0x7E,0x00,0x00,0x00,0x00,
  0x8A,0xFF,0xFF,0xFF,0xD1,0x2C,0x00,0x00,0x02,0x4A,0xEA,0xFF,0xFF,0xFF,0xFF,0x46,
  0x00,0x00,0x00,0x00,0x18,0xE6,0xFF,0xFF,0xFF,0xFF,0xD8,0xC8,0xEB,0xFF,0xFF,0xFF,
  0xFF,0xFF,0xFF,0xEE,0x27,0x00,0x00,0x00,0x00,0x32,0xE5,0xFF,0xFF,0xFF,0xFF,0xFF,
  0xFF,0xFF,0xFF,0xFE,0xBF,0xFA,0xFF,0xFF,0xDC,0x13,0x00,0x00,0x00,0x00,0x10,0x8D,
  0xE6,0xFF,0xFF,0xFF,0xFF,0xF4,0xAA,0x35,0x00,0x4E,0xFD,0xFF,0xFF,0xC3,0x07,0x00,
  0x00,0x00,0x00,0x00,0x02,0x27,0x40,0x47,0x30,0x05,0x00,0x00,0x00,0x00,0x00,0x00,
  0x00,0x00,0x00,0x87,0xD4,0xD4,0xAB,0x99,0xFF,0xFF,0xC4,0x8D,0xFF,0xFF,0xB8,0x81,
  0xFF,0xFF,0xAC,0x75,0xFF,0xFF,0xA0,0x69,0xFF,0xFF,0x94,0x5D,0xFF,0xFF,0x88,0x51,
  0xFF,0xFF,0x7C,0x11,0x3C,0x3C,0x1B,0x00,0x00,0x00,0x00,0xBE,0xF8,0xF8,0xD0,0x00,
  0x00,0x00,0x00,0x47,0xFF,0xFF,0xFF,0x6D,0x00,0x00,0x00,0x00,0xB8,0xFF,0xFF,0xF7,
  0x0F,0x00,0x00,0x00,0x1E,0xFD,0xFF,0xFF,0xAE,0x00,0x00,0x00,0x00,0x74,0xFF,0xFF,
  0xFF,0x58,0x00,0x00,0x00,0x00,0xBE,0xFF,0xFF,0xFD,0x12,0x00,0x00,0x00,0x0B,0xFA,
  0xFF,0xFF,0xC9,0x00,0x00,0x00,0x00,0x3D,0xFF,0xFF,0xFF,0x8D,0x00,0x00,0x00,0x00,
  0x72,0xFF,0xFF,0xFF,0x5A,0x00,0x00,0x00,0x00,0x9F,0xFF,0xFF,0xFF,0x2A,0x00,0x00,
  0x00,0x00,0xC0,0xFF,0xFF,0xFF,0x09,0x00,0x00,0x00,0x00,0xDF,0xFF,0xFF,0xE8,0x00,
  0x00,0x00,0x00,0x00,0xF0,0xFF,0xFF,0xD3,0x00,0x00,0x00,0x00,0x00,0xFB,0xFF,0xFF,
  0xC8,0x00,0x00,0x00,0x00,0x01,0xFE,0xFF,0xFF,0xC2,0x00,0x00,0x00,0x00,0x00,0xF0,
  0xFF,0xFF,0xCC,0x00,0x00,0x00,0x00,0x00,0xDF,0xFF,0xFF,0xDC,0x00,0x00,0x00,0x00,
  0x00,0xCD,0xFF,0xFF,0xFA,0x02,0x00,0x00,0x00,0x00,0xA3,0xFF,0xFF,0xFF,0x22,0x00,
  0x00,0x00,0x00,0x70,0xFF,0xFF,0xFF,0x58,0x00,0x00,0x00,0x00,0x3D,0xFF,0xFF,0xFF,
  0x92,0x00,0x00,0x00,0x00,0x08,0xF1,0xFF,0xFF,0xDC,0x00,0x00,0x00,0x00,0x00,0xA2,
  0xFF,0xFF,0xFF,0x2A,0x00,0x00,0x00,0x00,0x4B,0xFF,0xFF,0xFF,0x84,0x00,0x00,0x00,
  0x00,0x05,0xE3,0xFF,0xFF,0xE1,0x01,0x00,0x00,0x00,0x00,0x69,0xFF,0xFF,0xFF,0x4A,
  0x00,0x00,0x00,0x00,0x06,0xE2,0xFF,0xFF,0xB6,0x00,0x00,0x00,0x00,0x00,0x2A,0x48,
  0x48,0x46,0x00,0x15,0xF1,0xF8,0xF8,0x8B,0x00,0x00,0x00,0x00,0xA4,0xFF,0xFF,0xF7,
  0x1B,0x00,0x00,0x00,0x3D,0xFF,0xFF,0xFF,0x82,0x00,0x00,0x00,0x01,0xE4,0xFF,0xFF,
  0xE1,0x02,0x00,0x00,0x00,0x90,0xFF,0xFF,0xFF,0x3C,0x00,0x00,0x00,0x48,0xFF,0xFF,
  0xFF,0x86,0x00,0x00,0x00,0x09,0xF8,0xFF,0xFF,0xCE,0x00,0x00,0x00,0x00,0xC5,0xFF,
  0xFF,0xFC,0x09,0x00,0x00,0x00,0x93,0xFF,0xFF,0xFF,0x3A,0x00,0x00,0x00,0x62,0xFF,
  0xFF,0xFF,0x67,0x00,0x00,0x00,0x3F,0xFF,0xFF,0xFF,0x88,0x00,0x00,0x00,0x1E,0xFF,
  0xFF,0xFF,0xA9,0x00,0x00,0x00,0x09,0xFF,0xFF,0xFF,0xBB,0x00,0x00,0x00,0x00,0xFD,
  0xFF,0xFF,0xC6,0x00,0x00,0x00,0x00,0xF7,0xFF,0xFF,0xCB,0x00,0x00,0x00,0x02,0xFF,
  0xFF,0xFF,0xBB,0x00,0x00,0x00,0x11,0xFF,0xFF,0xFF,0xAA,0x00,0x00,0x00,0x32,0xFF,
  0xFF,0xFF,0x98,0x00,0x00,0x00,0x57,0xFF,0xFF,0xFF,0x6E,0x00,0x00,0x00,0x8D,0xFF,
  0xFF,0xFF,0x3B,0x00,0x00,0x00,0xC7,0xFF,0xFF,0xFD,0x0B,0x00,0x00,0x14,0xFD,0xFF,
  0xFF,0xC5,0x00,0x00,0x00,0x5E,0xFF,0xFF,0xFF,0x6D,0x00,0x00,0x00,0xBA,0xFF,0xFF,
  0xFD,0x19,0x00,0x00,0x1B,0xFD,0xFF,0xFF,0xB3,0x00,0x00,0x00,0x81,0xFF,0xFF,0xFF,
  0x35,0x00,0x00,0x06,0xE8,0xFF,0xFF,0xB4,0x00,0x00,0x00,0x0E,0x48,0x48,0x48,0x1B,
  0x00,0x00,0x00,0x00,0x00,0x00,0x00,0x00,0x6C,0xD4,0xD1,0x00,0x00,0x00,0x00,0x00,
  0x00,0x00,0x00,0x00,0x00,0x76,0xFF,0xF1,0x00,0x00,0x00,0x00,0x00,0x00,0x2A,0x95,
  0x0D,0x00,0x68,0xFF,0xE3,0x00,0x00,0x45,0x87,0x00,0x00,0xB8,0xFF,0xE1,0x46,0x5A,
  0xFF,0xD5,0x0F,0x9C,0xFF,0xFE,0x35,0x0E,0xBD,0xFF,0xFF,0xFF,0xCE,0xFF,0xE8,0xE4,
  0xFF,0xFF,0xED,0x59,0x00,0x00,0x3D,0xBE,0xFF,0xFF,0xFF,0xFF,0xFF,0xED,0x7B,0x0D,
  0x00,0x00,0x00,0x00,0x1C,0xC5,0xFF,0xFF,0xFF,0xFB,0x60,0x01,0x00,0x00,0x00,0x1B,
  0x94,0xF8,0xFF,0xFF,0xFF,0xFF,0xFF,0xFF,0xD1,0x52,0x01,0x0D,0xF0,0xFF,0xFF,0xDC,
  0x8F,0xFF,0xD7,0x95,0xFE,0xFF,0xFF,0x79,0x00,0x84,0xFD,0x8F,0x0A,0x60,0xFF,0xDB,
  0x00,0x3E,0xDB,0xED,0x12,0x00,0x0B,0x37,0x00,0x00,0x6D,0xFF,0xE8,0x00,0x00,0x09,
  0x39,0x00,0x00,0x00,0x00,0x00,0x00,0x7B,0xFF,0xF6,0x00,0x00,0x00,0x00,0x00,0x00,
  0x00,0x00,0x00,0x00,0x3C,0x74,0x73,0x00,0x00,0x00,0x00,0x00,0x00,0x00,0x00,0x00,
  0x00,0x00,0xB5,0xCC,0xCC,0x49,0x00,0x00,0x00,0x00,0x00,0x00,0x00,0x00,0x00,0x00,
  0x00,0x00,0xE4,0xFF,0xFF,0x5C,0x00,0x00,0x00,0x00,0x00,0x00,0x00,0x00,0x00,0x00,
  0x00,0x00,0xE4,0xFF,0xFF,0x5C,0x00,0x00,0x00,0x00,0x00,0x00,0x00,0x00,0x00,0x00,
  0x00,0x00,0xE4,0xFF,0xFF,0x5C,0x00,0x00,0x00,0x00,0x00,0x00,0x00,0x00,0x00,0x00,
  0x00,0x00,0xE4,0xFF,0xFF,0x5C,0x00,0x00,0x00,0x00,0x00,0x00,0x02,0x04,0x04,0x04,
  0x04,0x04,0xE8,0xFF,0xFF,0x60,0x04,0x04,0x04,0x04,0x04,0x00,0x9C,0xFF,0xFF,0xFF,
  0xFF,0xFF,0xFF,0xFF,0xFF,0xFF,0xFF,0xFF,0xFF,0xFF,0xFF,0x14,0x9C,0xFF,0xFF,0xFF,
  0xFF,0xFF,0xFF,0xFF,0xFF,0xFF,0xFF,0xFF,0xFF,0xFF,0xFF,0x14,0x9C,0xFF,0xFF,0xFF,
  0xFF,0xFF,0xFF,0xFF,0xFF,0xFF,0xFF,0xFF,0xFF,0xFF,0xFF,0x14,0x0E,0x18,0x18,0x18,
  0x18,0x18,0xFC,0xFF,0xFF,0x74,0x18,0x18,0x18,0x18,0x18,0x01,0x00,0x00,0x00,0x00,
  0x00,0x00,0xE4,0xFF,0xFF,0x5C,0x00,0x00,0x00,0x00,0x00,0x00,0x00,0x00,0x00,0x00,
  0x00,0x00,0xE4,0xFF,0xFF,0x5C,0x00,0x00,0x00,0x00,0x00,0x00,0x00,0x00,0x00,0x00,
  0x00,0x00,0xE4,0xFF,0xFF,0x5C,0x00,0x00,0x00,0x00,0x00,0x00,0x00,0x00,0x00,0x00,
  0x00,0x00,0xE4,0xFF,0xFF,0x5C,0x00,0x00,0x00,0x00,0x00,0x00,0x00,0x00,0x00,0x00,
  0x00,0x00,0xCB,0xE4,0xE4,0x51,0x00,0x00,0x00,0x00,0x00,0x00,0x00,0x09,0xD3,0xD4,
  0xD4,0x7C,0x00,0x2E,0xFF,0xFF,0xFF,0x53,0x00,0x53,0xFF,0xFF,0xFB,0x0F,0x00,0x79,
  0xFF,0xFF,0xC3,0x00,0x00,0x9E,0xFF,0xFF,0x7B,0x00,0x00,0xC3,0xFF,0xFF,0x33,0x00,
  0x00,0xE9,0xFF,0xE9,0x01,0x00,0x0E,0xFF,0xFF,0xA2,0x00,0x00,0x03,0x18,0x18,0x0B,
  0x00,0x00,0x14,0x4C,0x4C,0x4C,0x4C,0x4C,0x4C,0x4C,0x4C,0x4C,0x28,0x44,0xFF,0xFF,
  0xFF,0xFF,0xFF,0xFF,0xFF,0xFF,0xFF,0x88,0x44,0xFF,0xFF,0xFF,0xFF,0xFF,0xFF,0xFF,
  0xFF,0xFF,0x88,0x37,0xD0,0xD0,0xD0,0xD0,0xD0,0xD0,0xD0,0xD0,0xD0,0x6E,0x00,0x0A,
  0x3D,0x1D,0x00,0x18,0xDE,0xFF,0xFA,0x58,0x80,0xFF,0xFF,0xFF,0xDC,0x7E,0xFF,0xFF,
  0xFF,0xD9,0x15,0xD9,0xFF,0xF8,0x52,0x00,0x07,0x36,0x17,0x00,0x00,0x00,0x00,0x00,
  0x00,0x00,0x00,0xCB,0xDC,0xDC,0x4D,0x00,0x00,0x00,0x00,0x00,0x00,0x2E,0xFF,0xFF,
  0xFF,0x1A,0x00,0x00,0x00,0x00,0x00,0x00,0x73,0xFF,0xFF,0xD5,0x00,0x00,0x00,0x00,
  0x00,0x00,0x00,0xB7,0xFF,0xFF,0x90,0x00,0x00,0x00,0x00,0x00,0x00,0x06,0xF5,0xFF,
  0xFF,0x4B,0x00,0x00,0x00,0x00,0x00,0x00,0x41,0xFF,0xFF,0xFA,0x0C,0x00,0x00,0x00,
  0x00,0x00,0x00,0x86,0xFF,0xFF,0xC1,0x00,0x00,0x00,0x00,0x00,0x00,0x00,0xCB,0xFF,
  0xFF,0x7C,0x00,0x00,0x00,0x00,0x00,0x00,0x12,0xFD,0xFF,0xFF,0x37,0x00,0x00,0x00,
  0x00,0x00,0x00,0x55,0xFF,0xFF,0xF0,0x03,0x00,0x00,0x00,0x00,0x00,0x00,0x99,0xFF,
  0xFF,0xAE,0x00,0x00,0x00,0x00,0x00,0x00,0x00,0xDE,0xFF,0xFF,0x69,0x00,0x00,0x00,
  0x00,0x00,0x00,0x23,0xFF,0xFF,0xFF,0x24,0x00,0x00,0x00,0x00,0x00,0x00,0x68,0xFF,
  0xFF,0xDF,0x00,0x00,0x00,0x00,0x00,0x00,0x00,0xAD,0xFF,0xFF,0x9A,0x00,0x00,0x00,
  0x00,0x00,0x00,0x03,0xEE,0xFF,0xFF,0x55,0x00,0x00,0x00,0x00,0x00,0x00,0x37,0xFF,
  0xFF,0xFD,0x13,0x00,0x00,0x00,0x00,0x00,0x00,0x7B,0xFF,0xFF,0xCC,0x00,0x00,0x00,
  0x00,0x00,0x00,0x00,0xC0,0xFF,0xFF,0x87,0x00,0x00,0x00,0x00,0x00,0x00,0x0B,0xF9,
  0xFF,0xFF,0x42,0x00,0x00,0x00,0x00,0x00,0x00,0x4A,0xFF,0xFF,0xF6,0x07,0x00,0x00,
  0x00,0x00,0x00,0x00,0x8F,0xFF,0xFF,0xB8,0x00,0x00,0x00,0x00,0x00,0x00,0x00,0xD4,
  0xFF,0xFF,0x73,0x00,0x00,0x00,0x00,0x00,0x00,0x19,0xFF,0xFF,0xFF,0x2F,0x00,0x00,
  0x00,0x00,0x00,0x00,0x5D,0xFF,0xFF,0xE9,0x01,0x00,0x00,0x00,0x00,0x00,0x00,0xA2,
  0xFF,0xFF,0xA5,0x00,0x00,0x00,0x00,0x00,0x00,0x00,0x3A,0x48,0x48,0x22,0x00,0x00,
  0x00,0x00,0x00,0x00,0x00,0x00,0x00,0x00,0x00,0x00,0x00,0x00,0x16,0x27,0x1C,0x02,
  0x00,0x00,0x00,0x00,0x00,0x00,0x00,0x00,0x00,0x00,0x00,0x1B,0x91,0xE6,0xFF,0xFF,
  0xFF,0xF1,0xA7,0x32,0x00,0x00,0x00,0x00,0x00,0x00,0x00,0x00,0x53,0xF3,0xFF,0xFF,
  0xFF,0xFF,0xFF,0xFF,0xFF,0xFD,0x80,0x00,0x00,0x00,0x00,0x00,0x00,0x4F,0xFD,0xFF,
  0xFF,0xFF,0xFF,0xFF,0xFF,0xFF,0xFF,0xFF,0xFF,0x83,0x00,0x00,0x00,0x00,0x19,0xEF,
  0xFF,0xFF,0xFF,0xB6,0x3C,0x14,0x30,0x96,0xFD,0xFF,0xFF,0xFE,0x3F,0x00,0x00,0x00,
  0x96,0xFF,0xFF,0xFF,0xA0,0x00,0x00,0x00,0x00,0x00,0x6D,0xFF,0xFF,0xFF,0xC9,0x00,
  0x00,0x0B,0xF5,0xFF,0xFF,0xE8,0x08,0x00,0x00,0x00,0x00,0x00,0x00,0xBD,0xFF,0xFF,
  0xFF,0x35,0x00,0x53,0xFF,0xFF,0xFF,0x80,0x00,0x00,0x00,0x00,0x00,0x00,0x00,0x4D,
  0xFF,0xFF,0xFF,0x87,0x00,0x8E,0xFF,0xFF,0xFF,0x37,0x00,0x00,0x00,0x00,0x00,0x00,
  0x00,0x09,0xFA,0xFF,0xFF,0xC4,0x00,0xB7,0xFF,0xFF,0xF9,0x06,0x00,0x00,0x00,0x00,
  0x00,0x00,0x00,0x00,0xCC,0xFF,0xFF,0xED,0x00,0xD2,0xFF,0xFF,0xE5,0x00,0x00,0x00,
  0x00,0x00,0x00,0x00,0x00,0x00,0xB2,0xFF,0xFF,0xFF,0x09,0xDF,0xFF,0xFF,0xD5,0x00,
  0x00,0x00,0x00,0x00,0x00,0x00,0x00,0x00,0xA2,0xFF,0xFF,0xFF,0x15,0xE0,0xFF,0xFF,
  0xD2,0x00,0x00,0x00,0x00,0x00,0x00,0x00,0x00,0x00,0x9E,0xFF,0xFF,0xFF,0x17,0xD6,
  0xFF,0xFF,0xE2,0x00,0x00,0x00,0x00,0x00,0x00,0x00,0x00,0x00,0xAF,0xFF,0xFF,0xFF,
  0x0C,0xBD,0xFF,0xFF,0xF6,0x02,0x00,0x00,0x00,0x00,0x00,0x00,0x00,0x00,0xC5,0xFF,
  0xFF,0xF3,0x00,0x98,0xFF,0xFF,0xFF,0x2D,0x00,0x00,0x00,0x00,0x00,0x00,0x00,0x04,
  0xF5,0xFF,0xFF,0xCE,0x00,0x60,0xFF,0xFF,0xFF,0x6F,0x00,0x00,0x00,0x00,0x00,0x00,
  0x00,0x3B,0xFF,0xFF,0xFF,0x95,0x00,0x16,0xFC,0xFF,0xFF,0xD9,0x01,0x00,0x00,0x00,
  0x00,0x00,0x00,0xA8,0xFF,0xFF,0xFF,0x47,0x00,0x00,0xAE,0xFF,0xFF,0xFF,0x7C,0x00,
  0x00,0x00,0x00,0x00,0x4B,0xFD,0xFF,0xFF,0xDE,0x03,0x00,0x00,0x2D,0xFA,0xFF,0xFF,
  0xFE,0x8A,0x10,0x00,0x07,0x69,0xF3,0xFF,0xFF,0xFF,0x5D,0x00,0x00,0x00,0x00,0x75,
  0xFF,0xFF,0xFF,0xFF,0xFF,0xE7,0xFC,0xFF,0xFF,0xFF,0xFF,0xAB,0x00,0x00,0x00,0x00,
  0x00,0x00,0x81,0xFF,0xFF,0xFF,0xFF,0xFF,0xFF,0xFF,0xFF,0xFF,0xAF,0x08,0x00,0x00,
  0x00,0x00,0x00,0x00,0x00,0x40,0xC0,0xFF,0xFF,0xFF,0xFF,0xFF,0xD5,0x5F,0x01,0x00,
  0x00,0x00,0x00,0x00,0x00,0x00,0x00,0x00,0x00,0x15,0x43,0x53,0x49,0x21,0x00,0x00,
  0x00,0x00,0x00,0x00,0x00,0x00,0x00,0x00,0x00,0x03,0x78,0xD3,0xD4,0xD4,0x95,0x00,
  0x00,0x00,0x2E,0xCC,0xFF,0xFF,0xFF,0xFF,0xB4,0x00,0x06,0x81,0xFA,0xFF,0xFF,0xFF,
  0xFF,0xFF,0xB4,0x20,0xD3,0xFF,0xFF,0xFF,0xF8,0xFF,0xFF,0xFF,0xB4,0x4C,0xFF,0xFF,
  0xFF,0xC0,0x30,0xFF,0xFF,0xFF,0xB4,0x4C,0xFF,0xF2,0x69,0x01,0x0C,0xFF,0xFF,0xFF,
  0xB4,0x4C,0xB6,0x1D,0x00,0x00,0x0C,0xFF,0xFF,0xFF,0xB4,0x0A,0x00,0x00,0x00,0x00,
  0x0C,0xFF,0xFF,0xFF,0xB4,0x00,0x00,0x00,0x00,0x00,0x0C,0xFF,0xFF,0xFF,0xB4,0x00,
  0x00,0x00,0x00,0x00,0x0C,0xFF,0xFF,0xFF,0xB4,0x00,0x00,0x00,0x00,0x00,0x0C,0xFF,
  0xFF,0xFF,0xB4,0x00,0x00,0x00,0x00,0x00,0x0C,0xFF,0xFF,0xFF,0xB4,0x00,0x00,0x00,
  0x00,0x00,0x0C,0xFF,0xFF,0xFF,0xB4,0x00,0x00,0x00,0x00,0x00,0x0C,0xFF,0xFF,0xFF,
  0xB4,0x00,0x00,0x00,0x00,0x00,0x0C,0xFF,0xFF,0xFF,0xB4,0x00,0x00,0x00,0x00,0x00,
  0x0C,0xFF,0xFF,0xFF,0xB4,0x00,0x00,0x00,0x00,0x00,0x0C,0xFF,0xFF,0xFF,0xB4,0x00,
  0x00,0x00,0x00,0x00,0x0C,0xFF,0xFF,0xFF,0xB4,0x00,0x00,0x00,0x00,0x00,0x0C,0xFF,
  0xFF,0xFF,0xB4,0x00,0x00,0x00,0x00,0x00,0x0C,0xFF,0xFF,0xFF,0xB4,0x00,0x00,0x00,
  0x00,0x00,0x0C,0xFF,0xFF,0xFF,0xB4,0x00,0x00,0x00,0x00,0x00,0x0C,0xFF,0xFF,0xFF,
  0xB4,0x00,0x00,0x00,0x00,0x00,0x00,0x06,0x20,0x1B,0x03,0x00,0x00,0x00,0x00,0x00,
  0x00,0x00,0x00,0x00,0x12,0x78,0xD7,0xFE,0xFF,0xFF,0xFD,0xC3,0x66,0x04,0x00,0x00,
  0x00,0x00,0x00,0x39,0xE2,0xFF,0xFF,0xFF,0xFF,0xFF,0xFF,0xFF,0xFF,0xCC,0x24,0x00,
  0x00,0x00,0x27,0xF3,0xFF,0xFF,0xFF,0xFF,0xFF,0xFF,0xFF,0xFF,0xFF,0xFF,0xDC,0x13,
  0x00,0x00,0xCA,0xFF,0xFF,0xFF,0xBA,0x3F,0x0F,0x15,0x54,0xDB,0xFF,0xFF,0xFF,0x96,
  0x00,0x36,0xFF,0xFF,0xFF,0xB6,0x02,0x00,0x00,0x00,0x00,0x15,0xE7,0xFF,0xFF,0xF5,
  0x0C,0x86,0xFF,0xFF,0xFF,0x2F,0x00,0x00,0x00,0x00,0x00,0x00,0x81,0xFF,0xFF,0xFF,
  0x32,0xA6,0xFF,0xFF,0xEF,0x00,0x00,0x00,0x00,0x00,0x00,0x00,0x58,0xFF,0xFF,0xFF,
  0x4C,0x51,0x70,0x70,0x60,0x00,0x00,0x00,0x00,0x00,0x00,0x00,0x69,0xFF,0xFF,0xFF,
  0x3A,0x00,0x00,0x00,0x00,0x00,0x00,0x00,0x00,0x00,0x00,0x00,0xB9,0xFF,0xFF,0xF6,
  0x0B,0x00,0x00,0x00,0x00,0x00,0x00,0x00,0x00,0x00,0x00,0x54,0xFF,0xFF,0xFF,0x9F,
  0x00,0x00,0x00,0x00,0x00,0x00,0x00,0x00,0x00,0x00,0x3C,0xF4,0xFF,0xFF,0xEF,0x1C,
  0x00,0x00,0x00,0x00,0x00,0x00,0x00,0x00,0x00,0x42,0xF3,0xFF,0xFF,0xFD,0x4D,0x00,
  0x00,0x00,0x00,0x00,0x00,0x00,0x00,0x00,0x55,0xF8,0xFF,0xFF,0xFE,0x64,0x00,0x00,
  0x00,0x00,0x00,0x00,0x00,0x00,0x00,0x71,0xFE,0xFF,0xFF,0xFD,0x63,0x00,0x00,0x00,
  0x00,0x00,0x00,0x00,0x00,0x01,0x8D,0xFF,0xFF,0xFF,0xF9,0x55,0x00,0x00,0x00,0x00,
  0x00,0x00,0x00,0x00,0x07,0xA9,0xFF,0xFF,0xFF,0xF0,0x40,0x00,0x00,0x00,0x00,0x00,
  0x00,0x00,0x00,0x10,0xC1,0xFF,0xFF,0xFF,0xE5,0x2E,0x00,0x00,0x00,0x00,0x00,0x00,
  0x00,0x00,0x1E,0xD5,0xFF,0xFF,0xFF,0xD6,0x1E,0x00,0x00,0x00,0x00,0x00,0x00,0x00,
  0x00,0x2F,0xE5,0xFF,0xFF,0xFF,0xE4,0x46,0x34,0x34,0x34,0x34,0x34,0x34,0x34,0x34,
  0x17,0xB7,0xFF,0xFF,0xFF,0xFF,0xFF,0xFF,0xFF,0xFF,0xFF,0xFF,0xFF,0xFF,0xFF,0xFF,
  0x74,0xB8,0xFF,0xFF,0xFF,0xFF,0xFF,0xFF,0xFF,0xFF,0xFF,0xFF,0xFF,0xFF,0xFF,0xFF,
  0x74,0xB8,0xFF,0xFF,0xFF,0xFF,0xFF,0xFF,0xFF,0xFF,0xFF,0xFF,0xFF,0xFF,0xFF,0xFF,
  0x74,0x00,0x00,0x00,0x00,0x00,0x00,0x02,0x18,0x23,0x0B,0x00,0x00,0x00,0x00,0x00,
  0x00,0x00,0x00,0x00,0x00,0x02,0x5D,0xBC,0xFB,0xFF,0xFF,0xFF,0xE2,0x8F,0x23,0x00,
  0x00,0x00,0x00,0x00,0x00,0x1E,0xC4,0xFF,0xFF,0xFF,0xFF,0xFF,0xFF,0xFF,0xFF,0xF7,
  0x71,0x00,0x00,0x00,0x00,0x0E,0xD5,0xFF,0xFF,0xFF,0xFF,0xF9,0xF0,0xFF,0xFF,0xFF,
  0xFF,0xFF,0x6E,0x00,0x00,0x00,0x91,0xFF,0xFF,0xFF,0xCF,0x3F,0x01,0x00,0x19,0x87,
  0xFE,0xFF,0xFF,0xF6,0x17,0x00,0x0B,0xF2,0xFF,0xFF,0xE3,0x10,0x00,0x00,0x00,0x00,
  0x00,0x87,0xFF,0xFF,0xFF,0x73,0x00,0x34,0xFF,0xFF,0xFF,0x82,0x00,0x00,0x00,0x00,
  0x00,0x00,0x1F,0xFF,0xFF,0xFF,0x9B,0x00,0x2E,0x98,0x98,0x98,0x39,0x00,0x00,0x00,
  0x00,0x00,0x00,0x0F,0xFF,0xFF,0xFF,0x9E,0x00,0x00,0x00,0x00,0x00,0x00,0x00,0x00,
  0x00,0x00,0x00,0x00,0x54,0xFF,0xFF,0xFF,0x63,0x00,0x00,0x00,0x00,0x00,0x00,0x00,
  0x00,0x00,0x00,0x00,0x47,0xED,0xFF,0xFF,0xD8,0x08,0x00,0x00,0x00,0x00,0x00,0x00,
  0x00,0xA4,0xA4,0xB0,0xDC,0xFF,0xFF,0xFF,0xC9,0x1A,0x00,0x00,0x00,0x00,0x00,0x00,
  0x00,0x00,0xFF,0xFF,0xFF,0xFF,0xFF,0xEC,0x60,0x04,0x00,0x00,0x00,0x00,0x00,0x00,
  0x00,0x00,0x00,0xFF,0xFF,0xFF,0xFF,0xFF,0xFF,0xFD,0xAC,0x1F,0x00,0x00,0x00,0x00,
  0x00,0x00,0x00,0x00,0x58,0x58,0x65,0x8A,0xDC,0xFF,0xFF,0xFF,0xE8,0x26,0x00,0x00,
  0x00,0x00,0x00,0x00,0x00,0x00,0x00,0x00,0x00,0x04,0x87,0xFF,0xFF,0xFF,0xC2,0x00,
  0x00,0x00,0x00,0x00,0x00,0x00,0x00,0x00,0x00,0x00,0x00,0x00,0xC5,0xFF,0xFF,0xFF,
  0x26,0xB3,0xF4,0xF4,0xF3,0x09,0x00,0x00,0x00,0x00,0x00,0x00,0x00,0x87,0xFF,0xFF,
  0xFF,0x50,0x9D,0xFF,0xFF,0xFF,0x38,0x00,0x00,0x00,0x00,0x00,0x00,0x00,0x9C,0xFF,
  0xFF,0xFF,0x4E,0x58,0xFF,0xFF,0xFF,0xAD,0x00,0x00,0x00,0x00,0x00,0x00,0x1B,0xF1,
  0xFF,0xFF,0xFF,0x1E,0x06,0xE6,0xFF,0xFF,0xFF,0x9F,0x1B,0x00,0x00,0x02,0x45,0xDA,
  0xFF,0xFF,0xFF,0xB7,0x00,0x00,0x43,0xFC,0xFF,0xFF,0xFF,0xFD,0xDE,0xD3,0xEE,0xFF,
  0xFF,0xFF,0xFF,0xE6,0x20,0x00,0x00,0x00,0x57,0xF1,0xFF,0xFF,0xFF,0xFF,0xFF,0xFF,
  0xFF,0xFF,0xFF,0xD8,0x2B,0x00,0x00,0x00,0x00,0x00,0x21,0x98,0xED,0xFF,0xFF,0xFF,
  0xFF,0xFF,0xD2,0x75,0x06,0x00,0x00,0x00,0x00,0x00,0x00,0x00,0x00,0x05,0x2A,0x44,
  0x51,0x3C,0x1C,0x00,0x00,0x00,0x00,0x00,0x00,0x00,0x00,0x00,0x00,0x00,0x00,0x00,
  0x00,0x00,0x00,0x79,0xF8,0xFF,0xF5,0xD4,0x6A,0x00,0x00,0x00,0x00,0x00,0x00,0x00,
  0x00,0x00,0x00,0x00,0x00,0x3A,0xFC,0xFF,0xFF,0xFF,0xFF,0x80,0x00,0x00,0x00,0x00,
  0x00,0x00,0x00,0x00,0x00,0x00,0x00,0x0D,0xDD,0xFF,0xFF,0xFF,0xFF,0xFF,0x80,0x00,
  0x00,0x00,0x00,0x00,0x00,0x00,0x00,0x00,0x00,0x00,0x9F,0xFF,0xFF,0xFF,0xFF,0xFF,
  0xFF,0x80,0x00,0x00,0x00,0x00,0x00,0x00,0x00,0x00,0x00,0x00,0x52,0xFF,0xFF,0xFF,
  0xAF,0xFF,0xFF,0xFF,0x80,0x00,0x00,0x00,0x00,0x00,0x00,0x00,0x00,0x00,0x19,0xEC,
  0xFF,0xFF,0xC7,0x2F,0xFF,0xFF,0xFF,0x80,0x00,0x00,0x00,0x00,0x00,0x00,0x00,0x00,
  0x01,0xB9,0xFF,0xFF,0xF4,0x23,0x2C,0xFF,0xFF,0xFF,0x80,0x00,0x00,0x00,0x00,0x00,
  0x00,0x00,0x00,0x6E,0xFF,0xFF,0xFF,0x64,0x00,0x2C,0xFF,0xFF,0xFF,0x80,0x00,0x00,
  0x00,0x00,0x00,0x00,0x00,0x2A,0xF7,0xFF,0xFF,0xB0,0x00,0x00,0x2C,0xFF,0xFF,0xFF,
  0x80,0x00,0x00,0x00,0x00,0x00,0x00,0x06,0xCF,0xFF,0xFF,0xE8,0x15,0x00,0x00,0x2C,
  0xFF,0xFF,0xFF,0x80,0x00,0x00,0x00,0x00,0x00,0x00,0x8A,0xFF,0xFF,0xFF,0x4A,0x00,
  0x00,0x00,0x2C,0xFF,0xFF,0xFF,0x80,0x00,0x00,0x00,0x00,0x00,0x3F,0xFD,0xFF,0xFF,
  0x96,0x00,0x00,0x00,0x00,0x2C,0xFF,0xFF,0xFF,0x80,0x00,0x00,0x00,0x00,0x0F,0xE1,
  0xFF,0xFF,0xD8,0x0A,0x00,0x00,0x00,0x00,0x2C,0xFF,0xFF,0xFF,0x80,0x00,0x00,0x00,
  0x00,0xA5,0xFF,0xFF,0xFA,0x34,0x00,0x00,0x00,0x00,0x00,0x2C,0xFF,0xFF,0xFF,0x80,
  0x00,0x00,0x00,0x16,0xFF,0xFF,0xFF,0xFC,0xEC,0xEC,0xEC,0xEC,0xEC,0xEC,0xFF,0xFF,
  0xFF,0xFF,0xFF,0xEC,0xEC,0x72,0x18,0xFF,0xFF,0xFF,0xFF,0xFF,0xFF,0xFF,0xFF,0xFF,
  0xFF,0xFF,0xFF,0xFF,0xFF,0xFF,0xFF,0xFF,0x7C,0x18,0xFF,0xFF,0xFF,0xFF,0xFF,0xFF,
  0xFF,0xFF,0xFF,0xFF,0xFF,0xFF,0xFF,0xFF,0xFF,0xFF,0xFF,0x7C,0x04,0x34,0x34,0x34,
  0x34,0x34,0x34,0x34,0x34,0x34,0x34,0x64,0xFF,0xFF,0xFF,0xB4,0x34,0x34,0x19,0x00,
  0x00,0x00,0x00,0x00,0x00,0x00,0x00,0x00,0x00,0x00,0x30,0xFF,0xFF,0xFF,0x80,0x00,
  0x00,0x00,0x00,0x00,0x00,0x00,0x00,0x00,0x00,0x00,0x00,0x00,0x00,0x30,0xFF,0xFF,
  0xFF,0x80,0x00,0x00,0x00,0x00,0x00,0x00,0x00,0x00,0x00,0x00,0x00,0x00,0x00,0x00,
  0x30,0xFF,0xFF,0xFF,0x80,0x00,0x00,0x00,0x00,0x00,0x00,0x00,0x00,0x00,0x00,0x00,
  0x00,0x00,0x00,0x30,0xFF,0xFF,0xFF,0x80,0x00,0x00,0x00,0x00,0xC8,0xD4,0xD4,0xD4,
  0xD4,0xD4,0xD4,0xD4,0xD4,0xD4,0xD4,0xD4,0xD4,0x66,0x00,0x02,0xFE,0xFF,0xFF,0xFF,
  0xFF,0xFF,0xFF,0xFF,0xFF,0xFF,0xFF,0xFF,0xFF,0x7C,0x00,0x10,0xFF,0xFF,0xFF,0xFF,
  0xFF,0xFF,0xFF,0xFF,0xFF,0xFF,0xFF,0xFF,0xFF,0x7C,0x00,0x1F,0xFF,0xFF,0xFF,0xAE,
  0x64,0x64,0x64,0x64,0x64,0x64,0x64,0x64,0x64,0x30,0x00,0x2F,0xFF,0xFF,0xFF,0x69,
  0x00,0x00,0x00,0x00,0x00,0x00,0x00,0x00,0x00,0x00,0x00,0x3E,0xFF,0xFF,0xFF,0x55,
  0x00,0x00,0x00,0x00,0x00,0x00,0x00,0x00,0x00,0x00,0x00,0x4D,0xFF,0xFF,0xFF,0x41,
  0x00,0x00,0x00,0x00,0x00,0x00,0x00,0x00,0x00,0x00,0x00,0x5D,0xFF,0xFF,0xFF,0x2D,
  0x04,0x50,0x8E,0xA5,0x97,0x69,0x18,0x00,0x00,0x00,0x00,0x6C,0xFF,0xFF,0xFF,0x4E,
  0xDB,0xFF,0xFF,0xFF,0xFF,0xFF,0xF8,0x86,0x04,0x00,0x00,0x7B,0xFF,0xFF,0xFF,0xF9,
  0xFF,0xFF,0xFF,0xFF,0xFF,0xFF,0xFF,0xFF,0xB3,0x03,0x00,0x8B,0xFF,0xFF,0xFF,0xFF,
  0xF2,0x9E,0x73,0x74,0xB3,0xFE,0xFF,0xFF,0xFF,0x81,0x00,0x9A,0xFF,0xFF,0xFF,0xC3,
  0x15,0x00,0x00,0x00,0x00,0x4E,0xFB,0xFF,0xFF,0xF5,0x15,0x71,0xB2,0xB6,0xB8,0x1A,
  0x00,0x00,0x00,0x00,0x00,0x00,0x8A,0xFF,0xFF,0xFF,0x65,0x00,0x00,0x00,0x00,0x00,
  0x00,0x00,0x00,0x00,0x00,0x00,0x27,0xFF,0xFF,0xFF,0x9E,0x00,0x00,0x00,0x00,0x00,
  0x00,0x00,0x00,0x00,0x00,0x00,0x03,0xFD,0xFF,0xFF,0xB4,0x76,0x80,0x80,0x66,0x00,
  0x00,0x00,0x00,0x00,0x00,0x00,0x0B,0xFF,0xFF,0xFF,0xA4,0xCC,0xFF,0xFF,0xF1,0x08,
  0x00,0x00,0x00,0x00,0x00,0x00,0x48,0xFF,0xFF,0xFF,0x84,0x90,0xFF,0xFF,0xFF,0x7D,
  0x00,0x00,0x00,0x00,0x00,0x04,0xC7,0xFF,0xFF,0xFF,0x36,0x20,0xFB,0xFF,0xFF,0xFE,
  0x87,0x12,0x00,0x00,0x24,0xB8,0xFF,0xFF,0xFF,0xCA,0x00,0x00,0x71,0xFF,0xFF,0xFF,
  0xFF,0xFA,0xDB,0xE1,0xFE,0xFF,0xFF,0xFF,0xF3,0x27,0x00,0x00,0x00,0x79,0xFB,0xFF,
  0xFF,0xFF,0xFF,0xFF,0xFF,0xFF,0xFF,0xE6,0x3F,0x00,0x00,0x00,0x00,0x00,0x30,0xA7,
  0xF4,0xFF,0xFF,0xFF,0xFF,0xE7,0x8A,0x15,0x00,0x00,0x00,0x00,0x00,0x00,0x00,0x00,
  0x09,0x2C,0x45,0x40,0x23,0x03,0x00,0x00,0x00,0x00,0x00,0x00,0x00,0x00,0x00,0x00,
  0x00,0x00,0x0D,0x24,0x14,0x01,0x00,0x00,0x00,0x00,0x00,0x00,0x00,0x00,0x00,0x00,
  0x1A,0x8A,0xE4,0xFF,0xFF,0xFF,0xF3,0xA4,0x38,0x00,0x00,0x00,0x00,0x00,0x00,0x00,
  0x50,0xEE,0xFF,0xFF,0xFF,0xFF,0xFF,0xFF,0xFF,0xFD,0x8C,0x01,0x00,0x00,0x00,0x00,
  0x44,0xFA,0xFF,0xFF,0xFF,0xFF,0xFE,0xFF,0xFF,0xFF,0xFF,0xFF,0x89,0x00,0x00,0x00,
  0x0E,0xEB,0xFF,0xFF,0xFA,0x8D,0x25,0x04,0x19,0x77,0xF7,0xFF,0xFF,0xFE,0x2F,0x00,
  0x00,0x84,0xFF,0xFF,0xFF,0x5F,0x00,0x00,0x00,0x00,0x00,0x5C,0xFF,0xFF,0xFF,0xA0,
  0x00,0x02,0xE7,0xFF,0xFF,0xB6,0x00,0x00,0x00,0x00,0x00,0x00,0x01,0xD5,0xF4,0xF4,
  0xD1,0x00,0x3E,0xFF,0xFF,0xFF,0x48,0x00,0x00,0x00,0x00,0x00,0x00,0x00,0x00,0x00,
  0x00,0x00,0x00,0x79,0xFF,0xFF,0xFC,0x0C,0x00,0x01,0x2C,0x51,0x4E,0x2F,0x05,0x00,
  0x00,0x00,0x00,0x00,0xA5,0xFF,0xFF,0xDA,0x00,0x60,0xDE,0xFF,0xFF,0xFF,0xFF,0xE6,
  0x7D,0x06,0x00,0x00,0x00,0xC5,0xFF,0xFF,0xC9,0x8F,0xFF,0xFF,0xFF,0xFF,0xFF,0xFF,
  0xFF,0xFF,0xC9,0x17,0x00,0x00,0xD3,0xFF,0xFF,0xF3,0xFF,0xFF,0xFE,0xCB,0xB4,0xD9,
  0xFF,0xFF,0xFF,0xFF,0xBF,0x03,0x00,0xDF,0xFF,0xFF,0xFF,0xFF,0xD8,0x35,0x00,0x00,
  0x00,0x4A,0xEC,0xFF,0xFF,0xFF,0x63,0x00,0xD9,0xFF,0xFF,0xFF,0xF2,0x1E,0x00,0x00,
  0x00,0x00,0x00,0x42,0xFF,0xFF,0xFF,0xCA,0x00,0xCA,0xFF,0xFF,0xFF,0x81,0x00,0x00,
  0x00,0x00,0x00,0x00,0x00,0xC4,0xFF,0xFF,0xFE,0x07,0xAF,0xFF,0xFF,0xFF,0x4A,0x00,
  0x00,0x00,0x00,0x00,0x00,0x00,0x90,0xFF,0xFF,0xFF,0x23,0x7D,0xFF,0xFF,0xFF,0x51,
  0x00,0x00,0x00,0x00,0x00,0x00,0x00,0x96,0xFF,0xFF,0xFF,0x1C,0x3F,0xFF,0xFF,0xFF,
  0x8F,0x00,0x00,0x00,0x00,0x00,0x00,0x00,0xD3,0xFF,0xFF,0xFB,0x02,0x01,0xDD,0xFF,
  0xFF,0xF3,0x25,0x00,0x00,0x00,0x00,0x00,0x5D,0xFF,0xFF,0xFF,0xB7,0x00,0x00,0x62,
  0xFF,0xFF,0xFF,0xE3,0x45,0x00,0x00,0x08,0x6F,0xF9,0xFF,0xFF,0xFF,0x4B,0x00,0x00,
  0x00,0xB8,0xFF,0xFF,0xFF,0xFF,0xE9,0xD4,0xF3,0xFF,0xFF,0xFF,0xFF,0x9E,0x00,0x00,
  0x00,0x00,0x0B,0xBC,0xFF,0xFF,0xFF,0xFF,0xFF,0xFF,0xFF,0xFF,0xFF,0xA4,0x08,0x00,
  0x00,0x00,0x00,0x00,0x02,0x66,0xD7,0xFF,0xFF,0xFF,0xFF,0xFE,0xC1,0x54,0x00,0x00,
  0x00,0x00,0x00,0x00,0x00,0x00,0x00,0x00,0x22,0x43,0x51,0x39,0x17,0x00,0x00,0x00,
  0x00,0x00,0x00,0x38,0xD4,0xD4,0xD4,0xD4,0xD4,0xD4,0xD4,0xD4,0xD4,0xD4,0xD4,0xD4,
  0xD4,0xD4,0x73,0x44,0xFF,0xFF,0xFF,0xFF,0xFF,0xFF,0xFF,0xFF,0xFF,0xFF,0xFF,0xFF,
  0xFF,0xFF,0x8C,0x44,0xFF,0xFF,0xFF,0xFF,0xFF,0xFF,0xFF,0xFF,0xFF,0xFF,0xFF,0xFF,
  0xFF,0xFF,0x8C,0x1E,0x74,0x74,0x74,0x74,0x74,0x74,0x74,0x74,0x74,0x74,0xBB,0xFF,
  0xFF,0xFF,0x7A,0x00,0x00,0x00,0x00,0x00,0x00,0x00,0x00,0x00,0x00,0x06,0xE1,0xFF,
  0xFF,0xF3,0x14,0x00,0x00,0x00,0x00,0x00,0x00,0x00,0x00,0x00,0x00,0x6A,0xFF,0xFF,
  0xFF,0x87,0x00,0x00,0x00,0x00,0x00,0x00,0x00,0x00,0x00,0x00,0x07,0xE3,0xFF,0xFF,
  0xF3,0x13,0x00,0x00,0x00,0x00,0x00,0x00,0x00,0x00,0x00,0x00,0x6D,0xFF,0xFF,0xFF,
  0x85,0x00,0x00,0x00,0x00,0x00,0x00,0x00,0x00,0x00,0x00,0x08,0xE5,0xFF,0xFF,0xF2,
  0x12,0x00,0x00,0x00,0x00,0x00,0x00,0x00,0x00,0x00,0x00,0x70,0xFF,0xFF,0xFF,0x83,
  0x00,0x00,0x00,0x00,0x00,0x00,0x00,0x00,0x00,0x00,0x09,0xE7,0xFF,0xFF,0xF1,0x11,
  0x00,0x00,0x00,0x00,0x00,0x00,0x00,0x00,0x00,0x00,0x73,0xFF,0xFF,0xFF,0x81,0x00,
  0x00,0x00,0x00,0x00,0x00,0x00,0x00,0x00,0x00,0x0B,0xE9,0xFF,0xFF,0xF0,0x10,0x00,
  0x00,0x00,0x00,0x00,0x00,0x00,0x00,0x00,0x00,0x77,0xFF,0xFF,0xFF,0x7F,0x00,0x00,
  0x00,0x00,0x00,0x00,0x00,0x00,0x00,0x00,0x0C,0xEB,0xFF,0xFF,0xEF,0x0F,0x00,0x00,
  0x00,0x00,0x00,0x00,0x00,0x00,0x00,0x00,0x7A,0xFF,0xFF,0xFF,0x7D,0x00,0x00,0x00,
  0x00,0x00,0x00,0x00,0x00,0x00,0x00,0x0D,0xED,0xFF,0xFF,0xEE,0x0E,0x00,0x00,0x00,
  0x00,0x00,0x00,0x00,0x00,0x00,0x00,0x7D,0xFF,0xFF,0xFF,0x7B,0x00,0x00,0x00,0x00,
  0x00,0x00,0x00,0x00,0x00,0x00,0x0F,0xEE,0xFF,0xFF,0xED,0x0D,0x00,0x00,0x00,0x00,
  0x00,0x00,0x00,0x00,0x00,0x00,0x80,0xFF,0xFF,0xFF,0x79,0x00,0x00,0x00,0x00,0x00,
  0x00,0x00,0x00,0x00,0x00,0x11,0xF0,0xFF,0xFF,0xEC,0x0C,0x00,0x00,0x00,0x00,0x00,
  0x00,0x00,0x00,0x00,0x00,0x83,0xFF,0xFF,0xFF,0x78,0x00,0x00,0x00,0x00,0x00,0x00,
  0x00,0x00,0x00,0x00,0x00,0x00,0x00,0x00,0x00,0x05,0x1C,0x22,0x0A,0x00,0x00,0x00,
  0x00,0x00,0x00,0x00,0x00,0x00,0x00,0x07,0x6E,0xC7,0xFE,0xFF,0xFF,0xFF,0xDB,0x88,
  0x17,0x00,0x00,0x00,0x00,0x00,0x00,0x2E,0xDA,0xFF,0xFF,0xFF,0xFF,0xFF,0xFF,0xFF,
  0xFF,0xEF,0x53,0x00,0x00,0x00,0x00,0x1F,0xE8,0xFF,0xFF,0xFF,0xFF,0xE8,0xE2,0xFD,
  0xFF,0xFF,0xFF,0xFA,0x42,0x00,0x00,0x00,0x9F,0xFF,0xFF,0xFF,0xC7,0x2C,0x00,0x00,
  0x19,0xA4,0xFF,0xFF,0xFF,0xD1,0x01,0x00,0x01,0xF5,0xFF,0xFF,0xEE,0x10,0x00,0x00,
  0x00,0x00,0x01,0xC6,0xFF,0xFF,0xFF,0x2A,0x00,0x19,0xFF,0xFF,0xFF,0xA9,0x00,0x00,
  0x00,0x00,0x00,0x00,0x71,0xFF,0xFF,0xFF,0x4D,0x00,0x12,0xFF,0xFF,0xFF,0xA6,0x00,
  0x00,0x00,0x00,0x00,0x00,0x6E,0xFF,0xFF,0xFF,0x45,0x00,0x00,0xD4,0xFF,0xFF,0xE7,
  0x08,0x00,0x00,0x00,0x00,0x00,0xBB,0xFF,0xFF,0xF7,0x0F,0x00,0x00,0x53,0xFF,0xFF,
  0xFF,0xB1,0x11,0x00,0x00,0x06,0x88,0xFF,0xFF,0xFF,0x84,0x00,0x00,0x00,0x00,0x5E,
  0xF6,0xFF,0xFF,0xF7,0xC4,0xBE,0xED,0xFF,0xFF,0xFE,0x84,0x02,0x00,0x00,0x00,0x00,
  0x00,0x1F,0xA5,0xFE,0xFF,0xFF,0xFF,0xFF,0xFF,0xC4,0x33,0x00,0x00,0x00,0x00,0x00,
  0x00,0x5A,0xE1,0xFF,0xFF,0xFF,0xFF,0xFF,0xFF,0xFF,0xFF,0xF1,0x7C,0x02,0x00,0x00,
  0x00,0x7A,0xFF,0xFF,0xFF,0xF0,0x8C,0x54,0x4E,0x7B,0xE0,0xFF,0xFF,0xFF,0xAE,0x01,
  0x00,0x35,0xFD,0xFF,0xFF,0xE0,0x1E,0x00,0x00,0x00,0x00,0x0B,0xBD,0xFF,0xFF,0xFF,
  0x69,0x00,0x9F,0xFF,0xFF,0xFF,0x4D,0x00,0x00,0x00,0x00,0x00,0x00,0x1E,0xFB,0xFF,
  0xFF,0xD8,0x00,0xD1,0xFF,0xFF,0xFF,0x0A,0x00,0x00,0x00,0x00,0x00,0x00,0x00,0xD6,
  0xFF,0xFF,0xFF,0x0C,0xDD,0xFF,0xFF,0xFF,0x10,0x00,0x00,0x00,0x00,0x00,0x00,0x00,
  0xDD,0xFF,0xFF,0xFF,0x18,0xB8,0xFF,0xFF,0xFF,0x6A,0x00,0x00,0x00,0x00,0x00,0x00,
  0x35,0xFF,0xFF,0xFF,0xF0,0x02,0x5E,0xFF,0xFF,0xFF,0xF6,0x58,0x00,0x00,0x00,0x00,
  0x35,0xE1,0xFF,0xFF,0xFF,0x97,0x00,0x02,0xB8,0xFF,0xFF,0xFF,0xFF,0xE0,0xAE,0xA9,
  0xCF,0xFF,0xFF,0xFF,0xFF,0xDD,0x15,0x00,0x00,0x09,0xB0,0xFF,0xFF,0xFF,0xFF,0xFF,
  0xFF,0xFF,0xFF,0xFF,0xFF,0xD2,0x1F,0x00,0x00,0x00,0x00,0x00,0x4E,0xBC,0xFA,0xFF,
  0xFF,0xFF,0xFF,0xFE,0xCC,0x6C,0x04,0x00,0x00,0x00,0x00,0x00,0x00,0x00,0x00,0x0E,
  0x34,0x4B,0x4F,0x39,0x17,0x00,0x00,0x00,0x00,0x00,0x00,0x00,0x00,0x00,0x00,0x00,
  0x00,0x06,0x1F,0x1D,0x06,0x00,0x00,0x00,0x00,0x00,0x00,0x00,0x00,0x00,0x00,0x13,
  0x78,0xD5,0xFE,0xFF,0xFF,0xFD,0xC1,0x61,0x02,0x00,0x00,0x00,0x00,0x00,0x00,0x44,
  0xE6,0xFF,0xFF,0xFF,0xFF,0xFF,0xFF,0xFF,0xFF,0xC7,0x15,0x00,0x00,0x00,0x00,0x3A,
  0xF9,0xFF,0xFF,0xFF,0xFF,0xFF,0xFF,0xFF,0xFF,0xFF,0xFF,0xD4,0x0D,0x00,0x00,0x08,
  0xE5,0xFF,0xFF,0xFF,0xCA,0x45,0x0A,0x0E,0x53,0xDC,0xFF,0xFF,0xFF,0x92,0x00,0x00,
  0x5E,0xFF,0xFF,0xFF,0xC3,0x06,0x00,0x00,0x00,0x00,0x11,0xDC,0xFF,0xFF,0xFC,0x1A,
  0x00,0xAE,0xFF,0xFF,0xFF,0x2F,0x00,0x00,0x00,0x00,0x00,0x00,0x53,0xFF,0xFF,0xFF,
  0x78,0x00,0xCE,0xFF,0xFF,0xE6,0x00,0x00,0x00,0x00,0x00,0x00,0x00,0x0A,0xFF,0xFF,
  0xFF,0xBD,0x00,0xDA,0xFF,0xFF,0xD9,0x00,0x00,0x00,0x00,0x00,0x00,0x00,0x01,0xFB,
  0xFF,0xFF,0xF0,0x01,0xBF,0xFF,0xFF,0xF7,0x0B,0x00,0x00,0x00,0x00,0x00,0x00,0x2B,
  0xFF,0xFF,0xFF,0xFF,0x12,0x8A,0xFF,0xFF,0xFF,0x74,0x00,0x00,0x00,0x00,0x00,0x00,
  0xA2,0xFF,0xFF,0xFF,0xFF,0x21,0x28,0xFF,0xFF,0xFF,0xF9,0x5C,0x00,0x00,0x00,0x09,
  0x90,0xFF,0xFF,0xFF,0xFF,0xFF,0x2C,0x00,0x92,0xFF,0xFF,0xFF,0xFF,0xD3,0x9C,0xA0,
  0xE4,0xFF,0xFF,0xFC,0xFF,0xFF,0xFF,0x21,0x00,0x06,0xB3,0xFF,0xFF,0xFF,0xFF,0xFF,
  0xFF,0xFF,0xFF,0xE2,0x9B,0xFF,0xFF,0xFF,0x13,0x00,0x00,0x01,0x72,0xE5,0xFF,0xFF,
  0xFF,0xFF,0xFE,0xB0,0x1B,0x94,0xFF,0xFF,0xF4,0x02,0x00,0x00,0x00,0x00,0x04,0x40,
  0x62,0x72,0x59,0x1D,0x00,0x00,0xBE,0xFF,0xFF,0xC9,0x00,0x00,0x00,0x00,0x00,0x00,
  0x00,0x00,0x00,0x00,0x00,0x00,0x06,0xF4,0xFF,0xFF,0x93,0x00,0x86,0xCC,0xCC,0xCA,
  0x11,0x00,0x00,0x00,0x00,0x00,0x00,0x61,0xFF,0xFF,0xFF,0x40,0x00,0x72,0xFF,0xFF,
  0xFF,0x77,0x00,0x00,0x00,0x00,0x00,0x16,0xE1,0xFF,0xFF,0xDE,0x02,0x00,0x15,0xF3,
  0xFF,0xFF,0xFB,0x69,0x03,0x00,0x00,0x38,0xD1,0xFF,0xFF,0xFF,0x59,0x00,0x00,0x00,
  0x70,0xFF,0xFF,0xFF,0xFF,0xF2,0xD1,0xE9,0xFF,0xFF,0xFF,0xFF,0xAA,0x01,0x00,0x00,
  0x00,0x00,0x85,0xFE,0xFF,0xFF,0xFF,0xFF,0xFF,0xFF,0xFF,0xFF,0xB2,0x08,0x00,0x00,
  0x00,0x00,0x00,0x00,0x3F,0xBD,0xFC,0xFF,0xFF,0xFF,0xFF,0xD2,0x63,0x00,0x00,0x00,
  0x00,0x00,0x00,0x00,0x00,0x00,0x00,0x14,0x3B,0x51,0x41,0x21,0x00,0x00,0x00,0x00,
  0x00,0x00,0x00,0x00,0x0A,0x3D,0x1D,0x00,0x18,0xDE,0xFF,0xFA,0x58,0x80,0xFF,0xFF,
  0xFF,0xDC,0x7E,0xFF,0xFF,0xFF,0xD9,0x15,0xD9,0xFF,0xF8,0x52,0x00,0x07,0x36,0x17,
  0x00,0x00,0x00,0x00,0x00,0x00,0x00,0x00,0x00,0x00,0x00,0x00,0x00,0x00,0x00,0x00,
  0x00,0x00,0x00,0x00,0x00,0x00,0x00,0x00,0x00,0x00,0x00,0x0A,0x3D,0x1D,0x00,0x18,
  0xDE,0xFF,0xFA,0x58,0x80,0xFF,0xFF,0xFF,0xDC,0x7E,0xFF,0xFF,0xFF,0xD9,0x15,0xD9,
  0xFF,0xF8,0x52,0x00,0x07,0x36,0x17,0x00,0x00,0x00,0x06,0x3B,0x24,0x00,0x00,0x00,
  0x0B,0xCF,0xFF,0xFE,0x70,0x00,0x00,0x64,0xFF,0xFF,0xFF,0xF5,0x02,0x00,0x62,0xFF,
  0xFF,0xFF,0xF3,0x02,0x00,0x09,0xC9,0xFF,0xFD,0x6A,0x00,0x00,0x00,0x04,0x33,0x1E,
  0x00,0x00,0x00,0x00,0x00,0x00,0x00,0x00,0x00,0x00,0x00,0x00,0x00,0x00,0x00,0x00,
  0x00,0x00,0x00,0x00,0x00,0x00,0x00,0x00,0x00,0x00,0x00,0x00,0x00,0x00,0x00,0x00,
  0x00,0x00,0x00,0x00,0x00,0x00,0x00,0x00,0x00,0x00,0x00,0x00,0x00,0x09,0xD3,0xD4,
  0xD4,0x7C,0x00,0x00,0x2E,0xFF,0xFF,0xFF,0x53,0x00,0x00,0x53,0xFF,0xFF,0xFB,0x0F,
  0x00,0x00,0x79,0xFF,0xFF,0xC3,0x00,0x00,0x00,0x9E,0xFF,0xFF,0x7B,0x00,0x00,0x00,
  0xC3,0xFF,0xFF,0x33,0x00,0x00,0x00,0xE9,0xFF,0xE9,0x01,0x00,0x00,0x0E,0xFF,0xFF,
  0xA2,0x00,0x00,0x00,0x03,0x18,0x18,0x0B,0x00,0x00,0x00,0x00,0x00,0x00,0x00,0x00,
  0x00,0x00,0x00,0x00,0x00,0x00,0x00,0x02,0x54,0x82,0x00,0x00,0x00,0x00,0x00,0x00,
  0x00,0x00,0x00,0x00,0x07,0x65,0xDA,0xFF,0xB4,0x00,0x00,0x00,0x00,0x00,0x00,0x00,
  0x00,0x0E,0x76,0xE6,0xFF,0xFF,0xFF,0xB4,0x00,0x00,0x00,0x00,0x00,0x00,0x17,0x87,
  0xF0,0xFF,0xFF,0xFF,0xFF,0xFF,0xAB,0x00,0x00,0x00,0x00,0x23,0x98,0xF8,0xFF,0xFF,
  0xFF,0xFF,0xFF,0xC8,0x59,0x05,0x00,0x00,0x32,0xA9,0xFD,0xFF,0xFF,0xFF,0xFF,0xFA,
  0xA5,0x36,0x00,0x00,0x00,0x3F,0xBA,0xFF,0xFF,0xFF,0xFF,0xFF,0xE9,0x83,0x19,0x00,
  0x00,0x00,0x00,0x00,0xCC,0xFF,0xFF,0xFF,0xFF,0xCE,0x60,0x07,0x00,0x00,0x00,0x00,
  0x00,0x00,0x00,0xCC,0xFF,0xFF,0xFF,0xC7,0x1A,0x00,0x00,0x00,0x00,0x00,0x00,0x00,
  0x00,0x00,0xC3,0xFF,0xFF,0xFF,0xFF,0xFA,0xA6,0x37,0x00,0x00,0x00,0x00,0x00,0x00,
  0x00,0x0A,0x6F,0xE1,0xFF,0xFF,0xFF,0xFF,0xFF,0xC8,0x59,0x05,0x00,0x00,0x00,0x00,
  0x00,0x00,0x04,0x5D,0xD3,0xFF,0xFF,0xFF,0xFF,0xFF,0xE5,0x7B,0x14,0x00,0x00,0x00,
  0x00,0x00,0x00,0x01,0x4B,0xC3,0xFF,0xFF,0xFF,0xFF,0xFF,0xF7,0x9D,0x2C,0x00,0x00,
  0x00,0x00,0x00,0x00,0x00,0x3A,0xB1,0xFE,0xFF,0xFF,0xFF,0xFF,0xB4,0x00,0x00,0x00,
  0x00,0x00,0x00,0x00,0x00,0x00,0x29,0x9F,0xFA,0xFF,0xFF,0xB4,0x00,0x00,0x00,0x00,
  0x00,0x00,0x00,0x00,0x00,0x00,0x00,0x1C,0x8E,0xF3,0xB4,0x00,0x00,0x00,0x00,0x00,
  0x00,0x00,0x00,0x00,0x00,0x00,0x00,0x00,0x11,0x4A,0x32,0xA0,0xA0,0xA0,0xA0,0xA0,
  0xA0,0xA0,0xA0,0xA0,0xA0,0xA0,0xA0,0xA0,0x7A,0x50,0xFF,0xFF,0xFF,0xFF,0xFF,0xFF,
  0xFF,0xFF,0xFF,0xFF,0xFF,0xFF,0xFF,0xC4,0x50,0xFF,0xFF,0xFF,0xFF,0xFF,0xFF,0xFF,
  0xFF,0xFF,0xFF,0xFF,0xFF,0xFF,0xC4,0x2D,0x90,0x90,0x90,0x90,0x90,0x90,0x90,0x90,
  0x90,0x90,0x90,0x90,0x90,0x6E,0x00,0x00,0x00,0x00,0x00,0x00,0x00,0x00,0x00,0x00,
  0x00,0x00,0x00,0x00,0x00,0x00,0x00,0x00,0x00,0x00,0x00,0x00,0x00,0x00,0x00,0x00,
  0x00,0x00,0x00,0x00,0x00,0x00,0x00,0x00,0x00,0x00,0x00,0x00,0x00,0x00,0x00,0x00,
  0x00,0x00,0x00,0x46,0xE0,0xE0,0xE0,0xE0,0xE0,0xE0,0xE0,0xE0,0xE0,0xE0,0xE0,0xE0,
  0xE0,0xAB,0x50,0xFF,0xFF,0xFF,0xFF,0xFF,0xFF,0xFF,0xFF,0xFF,0xFF,0xFF,0xFF,0xFF,
  0xC4,0x50,0xFF,0xFF,0xFF,0xFF,0xFF,0xFF,0xFF,0xFF,0xFF,0xFF,0xFF,0xFF,0xFF,0xC4,
  0x1A,0x54,0x54,0x54,0x54,0x54,0x54,0x54,0x54,0x54,0x54,0x54,0x54,0x54,0x40,0x32,
  0x8C,0x1A,0x00,0x00,0x00,0x00,0x00,0x00,0x00,0x00,0x00,0x00,0x00,0x00,0x00,0x3C,
  0xFF,0xF9,0x9D,0x27,0x00,0x00,0x00,0x00,0x00,0x00,0x00,0x00,0x00,0x00,0x00,0x3C,
  0xFF,0xFF,0xFF,0xFD,0xAE,0x36,0x00,0x00,0x00,0x00,0x00,0x00,0x00,0x00,0x00,0x34,
  0xFE,0xFF,0xFF,0xFF,0xFF,0xFF,0xBF,0x47,0x00,0x00,0x00,0x00,0x00,0x00,0x00,0x00,
  0x27,0x94,0xF3,0xFF,0xFF,0xFF,0xFF,0xFF,0xCF,0x58,0x03,0x00,0x00,0x00,0x00,0x00,
  0x00,0x00,0x0F,0x71,0xDD,0xFF,0xFF,0xFF,0xFF,0xFF,0xDE,0x6A,0x08,0x00,0x00,0x00,
  0x00,0x00,0x00,0x00,0x02,0x4F,0xBD,0xFF,0xFF,0xFF,0xFF,0xFF,0xE9,0x7B,0x0C,0x00,
  0x00,0x00,0x00,0x00,0x00,0x00,0x00,0x2C,0x9B,0xF6,0xFF,0xFF,0xFF,0xFF,0x44,0x00,
  0x00,0x00,0x00,0x00,0x00,0x00,0x00,0x00,0x02,0x63,0xFF,0xFF,0xFF,0xFF,0x44,0x00,
  0x00,0x00,0x00,0x00,0x00,0x00,0x0F,0x72,0xDE,0xFF,0xFF,0xFF,0xFF,0xFF,0x3C,0x00,
  0x00,0x00,0x00,0x00,0x27,0x94,0xF3,0xFF,0xFF,0xFF,0xFF,0xFC,0xA7,0x2F,0x00,0x00,
  0x00,0x01,0x47,0xB6,0xFE,0xFF,0xFF,0xFF,0xFF,0xF6,0x95,0x21,0x00,0x00,0x00,0x08,
  0x69,0xD7,0xFF,0xFF,0xFF,0xFF,0xFF,0xEE,0x83,0x15,0x00,0x00,0x00,0x00,0x00,0x3C,
  0xFF,0xFF,0xFF,0xFF,0xFF,0xE3,0x72,0x0C,0x00,0x00,0x00,0x00,0x00,0x00,0x00,0x3C,
  0xFF,0xFF,0xFF,0xD5,0x60,0x05,0x00,0x00,0x00,0x00,0x00,0x00,0x00,0x00,0x00,0x3C,
  0xFF,0xC5,0x4E,0x01,0x00,0x00,0x00,0x00,0x00,0x00,0x00,0x00,0x00,0x00,0x00,0x1F,
  0x3D,0x00,0x00,0x00,0x00,0x00,0x00,0x00,0x00,0x00,0x00,0x00,0x00,0x00,0x00,0x00,
  0x00,0x00,0x00,0x00,0x00,0x00,0x12,0x1F,0x09,0x00,0x00,0x00,0x00,0x00,0x00,0x00,
  0x00,0x00,0x00,0x47,0xAC,0xF5,0xFF,0xFF,0xFF,0xDD,0x89,0x18,0x00,0x00,0x00,0x00,
  0x00,0x07,0x9F,0xFF,0xFF,0xFF,0xFF,0xFF,0xFF,0xFF,0xFF,0xEF,0x52,0x00,0x00,0x00,
  0x00,0x9E,0xFF,0xFF,0xFF,0xFF,0xFF,0xFD,0xFF,0xFF,0xFF,0xFF,0xF9,0x3D,0x00,0x00,
  0x45,0xFF,0xFF,0xFF,0xEC,0x5E,0x0E,0x02,0x2B,0xAB,0xFF,0xFF,0xFF,0xC8,0x00,0x00,
  0xAE,0xFF,0xFF,0xFF,0x39,0x00,0x00,0x00,0x00,0x02,0xC6,0xFF,0xFF,0xFF,0x1A,0x00,
  0xE3,0xFF,0xFF,0xCA,0x00,0x00,0x00,0x00,0x00,0x00,0x75,0xFF,0xFF,0xFF,0x3A,0x01,
  0xB1,0xB4,0xB4,0x74,0x00,0x00,0x00,0x00,0x00,0x00,0x80,0xFF,0xFF,0xFF,0x29,0x00,
  0x00,0x00,0x00,0x00,0x00,0x00,0x00,0x00,0x00,0x07,0xDA,0xFF,0xFF,0xED,0x06,0x00,
  0x00,0x00,0x00,0x00,0x00,0x00,0x00,0x00,0x07,0xA7,0xFF,0xFF,0xFF,0x88,0x00,0x00,
  0x00,0x00,0x00,0x00,0x00,0x00,0x00,0x2D,0xCC,0xFF,0xFF,0xFF,0xCF,0x08,0x00,0x00,
  0x00,0x00,0x00,0x00,0x00,0x00,0x5C,0xF8,0xFF,0xFF,0xFF,0xBB,0x11,0x00,0x00,0x00,
  0x00,0x00,0x00,0x00,0x00,0x3A,0xFD,0xFF,0xFF,0xFC,0x7B,0x02,0x00,0x00,0x00,0x00,
  0x00,0x00,0x00,0x00,0x00,0xA7,0xFF,0xFF,0xFF,0x53,0x00,0x00,0x00,0x00,0x00,0x00,
  0x00,0x00,0x00,0x00,0x00,0xD7,0xFF,0xFF,0xB9,0x00,0x00,0x00,0x00,0x00,0x00,0x00,
  0x00,0x00,0x00,0x00,0x00,0xE6,0xFF,0xFF,0x8D,0x00,0x00,0x00,0x00,0x00,0x00,0x00,
  0x00,0x00,0x00,0x00,0x00,0xA6,0xB8,0xB8,0x61,0x00,0x00,0x00,0x00,0x00,0x00,0x00,
  0x00,0x00,0x00,0x00,0x00,0x00,0x00,0x00,0x00,0x00,0x00,0x00,0x00,0x00,0x00,0x00,
  0x00,0x00,0x00,0x00,0x00,0x03,0x36,0x24,0x00,0x00,0x00,0x00,0x00,0x00,0x00,0x00,
  0x00,0x00,0x00,0x00,0x07,0xC6,0xFF,0xFF,0x7C,0x00,0x00,0x00,0x00,0x00,0x00,0x00,
  0x00,0x00,0x00,0x00,0x58,0xFF,0xFF,0xFF,0xFC,0x0A,0x00,0x00,0x00,0x00,0x00,0x00,
  0x00,0x00,0x00,0x00,0x56,0xFF,0xFF,0xFF,0xFB,0x09,0x00,0x00,0x00,0x00,0x00,0x00,
  0x00,0x00,0x00,0x00,0x06,0xC3,0xFF,0xFE,0x78,0x00,0x00,0x00,0x00,0x00,0x00,0x00,
  0x00,0x00,0x00,0x00,0x00,0x03,0x32,0x21,0x00,0x00,0x00,0x00,0x00,0x00,0x00,0x00,
  0x00,0x00,0x00,0x00,0x00,0x00,0x00,0x00,0x01,0x30,0x65,0x7B,0x90,0x98,0x84,0x6F,
  0x48,0x0A,0x00,0x00,0x00,0x00,0x00,0x00,0x00,0x00,0x00,0x00,0x00,0x00,0x00,0x00,
  0x00,0x00,0x29,0x9E,0xE9,0xFF,0xFF,0xFF,0xFF,0xFF,0xFF,0xFF,0xFF,0xF9,0xBC,0x4F,
  0x01,0x00,0x00,0x00,0x00,0x00,0x00,0x00,0x00,0x00,0x00,0x00,0x19,0xA6,0xFD,0xFF,
  0xFF,0xFF,0xFF,0xFF,0xFF,0xFF,0xFF,0xFF,0xFF,0xFF,0xFF,0xFF,0xD0,0x39,0x00,0x00,
  0x00,0x00,0x00,0x00,0x00,0x00,0x00,0x39,0xE6,0xFF,0xFF,0xFF,0xFF,0xF0,0xAF,0x88,
  0x74,0x6A,0x7D,0x96,0xD3,0xFF,0xFF,0xFF,0xFF,0xFA,0x6A,0x00,0x00,0x00,0x00,0x00,
  0x00,0x00,0x46,0xF9,0xFF,0xFF,0xFF,0xC4,0x48,0x03,0x00,0x00,0x00,0x00,0x00,0x00,
  0x00,0x1D,0x91,0xF6,0xFF,0xFF,0xFF,0x72,0x00,0x00,0x00,0x00,0x00,0x24,0xEE,0xFF,
  0xFF,0xF8,0x61,0x00,0x00,0x00,0x00,0x00,0x00,0x00,0x00,0x00,0x00,0x00,0x00,0x2B,
  0xDB,0xFF,0xFF,0xFC,0x49,0x00,0x00,0x00,0x00,0xCB,0xFF,0xFF,0xF8,0x3B,0x00,0x00,
  0x00,0x00,0x00,0x00,0x00,0x00,0x00,0x00,0x00,0x00,0x00,0x00,0x12,0xDD,0xFF,0xFF,
  0xE4,0x08,0x00,0x00,0x51,0xFF,0xFF,0xFF,0x62,0x00,0x00,0x00,0x00,0x3E,0xAA,0xE0,
  0xF8,0xE2,0x9A,0x1E,0x66,0xA8,0xA8,0x27,0x00,0x2D,0xFA,0xFF,0xFF,0x72,0x00,0x00,
  0xCF,0xFF,0xFF,0xC6,0x00,0x00,0x00,0x04,0x91,0xFF,0xFF,0xFF,0xFF,0xFF,0xFF,0xEF,
  0xC3,0xFF,0xFF,0x3C,0x00,0x00,0x9C,0xFF,0xFF,0xE3,0x00,0x22,0xFF,0xFF,0xFF,0x4A,
  0x00,0x00,0x00,0x8A,0xFF,0xFF,0xFF,0xFF,0xEE,0xF9,0xFF,0xFF,0xFF,0xFF,0xFF,0x3C,
  0x00,0x00,0x29,0xFF,0xFF,0xFF,0x2E,0x69,0xFF,0xFF,0xF2,0x04,0x00,0x00,0x33,0xFE,
  0xFF,0xFF,0xA4,0x1C,0x00,0x02,0x53,0xEE,0xFF,0xFF,0xFF,0x3C,0x00,0x00,0x00,0xE0,
  0xFF,0xFF,0x75,0xA5,0xFF,0xFF,0xB5,0x00,0x00,0x00,0x98,0xFF,0xFF,0xBE,0x00,0x00,
  0x00,0x00,0x00,0x4F,0xFF,0xFF,0xFF,0x3C,0x00,0x00,0x00,0xA4,0xFF,0xFF,0x9A,0xBE,
  0xFF,0xFF,0x8F,0x00,0x00,0x00,0xDF,0xFF,0xFF,0x50,0x00,0x00,0x00,0x00,0x00,0x01,
  0xE8,0xFF,0xFF,0x3C,0x00,0x00,0x00,0x8C,0xFF,0xFF,0xB0,0xD3,0xFF,0xFF,0x7B,0x00,
  0x00,0x01,0xF9,0xFF,0xFF,0x20,0x00,0x00,0x00,0x00,0x00,0x00,0xBF,0xFF,0xFF,0x3C,
  0x00,0x00,0x00,0x79,0xFF,0xFF,0xC2,0xDD,0xFF,0xFF,0x71,0x00,0x00,0x08,0xFF,0xFF,
  0xFF,0x16,0x00,0x00,0x00,0x00,0x00,0x00,0xB6,0xFF,0xFF,0x3C,0x00,0x00,0x00,0x80,
  0xFF,0xFF,0xBA,0xCA,0xFF,0xFF,0x84,0x00,0x00,0x00,0xF1,0xFF,0xFF,0x2F,0x00,0x00,
  0x00,0x00,0x00,0x00,0xCD,0xFF,0xFF,0x3C,0x00,0x00,0x00,0x98,0xFF,0xFF,0xA5,0xB5,
  0xFF,0xFF,0x9A,0x00,0x00,0x00,0xC5,0xFF,0xFF,0x76,0x00,0x00,0x00,0x00,0x00,0x15,
  0xFC,0xFF,0xFF,0x3C,0x00,0x00,0x00,0xCE,0xFF,0xFF,0x77,0x92,0xFF,0xFF,0xD3,0x00,
  0x00,0x00,0x72,0xFF,0xFF,0xED,0x23,0x00,0x00,0x00,0x01,0xA3,0xFF,0xFF,0xFF,0x4A,
  0x00,0x00,0x37,0xFF,0xFF,0xFF,0x30,0x4D,0xFF,0xFF,0xFF,0x18,0x00,0x00,0x10,0xE7,
  0xFF,0xFF,0xEE,0x89,0x5D,0x6C,0xC4,0xFF,0xFF,0xFF,0xFF,0xBC,0x2D,0x4E,0xE1,0xFF,
  0xFF,0xCA,0x00,0x0C,0xFA,0xFF,0xFF,0x82,0x00,0x00,0x00,0x4C,0xFA,0xFF,0xFF,0xFF,
  0xFF,0xFF,0xFF,0xFF,0xA9,0xFF,0xFF,0xFF,0xFF,0xFF,0xFF,0xFF,0xF8,0x35,0x00,0x00,
  0xA0,0xFF,0xFF,0xF0,0x14,0x00,0x00,0x00,0x47,0xE4,0xFF,0xFF,0xFF,0xFF,0xFF,0xA5,
  0x05,0x95,0xFF,0xFF,0xFF,0xFF,0xFF,0xEB,0x49,0x00,0x00,0x00,0x21,0xFA,0xFF,0xFF,
  0xBB,0x03,0x00,0x00,0x00,0x05,0x55,0x83,0x98,0x80,0x38,0x00,0x00,0x00,0x4A,0x9A,
  0xB2,0xA2,0x6B,0x12,0x00,0x00,0x00,0x00,0x00,0x88,0xFF,0xFF,0xFF,0xA3,0x08,0x00,
  0x00,0x00,0x00,0x00,0x00,0x00,0x00,0x00,0x00,0x00,0x00,0x00,0x00,0x00,0x00,0x00,
  0x00,0x00,0x00,0x00,0x00,0x03,0xB6,0xFF,0xFF,0xFF,0xCC,0x38,0x00,0x00,0x00,0x00,
  0x00,0x00,0x00,0x00,0x00,0x00,0x00,0x00,0x00,0x00,0x00,0x00,0x00,0x00,0x00,0x00,
  0x00,0x00,0x0F,0xC0,0xFF,0xFF,0xFF,0xFF,0xBD,0x69,0x26,0x02,0x00,0x00,0x00,0x09,
  0x31,0x6D,0xB8,0x97,0x00,0x00,0x00,0x00,0x00,0x00,0x00,0x00,0x00,0x00,0x00,0x04,
  0x8F,0xFF,0xFF,0xFF,0xFF,0xFF,0xFF,0xFD,0xEB,0xE1,0xF4,0xFF,0xFF,0xFF,0xFF,0xF2,
  0x0B,0x00,0x00,0x00,0x00,0x00,0x00,0x00,0x00,0x00,0x00,0x00,0x00,0x37,0xB7,0xFF,
  0xFF,0xFF,0xFF,0xFF,0xFF,0xFF,0xFF,0xFF,0xFF,0xFF,0xFF,0xFF,0x4E,0x00,0x00,0x00,
  0x00,0x00,0x00,0x00,0x00,0x00,0x00,0x00,0x00,0x00,0x00,0x2D,0x78,0xBD,0xF2,0xFF,
  0xFF,0xFF,0xFF,0xFF,0xE6,0xB4,0x73,0x24,0x00,0x00,0x00,0x00,0x00,0x00,0x00,0x00,
  0x00,0x00,0x00,0x00,0x00,0x00,0x00,0x00,0x00,0x00,0x00,0x07,0x1C,0x29,0x20,0x0A,
  0x00,0x00,0x00,0x00,0x00,0x00,0x00,0x00,0x00,0x00,0x00,0x00,0x00,0x00,0x00,0x00,
  0x00,0x00,0x1C,0xD3,0xD4,0xD4,0xD4,0xD0,0x0E,0x00,0x00,0x00,0x00,0x00,0x00,0x00,
  0x00,0x00,0x00,0x00,0x00,0x00,0x00,0x75,0xFF,0xFF,0xFF,0xFF,0xFF,0x60,0x00,0x00,
  0x00,0x00,0x00,0x00,0x00,0x00,0x00,0x00,0x00,0x00,0x00,0x00,0xD0,0xFF,0xFF,0xFF,
  0xFF,0xFF,0xBB,0x00,0x00,0x00,0x00,0x00,0x00,0x00,0x00,0x00,0x00,0x00,0x00,0x00,
  0x2B,0xFF,0xFF,0xFF,0xFF,0xFF,0xFF,0xFD,0x18,0x00,0x00,0x00,0x00,0x00,0x00,0x00,
  0x00,0x00,0x00,0x00,0x00,0x86,0xFF,0xFF,0xFF,0x7D,0xFF,0xFF,0xFF,0x70,0x00,0x00,
  0x00,0x00,0x00,0x00,0x00,0x00,0x00,0x00,0x00,0x01,0xE0,0xFF,0xFF,0xE5,0x09,0xF5,
  0xFF,0xFF,0xCB,0x00,0x00,0x00,0x00,0x00,0x00,0x00,0x00,0x00,0x00,0x00,0x3C,0xFF,
  0xFF,0xFF,0x99,0x00,0xB1,0xFF,0xFF,0xFF,0x27,0x00,0x00,0x00,0x00,0x00,0x00,0x00,
  0x00,0x00,0x00,0x97,0xFF,0xFF,0xFF,0x49,0x00,0x62,0xFF,0xFF,0xFF,0x81,0x00,0x00,
  0x00,0x00,0x00,0x00,0x00,0x00,0x00,0x05,0xEC,0xFF,0xFF,0xF1,0x06,0x00,0x14,0xFC,
  0xFF,0xFF,0xDC,0x00,0x00,0x00,0x00,0x00,0x00,0x00,0x00,0x00,0x4E,0xFF,0xFF,0xFF,
  0xA8,0x00,0x00,0x00,0xC1,0xFF,0xFF,0xFF,0x37,0x00,0x00,0x00,0x00,0x00,0x00,0x00,
  0x00,0xA9,0xFF,0xFF,0xFF,0x56,0x00,0x00,0x00,0x6F,0xFF,0xFF,0xFF,0x92,0x00,0x00,
  0x00,0x00,0x00,0x00,0x00,0x0D,0xF6,0xFF,0xFF,0xF5,0x0B,0x00,0x00,0x00,0x1C,0xFE,
  0xFF,0xFF,0xE9,0x04,0x00,0x00,0x00,0x00,0x00,0x00,0x5F,0xFF,0xFF,0xFF,0xA9,0x00,
  0x00,0x00,0x00,0x00,0xC6,0xFF,0xFF,0xFF,0x48,0x00,0x00,0x00,0x00,0x00,0x00,0xBA,
  0xFF,0xFF,0xFF,0xBD,0x6C,0x6C,0x6C,0x6C,0x6C,0xDC,0xFF,0xFF,0xFF,0xA2,0x00,0x00,
  0x00,0x00,0x00,0x18,0xFC,0xFF,0xFF,0xFF,0xFF,0xFF,0xFF,0xFF,0xFF,0xFF,0xFF,0xFF,
  0xFF,0xFF,0xF3,0x0A,0x00,0x00,0x00,0x00,0x70,0xFF,0xFF,0xFF,0xFF,0xFF,0xFF,0xFF,
  0xFF,0xFF,0xFF,0xFF,0xFF,0xFF,0xFF,0xFF,0x58,0x00,0x00,0x00,0x00,0xCB,0xFF,0xFF,
  0xFF,0xFF,0xC4,0xC4,0xC4,0xC4,0xC4,0xC4,0xC4,0xFF,0xFF,0xFF,0xFF,0xB3,0x00,0x00,
  0x00,0x26,0xFF,0xFF,0xFF,0xEE,0x06,0x00,0x00,0x00,0x00,0x00,0x00,0x00,0x1D,0xFE,
  0xFF,0xFF,0xFA,0x13,0x00,0x00,0x81,0xFF,0xFF,0xFF,0x9D,0x00,0x00,0x00,0x00,0x00,
  0x00,0x00,0x00,0x00,0xC6,0xFF,0xFF,0xFF,0x69,0x00,0x00,0xDB,0xFF,0xFF,0xFF,0x45,
  0x00,0x00,0x00,0x00,0x00,0x00,0x00,0x00,0x00,0x71,0xFF,0xFF,0xFF,0xC4,0x00,0x37,
  0xFF,0xFF,0xFF,0xEA,0x04,0x00,0x00,0x00,0x00,0x00,0x00,0x00,0x00,0x00,0x1D,0xFE,
  0xFF,0xFF,0xFE,0x20,0x92,0xFF,0xFF,0xFF,0x97,0x00,0x00,0x00,0x00,0x00,0x00,0x00,
  0x00,0x00,0x00,0x00,0xC7,0xFF,0xFF,0xFF,0x7A,0x1D,0xD4,0xD4,0xD4,0xD4,0xD4,0xD4,
  0xD4,0xD4,0xCE,0xB9,0x9A,0x52,0x09,0x00,0x00,0x00,0x00,0x24,0xFF,0xFF,0xFF,0xFF,
  0xFF,0xFF,0xFF,0xFF,0xFF,0xFF,0xFF,0xFF,0xE3,0x50,0x00,0x00,0x00,0x24,0xFF,0xFF,
  0xFF,0xFF,0xFF,0xFF,0xFF,0xFF,0xFF,0xFF,0xFF,0xFF,0xFF,0xFD,0x55,0x00,0x00,0x24,
  0xFF,0xFF,0xFF,0xCA,0x54,0x54,0x54,0x54,0x63,0x8F,0xF3,0xFF,0xFF,0xFF,0xEB,0x09,
  0x00,0x24,0xFF,0xFF,0xFF,0xB0,0x00,0x00,0x00,0x00,0x00,0x00,0x21,0xEE,0xFF,0xFF,
  0xFF,0x53,0x00,0x24,0xFF,0xFF,0xFF,0xB0,0x00,0x00,0x00,0x00,0x00,0x00,0x00,0x86,
  0xFF,0xFF,0xFF,0x77,0x00,0x24,0xFF,0xFF,0xFF,0xB0,0x00,0x00,0x00,0x00,0x00,0x00,
  0x00,0x65,0xFF,0xFF,0xFF,0x73,0x00,0x24,0xFF,0xFF,0xFF,0xB0,0x00,0x00,0x00,0x00,
  0x00,0x00,0x00,0x98,0xFF,0xFF,0xFF,0x3C,0x00,0x24,0xFF,0xFF,0xFF,0xB0,0x00,0x00,
  0x00,0x00,0x00,0x00,0x50,0xFA,0xFF,0xFF,0xC1,0x01,0x00,0x24,0xFF,0xFF,0xFF,0xDE,
  0x94,0x94,0x94,0x94,0x9D,0xCC,0xFF,0xFF,0xFF,0xC4,0x14,0x00,0x00,0x24,0xFF,0xFF,
  0xFF,0xFF,0xFF,0xFF,0xFF,0xFF,0xFF,0xFF,0xFF,0xF6,0x7D,0x02,0x00,0x00,0x00,0x24,
  0xFF,0xFF,0xFF,0xFF,0xFF,0xFF,0xFF,0xFF,0xFF,0xFF,0xFF,0xFF,0xFF,0xD1,0x3B,0x00,
  0x00,0x24,0xFF,0xFF,0xFF,0xD3,0x70,0x70,0x70,0x70,0x75,0x90,0xDB,0xFF,0xFF,0xFF,
  0xF9,0x3A,0x00,0x24,0xFF,0xFF,0xFF,0xB0,0x00,0x00,0x00,0x00,0x00,0x00,0x04,0x8E,
  0xFF,0xFF,0xFF,0xD3,0x00,0x24,0xFF,0xFF,0xFF,0xB0,0x00,0x00,0x00,0x00,0x00,0x00,
  0x00,0x02,0xDC,0xFF,0xFF,0xFF,0x2B,0x24,0xFF,0xFF,0xFF,0xB0,0x00,0x00,0x00,0x00,
  0x00,0x00,0x00,0x00,0xA6,0xFF,0xFF,0xFF,0x4C,0x24,0xFF,0xFF,0xFF,0xB0,0x00,0x00,
  0x00,0x00,0x00,0x00,0x00,0x00,0xB8,0xFF,0xFF,0xFF,0x43,0x24,0xFF,0xFF,0xFF,0xB0,
  0x00,0x00,0x00,0x00,0x00,0x00,0x00,0x38,0xFB,0xFF,0xFF,0xFF,0x1D,0x24,0xFF,0xFF,
  0xFF,0xBC,0x28,0x28,0x28,0x28,0x30,0x4C,0x96,0xF7,0xFF,0xFF,0xFF,0xBB,0x00,0x24,
  0xFF,0xFF,0xFF,0xFF,0xFF,0xFF,0xFF,0xFF,0xFF,0xFF,0xFF,0xFF,0xFF,0xFF,0xF0,0x2C,
  0x00,0x24,0xFF,0xFF,0xFF,0xFF,0xFF,0xFF,0xFF,0xFF,0xFF,0xFF,0xFF,0xFF,0xFF,0xD7,
  0x37,0x00,0x00,0x24,0xFF,0xFF,0xFF,0xFF,0xFF,0xFF,0xFF,0xFF,0xFF,0xEF,0xD9,0xA8,
  0x5B,0x06,0x00,0x00,0x00,0x00,0x00,0x00,0x00,0x00,0x00,0x00,0x00,0x06,0x1E,0x26,
  0x15,0x01,0x00,0x00,0x00,0x00,0x00,0x00,0x00,0x00,0x00,0x00,0x00,0x00,0x11,0x78,
  0xCC,0xFA,0xFF,0xFF,0xFF,0xEE,0xB0,0x4E,0x01,0x00,0x00,0x00,0x00,0x00,0x00,0x00,
  0x00,0x66,0xF1,0xFF,0xFF,0xFF,0xFF,0xFF,0xFF,0xFF,0xFF,0xFF,0xCA,0x28,0x00,0x00,
  0x00,0x00,0x00,0x01,0x98,0xFF,0xFF,0xFF,0xFF,0xFF,0xFF,0xFF,0xFF,0xFF,0xFF,0xFF,
  0xFF,0xF1,0x38,0x00,0x00,0x00,0x00,0x83,0xFF,0xFF,0xFF,0xFF,0xF6,0x9C,0x6E,0x56,
  0x6B,0xAD,0xFB,0xFF,0xFF,0xFF,0xEE,0x1A,0x00,0x00,0x35,0xFD,0xFF,0xFF,0xFF,0xB4,
  0x14,0x00,0x00,0x00,0x00,0x00,0x2E,0xE0,0xFF,0xFF,0xFF,0xAC,0x00,0x00,0xBD,0xFF,
  0xFF,0xFF,0xB5,0x04,0x00,0x00,0x00,0x00,0x00,0x00,0x00,0x28,0xF7,0xFF,0xFF,0xFD,
  0x24,0x27,0xFF,0xFF,0xFF,0xF5,0x1E,0x00,0x00,0x00,0x00,0x00,0x00,0x00,0x00,0x00,
  0x93,0xFF,0xFF,0xFF,0x76,0x74,0xFF,0xFF,0xFF,0x9F,0x00,0x00,0x00,0x00,0x00,0x00,
  0x00,0x00,0x00,0x00,0x2F,0xA0,0xA0,0xA0,0x69,0xA9,0xFF,0xFF,0xFF,0x52,0x00,0x00,
  0x00,0x00,0x00,0x00,0x00,0x00,0x00,0x00,0x00,0x00,0x00,0x00,0x00,0xCD,0xFF,0xFF,
  0xFF,0x27,0x00,0x00,0x00,0x00,0x00,0x00,0x00,0x00,0x00,0x00,0x00,0x00,0x00,0x00,
  0x00,0xDD,0xFF,0xFF,0xFF,0x11,0x00,0x00,0x00,0x00,0x00,0x00,0x00,0x00,0x00,0x00,
  0x00,0x00,0x00,0x00,0x00,0xDE,0xFF,0xFF,0xFF,0x0D,0x00,0x00,0x00,0x00,0x00,0x00,
  0x00,0x00,0x00,0x00,0x00,0x00,0x00,0x00,0x00,0xD1,0xFF,0xFF,0xFF,0x23,0x00,0x00,
  0x00,0x00,0x00,0x00,0x00,0x00,0x00,0x00,0x00,0x00,0x00,0x00,0x00,0xB0,0xFF,0xFF,
  0xFF,0x46,0x00,0x00,0x00,0x00,0x00,0x00,0x00,0x00,0x00,0x00,0x00,0x00,0x00,0x00,
  0x00,0x7F,0xFF,0xFF,0xFF,0x90,0x00,0x00,0x00,0x00,0x00,0x00,0x00,0x00,0x00,0x00,
  0x1E,0x70,0x70,0x70,0x4C,0x36,0xFF,0xFF,0xFF,0xE7,0x0D,0x00,0x00,0x00,0x00,0x00,
  0x00,0x00,0x00,0x00,0x8F,0xFF,0xFF,0xFF,0x82,0x00,0xD0,0xFF,0xFF,0xFF,0x91,0x00,
  0x00,0x00,0x00,0x00,0x00,0x00,0x00,0x1C,0xED,0xFF,0xFF,0xFF,0x37,0x00,0x4E,0xFF,
  0xFF,0xFF,0xFF,0x85,0x01,0x00,0x00,0x00,0x00,0x00,0x16,0xD1,0xFF,0xFF,0xFF,0xC7,
  0x00,0x00,0x00,0xA5,0xFF,0xFF,0xFF,0xFF,0xD6,0x6B,0x3D,0x25,0x3B,0x85,0xF3,0xFF,
  0xFF,0xFF,0xFA,0x30,0x00,0x00,0x00,0x0A,0xBF,0xFF,0xFF,0xFF,0xFF,0xFF,0xFF,0xFF,
  0xFF,0xFF,0xFF,0xFF,0xFF,0xFC,0x5C,0x00,0x00,0x00,0x00,0x00,0x08,0x96,0xFF,0xFF,
  0xFF,0xFF,0xFF,0xFF,0xFF,0xFF,0xFF,0xFF,0xE8,0x4B,0x00,0x00,0x00,0x00,0x00,0x00,
  0x00,0x00,0x33,0xA6,0xF4,0xFF,0xFF,0xFF,0xFF,0xFF,0xDD,0x7C,0x12,0x00,0x00,0x00,
  0x00,0x00,0x00,0x00,0x00,0x00,0x00,0x00,0x05,0x2E,0x4B,0x53,0x42,0x1D,0x00,0x00,
  0x00,0x00,0x00,0x00,0x00,0x1D,0xD4,0xFF,0xFF,0xFF,0xD4,0xD4,0xD4,0xD1,0xC4,0xA6,
  0x74,0x27,0x00,0x00,0x00,0x00,0x00,0x00,0x24,0xFF,0xFF,0xFF,0xFF,0xFF,0xFF,0xFF,
  0xFF,0xFF,0xFF,0xFF,0xFF,0xBA,0x2E,0x00,0x00,0x00,0x00,0x24,0xFF,0xFF,0xFF,0xFF,
  0xFF,0xFF,0xFF,0xFF,0xFF,0xFF,0xFF,0xFF,0xFF,0xFA,0x68,0x00,0x00,0x00,0x24,0xFF,
  0xFF,0xFF,0xFF,0x80,0x80,0x80,0x8A,0xA5,0xD4,0xFF,0xFF,0xFF,0xFF,0xFF,0x66,0x00,
  0x00,0x24,0xFF,0xFF,0xFF,0xBC,0x00,0x00,0x00,0x00,0x00,0x00,0x36,0xCC,0xFF,0xFF,
  0xFF,0xFA,0x29,0x00,0x24,0xFF,0xFF,0xFF,0xBC,0x00,0x00,0x00,0x00,0x00,0x00,0x00,
  0x08,0xB9,0xFF,0xFF,0xFF,0xB4,0x00,0x24,0xFF,0xFF,0xFF,0xBC,0x00,0x00,0x00,0x00,
  0x00,0x00,0x00,0x00,0x1C,0xF2,0xFF,0xFF,0xFE,0x23,0x24,0xFF,0xFF,0xFF,0xBC,0x00,
  0x00,0x00,0x00,0x00,0x00,0x00,0x00,0x00,0x99,0xFF,0xFF,0xFF,0x71,0x24,0xFF,0xFF,
  0xFF,0xBC,0x00,0x00,0x00,0x00,0x00,0x00,0x00,0x00,0x00,0x4B,0xFF,0xFF,0xFF,0xA8,
  0x24,0xFF,0xFF,0xFF,0xBC,0x00,0x00,0x00,0x00,0x00,0x00,0x00,0x00,0x00,0x23,0xFF,
  0xFF,0xFF,0xCC,0x24,0xFF,0xFF,0xFF,0xBC,0x00,0x00,0x00,0x00,0x00,0x00,0x00,0x00,
  0x00,0x0D,0xFF,0xFF,0xFF,0xDC,0x24,0xFF,0xFF,0xFF,0xBC,0x00,0x00,0x00,0x00,0x00,
  0x00,0x00,0x00,0x00,0x09,0xFF,0xFF,0xFF,0xDD,0x24,0xFF,0xFF,0xFF,0xBC,0x00,0x00,
  0x00,0x00,0x00,0x00,0x00,0x00,0x00,0x20,0xFF,0xFF,0xFF,0xCF,0x24,0xFF,0xFF,0xFF,
  0xBC,0x00,0x00,0x00,0x00,0x00,0x00,0x00,0x00,0x00,0x42,0xFF,0xFF,0xFF,0xAE,0x24,
  0xFF,0xFF,0xFF,0xBC,0x00,0x00,0x00,0x00,0x00,0x00,0x00,0x00,0x00,0x8E,0xFF,0xFF,
  0xFF,0x7B,0x24,0xFF,0xFF,0xFF,0xBC,0x00,0x00,0x00,0x00,0x00,0x00,0x00,0x00,0x0F,
  0xE7,0xFF,0xFF,0xFF,0x2F,0x24,0xFF,0xFF,0xFF,0xBC,0x00,0x00,0x00,0x00,0x00,0x00,
  0x00,0x00,0x9E,0xFF,0xFF,0xFF,0xC7,0x00,0x24,0xFF,0xFF,0xFF,0xBC,0x00,0x00,0x00,
  0x00,0x00,0x00,0x12,0xAA,0xFF,0xFF,0xFF,0xFF,0x3D,0x00,0x24,0xFF,0xFF,0xFF,0xFF,
  0x54,0x54,0x54,0x60,0x7A,0xAC,0xF8,0xFF,0xFF,0xFF,0xFF,0x87,0x00,0x00,0x24,0xFF,
  0xFF,0xFF,0xFF,0xFF,0xFF,0xFF,0xFF,0xFF,0xFF,0xFF,0xFF,0xFF,0xFF,0x90,0x01,0x00,
  0x00,0x24,0xFF,0xFF,0xFF,0xFF,0xFF,0xFF,0xFF,0xFF,0xFF,0xFF,0xFF,0xFF,0xDE,0x50,
  0x00,0x00,0x00,0x00,0x24,0xFF,0xFF,0xFF,0xFF,0xFF,0xFF,0xFF,0xFC,0xEF,0xCF,0x9C,
  0x4F,0x03,0x00,0x00,0x00,0x00,0x00,0x1D,0xD4,0xD4,0xD4,0xD4,0xD4,0xD4,0xD4,0xD4,
  0xD4,0xD4,0xD4,0xD4,0xD4,0xD4,0xC0,0x24,0xFF,0xFF,0xFF,0xFF,0xFF,0xFF,0xFF,0xFF,
  0xFF,0xFF,0xFF,0xFF,0xFF,0xFF,0xE8,0x24,0xFF,0xFF,0xFF,0xFF,0xFF,0xFF,0xFF,0xFF,
  0xFF,0xFF,0xFF,0xFF,0xFF,0xFF,0xE8,0x24,0xFF,0xFF,0xFF,0xDF,0x84,0x84,0x84,0x84,
  0x84,0x84,0x84,0x84,0x84,0x84,0x77,0x24,0xFF,0xFF,0xFF,0xBC,0x00,0x00,0x00,0x00,
  0x00,0x00,0x00,0x00,0x00,0x00,0x00,0x24,0xFF,0xFF,0xFF,0xBC,0x00,0x00,0x00,0x00,
  0x00,0x00,0x00,0x00,0x00,0x00,0x00,0x24,0xFF,0xFF,0xFF,0xBC,0x00,0x00,0x00,0x00,
  0x00,0x00,0x00,0x00,0x00,0x00,0x00,0x24,0xFF,0xFF,0xFF,0xBC,0x00,0x00,0x00,0x00,
  0x00,0x00,0x00,0x00,0x00,0x00,0x00,0x24,0xFF,0xFF,0xFF,0xBC,0x00,0x00,0x00,0x00,
  0x00,0x00,0x00,0x00,0x00,0x00,0x00,0x24,0xFF,0xFF,0xFF,0xEC,0xB8,0xB8,0xB8,0xB8,
  0xB8,0xB8,0xB8,0xB8,0xB8,0xB8,0x0E,0x24,0xFF,0xFF,0xFF,0xFF,0xFF,0xFF,0xFF,0xFF,
  0xFF,0xFF,0xFF,0xFF,0xFF,0xFF,0x14,0x24,0xFF,0xFF,0xFF,0xFF,0xFF,0xFF,0xFF,0xFF,
  0xFF,0xFF,0xFF,0xFF,0xFF,0xFF,0x14,0x24,0xFF,0xFF,0xFF,0xE3,0x94,0x94,0x94,0x94,
  0x94,0x94,0x94,0x94,0x94,0x94,0x0B,0x24,0xFF,0xFF,0xFF,0xBC,0x00,0x00,0x00,0x00,
  0x00,0x00,0x00,0x00,0x00,0x00,0x00,0x24,0xFF,0xFF,0xFF,0xBC,0x00,0x00,0x00,0x00,
  0x00,0x00,0x00,0x00,0x00,0x00,0x00,0x24,0xFF,0xFF,0xFF,0xBC,0x00,0x00,0x00,0x00,
  0x00,0x00,0x00,0x00,0x00,0x00,0x00,0x24,0xFF,0xFF,0xFF,0xBC,0x00,0x00,0x00,0x00,
  0x00,0x00,0x00,0x00,0x00,0x00,0x00,0x24,0xFF,0xFF,0xFF,0xBC,0x00,0x00,0x00,0x00,
  0x00,0x00,0x00,0x00,0x00,0x00,0x00,0x24,0xFF,0xFF,0xFF,0xD3,0x58,0x58,0x58,0x58,
  0x58,0x58,0x58,0x58,0x58,0x58,0x51,0x24,0xFF,0xFF,0xFF,0xFF,0xFF,0xFF,0xFF,0xFF,
  0xFF,0xFF,0xFF,0xFF,0xFF,0xFF,0xEC,0x24,0xFF,0xFF,0xFF,0xFF,0xFF,0xFF,0xFF,0xFF,
  0xFF,0xFF,0xFF,0xFF,0xFF,0xFF,0xEC,0x24,0xFF,0xFF,0xFF,0xFF,0xFF,0xFF,0xFF,0xFF,
  0xFF,0xFF,0xFF,0xFF,0xFF,0xFF,0xEC,0x1D,0xD4,0xD4,0xD4,0xD4,0xD4,0xD4,0xD4,0xD4,
  0xD4,0xD4,0xD4,0xD4,0xD4,0xD4,0x60,0x24,0xFF,0xFF,0xFF,0xFF,0xFF,0xFF,0xFF,0xFF,
  0xFF,0xFF,0xFF,0xFF,0xFF,0xFF,0x74,0x24,0xFF,0xFF,0xFF,0xFF,0xFF,0xFF,0xFF,0xFF,
  0xFF,0xFF,0xFF,0xFF,0xFF,0xFF,0x74,0x24,0xFF,0xFF,0xFF,0xDF,0x84,0x84,0x84,0x84,
  0x84,0x84,0x84,0x84,0x84,0x84,0x3B,0x24,0xFF,0xFF,0xFF,0xBC,0x00,0x00,0x00,0x00,
  0x00,0x00,0x00,0x00,0x00,0x00,0x00,0x24,0xFF,0xFF,0xFF,0xBC,0x00,0x00,0x00,0x00,
  0x00,0x00,0x00,0x00,0x00,0x00,0x00,0x24,0xFF,0xFF,0xFF,0xBC,0x00,0x00,0x00,0x00,
  0x00,0x00,0x00,0x00,0x00,0x00,0x00,0x24,0xFF,0xFF,0xFF,0xBC,0x00,0x00,0x00,0x00,
  0x00,0x00,0x00,0x00,0x00,0x00,0x00,0x24,0xFF,0xFF,0xFF,0xBC,0x00,0x00,0x00,0x00,
  0x00,0x00,0x00,0x00,0x00,0x00,0x00,0x24,0xFF,0xFF,0xFF,0xDA,0x74,0x74,0x74,0x74,
  0x74,0x74,0x74,0x74,0x74,0x4C,0x00,0x24,0xFF,0xFF,0xFF,0xFF,0xFF,0xFF,0xFF,0xFF,
  0xFF,0xFF,0xFF,0xFF,0xFF,0xA8,0x00,0x24,0xFF,0xFF,0xFF,0xFF,0xFF,0xFF,0xFF,0xFF,
  0xFF,0xFF,0xFF,0xFF,0xFF,0xA8,0x00,0x24,0xFF,0xFF,0xFF,0xF4,0xD4,0xD4,0xD4,0xD4,
  0xD4,0xD4,0xD4,0xD4,0xD4,0x8B,0x00,0x24,0xFF,0xFF,0xFF,0xBC,0x00,0x00,0x00,0x00,
  0x00,0x00,0x00,0x00,0x00,0x00,0x00,0x24,0xFF,0xFF,0xFF,0xBC,0x00,0x00,0x00,0x00,
  0x00,0x00,0x00,0x00,0x00,0x00,0x00,0x24,0xFF,0xFF,0xFF,0xBC,0x00,0x00,0x00,0x00,
  0x00,0x00,0x00,0x00,0x00,0x00,0x00,0x24,0xFF,0xFF,0xFF,0xBC,0x00,0x00,0x00,0x00,
  0x00,0x00,0x00,0x00,0x00,0x00,0x00,0x24,0xFF,0xFF,0xFF,0xBC,0x00,0x00,0x00,0x00,
  0x00,0x00,0x00,0x00,0x00,0x00,0x00,0x24,0xFF,0xFF,0xFF,0xBC,0x00,0x00,0x00,0x00,
  0x00,0x00,0x00,0x00,0x00,0x00,0x00,0x24,0xFF,0xFF,0xFF,0xBC,0x00,0x00,0x00,0x00,
  0x00,0x00,0x00,0x00,0x00,0x00,0x00,0x24,0xFF,0xFF,0xFF,0xBC,0x00,0x00,0x00,0x00,
  0x00,0x00,0x00,0x00,0x00,0x00,0x00,0x24,0xFF,0xFF,0xFF,0xBC,0x00,0x00,0x00,0x00,
  0x00,0x00,0x00,0x00,0x00,0x00,0x00,0x00,0x00,0x00,0x00,0x00,0x00,0x00,0x00,0x07,
  0x1F,0x25,0x13,0x01,0x00,0x00,0x00,0x00,0x00,0x00,0x00,0x00,0x00,0x00,0x00,0x00,
  0x11,0x78,0xCC,0xFB,0xFF,0xFF,0xFF,0xEA,0xAA,0x46,0x00,0x00,0x00,0x00,0x00,0x00,
  0x00,0x00,0x00,0x65,0xF1,0xFF,0xFF,0xFF,0xFF,0xFF,0xFF,0xFF,0xFF,0xFF,0xC3,0x24,
  0x00,0x00,0x00,0x00,0x00,0x01,0x96,0xFF,0xFF,0xFF,0xFF,0xFF,0xFF,0xFF,0xFF,0xFF,
  0xFF,0xFF,0xFF,0xEE,0x38,0x00,0x00,0x00,0x00,0x81,0xFF,0xFF,0xFF,0xFF,0xF5,0x9C,
  0x6E,0x56,0x6D,0xB9,0xFF,0xFF,0xFF,0xFF,0xEF,0x1E,0x00,0x00,0x35,0xFD,0xFF,0xFF,
  0xFF,0xB4,0x13,0x00,0x00,0x00,0x00,0x00,0x3A,0xE7,0xFF,0xFF,0xFF,0xB6,0x00,0x00,
  0xBD,0xFF,0xFF,0xFF,0xB6,0x04,0x00,0x00,0x00,0x00,0x00,0x00,0x00,0x2F,0xF5,0xFF,
  0xFF,0xFF,0x2E,0x27,0xFF,0xFF,0xFF,0xF5,0x1F,0x00,0x00,0x00,0x00,0x00,0x00,0x00,
  0x00,0x00,0x8F,0xFF,0xFF,0xFF,0x7B,0x73,0xFF,0xFF,0xFF,0xA1,0x00,0x00,0x00,0x00,
  0x00,0x00,0x00,0x00,0x00,0x00,0x1F,0x60,0x60,0x60,0x3D,0xA9,0xFF,0xFF,0xFF,0x53,
  0x00,0x00,0x00,0x00,0x00,0x00,0x00,0x00,0x00,0x00,0x00,0x00,0x00,0x00,0x00,0xCD,
  0xFF,0xFF,0xFF,0x27,0x00,0x00,0x00,0x00,0x00,0x00,0x00,0x00,0x00,0x00,0x00,0x00,
  0x00,0x00,0x00,0xDD,0xFF,0xFF,0xFF,0x11,0x00,0x00,0x00,0x00,0x00,0x04,0x60,0x60,
  0x60,0x60,0x60,0x60,0x60,0x60,0x4F,0xDF,0xFF,0xFF,0xFF,0x0D,0x00,0x00,0x00,0x00,
  0x00,0x0C,0xFF,0xFF,0xFF,0xFF,0xFF,0xFF,0xFF,0xFF,0xD4,0xD2,0xFF,0xFF,0xFF,0x23,
  0x00,0x00,0x00,0x00,0x00,0x0C,0xFF,0xFF,0xFF,0xFF,0xFF,0xFF,0xFF,0xFF,0xD4,0xB0,
  0xFF,0xFF,0xFF,0x47,0x00,0x00,0x00,0x00,0x00,0x08,0xB0,0xB0,0xB0,0xB0,0xB1,0xFF,
  0xFF,0xFF,0xCF,0x7E,0xFF,0xFF,0xFF,0x93,0x00,0x00,0x00,0x00,0x00,0x00,0x00,0x00,
  0x00,0x00,0x18,0xFF,0xFF,0xFF,0xBD,0x34,0xFF,0xFF,0xFF,0xEA,0x0F,0x00,0x00,0x00,
  0x00,0x00,0x00,0x00,0x00,0x00,0x56,0xFF,0xFF,0xFF,0x91,0x00,0xCD,0xFF,0xFF,0xFF,
  0x98,0x00,0x00,0x00,0x00,0x00,0x00,0x00,0x00,0x07,0xCE,0xFF,0xFF,0xFF,0x46,0x00,
  0x4A,0xFF,0xFF,0xFF,0xFF,0x8B,0x02,0x00,0x00,0x00,0x00,0x00,0x0C,0xAC,0xFF,0xFF,
  0xFF,0xD4,0x02,0x00,0x00,0xA1,0xFF,0xFF,0xFF,0xFF,0xD8,0x6D,0x3E,0x27,0x3D,0x7C,
  0xE1,0xFF,0xFF,0xFF,0xF8,0x35,0x00,0x00,0x00,0x08,0xBB,0xFF,0xFF,0xFF,0xFF,0xFF,
  0xFF,0xFF,0xFF,0xFF,0xFF,0xFF,0xFF,0xFE,0x5F,0x00,0x00,0x00,0x00,0x00,0x07,0x95,
  0xFF,0xFF,0xFF,0xFF,0xFF,0xFF,0xFF,0xFF,0xFF,0xFF,0xE6,0x45,0x00,0x00,0x00,0x00,
  0x00,0x00,0x00,0x00,0x32,0xA7,0xF4,0xFF,0xFF,0xFF,0xFF,0xFF,0xE1,0x84,0x13,0x00,
  0x00,0x00,0x00,0x00,0x00,0x00,0x00,0x00,0x00,0x00,0x05,0x30,0x4C,0x54,0x46,0x21,
  0x00,0x00,0x00,0x00,0x00,0x00,0x00,0x1D,0xD4,0xD4,0xD4,0x9B,0x00,0x00,0x00,0x00,
  0x00,0x00,0x00,0x00,0x00,0x27,0xD4,0xD4,0xD4,0x91,0x24,0xFF,0xFF,0xFF,0xBC,0x00,
  0x00,0x00,0x00,0x00,0x00,0x00,0x00,0x00,0x30,0xFF,0xFF,0xFF,0xB0,0x24,0xFF,0xFF,
  0xFF,0xBC,0x00,0x00,0x00,0x00,0x00,0x00,0x00,0x00,0x00,0x30,0xFF,0xFF,0xFF,0xB0,
  0x24,0xFF,0xFF,0xFF,0xBC,0x00,0x00,0x00,0x00,0x00,0x00,0x00,0x00,0x00,0x30,0xFF,
  0xFF,0xFF,0xB0,0x24,0xFF,0xFF,0xFF,0xBC,0x00,0x00,0x00,0x00,0x00,0x00,0x00,0x00,
  0x00,0x30,0xFF,0xFF,0xFF,0xB0,0x24,0xFF,0xFF,0xFF,0xBC,0x00,0x00,0x00,0x00,0x00,
  0x00,0x00,0x00,0x00,0x30,0xFF,0xFF,0xFF,0xB0,0x24,0xFF,0xFF,0xFF,0xBC,0x00,0x00,
  0x00,0x00,0x00,0x00,0x00,0x00,0x00,0x30,0xFF,0xFF,0xFF,0xB0,0x24,0xFF,0xFF,0xFF,
  0xBC,0x00,0x00,0x00,0x00,0x00,0x00,0x00,0x00,0x00,0x30,0xFF,0xFF,0xFF,0xB0,0x24,
  0xFF,0xFF,0xFF,0xBC,0x00,0x00,0x00,0x00,0x00,0x00,0x00,0x00,0x00,0x30,0xFF,0xFF,
  0xFF,0xB0,0x24,0xFF,0xFF,0xFF,0xF4,0xD4,0xD4,0xD4,0xD4,0xD4,0xD4,0xD4,0xD4,0xD4,
  0xDC,0xFF,0xFF,0xFF,0xB0,0x24,0xFF,0xFF,0xFF,0xFF,0xFF,0xFF,0xFF,0xFF,0xFF,0xFF,
  0xFF,0xFF,0xFF,0xFF,0xFF,0xFF,0xFF,0xB0,0x24,0xFF,0xFF,0xFF,0xFF,0xFF,0xFF,0xFF,
  0xFF,0xFF,0xFF,0xFF,0xFF,0xFF,0xFF,0xFF,0xFF,0xFF,0xB0,0x24,0xFF,0xFF,0xFF,0xE0,
  0x88,0x88,0x88,0x88,0x88,0x88,0x88,0x88,0x88,0x9E,0xFF,0xFF,0xFF,0xB0,0x24,0xFF,
  0xFF,0xFF,0xBC,0x00,0x00,0x00,0x00,0x00,0x00,0x00,0x00,0x00,0x30,0xFF,0xFF,0xFF,
  0xB0,0x24,0xFF,0xFF,0xFF,0xBC,0x00,0x00,0x00,0x00,0x00,0x00,0x00,0x00,0x00,0x30,
  0xFF,0xFF,0xFF,0xB0,0x24,0xFF,0xFF,0xFF,0xBC,0x00,0x00,0x00,0x00,0x00,0x00,0x00,
  0x00,0x00,0x30,0xFF,0xFF,0xFF,0xB0,0x24,0xFF,0xFF,0xFF,0xBC,0x00,0x00,0x00,0x00,
  0x00,0x00,0x00,0x00,0x00,0x30,0xFF,0xFF,0xFF,0xB0,0x24,0xFF,0xFF,0xFF,0xBC,0x00,
  0x00,0x00,0x00,0x00,0x00,0x00,0x00,0x00,0x30,0xFF,0xFF,0xFF,0xB0,0x24,0xFF,0xFF,
  0xFF,0xBC,0x00,0x00,0x00,0x00,0x00,0x00,0x00,0x00,0x00,0x30,0xFF,0xFF,0xFF,0xB0,
  0x24,0xFF,0xFF,0xFF,0xBC,0x00,0x00,0x00,0x00,0x00,0x00,0x00,0x00,0x00,0x30,0xFF,
  0xFF,0xFF,0xB0,0x24,0xFF,0xFF,0xFF,0xBC,0x00,0x00,0x00,0x00,0x00,0x00,0x00,0x00,
  0x00,0x30,0xFF,0xFF,0xFF,0xB0,0x24,0xFF,0xFF,0xFF,0xBC,0x00,0x00,0x00,0x00,0x00,
  0x00,0x00,0x00,0x00,0x30,0xFF,0xFF,0xFF,0xB0,0x1D,0xD4,0xD4,0xD4,0x9B,0x24,0xFF,
  0xFF,0xFF,0xBC,0x24,0xFF,0xFF,0xFF,0xBC,0x24,0xFF,0xFF,0xFF,0xBC,0x24,0xFF,0xFF,
  0xFF,0xBC,0x24,0xFF,0xFF,0xFF,0xBC,0x24,0xFF,0xFF,0xFF,0xBC,0x24,0xFF,0xFF,0xFF,
  0xBC,0x24,0xFF,0xFF,0xFF,0xBC,0x24,0xFF,0xFF,0xFF,0xBC,0x24,0xFF,0xFF,0xFF,0xBC,
  0x24,0xFF,0xFF,0xFF,0xBC,0x24,0xFF,0xFF,0xFF,0xBC,0x24,0xFF,0xFF,0xFF,0xBC,0x24,
  0xFF,0xFF,0xFF,0xBC,0x24,0xFF,0xFF,0xFF,0xBC,0x24,0xFF,0xFF,0xFF,0xBC,0x24,0xFF,
  0xFF,0xFF,0xBC,0x24,0xFF,0xFF,0xFF,0xBC,0x24,0xFF,0xFF,0xFF,0xBC,0x24,0xFF,0xFF,
  0xFF,0xBC,0x24,0xFF,0xFF,0xFF,0xBC,0x00,0x00,0x00,0x00,0x00,0x00,0x00,0x00,0x00,
  0x00,0x00,0xD0,0xD4,0xD4,0xBC,0x00,0x00,0x00,0x00,0x00,0x00,0x00,0x00,0x00,0x00,
  0x00,0xFC,0xFF,0xFF,0xE4,0x00,0x00,0x00,0x00,0x00,0x00,0x00,0x00,0x00,0x00,0x00,
  0xFC,0xFF,0xFF,0xE4,0x00,0x00,0x00,0x00,0x00,0x00,0x00,0x00,0x00,0x00,0x00,0xFC,
  0xFF,0xFF,0xE4,0x00,0x00,0x00,0x00,0x00,0x00,0x00,0x00,0x00,0x00,0x00,0xFC,0xFF,
  0xFF,0xE4,0x00,0x00,0x00,0x00,0x00,0x00,0x00,0x00,0x00,0x00,0x00,0xFC,0xFF,0xFF,
  0xE4,0x00,0x00,0x00,0x00,0x00,0x00,0x00,0x00,0x00,0x00,0x00,0xFC,0xFF,0xFF,0xE4,
  0x00,0x00,0x00,0x00,0x00,0x00,0x00,0x00,0x00,0x00,0x00,0xFC,0xFF,0xFF,0xE4,0x00,
  0x00,0x00,0x00,0x00,0x00,0x00,0x00,0x00,0x00,0x00,0xFC,0xFF,0xFF,0xE4,0x00,0x00,
  0x00,0x00,0x00,0x00,0x00,0x00,0x00,0x00,0x00,0xFC,0xFF,0xFF,0xE4,0x00,0x00,0x00,
  0x00,0x00,0x00,0x00,0x00,0x00,0x00,0x00,0xFC,0xFF,0xFF,0xE4,0x00,0x00,0x00,0x00,
  0x00,0x00,0x00,0x00,0x00,0x00,0x00,0xFC,0xFF,0xFF,0xE4,0x00,0x00,0x00,0x00,0x00,
  0x00,0x00,0x00,0x00,0x00,0x00,0xFC,0xFF,0xFF,0xE4,0x00,0x00,0x00,0x00,0x00,0x00,
  0x00,0x00,0x00,0x00,0x00,0xFC,0xFF,0xFF,0xE4,0x06,0xD4,0xD4,0xD4,0x95,0x00,0x00,
  0x00,0x00,0x00,0x00,0xFC,0xFF,0xFF,0xE4,0x05,0xFF,0xFF,0xFF,0xB7,0x00,0x00,0x00,
  0x00,0x00,0x02,0xFD,0xFF,0xFF,0xE2,0x00,0xF5,0xFF,0xFF,0xD6,0x00,0x00,0x00,0x00,
  0x00,0x1F,0xFF,0xFF,0xFF,0xD1,0x00,0xCD,0xFF,0xFF,0xFD,0x31,0x00,0x00,0x00,0x00,
  0x79,0xFF,0xFF,0xFF,0xA9,0x00,0x80,0xFF,0xFF,0xFF,0xDE,0x4A,0x0C,0x18,0x71,0xF7,
  0xFF,0xFF,0xFF,0x5C,0x00,0x13,0xEA,0xFF,0xFF,0xFF,0xFF,0xFF,0xFF,0xFF,0xFF,0xFF,
  0xFF,0xD4,0x04,0x00,0x00,0x3A,0xEE,0xFF,0xFF,0xFF,0xFF,0xFF,0xFF,0xFF,0xFF,0xDF,
  0x22,0x00,0x00,0x00,0x00,0x1F,0xA0,0xF6,0xFF,0xFF,0xFF,0xFF,0xED,0x8B,0x10,0x00,
  0x00,0x00,0x00,0x00,0x00,0x00,0x06,0x33,0x48,0x46,0x2C,0x02,0x00,0x00,0x00,0x00,
  0x1D,0xD4,0xD4,0xD4,0x9B,0x00,0x00,0x00,0x00,0x00,0x00,0x00,0x00,0x57,0xD4,0xD4,
  0xD4,0xD3,0x4A,0x24,0xFF,0xFF,0xFF,0xBC,0x00,0x00,0x00,0x00,0x00,0x00,0x00,0x3F,
  0xF8,0xFF,0xFF,0xFF,0x89,0x00,0x24,0xFF,0xFF,0xFF,0xBC,0x00,0x00,0x00,0x00,0x00,
  0x00,0x2A,0xEF,0xFF,0xFF,0xFF,0xA5,0x01,0x00,0x24,0xFF,0xFF,0xFF,0xBC,0x00,0x00,
  0x00,0x00,0x00,0x19,0xE1,0xFF,0xFF,0xFF,0xBD,0x06,0x00,0x00,0x24,0xFF,0xFF,0xFF,
  0xBC,0x00,0x00,0x00,0x00,0x0D,0xCF,0xFF,0xFF,0xFF,0xD1,0x0E,0x00,0x00,0x00,0x24,
  0xFF,0xFF,0xFF,0xBC,0x00,0x00,0x00,0x04,0xB9,0xFF,0xFF,0xFF,0xE2,0x1B,0x00,0x00,
  0x00,0x00,0x24,0xFF,0xFF,0xFF,0xBC,0x00,0x00,0x00,0x9E,0xFF,0xFF,0xFF,0xEF,0x2B,
  0x00,0x00,0x00,0x00,0x00,0x24,0xFF,0xFF,0xFF,0xBC,0x00,0x00,0x7F,0xFF,0xFF,0xFF,
  0xF8,0x3E,0x00,0x00,0x00,0x00,0x00,0x00,0x24,0xFF,0xFF,0xFF,0xBC,0x00,0x5D,0xFF,
  0xFF,0xFF,0xFE,0x55,0x00,0x00,0x00,0x00,0x00,0x00,0x00,0x24,0xFF,0xFF,0xFF,0xBC,
  0x3B,0xF9,0xFF,0xFF,0xFF,0xB3,0x00,0x00,0x00,0x00,0x00,0x00,0x00,0x00,0x24,0xFF,
  0xFF,0xFF,0xDC,0xEA,0xFF,0xFF,0xFF,0xFF,0xE1,0x0F,0x00,0x00,0x00,0x00,0x00,0x00,
  0x00,0x24,0xFF,0xFF,0xFF,0xFF,0xFF,0xFF,0xFF,0xFF,0xFF,0xFF,0xA1,0x00,0x00,0x00,
  0x00,0x00,0x00,0x00,0x24,0xFF,0xFF,0xFF,0xFF,0xFF,0xFF,0x9C,0xF4,0xFF,0xFF,0xFF,
  0x52,0x00,0x00,0x00,0x00,0x00,0x00,0x24,0xFF,0xFF,0xFF,0xFF,0xFF,0x97,0x00,0x6B,
  0xFF,0xFF,0xFF,0xEB,0x17,0x00,0x00,0x00,0x00,0x00,0x24,0xFF,0xFF,0xFF,0xFF,0xB2,
  0x03,0x00,0x01,0xBB,0xFF,0xFF,0xFF,0xB2,0x00,0x00,0x00,0x00,0x00,0x24,0xFF,0xFF,
  0xFF,0xFF,0x0A,0x00,0x00,0x00,0x1D,0xF1,0xFF,0xFF,0xFF,0x63,0x00,0x00,0x00,0x00,
  0x24,0xFF,0xFF,0xFF,0xD1,0x00,0x00,0x00,0x00,0x00,0x61,0xFF,0xFF,0xFF,0xF2,0x21,
  0x00,0x00,0x00,0x24,0xFF,0xFF,0xFF,0xBC,0x00,0x00,0x00,0x00,0x00,0x00,0xB2,0xFF,
  0xFF,0xFF,0xC2,0x02,0x00,0x00,0x24,0xFF,0xFF,0xFF,0xBC,0x00,0x00,0x00,0x00,0x00,
  0x00,0x18,0xEC,0xFF,0xFF,0xFF,0x75,0x00,0x00,0x24,0xFF,0xFF,0xFF,0xBC,0x00,0x00,
  0x00,0x00,0x00,0x00,0x00,0x57,0xFF,0xFF,0xFF,0xF8,0x2D,0x00,0x24,0xFF,0xFF,0xFF,
  0xBC,0x00,0x00,0x00,0x00,0x00,0x00,0x00,0x00,0xA9,0xFF,0xFF,0xFF,0xD0,0x06,0x24,
  0xFF,0xFF,0xFF,0xBC,0x00,0x00,0x00,0x00,0x00,0x00,0x00,0x00,0x13,0xE7,0xFF,0xFF,
  0xFF,0x87,0x1D,0xD4,0xD4,0xD4,0x9B,0x00,0x00,0x00,0x00,0x00,0x00,0x00,0x00,0x00,
  0x00,0x24,0xFF,0xFF,0xFF,0xBC,0x00,0x00,0x00,0x00,0x00,0x00,0x00,0x00,0x00,0x00,
  0x24,0xFF,0xFF,0xFF,0xBC,0x00,0x00,0x00,0x00,0x00,0x00,0x00,0x00,0x00,0x00,0x24,
  0xFF,0xFF,0xFF,0xBC,0x00,0x00,0x00,0x00,0x00,0x00,0x00,0x00,0x00,0x00,0x24,0xFF,
  0xFF,0xFF,0xBC,0x00,0x00,0x00,0x00,0x00,0x00,0x00,0x00,0x00,0x00,0x24,0xFF,0xFF,
  0xFF,0xBC,0x00,0x00,0x00,0x00,0x00,0x00,0x00,0x00,0x00,0x00,0x24,0xFF,0xFF,0xFF,
  0xBC,0x00,0x00,0x00,0x00,0x00,0x00,0x00,0x00,0x00,0x00,0x24,0xFF,0xFF,0xFF,0xBC,
  0x00,0x00,0x00,0x00,0x00,0x00,0x00,0x00,0x00,0x00,0x24,0xFF,0xFF,0xFF,0xBC,0x00,
  0x00,0x00,0x00,0x00,0x00,0x00,0x00,0x00,0x00,0x24,0xFF,0xFF,0xFF,0xBC,0x00,0x00,
  0x00,0x00,0x00,0x00,0x00,0x00,0x00,0x00,0x24,0xFF,0xFF,0xFF,0xBC,0x00,0x00,0x00,
  0x00,0x00,0x00,0x00,0x00,0x00,0x00,0x24,0xFF,0xFF,0xFF,0xBC,0x00,0x00,0x00,0x00,
  0x00,0x00,0x00,0x00,0x00,0x00,0x24,0xFF,0xFF,0xFF,0xBC,0x00,0x00,0x00,0x00,0x00,
  0x00,0x00,0x00,0x00,0x00,0x24,0xFF,0xFF,0xFF,0xBC,0x00,0x00,0x00,0x00,0x00,0x00,
  0x00,0x00,0x00,0x00,0x24,0xFF,0xFF,0xFF,0xBC,0x00,0x00,0x00,0x00,0x00,0x00,0x00,
  0x00,0x00,0x00,0x24,0xFF,0xFF,0xFF,0xBC,0x00,0x00,0x00,0x00,0x00,0x00,0x00,0x00,
  0x00,0x00,0x24,0xFF,0xFF,0xFF,0xBC,0x00,0x00,0x00,0x00,0x00,0x00,0x00,0x00,0x00,
  0x00,0x24,0xFF,0xFF,0xFF,0xBC,0x00,0x00,0x00,0x00,0x00,0x00,0x00,0x00,0x00,0x00,
  0x24,0xFF,0xFF,0xFF,0xD3,0x58,0x58,0x58,0x58,0x58,0x58,0x58,0x58,0x58,0x46,0x24,
  0xFF,0xFF,0xFF,0xFF,0xFF,0xFF,0xFF,0xFF,0xFF,0xFF,0xFF,0xFF,0xFF,0xCC,0x24,0xFF,
  0xFF,0xFF,0xFF,0xFF,0xFF,0xFF,0xFF,0xFF,0xFF,0xFF,0xFF,0xFF,0xCC,0x24,0xFF,0xFF,
  0xFF,0xFF,0xFF,0xFF,0xFF,0xFF,0xFF,0xFF,0xFF,0xFF,0xFF,0xCC,0x1D,0xD4,0xD4,0xD4,
  0xD4,0xD4,0x83,0x00,0x00,0x00,0x00,0x00,0x00,0x00,0x00,0x00,0x00,0x0D,0xCF,0xD4,
  0xD4,0xD4,0xD4,0x9B,0x24,0xFF,0xFF,0xFF,0xFF,0xFF,0xEE,0x07,0x00,0x00,0x00,0x00,
  0x00,0x00,0x00,0x00,0x00,0x60,0xFF,0xFF,0xFF,0xFF,0xFF,0xBC,0x24,0xFF,0xFF,0xFF,
  0xFF,0xFF,0xFF,0x54,0x00,0x00,0x00,0x00,0x00,0x00,0x00,0x00,0x00,0xBD,0xFF,0xFF,
  0xFF,0xFF,0xFF,0xBC,0x24,0xFF,0xFF,0xFF,0xFF,0xFF,0xFF,0xB2,0x00,0x00,0x00,0x00,
  0x00,0x00,0x00,0x00,0x1C,0xFD,0xFF,0xFF,0xFF,0xFF,0xFF,0xBC,0x24,0xFF,0xFF,0xFF,
  0xFF,0xFF,0xFF,0xFB,0x15,0x00,0x00,0x00,0x00,0x00,0x00,0x00,0x78,0xFF,0xFF,0xFC,
  0xFF,0xFF,0xFF,0xBC,0x24,0xFF,0xFF,0xFF,0xCF,0xFF,0xFF,0xFF,0x6F,0x00,0x00,0x00,
  0x00,0x00,0x00,0x00,0xD5,0xFF,0xFF,0xBF,0xFA,0xFF,0xFF,0xBC,0x24,0xFF,0xFF,0xFF,
  0x99,0xEB,0xFF,0xFF,0xCE,0x00,0x00,0x00,0x00,0x00,0x00,0x32,0xFF,0xFF,0xFF,0x70,
  0xFF,0xFF,0xFF,0xBC,0x24,0xFF,0xFF,0xFF,0x9D,0x9C,0xFF,0xFF,0xFF,0x2D,0x00,0x00,
  0x00,0x00,0x00,0x8F,0xFF,0xFF,0xFF,0x27,0xFF,0xFF,0xFF,0xBC,0x24,0xFF,0xFF,0xFF,
  0xA3,0x48,0xFF,0xFF,0xFF,0x8B,0x00,0x00,0x00,0x00,0x04,0xE8,0xFF,0xFF,0xCF,0x0F,
  0xFF,0xFF,0xFF,0xBC,0x24,0xFF,0xFF,0xFF,0xA8,0x05,0xED,0xFF,0xFF,0xE6,0x03,0x00,
  0x00,0x00,0x4A,0xFF,0xFF,0xFF,0x7E,0x14,0xFF,0xFF,0xFF,0xBC,0x24,0xFF,0xFF,0xFF,
  0xAA,0x00,0x99,0xFF,0xFF,0xFF,0x49,0x00,0x00,0x00,0xA7,0xFF,0xFF,0xFF,0x29,0x17,
  0xFF,0xFF,0xFF,0xBC,0x24,0xFF,0xFF,0xFF,0xAC,0x00,0x3D,0xFF,0xFF,0xFF,0xA7,0x00,
  0x00,0x0D,0xF6,0xFF,0xFF,0xCC,0x00,0x18,0xFF,0xFF,0xFF,0xBC,0x24,0xFF,0xFF,0xFF,
  0xAC,0x00,0x00,0xDB,0xFF,0xFF,0xF4,0x09,0x00,0x59,0xFF,0xFF,0xFF,0x6C,0x00,0x18,
  0xFF,0xFF,0xFF,0xBC,0x24,0xFF,0xFF,0xFF,0xAC,0x00,0x00,0x7D,0xFF,0xFF,0xFF,0x4E,
  0x00,0xAB,0xFF,0xFF,0xFA,0x13,0x00,0x18,0xFF,0xFF,0xFF,0xBC,0x24,0xFF,0xFF,0xFF,
  0xAC,0x00,0x00,0x1E,0xFE,0xFF,0xFF,0x9C,0x07,0xF3,0xFF,0xFF,0xAE,0x00,0x00,0x18,
  0xFF,0xFF,0xFF,0xBC,0x24,0xFF,0xFF,0xFF,0xAC,0x00,0x00,0x00,0xBD,0xFF,0xFF,0xE8,
  0x4B,0xFF,0xFF,0xFF,0x4E,0x00,0x00,0x18,0xFF,0xFF,0xFF,0xBC,0x24,0xFF,0xFF,0xFF,
  0xAC,0x00,0x00,0x00,0x5D,0xFF,0xFF,0xFF,0xCD,0xFF,0xFF,0xEA,0x05,0x00,0x00,0x18,
  0xFF,0xFF,0xFF,0xBC,0x24,0xFF,0xFF,0xFF,0xAC,0x00,0x00,0x00,0x0A,0xF2,0xFF,0xFF,
  0xFF,0xFF,0xFF,0x90,0x00,0x00,0x00,0x18,0xFF,0xFF,0xFF,0xBC,0x24,0xFF,0xFF,0xFF,
  0xAC,0x00,0x00,0x00,0x00,0x9D,0xFF,0xFF,0xFF,0xFF,0xFF,0x31,0x00,0x00,0x00,0x18,
  0xFF,0xFF,0xFF,0xBC,0x24,0xFF,0xFF,0xFF,0xAC,0x00,0x00,0x00,0x00,0x3D,0xFF,0xFF,
  0xFF,0xFF,0xD1,0x00,0x00,0x00,0x00,0x18,0xFF,0xFF,0xFF,0xBC,0x24,0xFF,0xFF,0xFF,
  0xAC,0x00,0x00,0x00,0x00,0x00,0xDB,0xFF,0xFF,0xFF,0x72,0x00,0x00,0x00,0x00,0x18,
  0xFF,0xFF,0xFF,0xBC,0x24,0xFF,0xFF,0xFF,0xAC,0x00,0x00,0x00,0x00,0x00,0x7C,0xFF,
  0xFF,0xFB,0x17,0x00,0x00,0x00,0x00,0x18,0xFF,0xFF,0xFF,0xBC,0x1D,0xD4,0xD4,0xD4,
  0xD4,0x44,0x00,0x00,0x00,0x00,0x00,0x00,0x00,0x00,0x03,0xD4,0xD4,0xD4,0xBC,0x24,
  0xFF,0xFF,0xFF,0xFF,0xDC,0x09,0x00,0x00,0x00,0x00,0x00,0x00,0x00,0x04,0xFF,0xFF,
  0xFF,0xE4,0x24,0xFF,0xFF,0xFF,0xFF,0xFF,0x86,0x00,0x00,0x00,0x00,0x00,0x00,0x00,
  0x04,0xFF,0xFF,0xFF,0xE4,0x24,0xFF,0xFF,0xFF,0xFF,0xFF,0xFA,0x2D,0x00,0x00,0x00,
  0x00,0x00,0x00,0x04,0xFF,0xFF,0xFF,0xE4,0x24,0xFF,0xFF,0xFF,0xFF,0xFF,0xFF,0xC7,
  0x02,0x00,0x00,0x00,0x00,0x00,0x04,0xFF,0xFF,0xFF,0xE4,0x24,0xFF,0xFF,0xFF,0xFF,
  0xFF,0xFF,0xFF,0x6A,0x00,0x00,0x00,0x00,0x00,0x04,0xFF,0xFF,0xFF,0xE4,0x24,0xFF,
  0xFF,0xFF,0xB0,0xE3,0xFF,0xFF,0xF1,0x1A,0x00,0x00,0x00,0x00,0x04,0xFF,0xFF,0xFF,
  0xE4,0x24,0xFF,0xFF,0xFF,0xB0,0x5C,0xFF,0xFF,0xFF,0xAD,0x00,0x00,0x00,0x00,0x04,
  0xFF,0xFF,0xFF,0xE4,0x24,0xFF,0xFF,0xFF,0xB6,0x01,0xC5,0xFF,0xFF,0xFF,0x4E,0x00,
  0x00,0x00,0x04,0xFF,0xFF,0xFF,0xE4,0x24,0xFF,0xFF,0xFF,0xBB,0x00,0x32,0xFD,0xFF,
  0xFF,0xE2,0x0C,0x00,0x00,0x04,0xFF,0xFF,0xFF,0xE4,0x24,0xFF,0xFF,0xFF,0xBE,0x00,
  0x00,0x94,0xFF,0xFF,0xFF,0x90,0x00,0x00,0x04,0xFF,0xFF,0xFF,0xE4,0x24,0xFF,0xFF,
  0xFF,0xBF,0x00,0x00,0x0F,0xE6,0xFF,0xFF,0xFD,0x35,0x00,0x04,0xFF,0xFF,0xFF,0xE4,
  0x24,0xFF,0xFF,0xFF,0xC0,0x00,0x00,0x00,0x54,0xFF,0xFF,0xFF,0xCE,0x03,0x03,0xFF,
  0xFF,0xFF,0xE4,0x24,0xFF,0xFF,0xFF,0xC0,0x00,0x00,0x00,0x00,0xB3,0xFF,0xFF,0xFF,
  0x69,0x01,0xFF,0xFF,0xFF,0xE4,0x24,0xFF,0xFF,0xFF,0xC0,0x00,0x00,0x00,0x00,0x1E,
  0xF3,0xFF,0xFF,0xEB,0x10,0xFA,0xFF,0xFF,0xE4,0x24,0xFF,0xFF,0xFF,0xC0,0x00,0x00,
  0x00,0x00,0x00,0x70,0xFF,0xFF,0xFF,0x8C,0xF1,0xFF,0xFF,0xE4,0x24,0xFF,0xFF,0xFF,
  0xC0,0x00,0x00,0x00,0x00,0x00,0x03,0xCC,0xFF,0xFF,0xF8,0xFF,0xFF,0xFF,0xE4,0x24,
  0xFF,0xFF,0xFF,0xC0,0x00,0x00,0x00,0x00,0x00,0x00,0x31,0xFC,0xFF,0xFF,0xFF,0xFF,
  0xFF,0xE4,0x24,0xFF,0xFF,0xFF,0xC0,0x00,0x00,0x00,0x00,0x00,0x00,0x00,0x8D,0xFF,
  0xFF,0xFF,0xFF,0xFF,0xE4,0x24,0xFF,0xFF,0xFF,0xC0,0x00,0x00,0x00,0x00,0x00,0x00,
  0x00,0x0B,0xE0,0xFF,0xFF,0xFF,0xFF,0xE4,0x24,0xFF,0xFF,0xFF,0xC0,0x00,0x00,0x00,
  0x00,0x00,0x00,0x00,0x00,0x4A,0xFF,0xFF,0xFF,0xFF,0xE4,0x24,0xFF,0xFF,0xFF,0xC0,
  0x00,0x00,0x00,0x00,0x00,0x00,0x00,0x00,0x00,0xA9,0xFF,0xFF,0xFF,0xE4,0x00,0x00,
  0x00,0x00,0x00,0x00,0x00,0x00,0x08,0x1F,0x26,0x15,0x00,0x00,0x00,0x00,0x00,0x00,
  0x00,0x00,0x00,0x00,0x00,0x00,0x00,0x00,0x11,0x79,0xCE,0xFB,0xFF,0xFF,0xFF,0xEB,
  0xA7,0x43,0x00,0x00,0x00,0x00,0x00,0x00,0x00,0x00,0x00,0x00,0x64,0xF1,0xFF,0xFF,
  0xFF,0xFF,0xFF,0xFF,0xFF,0xFF,0xFF,0xBA,0x1B,0x00,0x00,0x00,0x00,0x00,0x00,0x01,
  0x94,0xFF,0xFF,0xFF,0xFF,0xFF,0xFF,0xFF,0xFF,0xFF,0xFF,0xFF,0xFF,0xE7,0x2D,0x00,
  0x00,0x00,0x00,0x00,0x7E,0xFF,0xFF,0xFF,0xFF,0xF4,0x99,0x6A,0x5A,0x7B,0xCB,0xFF,
  0xFF,0xFF,0xFF,0xE5,0x18,0x00,0x00,0x00,0x33,0xFD,0xFF,0xFF,0xFF,0xB3,0x11,0x00,
  0x00,0x00,0x00,0x00,0x50,0xF3,0xFF,0xFF,0xFF,0xAF,0x00,0x00,0x00,0xBB,0xFF,0xFF,
  0xFF,0xB3,0x03,0x00,0x00,0x00,0x00,0x00,0x00,0x00,0x39,0xFC,0xFF,0xFF,0xFF,0x3B,
  0x00,0x26,0xFF,0xFF,0xFF,0xF3,0x1C,0x00,0x00,0x00,0x00,0x00,0x00,0x00,0x00,0x00,
  0x8E,0xFF,0xFF,0xFF,0xA6,0x00,0x73,0xFF,0xFF,0xFF,0x9F,0x00,0x00,0x00,0x00,0x00,
  0x00,0x00,0x00,0x00,0x00,0x20,0xFF,0xFF,0xFF,0xF0,0x04,0xA9,0xFF,0xFF,0xFF,0x50,
  0x00,0x00,0x00,0x00,0x00,0x00,0x00,0x00,0x00,0x00,0x00,0xCE,0xFF,0xFF,0xFF,0x2B,
  0xCD,0xFF,0xFF,0xFF,0x27,0x00,0x00,0x00,0x00,0x00,0x00,0x00,0x00,0x00,0x00,0x00,
  0xA5,0xFF,0xFF,0xFF,0x4F,0xDD,0xFF,0xFF,0xFF,0x11,0x00,0x00,0x00,0x00,0x00,0x00,
  0x00,0x00,0x00,0x00,0x00,0x8E,0xFF,0xFF,0xFF,0x5F,0xDE,0xFF,0xFF,0xFF,0x0D,0x00,
  0x00,0x00,0x00,0x00,0x00,0x00,0x00,0x00,0x00,0x00,0x89,0xFF,0xFF,0xFF,0x62,0xD1,
  0xFF,0xFF,0xFF,0x23,0x00,0x00,0x00,0x00,0x00,0x00,0x00,0x00,0x00,0x00,0x00,0xA0,
  0xFF,0xFF,0xFF,0x54,0xB0,0xFF,0xFF,0xFF,0x44,0x00,0x00,0x00,0x00,0x00,0x00,0x00,
  0x00,0x00,0x00,0x00,0xC2,0xFF,0xFF,0xFF,0x32,0x7F,0xFF,0xFF,0xFF,0x90,0x00,0x00,
  0x00,0x00,0x00,0x00,0x00,0x00,0x00,0x00,0x14,0xFC,0xFF,0xFF,0xF8,0x09,0x36,0xFF,
  0xFF,0xFF,0xE7,0x0C,0x00,0x00,0x00,0x00,0x00,0x00,0x00,0x00,0x00,0x74,0xFF,0xFF,
  0xFF,0xB7,0x00,0x00,0xD0,0xFF,0xFF,0xFF,0x94,0x00,0x00,0x00,0x00,0x00,0x00,0x00,
  0x00,0x1F,0xF3,0xFF,0xFF,0xFF,0x51,0x00,0x00,0x4D,0xFF,0xFF,0xFF,0xFF,0x86,0x01,
  0x00,0x00,0x00,0x00,0x00,0x28,0xDF,0xFF,0xFF,0xFF,0xCA,0x02,0x00,0x00,0x00,0xA2,
  0xFF,0xFF,0xFF,0xFF,0xD4,0x69,0x39,0x2A,0x4A,0x9B,0xF8,0xFF,0xFF,0xFF,0xF4,0x2D,
  0x00,0x00,0x00,0x00,0x08,0xBB,0xFF,0xFF,0xFF,0xFF,0xFF,0xFF,0xFF,0xFF,0xFF,0xFF,
  0xFF,0xFF,0xF7,0x4B,0x00,0x00,0x00,0x00,0x00,0x00,0x07,0x92,0xFE,0xFF,0xFF,0xFF,
  0xFF,0xFF,0xFF,0xFF,0xFF,0xFF,0xDE,0x39,0x00,0x00,0x00,0x00,0x00,0x00,0x00,0x00,
  0x00,0x31,0xA6,0xF4,0xFF,0xFF,0xFF,0xFF,0xFF,0xD4,0x70,0x08,0x00,0x00,0x00,0x00,
  0x00,0x00,0x00,0x00,0x00,0x00,0x00,0x00,0x06,0x31,0x4D,0x53,0x43,0x18,0x00,0x00,
  0x00,0x00,0x00,0x00,0x00,0x00,0x1D,0xD4,0xD4,0xD4,0xD4,0xD4,0xD4,0xD4,0xD4,0xCB,
  0xB3,0x90,0x3F,0x02,0x00,0x00,0x00,0x24,0xFF,0xFF,0xFF,0xFF,0xFF,0xFF,0xFF,0xFF,
  0xFF,0xFF,0xFF,0xFF,0xD3,0x32,0x00,0x00,0x24,0xFF,0xFF,0xFF,0xFF,0xFF,0xFF,0xFF,
  0xFF,0xFF,0xFF,0xFF,0xFF,0xFF,0xFA,0x3E,0x00,0x24,0xFF,0xFF,0xFF,0xDB,0x78,0x78,
  0x78,0x78,0x86,0xB5,0xFA,0xFF,0xFF,0xFF,0xEA,0x11,0x24,0xFF,0xFF,0xFF,0xBC,0x00,
  0x00,0x00,0x00,0x00,0x00,0x2B,0xE1,0xFF,0xFF,0xFF,0x71,0x24,0xFF,0xFF,0xFF,0xBC,
  0x00,0x00,0x00,0x00,0x00,0x00,0x00,0x44,0xFF,0xFF,0xFF,0xC2,0x24,0xFF,0xFF,0xFF,
  0xBC,0x00,0x00,0x00,0x00,0x00,0x00,0x00,0x00,0xF4,0xFF,0xFF,0xE2,0x24,0xFF,0xFF,
  0xFF,0xBC,0x00,0x00,0x00,0x00,0x00,0x00,0x00,0x00,0xEA,0xFF,0xFF,0xEC,0x24,0xFF,
  0xFF,0xFF,0xBC,0x00,0x00,0x00,0x00,0x00,0x00,0x00,0x1E,0xFF,0xFF,0xFF,0xCE,0x24,
  0xFF,0xFF,0xFF,0xBC,0x00,0x00,0x00,0x00,0x00,0x00,0x01,0xA9,0xFF,0xFF,0xFF,0x95,
  0x24,0xFF,0xFF,0xFF,0xD4,0x18,0x18,0x18,0x18,0x25,0x52,0xC2,0xFF,0xFF,0xFF,0xFE,
  0x2A,0x24,0xFF,0xFF,0xFF,0xFF,0xFF,0xFF,0xFF,0xFF,0xFF,0xFF,0xFF,0xFF,0xFF,0xFF,
  0x7E,0x00,0x24,0xFF,0xFF,0xFF,0xFF,0xFF,0xFF,0xFF,0xFF,0xFF,0xFF,0xFF,0xFF,0xFB,
  0x83,0x01,0x00,0x24,0xFF,0xFF,0xFF,0xFF,0xFF,0xFF,0xFF,0xFF,0xFF,0xFF,0xE8,0x97,
  0x2F,0x00,0x00,0x00,0x24,0xFF,0xFF,0xFF,0xEC,0x30,0x30,0x30,0x30,0x26,0x0E,0x00,
  0x00,0x00,0x00,0x00,0x00,0x24,0xFF,0xFF,0xFF,0xBC,0x00,0x00,0x00,0x00,0x00,0x00,
  0x00,0x00,0x00,0x00,0x00,0x00,0x24,0xFF,0xFF,0xFF,0xBC,0x00,0x00,0x00,0x00,0x00,
  0x00,0x00,0x00,0x00,0x00,0x00,0x00,0x24,0xFF,0xFF,0xFF,0xBC,0x00,0x00,0x00,0x00,
  0x00,0x00,0x00,0x00,0x00,0x00,0x00,0x00,0x24,0xFF,0xFF,0xFF,0xBC,0x00,0x00,0x00,
  0x00,0x00,0x00,0x00,0x00,0x00,0x00,0x00,0x00,0x24,0xFF,0xFF,0xFF,0xBC,0x00,0x00,
  0x00,0x00,0x00,0x00,0x00,0x00,0x00,0x00,0x00,0x00,0x24,0xFF,0xFF,0xFF,0xBC,0x00,
  0x00,0x00,0x00,0x00,0x00,0x00,0x00,0x00,0x00,0x00,0x00,0x24,0xFF,0xFF,0xFF,0xBC,
  0x00,0x00,0x00,0x00,0x00,0x00,0x00,0x00,0x00,0x00,0x00,0x00,0x00,0x00,0x00,0x00,
  0x00,0x00,0x00,0x00,0x08,0x1F,0x26,0x15,0x00,0x00,0x00,0x00,0x00,0x00,0x00,0x00,
  0x00,0x00,0x00,0x00,0x00,0x00,0x11,0x79,0xCE,0xFB,0xFF,0xFF,0xFF,0xEB,0xA7,0x43,
  0x00,0x00,0x00,0x00,0x00,0x00,0x00,0x00,0x00,0x00,0x64,0xF1,0xFF,0xFF,0xFF,0xFF,
  0xFF,0xFF,0xFF,0xFF,0xFF,0xBA,0x1B,0x00,0x00,0x00,0x00,0x00,0x00,0x01,0x94,0xFF,
  0xFF,0xFF,0xFF,0xFF,0xFF,0xFF,0xFF,0xFF,0xFF,0xFF,0xFF,0xE7,0x2D,0x00,0x00,0x00,
  0x00,0x00,0x7E,0xFF,0xFF,0xFF,0xFF,0xF4,0x99,0x6A,0x5A,0x7B,0xCB,0xFF,0xFF,0xFF,
  0xFF,0xE5,0x18,0x00,0x00,0x00,0x33,0xFD,0xFF,0xFF,0xFF,0xB3,0x11,0x00,0x00,0x00,
  0x00,0x00,0x50,0xF3,0xFF,0xFF,0xFF,0xAF,0x00,0x00,0x00,0xBB,0xFF,0xFF,0xFF,0xB3,
  0x03,0x00,0x00,0x00,0x00,0x00,0x00,0x00,0x39,0xFC,0xFF,0xFF,0xFF,0x3B,0x00,0x26,
  0xFF,0xFF,0xFF,0xF3,0x1C,0x00,0x00,0x00,0x00,0x00,0x00,0x00,0x00,0x00,0x8E,0xFF,
  0xFF,0xFF,0xA6,0x00,0x73,0xFF,0xFF,0xFF,0x9F,0x00,0x00,0x00,0x00,0x00,0x00,0x00,
  0x00,0x00,0x00,0x20,0xFF,0xFF,0xFF,0xF0,0x04,0xA9,0xFF,0xFF,0xFF,0x50,0x00,0x00,
  0x00,0x00,0x00,0x00,0x00,0x00,0x00,0x00,0x00,0xCE,0xFF,0xFF,0xFF,0x2B,0xCD,0xFF,
  0xFF,0xFF,0x27,0x00,0x00,0x00,0x00,0x00,0x00,0x00,0x00,0x00,0x00,0x00,0xA5,0xFF,
  0xFF,0xFF,0x4F,0xDD,0xFF,0xFF,0xFF,0x11,0x00,0x00,0x00,0x00,0x00,0x00,0x00,0x00,
  0x00,0x00,0x00,0x8E,0xFF,0xFF,0xFF,0x5F,0xDE,0xFF,0xFF,0xFF,0x0D,0x00,0x00,0x00,
  0x00,0x00,0x00,0x00,0x00,0x00,0x00,0x00,0x89,0xFF,0xFF,0xFF,0x62,0xD1,0xFF,0xFF,
  0xFF,0x23,0x00,0x00,0x00,0x00,0x00,0x00,0x00,0x00,0x00,0x00,0x00,0xA0,0xFF,0xFF,
  0xFF,0x54,0xB0,0xFF,0xFF,0xFF,0x44,0x00,0x00,0x00,0x00,0x00,0x00,0x00,0x00,0x00,
  0x00,0x00,0xC2,0xFF,0xFF,0xFF,0x32,0x7F,0xFF,0xFF,0xFF,0x90,0x00,0x00,0x00,0x0A,
  0x48,0x48,0x48,0x1A,0x00,0x00,0x14,0xFC,0xFF,0xFF,0xF8,0x09,0x36,0xFF,0xFF,0xFF,
  0xE7,0x0C,0x00,0x00,0x00,0xA8,0xFF,0xFF,0xD3,0x0A,0x00,0x74,0xFF,0xFF,0xFF,0xB7,
  0x00,0x00,0xD0,0xFF,0xFF,0xFF,0x94,0x00,0x00,0x00,0x0D,0xD9,0xFF,0xFF,0xA3,0x1F,
  0xF3,0xFF,0xFF,0xFF,0x51,0x00,0x00,0x4D,0xFF,0xFF,0xFF,0xFF,0x86,0x01,0x00,0x00,
  0x2D,0xF6,0xFF,0xFF,0xFF,0xFF,0xFF,0xFF,0xCA,0x02,0x00,0x00,0x00,0xA2,0xFF,0xFF,
  0xFF,0xFF,0xD4,0x69,0x39,0x2A,0xAC,0xFF,0xFF,0xFF,0xFF,0xFF,0xF4,0x2D,0x00,0x00,
  0x00,0x00,0x08,0xBB,0xFF,0xFF,0xFF,0xFF,0xFF,0xFF,0xFF,0xFF,0xFF,0xFF,0xFF,0xFF,
  0xFF,0x4B,0x00,0x00,0x00,0x00,0x00,0x00,0x07,0x92,0xFE,0xFF,0xFF,0xFF,0xFF,0xFF,
  0xFF,0xFF,0xFF,0xFF,0xFF,0xFF,0x09,0x00,0x00,0x00,0x00,0x00,0x00,0x00,0x00,0x31,
  0xA6,0xF4,0xFF,0xFF,0xFF,0xFF,0xFF,0xF4,0xFF,0xFF,0xFF,0xA0,0x00,0x00,0x00,0x00,
  0x00,0x00,0x00,0x00,0x00,0x00,0x06,0x31,0x4D,0x53,0x43,0x18,0x00,0x4A,0xFE,0xFF,
  0xFF,0x68,0x00,0x00,0x00,0x00,0x00,0x00,0x00,0x00,0x00,0x00,0x00,0x00,0x00,0x00,
  0x00,0x00,0x00,0x7D,0xE4,0xE4,0xDD,0x28,0x00,0x1D,0xD4,0xD4,0xD4,0xD4,0xD4,0xD4,
  0xD4,0xD4,0xCE,0xB7,0x99,0x4C,0x06,0x00,0x00,0x00,0x00,0x24,0xFF,0xFF,0xFF,0xFF,
  0xFF,0xFF,0xFF,0xFF,0xFF,0xFF,0xFF,0xFF,0xE4,0x4B,0x00,0x00,0x00,0x24,0xFF,0xFF,
  0xFF,0xFF,0xFF,0xFF,0xFF,0xFF,0xFF,0xFF,0xFF,0xFF,0xFF,0xFF,0x64,0x00,0x00,0x24,
  0xFF,0xFF,0xFF,0xDA,0x74,0x74,0x74,0x74,0x7E,0xA4,0xF1,0xFF,0xFF,0xFF,0xF9,0x2C,
  0x00,0x24,0xFF,0xFF,0xFF,0xBC,0x00,0x00,0x00,0x00,0x00,0x00,0x16,0xC5,0xFF,0xFF,
  0xFF,0x9B,0x00,0x24,0xFF,0xFF,0xFF,0xBC,0x00,0x00,0x00,0x00,0x00,0x00,0x00,0x1C,
  0xFB,0xFF,0xFF,0xEC,0x00,0x24,0xFF,0xFF,0xFF,0xBC,0x00,0x00,0x00,0x00,0x00,0x00,
  0x00,0x00,0xC8,0xFF,0xFF,0xFF,0x0C,0x24,0xFF,0xFF,0xFF,0xBC,0x00,0x00,0x00,0x00,
  0x00,0x00,0x00,0x00,0xBF,0xFF,0xFF,0xFF,0x13,0x24,0xFF,0xFF,0xFF,0xBC,0x00,0x00,
  0x00,0x00,0x00,0x00,0x00,0x08,0xED,0xFF,0xFF,0xF4,0x00,0x24,0xFF,0xFF,0xFF,0xBC,
  0x00,0x00,0x00,0x00,0x00,0x00,0x00,0x8A,0xFF,0xFF,0xFF,0xB5,0x00,0x24,0xFF,0xFF,
  0xFF,0xE4,0x28,0x28,0x28,0x28,0x31,0x55,0xB7,0xFF,0xFF,0xFF,0xFF,0x43,0x00,0x24,
  0xFF,0xFF,0xFF,0xFF,0xFF,0xFF,0xFF,0xFF,0xFF,0xFF,0xFF,0xFF,0xFF,0xFF,0x8A,0x00,
  0x00,0x24,0xFF,0xFF,0xFF,0xFF,0xFF,0xFF,0xFF,0xFF,0xFF,0xFF,0xFF,0xFF,0xF7,0x7A,
  0x01,0x00,0x00,0x24,0xFF,0xFF,0xFF,0xFF,0xFF,0xFF,0xFF,0xFF,0xFF,0xFF,0xFF,0xFF,
  0x40,0x00,0x00,0x00,0x00,0x24,0xFF,0xFF,0xFF,0xC8,0x0C,0x0C,0x0C,0x0C,0x97,0xFF,
  0xFF,0xFF,0x9E,0x00,0x00,0x00,0x00,0x24,0xFF,0xFF,0xFF,0xBC,0x00,0x00,0x00,0x00,
  0x18,0xF5,0xFF,0xFF,0xFC,0x28,0x00,0x00,0x00,0x24,0xFF,0xFF,0xFF,0xBC,0x00,0x00,
  0x00,0x00,0x00,0x8A,0xFF,0xFF,0xFF,0xAC,0x00,0x00,0x00,0x24,0xFF,0xFF,0xFF,0xBC,
  0x00,0x00,0x00,0x00,0x00,0x13,0xF1,0xFF,0xFF,0xFF,0x34,0x00,0x00,0x24,0xFF,0xFF,
  0xFF,0xBC,0x00,0x00,0x00,0x00,0x00,0x00,0x80,0xFF,0xFF,0xFF,0xBA,0x00,0x00,0x24,
  0xFF,0xFF,0xFF,0xBC,0x00,0x00,0x00,0x00,0x00,0x00,0x0E,0xED,0xFF,0xFF,0xFF,0x41,
  0x00,0x24,0xFF,0xFF,0xFF,0xBC,0x00,0x00,0x00,0x00,0x00,0x00,0x00,0x77,0xFF,0xFF,
  0xFF,0xC8,0x00,0x24,0xFF,0xFF,0xFF,0xBC,0x00,0x00,0x00,0x00,0x00,0x00,0x00,0x0A,
  0xE7,0xFF,0xFF,0xFF,0x50,0x00,0x00,0x00,0x00,0x00,0x00,0x01,0x12,0x25,0x15,0x01,
  0x00,0x00,0x00,0x00,0x00,0x00,0x00,0x00,0x00,0x00,0x03,0x60,0xB5,0xF7,0xFF,0xFF,
  0xFF,0xFB,0xBE,0x67,0x06,0x00,0x00,0x00,0x00,0x00,0x00,0x2D,0xD0,0xFF,0xFF,0xFF,
  0xFF,0xFF,0xFF,0xFF,0xFF,0xFF,0xD5,0x31,0x00,0x00,0x00,0x00,0x25,0xE9,0xFF,0xFF,
  0xFF,0xFF,0xFF,0xFF,0xFF,0xFF,0xFF,0xFF,0xFF,0xEA,0x23,0x00,0x00,0x00,0xBB,0xFF,
  0xFF,0xFF,0xEE,0x7E,0x37,0x23,0x3E,0x7E,0xF1,0xFF,0xFF,0xFF,0xBC,0x00,0x00,0x29,
  0xFF,0xFF,0xFF,0xED,0x23,0x00,0x00,0x00,0x00,0x00,0x1C,0xE3,0xFF,0xFF,0xFF,0x2D,
  0x00,0x57,0xFF,0xFF,0xFF,0x8C,0x00,0x00,0x00,0x00,0x00,0x00,0x00,0x62,0xFF,0xFF,
  0xFF,0x69,0x00,0x6D,0xFF,0xFF,0xFF,0x80,0x00,0x00,0x00,0x00,0x00,0x00,0x00,0x1C,
  0xB8,0xB8,0xB8,0x63,0x00,0x51,0xFF,0xFF,0xFF,0xE0,0x19,0x00,0x00,0x00,0x00,0x00,
  0x00,0x00,0x00,0x00,0x00,0x00,0x00,0x0E,0xF1,0xFF,0xFF,0xFF,0xEC,0x7E,0x27,0x00,
  0x00,0x00,0x00,0x00,0x00,0x00,0x00,0x00,0x00,0x00,0x67,0xFF,0xFF,0xFF,0xFF,0xFF,
  0xFF,0xE4,0xA8,0x6B,0x27,0x00,0x00,0x00,0x00,0x00,0x00,0x00,0x00,0x68,0xF6,0xFF,
  0xFF,0xFF,0xFF,0xFF,0xFF,0xFF,0xFF,0xD6,0x70,0x08,0x00,0x00,0x00,0x00,0x00,0x00,
  0x1A,0x8A,0xE6,0xFF,0xFF,0xFF,0xFF,0xFF,0xFF,0xFF,0xFF,0xDF,0x34,0x00,0x00,0x00,
  0x00,0x00,0x00,0x00,0x01,0x2F,0x6E,0xAA,0xE7,0xFF,0xFF,0xFF,0xFF,0xFF,0xEF,0x25,
  0x00,0x00,0x00,0x00,0x00,0x00,0x00,0x00,0x00,0x00,0x00,0x31,0x97,0xFB,0xFF,0xFF,
  0xFF,0xAC,0x00,0x07,0x08,0x08,0x07,0x00,0x00,0x00,0x00,0x00,0x00,0x00,0x00,0x48,
  0xFF,0xFF,0xFF,0xF7,0x04,0xDD,0xFF,0xFF,0xF8,0x02,0x00,0x00,0x00,0x00,0x00,0x00,
  0x00,0x00,0xCD,0xFF,0xFF,0xFF,0x19,0xBF,0xFF,0xFF,0xFF,0x39,0x00,0x00,0x00,0x00,
  0x00,0x00,0x00,0x00,0xD6,0xFF,0xFF,0xFF,0x10,0x81,0xFF,0xFF,0xFF,0xC6,0x08,0x00,
  0x00,0x00,0x00,0x00,0x00,0x4D,0xFF,0xFF,0xFF,0xDF,0x00,0x1D,0xF8,0xFF,0xFF,0xFF,
  0xD2,0x50,0x0B,0x00,0x00,0x25,0x84,0xF8,0xFF,0xFF,0xFF,0x7E,0x00,0x00,0x60,0xFF,
  0xFF,0xFF,0xFF,0xFF,0xFF,0xF2,0xF9,0xFF,0xFF,0xFF,0xFF,0xFF,0xCA,0x0A,0x00,0x00,
  0x00,0x6A,0xF5,0xFF,0xFF,0xFF,0xFF,0xFF,0xFF,0xFF,0xFF,0xFF,0xFF,0xC0,0x13,0x00,
  0x00,0x00,0x00,0x00,0x20,0x96,0xE5,0xFF,0xFF,0xFF,0xFF,0xFF,0xFA,0xBD,0x58,0x00,
  0x00,0x00,0x00,0x00,0x00,0x00,0x00,0x00,0x01,0x24,0x3D,0x51,0x48,0x32,0x0D,0x00,
  0x00,0x00,0x00,0x00,0x00,0x38,0xD4,0xD4,0xD4,0xD4,0xD4,0xD4,0xD4,0xD4,0xD4,0xD4,
  0xD4,0xD4,0xD4,0xD4,0xD4,0xD4,0xD4,0x24,0x44,0xFF,0xFF,0xFF,0xFF,0xFF,0xFF,0xFF,
  0xFF,0xFF,0xFF,0xFF,0xFF,0xFF,0xFF,0xFF,0xFF,0xFF,0x2C,0x44,0xFF,0xFF,0xFF,0xFF,
  0xFF,0xFF,0xFF,0xFF,0xFF,0xFF,0xFF,0xFF,0xFF,0xFF,0xFF,0xFF,0xFF,0x2C,0x23,0x84,
  0x84,0x84,0x84,0x84,0x84,0xBE,0xFF,0xFF,0xFF,0xB6,0x84,0x84,0x84,0x84,0x84,0x84,
  0x16,0x00,0x00,0x00,0x00,0x00,0x00,0x00,0x78,0xFF,0xFF,0xFF,0x68,0x00,0x00,0x00,
  0x00,0x00,0x00,0x00,0x00,0x00,0x00,0x00,0x00,0x00,0x00,0x78,0xFF,0xFF,0xFF,0x68,
  0x00,0x00,0x00,0x00,0x00,0x00,0x00,0x00,0x00,0x00,0x00,0x00,0x00,0x00,0x78,0xFF,
  0xFF,0xFF,0x68,0x00,0x00,0x00,0x00,0x00,0x00,0x00,0x00,0x00,0x00,0x00,0x00,0x00,
  0x00,0x78,0xFF,0xFF,0xFF,0x68,0x00,0x00,0x00,0x00,0x00,0x00,0x00,0x00,0x00,0x00,
  0x00,0x00,0x00,0x00,0x78,0xFF,0xFF,0xFF,0x68,0x00,0x00,0x00,0x00,0x00,0x00,0x00,
  0x00,0x00,0x00,0x00,0x00,0x00,0x00,0x78,0xFF,0xFF,0xFF,0x68,0x00,0x00,0x00,0x00,
  0x00,0x00,0x00,0x00,0x00,0x00,0x00,0x00,0x00,0x00,0x78,0xFF,0xFF,0xFF,0x68,0x00,
  0x00,0x00,0x00,0x00,0x00,0x00,0x00,0x00,0x00,0x00,0x00,0x00,0x00,0x78,0xFF,0xFF,
  0xFF,0x68,0x00,0x00,0x00,0x00,0x00,0x00,0x00,0x00,0x00,0x00,0x00,0x00,0x00,0x00,
  0x78,0xFF,0xFF,0xFF,0x68,0x00,0x00,0x00,0x00,0x00,0x00,0x00,0x00,0x00,0x00,0x00,
  0x00,0x00,0x00,0x78,0xFF,0xFF,0xFF,0x68,0x00,0x00,0x00,0x00,0x00,0x00,0x00,0x00,
  0x00,0x00,0x00,0x00,0x00,0x00,0x78,0xFF,0xFF,0xFF,0x68,0x00,0x00,0x00,0x00,0x00,
  0x00,0x00,0x00,0x00,0x00,0x00,0x00,0x00,0x00,0x78,0xFF,0xFF,0xFF,0x68,0x00,0x00,
  0x00,0x00,0x00,0x00,0x00,0x00,0x00,0x00,0x00,0x00,0x00,0x00,0x78,0xFF,0xFF,0xFF,
  0x68,0x00,0x00,0x00,0x00,0x00,0x00,0x00,0x00,0x00,0x00,0x00,0x00,0x00,0x00,0x78,
  0xFF,0xFF,0xFF,0x68,0x00,0x00,0x00,0x00,0x00,0x00,0x00,0x00,0x00,0x00,0x00,0x00,
  0x00,0x00,0x78,0xFF,0xFF,0xFF,0x68,0x00,0x00,0x00,0x00,0x00,0x00,0x00,0x00,0x00,
  0x00,0x00,0x00,0x00,0x00,0x78,0xFF,0xFF,0xFF,0x68,0x00,0x00,0x00,0x00,0x00,0x00,
  0x00,0x00,0x00,0x00,0x00,0x00,0x00,0x00,0x78,0xFF,0xFF,0xFF,0x68,0x00,0x00,0x00,
  0x00,0x00,0x00,0x00,0x00,0x00,0x00,0x00,0x00,0x00,0x00,0x78,0xFF,0xFF,0xFF,0x68,
  0x00,0x00,0x00,0x00,0x00,0x00,0x00,0x2E,0xD4,0xD4,0xD4,0x81,0x00,0x00,0x00,0x00,
  0x00,0x00,0x00,0x00,0x00,0x52,0xD4,0xD4,0xD4,0x5C,0x38,0xFF,0xFF,0xFF,0x9C,0x00,
  0x00,0x00,0x00,0x00,0x00,0x00,0x00,0x00,0x64,0xFF,0xFF,0xFF,0x70,0x38,0xFF,0xFF,
  0xFF,0x9C,0x00,0x00,0x00,0x00,0x00,0x00,0x00,0x00,0x00,0x64,0xFF,0xFF,0xFF,0x70,
  0x38,0xFF,0xFF,0xFF,0x9C,0x00,0x00,0x00,0x00,0x00,0x00,0x00,0x00,0x00,0x64,0xFF,
  0xFF,0xFF,0x70,0x38,0xFF,0xFF,0xFF,0x9C,0x00,0x00,0x00,0x00,0x00,0x00,0x00,0x00,
  0x00,0x64,0xFF,0xFF,0xFF,0x70,0x38,0xFF,0xFF,0xFF,0x9C,0x00,0x00,0x00,0x00,0x00,
  0x00,0x00,0x00,0x00,0x64,0xFF,0xFF,0xFF,0x70,0x38,0xFF,0xFF,0xFF,0x9C,0x00,0x00,
  0x00,0x00,0x00,0x00,0x00,0x00,0x00,0x64,0xFF,0xFF,0xFF,0x70,0x38,0xFF,0xFF,0xFF,
  0x9C,0x00,0x00,0x00,0x00,0x00,0x00,0x00,0x00,0x00,0x64,0xFF,0xFF,0xFF,0x70,0x38,
  0xFF,0xFF,0xFF,0x9C,0x00,0x00,0x00,0x00,0x00,0x00,0x00,0x00,0x00,0x64,0xFF,0xFF,
  0xFF,0x70,0x38,0xFF,0xFF,0xFF,0x9C,0x00,0x00,0x00,0x00,0x00,0x00,0x00,0x00,0x00,
  0x64,0xFF,0xFF,0xFF,0x70,0x38,0xFF,0xFF,0xFF,0x9C,0x00,0x00,0x00,0x00,0x00,0x00,
  0x00,0x00,0x00,0x64,0xFF,0xFF,0xFF,0x70,0x38,0xFF,0xFF,0xFF,0x9C,0x00,0x00,0x00,
  0x00,0x00,0x00,0x00,0x00,0x00,0x64,0xFF,0xFF,0xFF,0x70,0x38,0xFF,0xFF,0xFF,0x9C,
  0x00,0x00,0x00,0x00,0x00,0x00,0x00,0x00,0x00,0x64,0xFF,0xFF,0xFF,0x70,0x38,0xFF,
  0xFF,0xFF,0x9C,0x00,0x00,0x00,0x00,0x00,0x00,0x00,0x00,0x00,0x64,0xFF,0xFF,0xFF,
  0x70,0x35,0xFF,0xFF,0xFF,0xA6,0x00,0x00,0x00,0x00,0x00,0x00,0x00,0x00,0x00,0x6F,
  0xFF,0xFF,0xFF,0x6D,0x25,0xFF,0xFF,0xFF,0xCE,0x00,0x00,0x00,0x00,0x00,0x00,0x00,
  0x00,0x00,0x97,0xFF,0xFF,0xFF,0x5C,0x03,0xF3,0xFF,0xFF,0xFF,0x34,0x00,0x00,0x00,
  0x00,0x00,0x00,0x00,0x0E,0xED,0xFF,0xFF,0xFF,0x2E,0x00,0xA2,0xFF,0xFF,0xFF,0xD9,
  0x1B,0x00,0x00,0x00,0x00,0x00,0x09,0xB2,0xFF,0xFF,0xFF,0xDA,0x00,0x00,0x27,0xF6,
  0xFF,0xFF,0xFF,0xEB,0x7B,0x33,0x1A,0x2B,0x66,0xD6,0xFF,0xFF,0xFF,0xFF,0x58,0x00,
  0x00,0x00,0x57,0xFF,0xFF,0xFF,0xFF,0xFF,0xFF,0xFF,0xFF,0xFF,0xFF,0xFF,0xFF,0xFF,
  0x90,0x00,0x00,0x00,0x00,0x00,0x57,0xEE,0xFF,0xFF,0xFF,0xFF,0xFF,0xFF,0xFF,0xFF,
  0xFF,0xFB,0x82,0x03,0x00,0x00,0x00,0x00,0x00,0x00,0x1A,0x89,0xE0,0xFF,0xFF,0xFF,
  0xFF,0xFF,0xEE,0x9C,0x30,0x00,0x00,0x00,0x00,0x00,0x00,0x00,0x00,0x00,0x00,0x01,
  0x21,0x3C,0x51,0x42,0x28,0x05,0x00,0x00,0x00,0x00,0x00,0x00,0x7F,0xD4,0xD4,0xD4,
  0x7D,0x00,0x00,0x00,0x00,0x00,0x00,0x00,0x00,0x00,0x00,0x00,0xA1,0xD4,0xD4,0xD4,
  0x51,0x47,0xFF,0xFF,0xFF,0xE5,0x02,0x00,0x00,0x00,0x00,0x00,0x00,0x00,0x00,0x00,
  0x14,0xFC,0xFF,0xFF,0xFB,0x14,0x03,0xE8,0xFF,0xFF,0xFF,0x3F,0x00,0x00,0x00,0x00,
  0x00,0x00,0x00,0x00,0x00,0x67,0xFF,0xFF,0xFF,0xB6,0x00,0x00,0x90,0xFF,0xFF,0xFF,
  0x97,0x00,0x00,0x00,0x00,0x00,0x00,0x00,0x00,0x00,0xBC,0xFF,0xFF,0xFF,0x5D,0x00,
  0x00,0x35,0xFF,0xFF,0xFF,0xEA,0x04,0x00,0x00,0x00,0x00,0x00,0x00,0x00,0x14,0xFC,
  0xFF,0xFF,0xF6,0x0C,0x00,0x00,0x00,0xD9,0xFF,0xFF,0xFF,0x46,0x00,0x00,0x00,0x00,
  0x00,0x00,0x00,0x66,0xFF,0xFF,0xFF,0xA9,0x00,0x00,0x00,0x00,0x7F,0xFF,0xFF,0xFF,
  0x9E,0x00,0x00,0x00,0x00,0x00,0x00,0x00,0xBB,0xFF,0xFF,0xFF,0x4F,0x00,0x00,0x00,
  0x00,0x23,0xFF,0xFF,0xFF,0xEF,0x06,0x00,0x00,0x00,0x00,0x00,0x14,0xFB,0xFF,0xFF,
  0xEF,0x06,0x00,0x00,0x00,0x00,0x00,0xC8,0xFF,0xFF,0xFF,0x4D,0x00,0x00,0x00,0x00,
  0x00,0x66,0xFF,0xFF,0xFF,0x9C,0x00,0x00,0x00,0x00,0x00,0x00,0x6D,0xFF,0xFF,0xFF,
  0xA5,0x00,0x00,0x00,0x00,0x00,0xBB,0xFF,0xFF,0xFF,0x42,0x00,0x00,0x00,0x00,0x00,
  0x00,0x16,0xFB,0xFF,0xFF,0xF3,0x09,0x00,0x00,0x00,0x14,0xFB,0xFF,0xFF,0xE5,0x02,
  0x00,0x00,0x00,0x00,0x00,0x00,0x00,0xB6,0xFF,0xFF,0xFF,0x54,0x00,0x00,0x00,0x65,
  0xFF,0xFF,0xFF,0x8E,0x00,0x00,0x00,0x00,0x00,0x00,0x00,0x00,0x5B,0xFF,0xFF,0xFF,
  0xA6,0x00,0x00,0x00,0xB4,0xFF,0xFF,0xFF,0x34,0x00,0x00,0x00,0x00,0x00,0x00,0x00,
  0x00,0x0B,0xF4,0xFF,0xFF,0xF1,0x05,0x00,0x0A,0xF7,0xFF,0xFF,0xDA,0x00,0x00,0x00,
  0x00,0x00,0x00,0x00,0x00,0x00,0x00,0xA5,0xFF,0xFF,0xFF,0x44,0x00,0x4F,0xFF,0xFF,
  0xFF,0x81,0x00,0x00,0x00,0x00,0x00,0x00,0x00,0x00,0x00,0x00,0x49,0xFF,0xFF,0xFF,
  0x92,0x00,0x9B,0xFF,0xFF,0xFF,0x27,0x00,0x00,0x00,0x00,0x00,0x00,0x00,0x00,0x00,
  0x00,0x04,0xEA,0xFF,0xFF,0xDF,0x01,0xE6,0xFF,0xFF,0xCD,0x00,0x00,0x00,0x00,0x00,
  0x00,0x00,0x00,0x00,0x00,0x00,0x00,0x93,0xFF,0xFF,0xFF,0x61,0xFF,0xFF,0xFF,0x73,
  0x00,0x00,0x00,0x00,0x00,0x00,0x00,0x00,0x00,0x00,0x00,0x00,0x38,0xFF,0xFF,0xFF,
  0xFA,0xFF,0xFF,0xFE,0x1C,0x00,0x00,0x00,0x00,0x00,0x00,0x00,0x00,0x00,0x00,0x00,
  0x00,0x00,0xDB,0xFF,0xFF,0xFF,0xFF,0xFF,0xC0,0x00,0x00,0x00,0x00,0x00,0x00,0x00,
  0x00,0x00,0x00,0x00,0x00,0x00,0x00,0x81,0xFF,0xFF,0xFF,0xFF,0xFF,0x66,0x00,0x00,
  0x00,0x00,0x00,0x00,0x00,0x00,0x00,0x00,0x00,0x00,0x00,0x00,0x26,0xFF,0xFF,0xFF,
  0xFF,0xFA,0x12,0x00,0x00,0x00,0x00,0x00,0x00,0x00,0x87,0xD4,0xD4,0xD4,0x5E,0x00,
  0x00,0x00,0x00,0x00,0x00,0x00,0x4F,0xD4,0xD4,0xD4,0xC4,0x00,0x00,0x00,0x00,0x00,
  0x00,0x00,0x00,0xC1,0xD4,0xD4,0xD4,0x2A,0x64,0xFF,0xFF,0xFF,0xAB,0x00,0x00,0x00,
  0x00,0x00,0x00,0x00,0x9B,0xFF,0xFF,0xFF,0xFF,0x29,0x00,0x00,0x00,0x00,0x00,0x00,
  0x23,0xFF,0xFF,0xFF,0xF0,0x03,0x1F,0xFF,0xFF,0xFF,0xE9,0x00,0x00,0x00,0x00,0x00,
  0x00,0x00,0xDC,0xFF,0xFF,0xFF,0xFF,0x6A,0x00,0x00,0x00,0x00,0x00,0x00,0x62,0xFF,
  0xFF,0xFF,0xAE,0x00,0x00,0xDA,0xFF,0xFF,0xFF,0x29,0x00,0x00,0x00,0x00,0x00,0x1D,
  0xFF,0xFF,0xFF,0xFF,0xFF,0xAA,0x00,0x00,0x00,0x00,0x00,0x00,0xA1,0xFF,0xFF,0xFF,
  0x69,0x00,0x00,0x95,0xFF,0xFF,0xFF,0x68,0x00,0x00,0x00,0x00,0x00,0x5F,0xFF,0xFF,
  0xFF,0xFF,0xFF,0xEA,0x01,0x00,0x00,0x00,0x00,0x00,0xDF,0xFF,0xFF,0xFF,0x23,0x00,
  0x00,0x50,0xFF,0xFF,0xFF,0xA7,0x00,0x00,0x00,0x00,0x00,0xA0,0xFF,0xFF,0xF0,0xFF,
  0xFF,0xFF,0x2C,0x00,0x00,0x00,0x00,0x1E,0xFF,0xFF,0xFF,0xDE,0x00,0x00,0x00,0x0F,
  0xFC,0xFF,0xFF,0xE6,0x00,0x00,0x00,0x00,0x00,0xE1,0xFF,0xFF,0x8C,0xF7,0xFF,0xFF,
  0x6C,0x00,0x00,0x00,0x00,0x5D,0xFF,0xFF,0xFF,0x99,0x00,0x00,0x00,0x00,0xC6,0xFF,
  0xFF,0xFF,0x25,0x00,0x00,0x00,0x23,0xFF,0xFF,0xFF,0x4D,0xC2,0xFF,0xFF,0xAD,0x00,
  0x00,0x00,0x00,0x9B,0xFF,0xFF,0xFF,0x54,0x00,0x00,0x00,0x00,0x81,0xFF,0xFF,0xFF,
  0x64,0x00,0x00,0x00,0x65,0xFF,0xFF,0xFF,0x13,0x87,0xFF,0xFF,0xEC,0x01,0x00,0x00,
  0x00,0xDA,0xFF,0xFF,0xFD,0x11,0x00,0x00,0x00,0x00,0x3C,0xFF,0xFF,0xFF,0xA2,0x00,
  0x00,0x00,0xA6,0xFF,0xFF,0xD6,0x00,0x4B,0xFF,0xFF,0xFF,0x2F,0x00,0x00,0x18,0xFF,
  0xFF,0xFF,0xC9,0x00,0x00,0x00,0x00,0x00,0x04,0xF1,0xFF,0xFF,0xE1,0x00,0x00,0x00,
  0xE6,0xFF,0xFF,0x94,0x00,0x0C,0xFB,0xFF,0xFF,0x6F,0x00,0x00,0x57,0xFF,0xFF,0xFF,
  0x84,0x00,0x00,0x00,0x00,0x00,0x00,0xB1,0xFF,0xFF,0xFF,0x20,0x00,0x28,0xFF,0xFF,
  0xFF,0x50,0x00,0x00,0xC5,0xFF,0xFF,0xB0,0x00,0x00,0x95,0xFF,0xFF,0xFF,0x3E,0x00,
  0x00,0x00,0x00,0x00,0x00,0x6C,0xFF,0xFF,0xFF,0x5C,0x00,0x67,0xFF,0xFF,0xFC,0x10,
  0x00,0x00,0x81,0xFF,0xFF,0xED,0x01,0x00,0xD1,0xFF,0xFF,0xF4,0x05,0x00,0x00,0x00,
  0x00,0x00,0x00,0x27,0xFF,0xFF,0xFF,0x95,0x00,0xA4,0xFF,0xFF,0xC9,0x00,0x00,0x00,
  0x3D,0xFF,0xFF,0xFF,0x2B,0x0D,0xFD,0xFF,0xFF,0xB4,0x00,0x00,0x00,0x00,0x00,0x00,
  0x00,0x00,0xE2,0xFF,0xFF,0xCE,0x00,0xDF,0xFF,0xFF,0x86,0x00,0x00,0x00,0x05,0xF3,
  0xFF,0xFF,0x66,0x43,0xFF,0xFF,0xFF,0x6F,0x00,0x00,0x00,0x00,0x00,0x00,0x00,0x00,
  0x9D,0xFF,0xFF,0xFA,0x1E,0xFF,0xFF,0xFF,0x42,0x00,0x00,0x00,0x00,0xB5,0xFF,0xFF,
  0x9F,0x79,0xFF,0xFF,0xFF,0x29,0x00,0x00,0x00,0x00,0x00,0x00,0x00,0x00,0x58,0xFF,
  0xFF,0xFF,0x83,0xFF,0xFF,0xF7,0x08,0x00,0x00,0x00,0x00,0x71,0xFF,0xFF,0xD8,0xAE,
  0xFF,0xFF,0xE4,0x00,0x00,0x00,0x00,0x00,0x00,0x00,0x00,0x00,0x14,0xFE,0xFF,0xFF,
  0xEA,0xFF,0xFF,0xBB,0x00,0x00,0x00,0x00,0x00,0x2E,0xFF,0xFF,0xFE,0xF1,0xFF,0xFF,
  0x9F,0x00,0x00,0x00,0x00,0x00,0x00,0x00,0x00,0x00,0x00,0xCE,0xFF,0xFF,0xFF,0xFF,
  0xFF,0x78,0x00,0x00,0x00,0x00,0x00,0x01,0xE8,0xFF,0xFF,0xFF,0xFF,0xFF,0x5A,0x00,
  0x00,0x00,0x00,0x00,0x00,0x00,0x00,0x00,0x00,0x89,0xFF,0xFF,0xFF,0xFF,0xFF,0x34,
  0x00,0x00,0x00,0x00,0x00,0x00,0xA6,0xFF,0xFF,0xFF,0xFF,0xFE,0x16,0x00,0x00,0x00,
  0x00,0x00,0x00,0x00,0x00,0x00,0x00,0x44,0xFF,0xFF,0xFF,0xFF,0xEE,0x02,0x00,0x00,
  0x00,0x00,0x00,0x00,0x62,0xFF,0xFF,0xFF,0xFF,0xCF,0x00,0x00,0x00,0x00,0x00,0x00,
  0x00,0x00,0x00,0x00,0x00,0x08,0xF6,0xFF,0xFF,0xFF,0xAD,0x00,0x00,0x00,0x00,0x00,
  0x00,0x00,0x1E,0xFF,0xFF,0xFF,0xFF,0x8A,0x00,0x00,0x00,0x00,0x00,0x00,0x01,0xAB,
  0xD4,0xD4,0xD4,0x83,0x00,0x00,0x00,0x00,0x00,0x00,0x00,0x00,0x08,0xBD,0xD4,0xD4,
  0xD4,0x52,0x00,0x00,0x36,0xFC,0xFF,0xFF,0xFD,0x3C,0x00,0x00,0x00,0x00,0x00,0x00,
  0x00,0x8D,0xFF,0xFF,0xFF,0xC2,0x02,0x00,0x00,0x00,0x84,0xFF,0xFF,0xFF,0xDA,0x09,
  0x00,0x00,0x00,0x00,0x00,0x3C,0xFD,0xFF,0xFF,0xF4,0x23,0x00,0x00,0x00,0x00,0x06,
  0xD0,0xFF,0xFF,0xFF,0x8F,0x00,0x00,0x00,0x00,0x0A,0xDC,0xFF,0xFF,0xFF,0x69,0x00,
  0x00,0x00,0x00,0x00,0x00,0x2F,0xFA,0xFF,0xFF,0xFD,0x3A,0x00,0x00,0x00,0x91,0xFF,
  0xFF,0xFF,0xBA,0x00,0x00,0x00,0x00,0x00,0x00,0x00,0x00,0x7C,0xFF,0xFF,0xFF,0xD6,
  0x06,0x00,0x3A,0xFD,0xFF,0xFF,0xF0,0x1C,0x00,0x00,0x00,0x00,0x00,0x00,0x00,0x00,
  0x03,0xCA,0xFF,0xFF,0xFF,0x7C,0x06,0xD6,0xFF,0xFF,0xFF,0x5F,0x00,0x00,0x00,0x00,
  0x00,0x00,0x00,0x00,0x00,0x00,0x29,0xF7,0xFF,0xFF,0xF7,0xA3,0xFF,0xFF,0xFF,0xB1,
  0x00,0x00,0x00,0x00,0x00,0x00,0x00,0x00,0x00,0x00,0x00,0x00,0x73,0xFF,0xFF,0xFF,
  0xFF,0xFF,0xFF,0xEB,0x17,0x00,0x00,0x00,0x00,0x00,0x00,0x00,0x00,0x00,0x00,0x00,
  0x00,0x02,0xC3,0xFF,0xFF,0xFF,0xFF,0xFF,0x55,0x00,0x00,0x00,0x00,0x00,0x00,0x00,
  0x00,0x00,0x00,0x00,0x00,0x00,0x00,0x23,0xFF,0xFF,0xFF,0xFF,0xFF,0x00,0x00,0x00,
  0x00,0x00,0x00,0x00,0x00,0x00,0x00,0x00,0x00,0x00,0x00,0x00,0x55,0xFF,0xFF,0xFF,
  0xFF,0xFF,0x1C,0x00,0x00,0x00,0x00,0x00,0x00,0x00,0x00,0x00,0x00,0x00,0x00,0x00,
  0x1B,0xED,0xFF,0xFF,0xFF,0xFF,0xFF,0xBA,0x01,0x00,0x00,0x00,0x00,0x00,0x00,0x00,
  0x00,0x00,0x00,0x00,0x01,0xBB,0xFF,0xFF,0xFF,0xFF,0xFF,0xFF,0xFF,0x6A,0x00,0x00,
  0x00,0x00,0x00,0x00,0x00,0x00,0x00,0x00,0x00,0x71,0xFF,0xFF,0xFF,0xCA,0x4B,0xFF,
  0xFF,0xFF,0xF5,0x24,0x00,0x00,0x00,0x00,0x00,0x00,0x00,0x00,0x00,0x2C,0xF8,0xFF,
  0xFF,0xF9,0x2B,0x00,0xA1,0xFF,0xFF,0xFF,0xC5,0x03,0x00,0x00,0x00,0x00,0x00,0x00,
  0x00,0x06,0xD0,0xFF,0xFF,0xFF,0x78,0x00,0x00,0x11,0xE6,0xFF,0xFF,0xFF,0x78,0x00,
  0x00,0x00,0x00,0x00,0x00,0x00,0x8C,0xFF,0xFF,0xFF,0xC7,0x03,0x00,0x00,0x00,0x4C,
  0xFF,0xFF,0xFF,0xF9,0x2D,0x00,0x00,0x00,0x00,0x00,0x40,0xFE,0xFF,0xFF,0xF5,0x25,
  0x00,0x00,0x00,0x00,0x00,0xA0,0xFF,0xFF,0xFF,0xD0,0x06,0x00,0x00,0x00,0x10,0xE2,
  0xFF,0xFF,0xFF,0x6B,0x00,0x00,0x00,0x00,0x00,0x00,0x0F,0xE4,0xFF,0xFF,0xFF,0x85,
  0x00,0x00,0x00,0xA6,0xFF,0xFF,0xFF,0xBA,0x01,0x00,0x00,0x00,0x00,0x00,0x00,0x00,
  0x48,0xFF,0xFF,0xFF,0xFC,0x38,0x00,0x5A,0xFF,0xFF,0xFF,0xEF,0x1C,0x00,0x00,0x00,
  0x00,0x00,0x00,0x00,0x00,0x00,0x9A,0xFF,0xFF,0xFF,0xD9,0x0A,0x6A,0xD4,0xD4,0xD4,
  0xC2,0x08,0x00,0x00,0x00,0x00,0x00,0x00,0x00,0x00,0x00,0x7A,0xD4,0xD4,0xD4,0xB4,
  0x02,0x0D,0xE6,0xFF,0xFF,0xFF,0x7D,0x00,0x00,0x00,0x00,0x00,0x00,0x00,0x00,0x21,
  0xF8,0xFF,0xFF,0xFF,0x50,0x00,0x00,0x5A,0xFF,0xFF,0xFF,0xF5,0x1C,0x00,0x00,0x00,
  0x00,0x00,0x00,0x00,0xAC,0xFF,0xFF,0xFF,0xB8,0x00,0x00,0x00,0x00,0xBE,0xFF,0xFF,
  0xFF,0xA6,0x00,0x00,0x00,0x00,0x00,0x00,0x3D,0xFF,0xFF,0xFF,0xF9,0x26,0x00,0x00,
  0x00,0x00,0x2A,0xFA,0xFF,0xFF,0xFF,0x3C,0x00,0x00,0x00,0x00,0x01,0xCD,0xFF,0xFF,
  0xFF,0x87,0x00,0x00,0x00,0x00,0x00,0x00,0x8B,0xFF,0xFF,0xFF,0xCD,0x02,0x00,0x00,
  0x00,0x61,0xFF,0xFF,0xFF,0xE3,0x0B,0x00,0x00,0x00,0x00,0x00,0x00,0x0C,0xE4,0xFF,
  0xFF,0xFF,0x64,0x00,0x00,0x0C,0xE6,0xFF,0xFF,0xFF,0x55,0x00,0x00,0x00,0x00,0x00,
  0x00,0x00,0x00,0x57,0xFF,0xFF,0xFF,0xE9,0x0E,0x00,0x82,0xFF,0xFF,0xFF,0xBD,0x00,
  0x00,0x00,0x00,0x00,0x00,0x00,0x00,0x00,0x00,0xBC,0xFF,0xFF,0xFF,0x89,0x1A,0xF5,
  0xFF,0xFF,0xFA,0x29,0x00,0x00,0x00,0x00,0x00,0x00,0x00,0x00,0x00,0x00,0x28,0xFA,
  0xFF,0xFF,0xF7,0xB4,0xFF,0xFF,0xFF,0x8B,0x00,0x00,0x00,0x00,0x00,0x00,0x00,0x00,
  0x00,0x00,0x00,0x00,0x88,0xFF,0xFF,0xFF,0xFF,0xFF,0xFF,0xE6,0x0D,0x00,0x00,0x00,
  0x00,0x00,0x00,0x00,0x00,0x00,0x00,0x00,0x00,0x0B,0xE2,0xFF,0xFF,0xFF,0xFF,0xFF,
  0x5A,0x00,0x00,0x00,0x00,0x00,0x00,0x00,0x00,0x00,0x00,0x00,0x00,0x00,0x00,0x54,
  0xFF,0xFF,0xFF,0xFF,0xC1,0x00,0x00,0x00,0x00,0x00,0x00,0x00,0x00,0x00,0x00,0x00,
  0x00,0x00,0x00,0x00,0x00,0xC8,0xFF,0xFF,0xFF,0x37,0x00,0x00,0x00,0x00,0x00,0x00,
  0x00,0x00,0x00,0x00,0x00,0x00,0x00,0x00,0x00,0x00,0xB0,0xFF,0xFF,0xFF,0x20,0x00,
  0x00,0x00,0x00,0x00,0x00,0x00,0x00,0x00,0x00,0x00,0x00,0x00,0x00,0x00,0x00,0xB0,
  0xFF,0xFF,0xFF,0x20,0x00,0x00,0x00,0x00,0x00,0x00,0x00,0x00,0x00,0x00,0x00,0x00,
  0x00,0x00,0x00,0x00,0xB0,0xFF,0xFF,0xFF,0x20,0x00,0x00,0x00,0x00,0x00,0x00,0x00,
  0x00,0x00,0x00,0x00,0x00,0x00,0x00,0x00,0x00,0xB0,0xFF,0xFF,0xFF,0x20,0x00,0x00,
  0x00,0x00,0x00,0x00,0x00,0x00,0x00,0x00,0x00,0x00,0x00,0x00,0x00,0x00,0xB0,0xFF,
  0xFF,0xFF,0x20,0x00,0x00,0x00,0x00,0x00,0x00,0x00,0x00,0x00,0x00,0x00,0x00,0x00,
  0x00,0x00,0x00,0xB0,0xFF,0xFF,0xFF,0x20,0x00,0x00,0x00,0x00,0x00,0x00,0x00,0x00,
  0x00,0x00,0x00,0x00,0x00,0x00,0x00,0x00,0xB0,0xFF,0xFF,0xFF,0x20,0x00,0x00,0x00,
  0x00,0x00,0x00,0x00,0x00,0x00,0x00,0x00,0x00,0x00,0x00,0x00,0x00,0xB0,0xFF,0xFF,
  0xFF,0x20,0x00,0x00,0x00,0x00,0x00,0x00,0x00,0x00,0x00,0xA2,0xD4,0xD4,0xD4,0xD4,
  0xD4,0xD4,0xD4,0xD4,0xD4,0xD4,0xD4,0xD4,0xD4,0xD4,0xD4,0xBC,0x00,0xC4,0xFF,0xFF,
  0xFF,0xFF,0xFF,0xFF,0xFF,0xFF,0xFF,0xFF,0xFF,0xFF,0xFF,0xFF,0xFF,0xE4,0x00,0xC4,
  0xFF,0xFF,0xFF,0xFF,0xFF,0xFF,0xFF,0xFF,0xFF,0xFF,0xFF,0xFF,0xFF,0xFF,0xFF,0xE4,
  0x00,0x65,0x84,0x84,0x84,0x84,0x84,0x84,0x84,0x84,0x84,0x84,0x88,0xFF,0xFF,0xFF,
  0xFF,0x9E,0x00,0x00,0x00,0x00,0x00,0x00,0x00,0x00,0x00,0x00,0x00,0x00,0x98,0xFF,
  0xFF,0xFF,0xCF,0x09,0x00,0x00,0x00,0x00,0x00,0x00,0x00,0x00,0x00,0x00,0x00,0x6D,
  0xFF,0xFF,0xFF,0xEE,0x21,0x00,0x00,0x00,0x00,0x00,0x00,0x00,0x00,0x00,0x00,0x00,
  0x41,0xFC,0xFF,0xFF,0xFD,0x49,0x00,0x00,0x00,0x00,0x00,0x00,0x00,0x00,0x00,0x00,
  0x00,0x1D,0xEA,0xFF,0xFF,0xFF,0x7D,0x00,0x00,0x00,0x00,0x00,0x00,0x00,0x00,0x00,
  0x00,0x00,0x07,0xCA,0xFF,0xFF,0xFF,0xB3,0x01,0x00,0x00,0x00,0x00,0x00,0x00,0x00,
  0x00,0x00,0x00,0x00,0x9B,0xFF,0xFF,0xFF,0xDC,0x10,0x00,0x00,0x00,0x00,0x00,0x00,
  0x00,0x00,0x00,0x00,0x00,0x64,0xFF,0xFF,0xFF,0xF5,0x2D,0x00,0x00,0x00,0x00,0x00,
  0x00,0x00,0x00,0x00,0x00,0x00,0x35,0xF8,0xFF,0xFF,0xFF,0x5B,0x00,0x00,0x00,0x00,
  0x00,0x00,0x00,0x00,0x00,0x00,0x00,0x15,0xE2,0xFF,0xFF,0xFF,0x91,0x00,0x00,0x00,
  0x00,0x00,0x00,0x00,0x00,0x00,0x00,0x00,0x03,0xBE,0xFF,0xFF,0xFF,0xC3,0x05,0x00,
  0x00,0x00,0x00,0x00,0x00,0x00,0x00,0x00,0x00,0x00,0x8C,0xFF,0xFF,0xFF,0xE6,0x19,
  0x00,0x00,0x00,0x00,0x00,0x00,0x00,0x00,0x00,0x00,0x00,0x56,0xFF,0xFF,0xFF,0xFA,
  0x3B,0x00,0x00,0x00,0x00,0x00,0x00,0x00,0x00,0x00,0x00,0x00,0x2B,0xF4,0xFF,0xFF,
  0xFF,0x69,0x00,0x00,0x00,0x00,0x00,0x00,0x00,0x00,0x00,0x00,0x00,0x0F,0xDA,0xFF,
  0xFF,0xFF,0x9B,0x00,0x00,0x00,0x00,0x00,0x00,0x00,0x00,0x00,0x00,0x00,0x01,0xB1,
  0xFF,0xFF,0xFF,0xFF,0x5D,0x58,0x58,0x58,0x58,0x58,0x58,0x58,0x58,0x58,0x58,0x58,
  0x18,0xFF,0xFF,0xFF,0xFF,0xFF,0xFF,0xFF,0xFF,0xFF,0xFF,0xFF,0xFF,0xFF,0xFF,0xFF,
  0xFF,0xFF,0x18,0xFF,0xFF,0xFF,0xFF,0xFF,0xFF,0xFF,0xFF,0xFF,0xFF,0xFF,0xFF,0xFF,
  0xFF,0xFF,0xFF,0xFF,0x18,0xFF,0xFF,0xFF,0xFF,0xFF,0xFF,0xFF,0xFF,0xFF,0xFF,0xFF,
  0xFF,0xFF,0xFF,0xFF,0xFF,0xFF,0xD1,0xF8,0xF8,0xF8,0xF8,0xF8,0xA6,0xD8,0xFF,0xFF,
  0xFF,0xFF,0xFF,0xAC,0xD8,0xFF,0xFF,0xFF,0xFF,0xFF,0xAC,0xD8,0xFF,0xFF,0xD8,0x04,
  0x04,0x02,0xD8,0xFF,0xFF,0xD8,0x00,0x00,0x00,0xD8,0xFF,0xFF,0xD8,0x00,0x00,0x00,
  0xD8,0xFF,0xFF,0xD8,0x00,0x00,0x00,0xD8,0xFF,0xFF,0xD8,0x00,0x00,0x00,0xD8,0xFF,
  0xFF,0xD8,0x00,0x00,0x00,0xD8,0xFF,0xFF,0xD8,0x00,0x00,0x00,0xD8,0xFF,0xFF,0xD8,
  0x00,0x00,0x00,0xD8,0xFF,0xFF,0xD8,0x00,0x00,0x00,0xD8,0xFF,0xFF,0xD8,0x00,0x00,
  0x00,0xD8,0xFF,0xFF,0xD8,0x00,0x00,0x00,0xD8,0xFF,0xFF,0xD8,0x00,0x00,0x00,0xD8,
  0xFF,0xFF,0xD8,0x00,0x00,0x00,0xD8,0xFF,0xFF,0xD8,0x00,0x00,0x00,0xD8,0xFF,0xFF,
  0xD8,0x00,0x00,0x00,0xD8,0xFF,0xFF,0xD8,0x00,0x00,0x00,0xD8,0xFF,0xFF,0xD8,0x00,
  0x00,0x00,0xD8,0xFF,0xFF,0xD8,0x00,0x00,0x00,0xD8,0xFF,0xFF,0xD8,0x00,0x00,0x00,
  0xD8,0xFF,0xFF,0xD8,0x00,0x00,0x00,0xD8,0xFF,0xFF,0xD8,0x00,0x00,0x00,0xD8,0xFF,
  0xFF,0xF3,0xB0,0xB0,0x76,0xD8,0xFF,0xFF,0xFF,0xFF,0xFF,0xAC,0xD8,0xFF,0xFF,0xFF,
  0xFF,0xFF,0xAC,0x3C,0x48,0x48,0x48,0x48,0x48,0x30,0xA0,0xDC,0xDC,0x79,0x00,0x00,
  0x00,0x00,0x00,0x00,0x00,0x7A,0xFF,0xFF,0xCD,0x00,0x00,0x00,0x00,0x00,0x00,0x00,
  0x36,0xFF,0xFF,0xFE,0x13,0x00,0x00,0x00,0x00,0x00,0x00,0x02,0xEE,0xFF,0xFF,0x56,
  0x00,0x00,0x00,0x00,0x00,0x00,0x00,0xAC,0xFF,0xFF,0x9B,0x00,0x00,0x00,0x00,0x00,
  0x00,0x00,0x67,0xFF,0xFF,0xE0,0x00,0x00,0x00,0x00,0x00,0x00,0x00,0x22,0xFF,0xFF,
  0xFF,0x25,0x00,0x00,0x00,0x00,0x00,0x00,0x00,0xDD,0xFF,0xFF,0x6A,0x00,0x00,0x00,
  0x00,0x00,0x00,0x00,0x98,0xFF,0xFF,0xAF,0x00,0x00,0x00,0x00,0x00,0x00,0x00,0x54,
  0xFF,0xFF,0xF0,0x03,0x00,0x00,0x00,0x00,0x00,0x00,0x11,0xFD,0xFF,0xFF,0x38,0x00,
  0x00,0x00,0x00,0x00,0x00,0x00,0xCA,0xFF,0xFF,0x7D,0x00,0x00,0x00,0x00,0x00,0x00,
  0x00,0x85,0xFF,0xFF,0xC2,0x00,0x00,0x00,0x00,0x00,0x00,0x00,0x40,0xFF,0xFF,0xFA,
  0x0C,0x00,0x00,0x00,0x00,0x00,0x00,0x06,0xF4,0xFF,0xFF,0x4C,0x00,0x00,0x00,0x00,
  0x00,0x00,0x00,0xB6,0xFF,0xFF,0x91,0x00,0x00,0x00,0x00,0x00,0x00,0x00,0x72,0xFF,
  0xFF,0xD6,0x00,0x00,0x00,0x00,0x00,0x00,0x00,0x2D,0xFF,0xFF,0xFF,0x1B,0x00,0x00,
  0x00,0x00,0x00,0x00,0x00,0xE7,0xFF,0xFF,0x5F,0x00,0x00,0x00,0x00,0x00,0x00,0x00,
  0xA3,0xFF,0xFF,0xA4,0x00,0x00,0x00,0x00,0x00,0x00,0x00,0x5E,0xFF,0xFF,0xE8,0x01,
  0x00,0x00,0x00,0x00,0x00,0x00,0x1A,0xFF,0xFF,0xFF,0x2E,0x00,0x00,0x00,0x00,0x00,
  0x00,0x00,0xD4,0xFF,0xFF,0x73,0x00,0x00,0x00,0x00,0x00,0x00,0x00,0x90,0xFF,0xFF,
  0xB8,0x00,0x00,0x00,0x00,0x00,0x00,0x00,0x4B,0xFF,0xFF,0xF5,0x07,0x00,0x00,0x00,
  0x00,0x00,0x00,0x0C,0xFA,0xFF,0xFF,0x41,0x00,0x00,0x00,0x00,0x00,0x00,0x00,0x3D,
  0x48,0x48,0x1E,0xDC,0xF8,0xF8,0xF8,0xF8,0xF8,0x9E,0xE4,0xFF,0xFF,0xFF,0xFF,0xFF,
  0xA4,0xE4,0xFF,0xFF,0xFF,0xFF,0xFF,0xA4,0x03,0x04,0x13,0xFF,0xFF,0xFF,0xA4,0x00,
  0x00,0x10,0xFF,0xFF,0xFF,0xA4,0x00,0x00,0x10,0xFF,0xFF,0xFF,0xA4,0x00,0x00,0x10,
  0xFF,0xFF,0xFF,0xA4,0x00,0x00,0x10,0xFF,0xFF,0xFF,0xA4,0x00,0x00,0x10,0xFF,0xFF,
  0xFF,0xA4,0x00,0x00,0x10,0xFF,0xFF,0xFF,0xA4,0x00,0x00,0x10,0xFF,0xFF,0xFF,0xA4,
  0x00,0x00,0x10,0xFF,0xFF,0xFF,0xA4,0x00,0x00,0x10,0xFF,0xFF,0xFF,0xA4,0x00,0x00,
  0x10,0xFF,0xFF,0xFF,0xA4,0x00,0x00,0x10,0xFF,0xFF,0xFF,0xA4,0x00,0x00,0x10,0xFF,
  0xFF,0xFF,0xA4,0x00,0x00,0x10,0xFF,0xFF,0xFF,0xA4,0x00,0x00,0x10,0xFF,0xFF,0xFF,
  0xA4,0x00,0x00,0x10,0xFF,0xFF,0xFF,0xA4,0x00,0x00,0x10,0xFF,0xFF,0xFF,0xA4,0x00,
  0x00,0x10,0xFF,0xFF,0xFF,0xA4,0x00,0x00,0x10,0xFF,0xFF,0xFF,0xA4,0x00,0x00,0x10,
  0xFF,0xFF,0xFF,0xA4,0x00,0x00,0x10,0xFF,0xFF,0xFF,0xA4,0x9C,0xB0,0xB5,0xFF,0xFF,
  0xFF,0xA4,0xE4,0xFF,0xFF,0xFF,0xFF,0xFF,0xA4,0xE4,0xFF,0xFF,0xFF,0xFF,0xFF,0xA4,
  0x40,0x48,0x48,0x48,0x48,0x48,0x2E,0x00,0x00,0x00,0x00,0x00,0x37,0x40,0x40,0x25,
  0x00,0x00,0x00,0x00,0x00,0x00,0x00,0x00,0x2C,0xFE,0xFF,0xFF,0xDE,0x04,0x00,0x00,
  0x00,0x00,0x00,0x00,0x00,0xA6,0xFF,0xFF,0xFF,0xFF,0x5D,0x00,0x00,0x00,0x00,0x00,
  0x00,0x23,0xFC,0xFF,0xFF,0xFF,0xFF,0xD5,0x01,0x00,0x00,0x00,0x00,0x00,0x9B,0xFF,
  0xFF,0x52,0x9A,0xFF,0xFF,0x52,0x00,0x00,0x00,0x00,0x1B,0xF9,0xFF,0xDD,0x02,0x27,
  0xFE,0xFF,0xCB,0x00,0x00,0x00,0x00,0x8F,0xFF,0xFF,0x6D,0x00,0x00,0xB3,0xFF,0xFF,
  0x46,0x00,0x00,0x14,0xF4,0xFF,0xEF,0x0B,0x00,0x00,0x3F,0xFF,0xFF,0xC0,0x00,0x00,
  0x84,0xFF,0xFF,0x88,0x00,0x00,0x00,0x00,0xCA,0xFF,0xFF,0x3A,0x0E,0xEF,0xFF,0xFA,
  0x1B,0x00,0x00,0x00,0x00,0x57,0xFF,0xFF,0xB5,0x04,0x14,0x14,0x10,0x00,0x00,0x00,
  0x00,0x00,0x01,0x14,0x14,0x13,0xFF,0xFF,0xFF,0xFF,0xFF,0xFF,0xFF,0xFF,0xFF,0xFF,
  0xFF,0xFF,0xFF,0xFF,0x0C,0xFF,0xFF,0xFF,0xFF,0xFF,0xFF,0xFF,0xFF,0xFF,0xFF,0xFF,
  0xFF,0xFF,0xFF,0x0C,0xFF,0xFF,0xFF,0xFF,0xFF,0xFF,0xFF,0xFF,0xFF,0xFF,0xFF,0xFF,
  0xFF,0xFF,0x0C,0x04,0x04,0x04,0x04,0x04,0x04,0x04,0x04,0x04,0x04,0x04,0x04,0x04,
  0x04,0x00,0x06,0x08,0x08,0x07,0x00,0x00,0x00,0x77,0xFF,0xFF,0xFD,0x2C,0x00,0x00,
  0x01,0xB7,0xFF,0xFF,0xAF,0x00,0x00,0x00,0x15,0xE5,0xFF,0xFF,0x34,0x00,0x00,0x00,
  0x3E,0xFC,0xFF,0xB8,0x00,0x00,0x00,0x00,0x54,0x7C,0x7B,0x0D,0x00,0x00,0x00,0x1D,
  0x75,0xB6,0xCF,0xDA,0xC8,0x98,0x47,0x01,0x00,0x00,0x00,0x00,0x79,0xF7,0xFF,0xFF,
  0xFF,0xFF,0xFF,0xFF,0xFF,0xC0,0x14,0x00,0x00,0x7D,0xFF,0xFF,0xFF,0xFF,0xFF,0xFF,
  0xFF,0xFF,0xFF,0xFF,0xC9,0x02,0x1B,0xF8,0xFF,0xFF,0xEA,0x5C,0x11,0x08,0x42,0xD8,
  0xFF,0xFF,0xFF,0x51,0x63,0xFF,0xFF,0xFF,0x45,0x00,0x00,0x00,0x00,0x32,0xFF,0xFF,
  0xFF,0x94,0x15,0x2E,0x34,0x39,0x02,0x00,0x00,0x00,0x00,0x10,0xFF,0xFF,0xFF,0xA9,
  0x00,0x00,0x00,0x00,0x00,0x10,0x36,0x53,0x76,0xC9,0xFF,0xFF,0xFF,0xAC,0x00,0x00,
  0x3B,0xA1,0xE2,0xFF,0xFF,0xFF,0xFF,0xFF,0xFF,0xFF,0xFF,0xAC,0x05,0xAF,0xFF,0xFF,
  0xFF,0xFF,0xFF,0xFF,0xF9,0xC0,0xFE,0xFF,0xFF,0xAC,0x7E,0xFF,0xFF,0xFF,0xF0,0x9A,
  0x58,0x2D,0x06,0x00,0xFC,0xFF,0xFF,0xAC,0xD7,0xFF,0xFF,0xEA,0x1C,0x00,0x00,0x00,
  0x00,0x06,0xFE,0xFF,0xFF,0xAC,0xF1,0xFF,0xFF,0xAD,0x00,0x00,0x00,0x00,0x00,0x42,
  0xFF,0xFF,0xFF,0xAC,0xDC,0xFF,0xFF,0xE3,0x10,0x00,0x00,0x00,0x1D,0xD9,0xFF,0xFF,
  0xFF,0xAC,0x95,0xFF,0xFF,0xFF,0xE5,0x9E,0x83,0xA5,0xF3,0xFB,0xFE,0xFF,0xFF,0xAC,
  0x1A,0xE2,0xFF,0xFF,0xFF,0xFF,0xFF,0xFF,0xFF,0x71,0xF8,0xFF,0xFF,0xAC,0x00,0x1B,
  0xA7,0xF7,0xFF,0xFF,0xFF,0xE9,0x6D,0x00,0xF8,0xFF,0xFF,0xAC,0x00,0x00,0x00,0x0A,
  0x30,0x3F,0x2B,0x02,0x00,0x00,0x00,0x00,0x00,0x00,0x45,0xD4,0xD4,0xD4,0x52,0x00,
  0x00,0x00,0x00,0x00,0x00,0x00,0x00,0x00,0x00,0x00,0x54,0xFF,0xFF,0xFF,0x64,0x00,
  0x00,0x00,0x00,0x00,0x00,0x00,0x00,0x00,0x00,0x00,0x54,0xFF,0xFF,0xFF,0x64,0x00,
  0x00,0x00,0x00,0x00,0x00,0x00,0x00,0x00,0x00,0x00,0x54,0xFF,0xFF,0xFF,0x64,0x00,
  0x00,0x00,0x00,0x00,0x00,0x00,0x00,0x00,0x00,0x00,0x54,0xFF,0xFF,0xFF,0x64,0x00,
  0x00,0x00,0x00,0x00,0x00,0x00,0x00,0x00,0x00,0x00,0x54,0xFF,0xFF,0xFF,0x64,0x00,
  0x00,0x00,0x00,0x00,0x00,0x00,0x00,0x00,0x00,0x00,0x54,0xFF,0xFF,0xFF,0x64,0x00,
  0x48,0xA9,0xD4,0xD8,0xB6,0x67,0x07,0x00,0x00,0x00,0x54,0xFF,0xFF,0xFF,0x64,0x8F,
  0xFF,0xFF,0xFF,0xFF,0xFF,0xFF,0xD5,0x1E,0x00,0x00,0x54,0xFF,0xFF,0xFF,0xC8,0xFF,
  0xFF,0xFF,0xFF,0xFF,0xFF,0xFF,0xFF,0xE4,0x14,0x00,0x54,0xFF,0xFF,0xFF,0xFF,0xFE,
  0x9F,0x4C,0x40,0x79,0xED,0xFF,0xFF,0xFF,0xA0,0x00,0x54,0xFF,0xFF,0xFF,0xFF,0x63,
  0x00,0x00,0x00,0x00,0x29,0xF3,0xFF,0xFF,0xFE,0x19,0x54,0xFF,0xFF,0xFF,0xC0,0x00,
  0x00,0x00,0x00,0x00,0x00,0x81,0xFF,0xFF,0xFF,0x6A,0x54,0xFF,0xFF,0xFF,0x69,0x00,
  0x00,0x00,0x00,0x00,0x00,0x2E,0xFF,0xFF,0xFF,0x9B,0x54,0xFF,0xFF,0xFF,0x43,0x00,
  0x00,0x00,0x00,0x00,0x00,0x0B,0xFF,0xFF,0xFF,0xB3,0x54,0xFF,0xFF,0xFF,0x3B,0x00,
  0x00,0x00,0x00,0x00,0x00,0x03,0xFF,0xFF,0xFF,0xBB,0x54,0xFF,0xFF,0xFF,0x53,0x00,
  0x00,0x00,0x00,0x00,0x00,0x1A,0xFF,0xFF,0xFF,0xA5,0x54,0xFF,0xFF,0xFF,0x96,0x00,
  0x00,0x00,0x00,0x00,0x00,0x58,0xFF,0xFF,0xFF,0x85,0x54,0xFF,0xFF,0xFF,0xF5,0x1E,
  0x00,0x00,0x00,0x00,0x02,0xCB,0xFF,0xFF,0xFF,0x3B,0x54,0xFF,0xFF,0xFF,0xFF,0xD9,
  0x33,0x00,0x00,0x14,0xA8,0xFF,0xFF,0xFF,0xDC,0x02,0x54,0xFF,0xFF,0xFF,0xEC,0xFF,
  0xFF,0xDF,0xD4,0xF8,0xFF,0xFF,0xFF,0xFF,0x49,0x00,0x54,0xFF,0xFF,0xFF,0x64,0xDC,
  0xFF,0xFF,0xFF,0xFF,0xFF,0xFF,0xFF,0x79,0x00,0x00,0x54,0xFF,0xFF,0xFF,0x54,0x1E,
  0xB4,0xFF,0xFF,0xFF,0xFF,0xCE,0x4F,0x00,0x00,0x00,0x00,0x00,0x00,0x00,0x00,0x00,
  0x00,0x19,0x44,0x41,0x1F,0x00,0x00,0x00,0x00,0x00,0x00,0x00,0x00,0x00,0x02,0x52,
  0xA6,0xD4,0xE3,0xD4,0xA7,0x56,0x04,0x00,0x00,0x00,0x00,0x00,0x00,0x1B,0xC8,0xFF,
  0xFF,0xFF,0xFF,0xFF,0xFF,0xFF,0xD5,0x2E,0x00,0x00,0x00,0x00,0x1D,0xE7,0xFF,0xFF,
  0xFF,0xFF,0xFF,0xFF,0xFF,0xFF,0xFF,0xEE,0x2B,0x00,0x00,0x01,0xBD,0xFF,0xFF,0xFF,
  0xD1,0x5C,0x35,0x51,0xBC,0xFF,0xFF,0xFF,0xCA,0x00,0x00,0x47,0xFF,0xFF,0xFF,0xCA,
  0x0A,0x00,0x00,0x00,0x01,0xB1,0xFF,0xFF,0xFF,0x3E,0x00,0xA3,0xFF,0xFF,0xFF,0x3B,
  0x00,0x00,0x00,0x00,0x00,0x32,0xF9,0xF2,0xEB,0x70,0x00,0xDD,0xFF,0xFF,0xE9,0x01,
  0x00,0x00,0x00,0x00,0x00,0x00,0x00,0x00,0x00,0x00,0x00,0xF7,0xFF,0xFF,0xC6,0x00,
  0x00,0x00,0x00,0x00,0x00,0x00,0x00,0x00,0x00,0x00,0x04,0xFE,0xFF,0xFF,0xBE,0x00,
  0x00,0x00,0x00,0x00,0x00,0x00,0x00,0x00,0x00,0x00,0x00,0xEA,0xFF,0xFF,0xD4,0x00,
  0x00,0x00,0x00,0x00,0x00,0x00,0x00,0x00,0x00,0x00,0x00,0xC6,0xFF,0xFF,0xFD,0x13,
  0x00,0x00,0x00,0x00,0x00,0x17,0x8C,0x87,0x81,0x42,0x00,0x72,0xFF,0xFF,0xFF,0x84,
  0x00,0x00,0x00,0x00,0x00,0x76,0xFF,0xFF,0xFF,0x63,0x00,0x17,0xF1,0xFF,0xFF,0xFD,
  0x6B,0x03,0x00,0x00,0x4D,0xF7,0xFF,0xFF,0xF7,0x13,0x00,0x00,0x5F,0xFF,0xFF,0xFF,
  0xFF,0xE8,0xC4,0xDE,0xFF,0xFF,0xFF,0xFF,0x77,0x00,0x00,0x00,0x00,0x77,0xFD,0xFF,
  0xFF,0xFF,0xFF,0xFF,0xFF,0xFF,0xFF,0x94,0x01,0x00,0x00,0x00,0x00,0x00,0x42,0xC5,
  0xFF,0xFF,0xFF,0xFF,0xFF,0xCC,0x4E,0x00,0x00,0x00,0x00,0x00,0x00,0x00,0x00,0x00,
  0x18,0x45,0x54,0x46,0x1B,0x00,0x00,0x00,0x00,0x00,0x00,0x00,0x00,0x00,0x00,0x00,
  0x00,0x00,0x00,0x00,0x00,0x00,0x8B,0xD4,0xD4,0xD4,0x09,0x00,0x00,0x00,0x00,0x00,
  0x00,0x00,0x00,0x00,0x00,0x00,0x00,0xA8,0xFF,0xFF,0xFF,0x0C,0x00,0x00,0x00,0x00,
  0x00,0x00,0x00,0x00,0x00,0x00,0x00,0x00,0xA8,0xFF,0xFF,0xFF,0x0C,0x00,0x00,0x00,
  0x00,0x00,0x00,0x00,0x00,0x00,0x00,0x00,0x00,0xA8,0xFF,0xFF,0xFF,0x0C,0x00,0x00,
  0x00,0x00,0x00,0x00,0x00,0x00,0x00,0x00,0x00,0x00,0xA8,0xFF,0xFF,0xFF,0x0C,0x00,
  0x00,0x00,0x00,0x00,0x00,0x00,0x00,0x00,0x00,0x00,0x00,0xA8,0xFF,0xFF,0xFF,0x0C,
  0x00,0x00,0x00,0x00,0x19,0x81,0xC3,0xDA,0xCD,0x93,0x27,0x00,0xA8,0xFF,0xFF,0xFF,
  0x0C,0x00,0x00,0x00,0x48,0xF2,0xFF,0xFF,0xFF,0xFF,0xFF,0xF8,0x50,0xA8,0xFF,0xFF,
  0xFF,0x0C,0x00,0x00,0x43,0xFA,0xFF,0xFF,0xFF,0xFF,0xFF,0xFF,0xFF,0xF4,0xD2,0xFF,
  0xFF,0xFF,0x0C,0x00,0x0A,0xDE,0xFF,0xFF,0xFF,0xD4,0x62,0x3D,0x5A,0xC4,0xFF,0xFF,
  0xFF,0xFF,0xFF,0x0C,0x00,0x60,0xFF,0xFF,0xFF,0xCB,0x0C,0x00,0x00,0x00,0x03,0xA6,
  0xFF,0xFF,0xFF,0xFF,0x0C,0x00,0xB2,0xFF,0xFF,0xFF,0x39,0x00,0x00,0x00,0x00,0x00,
  0x11,0xF3,0xFF,0xFF,0xFF,0x0C,0x00,0xE4,0xFF,0xFF,0xE7,0x00,0x00,0x00,0x00,0x00,
  0x00,0x00,0xAE,0xFF,0xFF,0xFF,0x0C,0x01,0xFA,0xFF,0xFF,0xC6,0x00,0x00,0x00,0x00,
  0x00,0x00,0x00,0x88,0xFF,0xFF,0xFF,0x0C,0x05,0xFF,0xFF,0xFF,0xBE,0x00,0x00,0x00,
  0x00,0x00,0x00,0x00,0x7F,0xFF,0xFF,0xFF,0x0C,0x00,0xEE,0xFF,0xFF,0xD4,0x00,0x00,
  0x00,0x00,0x00,0x00,0x00,0x99,0xFF,0xFF,0xFF,0x0C,0x00,0xCE,0xFF,0xFF,0xFD,0x14,
  0x00,0x00,0x00,0x00,0x00,0x00,0xDD,0xFF,0xFF,0xFF,0x0C,0x00,0x84,0xFF,0xFF,0xFF,
  0x87,0x00,0x00,0x00,0x00,0x00,0x5C,0xFF,0xFF,0xFF,0xFF,0x0C,0x00,0x2A,0xFC,0xFF,
  0xFF,0xFD,0x74,0x06,0x00,0x02,0x5B,0xF6,0xFF,0xFF,0xFF,0xFF,0x0C,0x00,0x00,0x90,
  0xFF,0xFF,0xFF,0xFF,0xF0,0xD0,0xEB,0xFF,0xFF,0xEA,0xFF,0xFF,0xFF,0x0C,0x00,0x00,
  0x09,0xB5,0xFF,0xFF,0xFF,0xFF,0xFF,0xFF,0xFF,0xA4,0x98,0xFF,0xFF,0xFF,0x0C,0x00,
  0x00,0x00,0x04,0x79,0xE7,0xFF,0xFF,0xFF,0xF7,0x8C,0x07,0x98,0xFF,0xFF,0xFF,0x0C,
  0x00,0x00,0x00,0x00,0x00,0x05,0x29,0x47,0x3D,0x0C,0x00,0x00,0x00,0x00,0x00,0x00,
  0x00,0x00,0x00,0x00,0x00,0x02,0x56,0xAB,0xD7,0xE2,0xCD,0x99,0x41,0x00,0x00,0x00,
  0x00,0x00,0x00,0x00,0x1A,0xC9,0xFF,0xFF,0xFF,0xFF,0xFF,0xFF,0xFF,0xB6,0x11,0x00,
  0x00,0x00,0x00,0x1B,0xE5,0xFF,0xFF,0xFF,0xFF,0xFF,0xFF,0xFF,0xFF,0xFF,0xD3,0x0C,
  0x00,0x00,0x00,0xB9,0xFF,0xFF,0xFE,0x8E,0x2A,0x0F,0x2F,0x9D,0xFF,0xFF,0xFF,0x9B,
  0x00,0x00,0x44,0xFF,0xFF,0xFF,0x72,0x00,0x00,0x00,0x00,0x00,0x8B,0xFF,0xFF,0xFB,
  0x20,0x00,0xA1,0xFF,0xFF,0xE6,0x02,0x00,0x00,0x00,0x00,0x00,0x0D,0xF7,0xFF,0xFF,
  0x71,0x00,0xDD,0xFF,0xFF,0xFF,0x5C,0x5C,0x5C,0x5C,0x5C,0x5C,0x5C,0xFF,0xFF,0xFF,
  0xAB,0x00,0xF7,0xFF,0xFF,0xFF,0xFF,0xFF,0xFF,0xFF,0xFF,0xFF,0xFF,0xFF,0xFF,0xFF,
  0xC2,0x04,0xFE,0xFF,0xFF,0xFF,0xFF,0xFF,0xFF,0xFF,0xFF,0xFF,0xFF,0xFF,0xFF,0xFF,
  0xCF,0x00,0xEB,0xFF,0xFF,0xD5,0x30,0x30,0x30,0x30,0x30,0x30,0x30,0x30,0x30,0x30,
  0x27,0x00,0xC8,0xFF,0xFF,0xCF,0x00,0x00,0x00,0x00,0x00,0x00,0x00,0x00,0x00,0x00,
  0x00,0x00,0x76,0xFF,0xFF,0xFF,0x35,0x00,0x00,0x00,0x00,0x00,0x0C,0xBE,0xC0,0xBA,
  0x5B,0x00,0x1A,0xF4,0xFF,0xFF,0xDD,0x29,0x00,0x00,0x00,0x12,0xB2,0xFF,0xFF,0xFF,
  0x35,0x00,0x00,0x66,0xFF,0xFF,0xFF,0xFC,0xBA,0x97,0xA6,0xEC,0xFF,0xFF,0xFF,0x9E,
  0x00,0x00,0x00,0x00,0x7C,0xFE,0xFF,0xFF,0xFF,0xFF,0xFF,0xFF,0xFF,0xFF,0xAD,0x07,
  0x00,0x00,0x00,0x00,0x00,0x45,0xC8,0xFF,0xFF,0xFF,0xFF,0xFF,0xCF,0x58,0x00,0x00,
  0x00,0x00,0x00,0x00,0x00,0x00,0x00,0x19,0x46,0x53,0x42,0x1C,0x00,0x00,0x00,0x00,
  0x00,0x00,0x00,0x00,0x00,0x13,0x86,0xCE,0xE8,0xED,0xE9,0x07,0x00,0x00,0x00,0x1C,
  0xE4,0xFF,0xFF,0xFF,0xFF,0xFF,0x02,0x00,0x00,0x00,0x9B,0xFF,0xFF,0xFF,0xFF,0xFF,
  0xFB,0x00,0x00,0x00,0x00,0xDC,0xFF,0xFF,0xFC,0x50,0x11,0x10,0x00,0x00,0x00,0x00,
  0xEF,0xFF,0xFF,0xD2,0x00,0x00,0x00,0x00,0x00,0x00,0x00,0xF0,0xFF,0xFF,0xC8,0x00,
  0x00,0x00,0x00,0x6C,0x90,0x90,0xFF,0xFF,0xFF,0xFF,0x90,0x90,0x8B,0x00,0xC0,0xFF,
  0xFF,0xFF,0xFF,0xFF,0xFF,0xFF,0xFF,0xF8,0x00,0xC0,0xFF,0xFF,0xFF,0xFF,0xFF,0xFF,
  0xFF,0xFF,0xF8,0x00,0x4E,0x68,0x68,0xFF,0xFF,0xFF,0xFF,0x68,0x68,0x64,0x00,0x00,
  0x00,0x00,0xF0,0xFF,0xFF,0xC8,0x00,0x00,0x00,0x00,0x00,0x00,0x00,0xF0,0xFF,0xFF,
  0xC8,0x00,0x00,0x00,0x00,0x00,0x00,0x00,0xF0,0xFF,0xFF,0xC8,0x00,0x00,0x00,0x00,
  0x00,0x00,0x00,0xF0,0xFF,0xFF,0xC8,0x00,0x00,0x00,0x00,0x00,0x00,0x00,0xF0,0xFF,
  0xFF,0xC8,0x00,0x00,0x00,0x00,0x00,0x00,0x00,0xF0,0xFF,0xFF,0xC8,0x00,0x00,0x00,
  0x00,0x00,0x00,0x00,0xF0,0xFF,0xFF,0xC8,0x00,0x00,0x00,0x00,0x00,0x00,0x00,0xF0,
  0xFF,0xFF,0xC8,0x00,0x00,0x00,0x00,0x00,0x00,0x00,0xF0,0xFF,0xFF,0xC8,0x00,0x00,
  0x00,0x00,0x00,0x00,0x00,0xF0,0xFF,0xFF,0xC8,0x00,0x00,0x00,0x00,0x00,0x00,0x00,
  0xF0,0xFF,0xFF,0xC8,0x00,0x00,0x00,0x00,0x00,0x00,0x00,0xF0,0xFF,0xFF,0xC8,0x00,
  0x00,0x00,0x00,0x00,0x00,0x00,0x00,0x19,0x81,0xC2,0xDA,0xCC,0x90,0x25,0x00,0x57,
  0x90,0x90,0x90,0x09,0x00,0x00,0x00,0x4A,0xF3,0xFF,0xFF,0xFF,0xFF,0xFF,0xF7,0x4F,
  0x9C,0xFF,0xFF,0xFF,0x10,0x00,0x00,0x45,0xFB,0xFF,0xFF,0xFF,0xFF,0xFF,0xFF,0xFF,
  0xF4,0xC7,0xFF,0xFF,0xFF,0x10,0x00,0x0A,0xDF,0xFF,0xFF,0xFF,0xCC,0x59,0x35,0x51,
  0xBA,0xFF,0xFF,0xFF,0xFF,0xFF,0x10,0x00,0x62,0xFF,0xFF,0xFF,0xC3,0x08,0x00,0x00,
  0x00,0x01,0x9C,0xFF,0xFF,0xFF,0xFF,0x10,0x00,0xB4,0xFF,0xFF,0xFF,0x32,0x00,0x00,
  0x00,0x00,0x00,0x0D,0xF0,0xFF,0xFF,0xFF,0x10,0x00,0xE5,0xFF,0xFF,0xE4,0x00,0x00,
  0x00,0x00,0x00,0x00,0x00,0xA9,0xFF,0xFF,0xFF,0x10,0x01,0xFB,0xFF,0xFF,0xC4,0x00,
  0x00,0x00,0x00,0x00,0x00,0x00,0x86,0xFF,0xFF,0xFF,0x10,0x04,0xFE,0xFF,0xFF,0xC0,
  0x00,0x00,0x00,0x00,0x00,0x00,0x00,0x81,0xFF,0xFF,0xFF,0x10,0x00,0xEB,0xFF,0xFF,
  0xD9,0x00,0x00,0x00,0x00,0x00,0x00,0x00,0x9E,0xFF,0xFF,0xFF,0x10,0x00,0xC6,0xFF,
  0xFF,0xFF,0x1D,0x00,0x00,0x00,0x00,0x00,0x03,0xE4,0xFF,0xFF,0xFF,0x10,0x00,0x77,
  0xFF,0xFF,0xFF,0xA1,0x00,0x00,0x00,0x00,0x00,0x74,0xFF,0xFF,0xFF,0xFF,0x10,0x00,
  0x1B,0xF4,0xFF,0xFF,0xFF,0xA0,0x28,0x04,0x1F,0x88,0xFE,0xFF,0xFF,0xFF,0xFF,0x10,
  0x00,0x00,0x6F,0xFF,0xFF,0xFF,0xFF,0xFF,0xFF,0xFF,0xFF,0xFF,0xDD,0xFF,0xFF,0xFF,
  0x10,0x00,0x00,0x00,0x7F,0xFF,0xFF,0xFF,0xFF,0xFF,0xFF,0xFF,0x88,0xA0,0xFF,0xFF,
  0xFF,0x10,0x00,0x00,0x00,0x00,0x3B,0xAD,0xE9,0xFF,0xFB,0xC6,0x55,0x00,0xA0,0xFF,
  0xFF,0xFF,0x0E,0x00,0x00,0x00,0x00,0x00,0x00,0x00,0x08,0x02,0x00,0x00,0x00,0xB9,
  0xFF,0xFF,0xF6,0x00,0x00,0x1A,0x76,0x7F,0x88,0x39,0x00,0x00,0x00,0x00,0x00,0x0A,
  0xEA,0xFF,0xFF,0xD8,0x00,0x00,0x0D,0xF9,0xFF,0xFF,0xD9,0x24,0x00,0x00,0x00,0x08,
  0x9F,0xFF,0xFF,0xFF,0x84,0x00,0x00,0x00,0x8F,0xFF,0xFF,0xFF,0xF7,0xB1,0x8E,0xA2,
  0xE0,0xFF,0xFF,0xFF,0xEE,0x1A,0x00,0x00,0x00,0x0A,0xB7,0xFF,0xFF,0xFF,0xFF,0xFF,
  0xFF,0xFF,0xFF,0xFF,0xF2,0x3C,0x00,0x00,0x00,0x00,0x00,0x04,0x67,0xD8,0xFF,0xFF,
  0xFF,0xFF,0xFF,0xED,0x9A,0x19,0x00,0x00,0x00,0x00,0x00,0x00,0x00,0x00,0x00,0x1D,
  0x41,0x52,0x47,0x2E,0x03,0x00,0x00,0x00,0x00,0x00,0x45,0xD4,0xD4,0xD4,0x52,0x00,
  0x00,0x00,0x00,0x00,0x00,0x00,0x00,0x00,0x00,0x54,0xFF,0xFF,0xFF,0x64,0x00,0x00,
  0x00,0x00,0x00,0x00,0x00,0x00,0x00,0x00,0x54,0xFF,0xFF,0xFF,0x64,0x00,0x00,0x00,
  0x00,0x00,0x00,0x00,0x00,0x00,0x00,0x54,0xFF,0xFF,0xFF,0x64,0x00,0x00,0x00,0x00,
  0x00,0x00,0x00,0x00,0x00,0x00,0x54,0xFF,0xFF,0xFF,0x64,0x00,0x00,0x00,0x00,0x00,
  0x00,0x00,0x00,0x00,0x00,0x54,0xFF,0xFF,0xFF,0x64,0x00,0x00,0x00,0x00,0x00,0x00,
  0x00,0x00,0x00,0x00,0x54,0xFF,0xFF,0xFF,0x64,0x00,0x41,0xA6,0xD3,0xD3,0xB2,0x5B,
  0x03,0x00,0x00,0x54,0xFF,0xFF,0xFF,0x64,0x82,0xFF,0xFF,0xFF,0xFF,0xFF,0xFF,0xBD,
  0x0E,0x00,0x54,0xFF,0xFF,0xFF,0xC6,0xFF,0xFF,0xFF,0xFF,0xFF,0xFF,0xFF,0xFF,0xA2,
  0x00,0x54,0xFF,0xFF,0xFF,0xFF,0xFA,0x9D,0x6A,0x7F,0xD6,0xFF,0xFF,0xFF,0xFF,0x21,
  0x54,0xFF,0xFF,0xFF,0xFF,0x3F,0x00,0x00,0x00,0x07,0xC6,0xFF,0xFF,0xFF,0x6F,0x54,
  0xFF,0xFF,0xFF,0xA9,0x00,0x00,0x00,0x00,0x00,0x4A,0xFF,0xFF,0xFF,0x8D,0x54,0xFF,
  0xFF,0xFF,0x73,0x00,0x00,0x00,0x00,0x00,0x20,0xFF,0xFF,0xFF,0x9F,0x54,0xFF,0xFF,
  0xFF,0x64,0x00,0x00,0x00,0x00,0x00,0x14,0xFF,0xFF,0xFF,0xA0,0x54,0xFF,0xFF,0xFF,
  0x64,0x00,0x00,0x00,0x00,0x00,0x14,0xFF,0xFF,0xFF,0xA0,0x54,0xFF,0xFF,0xFF,0x64,
  0x00,0x00,0x00,0x00,0x00,0x14,0xFF,0xFF,0xFF,0xA0,0x54,0xFF,0xFF,0xFF,0x64,0x00,
  0x00,0x00,0x00,0x00,0x14,0xFF,0xFF,0xFF,0xA0,0x54,0xFF,0xFF,0xFF,0x64,0x00,0x00,
  0x00,0x00,0x00,0x14,0xFF,0xFF,0xFF,0xA0,0x54,0xFF,0xFF,0xFF,0x64,0x00,0x00,0x00,
  0x00,0x00,0x14,0xFF,0xFF,0xFF,0xA0,0x54,0xFF,0xFF,0xFF,0x64,0x00,0x00,0x00,0x00,
  0x00,0x14,0xFF,0xFF,0xFF,0xA0,0x54,0xFF,0xFF,0xFF,0x64,0x00,0x00,0x00,0x00,0x00,
  0x14,0xFF,0xFF,0xFF,0xA0,0x54,0xFF,0xFF,0xFF,0x64,0x00,0x00,0x00,0x00,0x00,0x14,
  0xFF,0xFF,0xFF,0xA0,0x00,0x00,0x05,0x00,0x00,0x1A,0xC8,0xFE,0xCE,0x1F,0x93,0xFF,
  0xFF,0xFF,0x9E,0x97,0xFF,0xFF,0xFF,0xA3,0x21,0xD9,0xFF,0xDE,0x27,0x00,0x00,0x15,
  0x01,0x00,0x00,0x00,0x00,0x00,0x00,0x2F,0x90,0x90,0x90,0x38,0x54,0xFF,0xFF,0xFF,
  0x64,0x54,0xFF,0xFF,0xFF,0x64,0x54,0xFF,0xFF,0xFF,0x64,0x54,0xFF,0xFF,0xFF,0x64,
  0x54,0xFF,0xFF,0xFF,0x64,0x54,0xFF,0xFF,0xFF,0x64,0x54,0xFF,0xFF,0xFF,0x64,0x54,
  0xFF,0xFF,0xFF,0x64,0x54,0xFF,0xFF,0xFF,0x64,0x54,0xFF,0xFF,0xFF,0x64,0x54,0xFF,
  0xFF,0xFF,0x64,0x54,0xFF,0xFF,0xFF,0x64,0x54,0xFF,0xFF,0xFF,0x64,0x54,0xFF,0xFF,
  0xFF,0x64,0x54,0xFF,0xFF,0xFF,0x64,0x00,0x00,0x00,0x00,0x05,0x00,0x00,0x00,0x00,
  0x18,0xC6,0xFE,0xD0,0x21,0x00,0x00,0x8F,0xFF,0xFF,0xFF,0xA2,0x00,0x00,0x93,0xFF,
  0xFF,0xFF,0xA7,0x00,0x00,0x1F,0xD7,0xFF,0xDF,0x29,0x00,0x00,0x00,0x00,0x15,0x01,
  0x00,0x00,0x00,0x00,0x00,0x00,0x00,0x00,0x00,0x00,0x2D,0x90,0x90,0x90,0x3A,0x00,
  0x00,0x50,0xFF,0xFF,0xFF,0x68,0x00,0x00,0x50,0xFF,0xFF,0xFF,0x68,0x00,0x00,0x50,
  0xFF,0xFF,0xFF,0x68,0x00,0x00,0x50,0xFF,0xFF,0xFF,0x68,0x00,0x00,0x50,0xFF,0xFF,
  0xFF,0x68,0x00,0x00,0x50,0xFF,0xFF,0xFF,0x68,0x00,0x00,0x50,0xFF,0xFF,0xFF,0x68,
  0x00,0x00,0x50,0xFF,0xFF,0xFF,0x68,0x00,0x00,0x50,0xFF,0xFF,0xFF,0x68,0x00,0x00,
  0x50,0xFF,0xFF,0xFF,0x68,0x00,0x00,0x50,0xFF,0xFF,0xFF,0x68,0x00,0x00,0x50,0xFF,
  0xFF,0xFF,0x68,0x00,0x00,0x50,0xFF,0xFF,0xFF,0x68,0x00,0x00,0x50,0xFF,0xFF,0xFF,
  0x68,0x00,0x00,0x50,0xFF,0xFF,0xFF,0x68,0x00,0x00,0x50,0xFF,0xFF,0xFF,0x68,0x00,
  0x00,0x5B,0xFF,0xFF,0xFF,0x64,0x00,0x05,0xB1,0xFF,0xFF,0xFF,0x4C,0xD5,0xF6,0xFF,
  0xFF,0xFF,0xF6,0x0E,0xF0,0xFF,0xFF,0xFF,0xFF,0x72,0x00,0xF0,0xFF,0xFF,0xCF,0x59,
  0x00,0x00,0x1E,0x1C,0x08,0x00,0x00,0x00,0x00,0x45,0xD4,0xD4,0xD4,0x52,0x00,0x00,
  0x00,0x00,0x00,0x00,0x00,0x00,0x00,0x00,0x00,0x54,0xFF,0xFF,0xFF,0x64,0x00,0x00,
  0x00,0x00,0x00,0x00,0x00,0x00,0x00,0x00,0x00,0x54,0xFF,0xFF,0xFF,0x64,0x00,0x00,
  0x00,0x00,0x00,0x00,0x00,0x00,0x00,0x00,0x00,0x54,0xFF,0xFF,0xFF,0x64,0x00,0x00,
  0x00,0x00,0x00,0x00,0x00,0x00,0x00,0x00,0x00,0x54,0xFF,0xFF,0xFF,0x64,0x00,0x00,
  0x00,0x00,0x00,0x00,0x00,0x00,0x00,0x00,0x00,0x54,0xFF,0xFF,0xFF,0x64,0x00,0x00,
  0x00,0x00,0x00,0x00,0x00,0x00,0x00,0x00,0x00,0x54,0xFF,0xFF,0xFF,0x64,0x00,0x00,
  0x00,0x00,0x00,0x72,0x90,0x90,0x90,0x5C,0x00,0x54,0xFF,0xFF,0xFF,0x64,0x00,0x00,
  0x00,0x00,0x8B,0xFF,0xFF,0xFF,0xD5,0x13,0x00,0x54,0xFF,0xFF,0xFF,0x64,0x00,0x00,
  0x00,0x81,0xFF,0xFF,0xFF,0xDE,0x1A,0x00,0x00,0x54,0xFF,0xFF,0xFF,0x64,0x00,0x00,
  0x75,0xFF,0xFF,0xFF,0xE6,0x23,0x00,0x00,0x00,0x54,0xFF,0xFF,0xFF,0x64,0x00,0x69,
  0xFF,0xFF,0xFF,0xED,0x2C,0x00,0x00,0x00,0x00,0x54,0xFF,0xFF,0xFF,0x64,0x5F,0xFE,
  0xFF,0xFF,0xF3,0x36,0x00,0x00,0x00,0x00,0x00,0x54,0xFF,0xFF,0xFF,0xCB,0xFC,0xFF,
  0xFF,0xFF,0x41,0x00,0x00,0x00,0x00,0x00,0x00,0x54,0xFF,0xFF,0xFF,0xFF,0xFF,0xFF,
  0xFF,0xFF,0x0A,0x00,0x00,0x00,0x00,0x00,0x00,0x54,0xFF,0xFF,0xFF,0xFF,0xFF,0xFF,
  0xFF,0xFF,0xA0,0x00,0x00,0x00,0x00,0x00,0x00,0x54,0xFF,0xFF,0xFF,0xFF,0xC5,0xF2,
  0xFF,0xFF,0xFF,0x62,0x00,0x00,0x00,0x00,0x00,0x54,0xFF,0xFF,0xFF,0xFE,0x03,0x51,
  0xFF,0xFF,0xFF,0xF6,0x2D,0x00,0x00,0x00,0x00,0x54,0xFF,0xFF,0xFF,0x66,0x00,0x00,
  0x8F,0xFF,0xFF,0xFF,0xD8,0x0C,0x00,0x00,0x00,0x54,0xFF,0xFF,0xFF,0x64,0x00,0x00,
  0x05,0xC6,0xFF,0xFF,0xFF,0xA6,0x00,0x00,0x00,0x54,0xFF,0xFF,0xFF,0x64,0x00,0x00,
  0x00,0x1D,0xEC,0xFF,0xFF,0xFF,0x68,0x00,0x00,0x54,0xFF,0xFF,0xFF,0x64,0x00,0x00,
  0x00,0x00,0x49,0xFE,0xFF,0xFF,0xF8,0x31,0x00,0x54,0xFF,0xFF,0xFF,0x64,0x00,0x00,
  0x00,0x00,0x00,0x85,0xFF,0xFF,0xFF,0xDC,0x0E,0x45,0xD4,0xD4,0xD4,0x52,0x54,0xFF,
  0xFF,0xFF,0x64,0x54,0xFF,0xFF,0xFF,0x64,0x54,0xFF,0xFF,0xFF,0x64,0x54,0xFF,0xFF,
  0xFF,0x64,0x54,0xFF,0xFF,0xFF,0x64,0x54,0xFF,0xFF,0xFF,0x64,0x54,0xFF,0xFF,0xFF,
  0x64,0x54,0xFF,0xFF,0xFF,0x64,0x54,0xFF,0xFF,0xFF,0x64,0x54,0xFF,0xFF,0xFF,0x64,
  0x54,0xFF,0xFF,0xFF,0x64,0x54,0xFF,0xFF,0xFF,0x64,0x54,0xFF,0xFF,0xFF,0x64,0x54,
  0xFF,0xFF,0xFF,0x64,0x54,0xFF,0xFF,0xFF,0x64,0x54,0xFF,0xFF,0xFF,0x64,0x54,0xFF,
  0xFF,0xFF,0x64,0x54,0xFF,0xFF,0xFF,0x64,0x54,0xFF,0xFF,0xFF,0x64,0x54,0xFF,0xFF,
  0xFF,0x64,0x54,0xFF,0xFF,0xFF,0x64,0x2F,0x90,0x90,0x90,0x26,0x00,0x40,0xA6,0xD4,
  0xD3,0x9D,0x2B,0x00,0x00,0x00,0x2A,0x93,0xCB,0xD7,0xB9,0x66,0x06,0x00,0x00,0x54,
  0xFF,0xFF,0xFF,0x44,0x89,0xFF,0xFF,0xFF,0xFF,0xFF,0xF9,0x47,0x00,0x6B,0xFC,0xFF,
  0xFF,0xFF,0xFF,0xFF,0xCB,0x12,0x00,0x54,0xFF,0xFF,0xFF,0x9E,0xFF,0xFF,0xFF,0xFF,
  0xFF,0xFF,0xFF,0xF2,0x59,0xFE,0xFF,0xFF,0xFF,0xFF,0xFF,0xFF,0xFF,0xAB,0x00,0x54,
  0xFF,0xFF,0xFF,0xFF,0xE6,0x72,0x4D,0x7B,0xF0,0xFF,0xFF,0xFF,0xFF,0xFE,0x9B,0x50,
  0x5D,0xBA,0xFF,0xFF,0xFF,0xFE,0x1F,0x54,0xFF,0xFF,0xFF,0xEF,0x1E,0x00,0x00,0x00,
  0x37,0xFC,0xFF,0xFF,0xFF,0x77,0x00,0x00,0x00,0x00,0xB5,0xFF,0xFF,0xFF,0x5C,0x54,
  0xFF,0xFF,0xFF,0x92,0x00,0x00,0x00,0x00,0x00,0xD1,0xFF,0xFF,0xFA,0x0A,0x00,0x00,
  0x00,0x00,0x56,0xFF,0xFF,0xFF,0x75,0x54,0xFF,0xFF,0xFF,0x69,0x00,0x00,0x00,0x00,
  0x00,0xB8,0xFF,0xFF,0xE6,0x00,0x00,0x00,0x00,0x00,0x39,0xFF,0xFF,0xFF,0x7C,0x54,
  0xFF,0xFF,0xFF,0x64,0x00,0x00,0x00,0x00,0x00,0xB8,0xFF,0xFF,0xE4,0x00,0x00,0x00,
  0x00,0x00,0x38,0xFF,0xFF,0xFF,0x7C,0x54,0xFF,0xFF,0xFF,0x64,0x00,0x00,0x00,0x00,
  0x00,0xB8,0xFF,0xFF,0xE4,0x00,0x00,0x00,0x00,0x00,0x38,0xFF,0xFF,0xFF,0x7C,0x54,
  0xFF,0xFF,0xFF,0x64,0x00,0x00,0x00,0x00,0x00,0xB8,0xFF,0xFF,0xE4,0x00,0x00,0x00,
  0x00,0x00,0x38,0xFF,0xFF,0xFF,0x7C,0x54,0xFF,0xFF,0xFF,0x64,0x00,0x00,0x00,0x00,
  0x00,0xB8,0xFF,0xFF,0xE4,0x00,0x00,0x00,0x00,0x00,0x38,0xFF,0xFF,0xFF,0x7C,0x54,
  0xFF,0xFF,0xFF,0x64,0x00,0x00,0x00,0x00,0x00,0xB8,0xFF,0xFF,0xE4,0x00,0x00,0x00,
  0x00,0x00,0x38,0xFF,0xFF,0xFF,0x7C,0x54,0xFF,0xFF,0xFF,0x64,0x00,0x00,0x00,0x00,
  0x00,0xB8,0xFF,0xFF,0xE4,0x00,0x00,0x00,0x00,0x00,0x38,0xFF,0xFF,0xFF,0x7C,0x54,
  0xFF,0xFF,0xFF,0x64,0x00,0x00,0x00,0x00,0x00,0xB8,0xFF,0xFF,0xE4,0x00,0x00,0x00,
  0x00,0x00,0x38,0xFF,0xFF,0xFF,0x7C,0x54,0xFF,0xFF,0xFF,0x64,0x00,0x00,0x00,0x00,
  0x00,0xB8,0xFF,0xFF,0xE4,0x00,0x00,0x00,0x00,0x00,0x38,0xFF,0xFF,0xFF,0x7C,0x54,
  0xFF,0xFF,0xFF,0x64,0x00,0x00,0x00,0x00,0x00,0xB8,0xFF,0xFF,0xE4,0x00,0x00,0x00,
  0x00,0x00,0x38,0xFF,0xFF,0xFF,0x7C,0x2F,0x90,0x90,0x90,0x2D,0x00,0x41,0xA6,0xD3,
  0xD3,0xB2,0x5B,0x03,0x00,0x00,0x54,0xFF,0xFF,0xFF,0x50,0x82,0xFF,0xFF,0xFF,0xFF,
  0xFF,0xFF,0xBD,0x0E,0x00,0x54,0xFF,0xFF,0xFF,0xB2,0xFF,0xFF,0xFF,0xFF,0xFF,0xFF,
  0xFF,0xFF,0xA2,0x00,0x54,0xFF,0xFF,0xFF,0xFF,0xFA,0x9D,0x6A,0x7F,0xD6,0xFF,0xFF,
  0xFF,0xFF,0x21,0x54,0xFF,0xFF,0xFF,0xFF,0x3F,0x00,0x00,0x00,0x07,0xC6,0xFF,0xFF,
  0xFF,0x6F,0x54,0xFF,0xFF,0xFF,0xA9,0x00,0x00,0x00,0x00,0x00,0x4A,0xFF,0xFF,0xFF,
  0x8D,0x54,0xFF,0xFF,0xFF,0x73,0x00,0x00,0x00,0x00,0x00,0x20,0xFF,0xFF,0xFF,0x9F,
  0x54,0xFF,0xFF,0xFF,0x64,0x00,0x00,0x00,0x00,0x00,0x14,0xFF,0xFF,0xFF,0xA0,0x54,
  0xFF,0xFF,0xFF,0x64,0x00,0x00,0x00,0x00,0x00,0x14,0xFF,0xFF,0xFF,0xA0,0x54,0xFF,
  0xFF,0xFF,0x64,0x00,0x00,0x00,0x00,0x00,0x14,0xFF,0xFF,0xFF,0xA0,0x54,0xFF,0xFF,
  0xFF,0x64,0x00,0x00,0x00,0x00,0x00,0x14,0xFF,0xFF,0xFF,0xA0,0x54,0xFF,0xFF,0xFF,
  0x64,0x00,0x00,0x00,0x00,0x00,0x14,0xFF,0xFF,0xFF,0xA0,0x54,0xFF,0xFF,0xFF,0x64,
  0x00,0x00,0x00,0x00,0x00,0x14,0xFF,0xFF,0xFF,0xA0,0x54,0xFF,0xFF,0xFF,0x64,0x00,
  0x00,0x00,0x00,0x00,0x14,0xFF,0xFF,0xFF,0xA0,0x54,0xFF,0xFF,0xFF,0x64,0x00,0x00,
  0x00,0x00,0x00,0x14,0xFF,0xFF,0xFF,0xA0,0x54,0xFF,0xFF,0xFF,0x64,0x00,0x00,0x00,
  0x00,0x00,0x14,0xFF,0xFF,0xFF,0xA0,0x00,0x00,0x00,0x00,0x01,0x4E,0xA3,0xD2,0xE3,
  0xD8,0xB0,0x64,0x08,0x00,0x00,0x00,0x00,0x00,0x00,0x00,0x19,0xC4,0xFF,0xFF,0xFF,
  0xFF,0xFF,0xFF,0xFF,0xE1,0x33,0x00,0x00,0x00,0x00,0x00,0x1C,0xE5,0xFF,0xFF,0xFF,
  0xFF,0xFF,0xFF,0xFF,0xFF,0xFF,0xF7,0x40,0x00,0x00,0x00,0x01,0xBE,0xFF,0xFF,0xFF,
  0xD7,0x62,0x39,0x53,0xBC,0xFF,0xFF,0xFF,0xE3,0x11,0x00,0x00,0x48,0xFF,0xFF,0xFF,
  0xCE,0x0D,0x00,0x00,0x00,0x01,0xA4,0xFF,0xFF,0xFF,0x7C,0x00,0x00,0xA4,0xFF,0xFF,
  0xFF,0x3F,0x00,0x00,0x00,0x00,0x00,0x13,0xF5,0xFF,0xFF,0xD9,0x00,0x00,0xDE,0xFF,
  0xFF,0xEA,0x01,0x00,0x00,0x00,0x00,0x00,0x00,0xB2,0xFF,0xFF,0xFF,0x14,0x00,0xF7,
  0xFF,0xFF,0xC6,0x00,0x00,0x00,0x00,0x00,0x00,0x00,0x8C,0xFF,0xFF,0xFF,0x2F,0x04,
  0xFE,0xFF,0xFF,0xBE,0x00,0x00,0x00,0x00,0x00,0x00,0x00,0x83,0xFF,0xFF,0xFF,0x3B,
  0x00,0xEA,0xFF,0xFF,0xD4,0x00,0x00,0x00,0x00,0x00,0x00,0x00,0x9A,0xFF,0xFF,0xFF,
  0x21,0x00,0xC7,0xFF,0xFF,0xFD,0x14,0x00,0x00,0x00,0x00,0x00,0x00,0xD9,0xFF,0xFF,
  0xF7,0x06,0x00,0x73,0xFF,0xFF,0xFF,0x86,0x00,0x00,0x00,0x00,0x00,0x4F,0xFF,0xFF,
  0xFF,0xA8,0x00,0x00,0x18,0xF2,0xFF,0xFF,0xFD,0x6D,0x03,0x00,0x00,0x46,0xEF,0xFF,
  0xFF,0xFF,0x3F,0x00,0x00,0x00,0x5F,0xFF,0xFF,0xFF,0xFF,0xE9,0xC4,0xDD,0xFF,0xFF,
  0xFF,0xFF,0x94,0x00,0x00,0x00,0x00,0x00,0x75,0xFC,0xFF,0xFF,0xFF,0xFF,0xFF,0xFF,
  0xFF,0xFF,0xA1,0x07,0x00,0x00,0x00,0x00,0x00,0x00,0x3E,0xC1,0xFE,0xFF,0xFF,0xFF,
  0xFF,0xD7,0x5E,0x00,0x00,0x00,0x00,0x00,0x00,0x00,0x00,0x00,0x00,0x16,0x44,0x54,
  0x4A,0x22,0x00,0x00,0x00,0x00,0x00,0x00,0x2F,0x90,0x90,0x90,0x2F,0x00,0x4A,0xA9,
  0xD4,0xD8,0xB6,0x67,0x07,0x00,0x00,0x00,0x54,0xFF,0xFF,0xFF,0x54,0x9B,0xFF,0xFF,
  0xFF,0xFF,0xFF,0xFF,0xD5,0x1E,0x00,0x00,0x54,0xFF,0xFF,0xFF,0xC7,0xFF,0xFF,0xFF,
  0xFF,0xFF,0xFF,0xFF,0xFF,0xE4,0x14,0x00,0x54,0xFF,0xFF,0xFF,0xFF,0xFE,0x9F,0x4C,
  0x40,0x79,0xED,0xFF,0xFF,0xFF,0xA0,0x00,0x54,0xFF,0xFF,0xFF,0xFF,0x63,0x00,0x00,
  0x00,0x00,0x29,0xF3,0xFF,0xFF,0xFE,0x19,0x54,0xFF,0xFF,0xFF,0xC0,0x00,0x00,0x00,
  0x00,0x00,0x00,0x81,0xFF,0xFF,0xFF,0x6A,0x54,0xFF,0xFF,0xFF,0x69,0x00,0x00,0x00,
  0x00,0x00,0x00,0x2E,0xFF,0xFF,0xFF,0x9B,0x54,0xFF,0xFF,0xFF,0x43,0x00,0x00,0x00,
  0x00,0x00,0x00,0x0B,0xFF,0xFF,0xFF,0xB3,0x54,0xFF,0xFF,0xFF,0x3B,0x00,0x00,0x00,
  0x00,0x00,0x00,0x03,0xFF,0xFF,0xFF,0xBB,0x54,0xFF,0xFF,0xFF,0x53,0x00,0x00,0x00,
  0x00,0x00,0x00,0x1A,0xFF,0xFF,0xFF,0xA5,0x54,0xFF,0xFF,0xFF,0x96,0x00,0x00,0x00,
  0x00,0x00,0x00,0x58,0xFF,0xFF,0xFF,0x85,0x54,0xFF,0xFF,0xFF,0xF5,0x1E,0x00,0x00,
  0x00,0x00,0x02,0xCB,0xFF,0xFF,0xFF,0x3B,0x54,0xFF,0xFF,0xFF,0xFF,0xD9,0x33,0x00,
  0x00,0x14,0xA8,0xFF,0xFF,0xFF,0xDC,0x02,0x54,0xFF,0xFF,0xFF,0xEF,0xFF,0xFF,0xDF,
  0xD4,0xF8,0xFF,0xFF,0xFF,0xFF,0x49,0x00,0x54,0xFF,0xFF,0xFF,0x78,0xDF,0xFF,0xFF,
  0xFF,0xFF,0xFF,0xFF,0xFF,0x79,0x00,0x00,0x54,0xFF,0xFF,0xFF,0x64,0x1B,0xB1,0xFE,
  0xFF,0xFF,0xFF,0xCE,0x4F,0x00,0x00,0x00,0x54,0xFF,0xFF,0xFF,0x64,0x00,0x00,0x18,
  0x44,0x41,0x1F,0x00,0x00,0x00,0x00,0x00,0x54,0xFF,0xFF,0xFF,0x64,0x00,0x00,0x00,
  0x00,0x00,0x00,0x00,0x00,0x00,0x00,0x00,0x54,0xFF,0xFF,0xFF,0x64,0x00,0x00,0x00,
  0x00,0x00,0x00,0x00,0x00,0x00,0x00,0x00,0x54,0xFF,0xFF,0xFF,0x64,0x00,0x00,0x00,
  0x00,0x00,0x00,0x00,0x00,0x00,0x00,0x00,0x54,0xFF,0xFF,0xFF,0x64,0x00,0x00,0x00,
  0x00,0x00,0x00,0x00,0x00,0x00,0x00,0x00,0x54,0xFF,0xFF,0xFF,0x64,0x00,0x00,0x00,
  0x00,0x00,0x00,0x00,0x00,0x00,0x00,0x00,0x0A,0x20,0x20,0x20,0x0C,0x00,0x00,0x00,
  0x00,0x00,0x00,0x00,0x00,0x00,0x00,0x00,0x00,0x00,0x00,0x00,0x19,0x81,0xC3,0xDA,
  0xCD,0x95,0x2A,0x00,0x55,0x90,0x90,0x90,0x06,0x00,0x00,0x00,0x48,0xF2,0xFF,0xFF,
  0xFF,0xFF,0xFF,0xFA,0x59,0x98,0xFF,0xFF,0xFF,0x0C,0x00,0x00,0x43,0xFA,0xFF,0xFF,
  0xFF,0xFF,0xFF,0xFF,0xFF,0xF8,0xCB,0xFF,0xFF,0xFF,0x0C,0x00,0x0A,0xDE,0xFF,0xFF,
  0xFF,0xD4,0x62,0x3D,0x5A,0xC4,0xFF,0xFF,0xFF,0xFF,0xFF,0x0C,0x00,0x60,0xFF,0xFF,
  0xFF,0xCB,0x0C,0x00,0x00,0x00,0x03,0xA6,0xFF,0xFF,0xFF,0xFF,0x0C,0x00,0xB2,0xFF,
  0xFF,0xFF,0x39,0x00,0x00,0x00,0x00,0x00,0x11,0xF3,0xFF,0xFF,0xFF,0x0C,0x00,0xE4,
  0xFF,0xFF,0xE7,0x00,0x00,0x00,0x00,0x00,0x00,0x00,0xAE,0xFF,0xFF,0xFF,0x0C,0x01,
  0xFA,0xFF,0xFF,0xC6,0x00,0x00,0x00,0x00,0x00,0x00,0x00,0x88,0xFF,0xFF,0xFF,0x0C,
  0x05,0xFF,0xFF,0xFF,0xBE,0x00,0x00,0x00,0x00,0x00,0x00,0x00,0x7F,0xFF,0xFF,0xFF,
  0x0C,0x00,0xEE,0xFF,0xFF,0xD4,0x00,0x00,0x00,0x00,0x00,0x00,0x00,0x99,0xFF,0xFF,
  0xFF,0x0C,0x00,0xCE,0xFF,0xFF,0xFD,0x14,0x00,0x00,0x00,0x00,0x00,0x00,0xDD,0xFF,
  0xFF,0xFF,0x0C,0x00,0x84,0xFF,0xFF,0xFF,0x87,0x00,0x00,0x00,0x00,0x00,0x5C,0xFF,
  0xFF,0xFF,0xFF,0x0C,0x00,0x2A,0xFC,0xFF,0xFF,0xFD,0x74,0x06,0x00,0x02,0x5B,0xF6,
  0xFF,0xFF,0xFF,0xFF,0x0C,0x00,0x00,0x90,0xFF,0xFF,0xFF,0xFF,0xF0,0xD0,0xEB,0xFF,
  0xFF,0xEF,0xFF,0xFF,0xFF,0x0C,0x00,0x00,0x09,0xB5,0xFF,0xFF,0xFF,0xFF,0xFF,0xFF,
  0xFF,0xAC,0xA8,0xFF,0xFF,0xFF,0x0C,0x00,0x00,0x00,0x04,0x79,0xE7,0xFF,0xFF,0xFF,
  0xF6,0x89,0x06,0xA8,0xFF,0xFF,0xFF,0x0C,0x00,0x00,0x00,0x00,0x00,0x05,0x29,0x47,
  0x3D,0x0B,0x00,0x00,0xA8,0xFF,0xFF,0xFF,0x0C,0x00,0x00,0x00,0x00,0x00,0x00,0x00,
  0x00,0x00,0x00,0x00,0x00,0xA8,0xFF,0xFF,0xFF,0x0C,0x00,0x00,0x00,0x00,0x00,0x00,
  0x00,0x00,0x00,0x00,0x00,0x00,0xA8,0xFF,0xFF,0xFF,0x0C,0x00,0x00,0x00,0x00,0x00,
  0x00,0x00,0x00,0x00,0x00,0x00,0x00,0xA8,0xFF,0xFF,0xFF,0x0C,0x00,0x00,0x00,0x00,
  0x00,0x00,0x00,0x00,0x00,0x00,0x00,0x00,0xA8,0xFF,0xFF,0xFF,0x0C,0x00,0x00,0x00,
  0x00,0x00,0x00,0x00,0x00,0x00,0x00,0x00,0x00,0xA8,0xFF,0xFF,0xFF,0x0C,0x00,0x00,
  0x00,0x00,0x00,0x00,0x00,0x00,0x00,0x00,0x00,0x00,0x15,0x20,0x20,0x20,0x01,0x2F,
  0x90,0x90,0x90,0x24,0x09,0x6C,0xA7,0xB6,0x39,0x54,0xFF,0xFF,0xFF,0x49,0xC6,0xFF,
  0xFF,0xFF,0x54,0x54,0xFF,0xFF,0xFF,0xB2,0xFF,0xFF,0xFF,0xFF,0x54,0x54,0xFF,0xFF,
  0xFF,0xFF,0xFD,0xB7,0x8A,0x8F,0x34,0x54,0xFF,0xFF,0xFF,0xFE,0x51,0x00,0x00,0x00,
  0x00,0x54,0xFF,0xFF,0xFF,0xB0,0x00,0x00,0x00,0x00,0x00,0x54,0xFF,0xFF,0xFF,0x73,
  0x00,0x00,0x00,0x00,0x00,0x54,0xFF,0xFF,0xFF,0x64,0x00,0x00,0x00,0x00,0x00,0x54,
  0xFF,0xFF,0xFF,0x64,0x00,0x00,0x00,0x00,0x00,0x54,0xFF,0xFF,0xFF,0x64,0x00,0x00,
  0x00,0x00,0x00,0x54,0xFF,0xFF,0xFF,0x64,0x00,0x00,0x00,0x00,0x00,0x54,0xFF,0xFF,
  0xFF,0x64,0x00,0x00,0x00,0x00,0x00,0x54,0xFF,0xFF,0xFF,0x64,0x00,0x00,0x00,0x00,
  0x00,0x54,0xFF,0xFF,0xFF,0x64,0x00,0x00,0x00,0x00,0x00,0x54,0xFF,0xFF,0xFF,0x64,
  0x00,0x00,0x00,0x00,0x00,0x54,0xFF,0xFF,0xFF,0x64,0x00,0x00,0x00,0x00,0x00,0x00,
  0x00,0x00,0x03,0x57,0xA4,0xCC,0xDE,0xCE,0xAC,0x60,0x08,0x00,0x00,0x00,0x00,0x00,
  0x26,0xD4,0xFF,0xFF,0xFF,0xFF,0xFF,0xFF,0xFF,0xDE,0x37,0x00,0x00,0x00,0x0D,0xE3,
  0xFF,0xFF,0xFF,0xFE,0xE9,0xFB,0xFF,0xFF,0xFF,0xF0,0x22,0x00,0x00,0x6F,0xFF,0xFF,
  0xFF,0xAE,0x16,0x00,0x06,0x76,0xFF,0xFF,0xFF,0x9E,0x00,0x00,0xA1,0xFF,0xFF,0xFF,
  0x17,0x00,0x00,0x00,0x00,0xAD,0xFF,0xFF,0xE1,0x00,0x00,0xA1,0xFF,0xFF,0xFF,0x4B,
  0x00,0x00,0x00,0x00,0x1D,0x37,0x31,0x2A,0x00,0x00,0x5E,0xFF,0xFF,0xFF,0xFB,0xA4,
  0x5E,0x29,0x02,0x00,0x00,0x00,0x00,0x00,0x00,0x04,0xBF,0xFF,0xFF,0xFF,0xFF,0xFF,
  0xFF,0xF2,0xB7,0x64,0x08,0x00,0x00,0x00,0x00,0x08,0x87,0xF2,0xFF,0xFF,0xFF,0xFF,
  0xFF,0xFF,0xFF,0xDE,0x2D,0x00,0x00,0x00,0x00,0x00,0x0A,0x4A,0x84,0xB8,0xED,0xFF,
  0xFF,0xFF,0xFF,0xDE,0x06,0x00,0x00,0x00,0x00,0x00,0x00,0x00,0x00,0x02,0x46,0xE5,
  0xFF,0xFF,0xFF,0x42,0x02,0xB8,0xC2,0xC7,0x90,0x00,0x00,0x00,0x00,0x00,0x74,0xFF,
  0xFF,0xFF,0x57,0x00,0xC6,0xFF,0xFF,0xF7,0x31,0x00,0x00,0x00,0x02,0xB4,0xFF,0xFF,
  0xFF,0x34,0x00,0x50,0xFF,0xFF,0xFF,0xF7,0x9D,0x75,0x81,0xCF,0xFF,0xFF,0xFF,0xCD,
  0x01,0x00,0x00,0x86,0xFF,0xFF,0xFF,0xFF,0xFF,0xFF,0xFF,0xFF,0xFF,0xE5,0x27,0x00,
  0x00,0x00,0x00,0x4B,0xCA,0xFE,0xFF,0xFF,0xFF,0xFF,0xEE,0x93,0x15,0x00,0x00,0x00,
  0x00,0x00,0x00,0x00,0x17,0x42,0x55,0x4C,0x32,0x03,0x00,0x00,0x00,0x00,0x00,0x00,
  0x12,0xC0,0xC0,0xC0,0x78,0x00,0x00,0x00,0x00,0x00,0x18,0xFF,0xFF,0xFF,0xA0,0x00,
  0x00,0x00,0x00,0x00,0x18,0xFF,0xFF,0xFF,0xA0,0x00,0x00,0x00,0x00,0x00,0x18,0xFF,
  0xFF,0xFF,0xA0,0x00,0x00,0x00,0x6C,0x90,0xA8,0xFF,0xFF,0xFF,0xFF,0x90,0x90,0x70,
  0xC0,0xFF,0xFF,0xFF,0xFF,0xFF,0xFF,0xFF,0xFF,0xC8,0xC0,0xFF,0xFF,0xFF,0xFF,0xFF,
  0xFF,0xFF,0xFF,0xC8,0x4E,0x68,0x80,0xFF,0xFF,0xFF,0xFF,0x68,0x68,0x51,0x00,0x00,
  0x18,0xFF,0xFF,0xFF,0xA0,0x00,0x00,0x00,0x00,0x00,0x18,0xFF,0xFF,0xFF,0xA0,0x00,
  0x00,0x00,0x00,0x00,0x18,0xFF,0xFF,0xFF,0xA0,0x00,0x00,0x00,0x00,0x00,0x18,0xFF,
  0xFF,0xFF,0xA0,0x00,0x00,0x00,0x00,0x00,0x18,0xFF,0xFF,0xFF,0xA0,0x00,0x00,0x00,
  0x00,0x00,0x18,0xFF,0xFF,0xFF,0xA0,0x00,0x00,0x00,0x00,0x00,0x18,0xFF,0xFF,0xFF,
  0xA0,0x00,0x00,0x00,0x00,0x00,0x18,0xFF,0xFF,0xFF,0xA3,0x00,0x00,0x00,0x00,0x00,
  0x0F,0xFF,0xFF,0xFF,0xD9,0x15,0x00,0x00,0x00,0x00,0x00,0xE2,0xFF,0xFF,0xFF,0xFF,
  0xF8,0xC1,0x00,0x00,0x00,0x66,0xFF,0xFF,0xFF,0xFF,0xFF,0xCB,0x00,0x00,0x00,0x00,
  0x55,0xC3,0xF5,0xFF,0xFF,0xD0,0x00,0x00,0x00,0x00,0x00,0x00,0x00,0x05,0x05,0x00,
  0x2F,0x90,0x90,0x90,0x38,0x00,0x00,0x00,0x00,0x00,0x0B,0x90,0x90,0x90,0x5A,0x54,
  0xFF,0xFF,0xFF,0x64,0x00,0x00,0x00,0x00,0x00,0x14,0xFF,0xFF,0xFF,0xA0,0x54,0xFF,
  0xFF,0xFF,0x64,0x00,0x00,0x00,0x00,0x00,0x14,0xFF,0xFF,0xFF,0xA0,0x54,0xFF,0xFF,
  0xFF,0x64,0x00,0x00,0x00,0x00,0x00,0x14,0xFF,0xFF,0xFF,0xA0,0x54,0xFF,0xFF,0xFF,
  0x64,0x00,0x00,0x00,0x00,0x00,0x14,0xFF,0xFF,0xFF,0xA0,0x54,0xFF,0xFF,0xFF,0x64,
  0x00,0x00,0x00,0x00,0x00,0x14,0xFF,0xFF,0xFF,0xA0,0x54,0xFF,0xFF,0xFF,0x64,0x00,
  0x00,0x00,0x00,0x00,0x14,0xFF,0xFF,0xFF,0xA0,0x54,0xFF,0xFF,0xFF,0x64,0x00,0x00,
  0x00,0x00,0x00,0x14,0xFF,0xFF,0xFF,0xA0,0x54,0xFF,0xFF,0xFF,0x64,0x00,0x00,0x00,
  0x00,0x00,0x14,0xFF,0xFF,0xFF,0xA0,0x54,0xFF,0xFF,0xFF,0x66,0x00,0x00,0x00,0x00,
  0x00,0x1A,0xFF,0xFF,0xFF,0xA0,0x4B,0xFF,0xFF,0xFF,0x84,0x00,0x00,0x00,0x00,0x00,
  0x3B,0xFF,0xFF,0xFF,0xA0,0x34,0xFF,0xFF,0xFF,0xD3,0x03,0x00,0x00,0x00,0x00,0x9E,
  0xFF,0xFF,0xFF,0xA0,0x08,0xF2,0xFF,0xFF,0xFF,0xA6,0x1E,0x00,0x15,0x88,0xFF,0xFF,
  0xFF,0xFF,0xA0,0x00,0x98,0xFF,0xFF,0xFF,0xFF,0xFF,0xF8,0xFF,0xFF,0xEC,0xFF,0xFF,
  0xFF,0xA0,0x00,0x10,0xDC,0xFF,0xFF,0xFF,0xFF,0xFF,0xFF,0xF7,0x40,0xFF,0xFF,0xFF,
  0xA0,0x00,0x00,0x13,0xA4,0xF9,0xFF,0xFF,0xFF,0xD5,0x3F,0x01,0xFF,0xFF,0xFF,0xA0,
  0x00,0x00,0x00,0x00,0x10,0x38,0x45,0x26,0x00,0x00,0x00,0x00,0x00,0x00,0x00,0x56,
  0x90,0x90,0x90,0x2F,0x00,0x00,0x00,0x00,0x00,0x00,0x00,0x84,0x90,0x90,0x88,0x01,
  0x4E,0xFF,0xFF,0xFF,0x99,0x00,0x00,0x00,0x00,0x00,0x00,0x32,0xFF,0xFF,0xFF,0xA9,
  0x00,0x04,0xE9,0xFF,0xFF,0xED,0x05,0x00,0x00,0x00,0x00,0x00,0x89,0xFF,0xFF,0xFF,
  0x49,0x00,0x00,0x8E,0xFF,0xFF,0xFF,0x4B,0x00,0x00,0x00,0x00,0x00,0xDF,0xFF,0xFF,
  0xE5,0x03,0x00,0x00,0x2D,0xFF,0xFF,0xFF,0xA4,0x00,0x00,0x00,0x00,0x39,0xFF,0xFF,
  0xFF,0x88,0x00,0x00,0x00,0x00,0xCE,0xFF,0xFF,0xF3,0x09,0x00,0x00,0x00,0x91,0xFF,
  0xFF,0xFF,0x28,0x00,0x00,0x00,0x00,0x6E,0xFF,0xFF,0xFF,0x55,0x00,0x00,0x02,0xE6,
  0xFF,0xFF,0xC7,0x00,0x00,0x00,0x00,0x00,0x13,0xF9,0xFF,0xFF,0xAE,0x00,0x00,0x40,
  0xFF,0xFF,0xFF,0x67,0x00,0x00,0x00,0x00,0x00,0x00,0xAD,0xFF,0xFF,0xF8,0x0E,0x00,
  0x97,0xFF,0xFF,0xF7,0x0F,0x00,0x00,0x00,0x00,0x00,0x00,0x4D,0xFF,0xFF,0xFF,0x5A,
  0x01,0xE7,0xFF,0xFF,0xA6,0x00,0x00,0x00,0x00,0x00,0x00,0x00,0x04,0xE8,0xFF,0xFF,
  0xAC,0x3A,0xFF,0xFF,0xFF,0x45,0x00,0x00,0x00,0x00,0x00,0x00,0x00,0x00,0x8D,0xFF,
  0xFF,0xF4,0x90,0xFF,0xFF,0xE3,0x02,0x00,0x00,0x00,0x00,0x00,0x00,0x00,0x00,0x2C,
  0xFF,0xFF,0xFF,0xFF,0xFF,0xFF,0x85,0x00,0x00,0x00,0x00,0x00,0x00,0x00,0x00,0x00,
  0x00,0xCD,0xFF,0xFF,0xFF,0xFF,0xFF,0x25,0x00,0x00,0x00,0x00,0x00,0x00,0x00,0x00,
  0x00,0x00,0x6D,0xFF,0xFF,0xFF,0xFF,0xC4,0x00,0x00,0x00,0x00,0x00,0x00,0x00,0x00,
  0x00,0x00,0x00,0x13,0xF9,0xFF,0xFF,0xFF,0x64,0x00,0x00,0x00,0x00,0x00,0x00,0x58,
  0x90,0x90,0x90,0x27,0x00,0x00,0x00,0x00,0x00,0x70,0x90,0x90,0x74,0x00,0x00,0x00,
  0x00,0x00,0x28,0x90,0x90,0x90,0x5D,0x60,0xFF,0xFF,0xFF,0x7C,0x00,0x00,0x00,0x00,
  0x08,0xF6,0xFF,0xFF,0xFA,0x0C,0x00,0x00,0x00,0x00,0x7E,0xFF,0xFF,0xFF,0x67,0x14,
  0xFC,0xFF,0xFF,0xC1,0x00,0x00,0x00,0x00,0x46,0xFF,0xFF,0xFF,0xFF,0x4C,0x00,0x00,
  0x00,0x00,0xC4,0xFF,0xFF,0xFE,0x1A,0x00,0xC2,0xFF,0xFF,0xFA,0x0C,0x00,0x00,0x00,
  0x8D,0xFF,0xFF,0xFF,0xFF,0x93,0x00,0x00,0x00,0x0D,0xFB,0xFF,0xFF,0xC9,0x00,0x00,
  0x73,0xFF,0xFF,0xFF,0x4B,0x00,0x00,0x00,0xD4,0xFF,0xFF,0xFF,0xFF,0xD9,0x00,0x00,
  0x00,0x4F,0xFF,0xFF,0xFF,0x7A,0x00,0x00,0x24,0xFF,0xFF,0xFF,0x90,0x00,0x00,0x1B,
  0xFF,0xFF,0xE2,0xDB,0xFF,0xFF,0x1F,0x00,0x00,0x94,0xFF,0xFF,0xFF,0x2C,0x00,0x00,
  0x00,0xD6,0xFF,0xFF,0xD4,0x00,0x00,0x61,0xFF,0xFF,0x9F,0x9A,0xFF,0xFF,0x64,0x00,
  0x00,0xD8,0xFF,0xFF,0xDD,0x00,0x00,0x00,0x00,0x87,0xFF,0xFF,0xFE,0x14,0x00,0xA4,
  0xFF,0xFF,0x5C,0x58,0xFF,0xFF,0xA5,0x00,0x17,0xFF,0xFF,0xFF,0x8E,0x00,0x00,0x00,
  0x00,0x38,0xFF,0xFF,0xFF,0x52,0x00,0xE5,0xFF,0xFF,0x18,0x15,0xFE,0xFF,0xE6,0x00,
  0x56,0xFF,0xFF,0xFF,0x3F,0x00,0x00,0x00,0x00,0x01,0xE7,0xFF,0xFF,0x90,0x27,0xFF,
  0xFF,0xD1,0x00,0x00,0xCD,0xFF,0xFF,0x28,0x94,0xFF,0xFF,0xED,0x03,0x00,0x00,0x00,
  0x00,0x00,0x9A,0xFF,0xFF,0xCD,0x67,0xFF,0xFF,0x86,0x00,0x00,0x84,0xFF,0xFF,0x67,
  0xD0,0xFF,0xFF,0xA1,0x00,0x00,0x00,0x00,0x00,0x00,0x4B,0xFF,0xFF,0xFC,0xB1,0xFF,
  0xFF,0x3B,0x00,0x00,0x39,0xFF,0xFF,0xB4,0xFD,0xFF,0xFF,0x52,0x00,0x00,0x00,0x00,
  0x00,0x00,0x08,0xF4,0xFF,0xFF,0xFF,0xFF,0xEC,0x03,0x00,0x00,0x02,0xEB,0xFF,0xFF,
  0xFF,0xFF,0xF7,0x0B,0x00,0x00,0x00,0x00,0x00,0x00,0x00,0xAD,0xFF,0xFF,0xFF,0xFF,
  0xA4,0x00,0x00,0x00,0x00,0xA3,0xFF,0xFF,0xFF,0xFF,0xB4,0x00,0x00,0x00,0x00,0x00,
  0x00,0x00,0x00,0x5E,0xFF,0xFF,0xFF,0xFF,0x58,0x00,0x00,0x00,0x00,0x58,0xFF,0xFF,
  0xFF,0xFF,0x65,0x00,0x00,0x00,0x00,0x00,0x00,0x00,0x00,0x13,0xFC,0xFF,0xFF,0xFC,
  0x11,0x00,0x00,0x00,0x00,0x11,0xFC,0xFF,0xFF,0xFE,0x18,0x00,0x00,0x00,0x00,0x14,
  0x8F,0x90,0x90,0x87,0x05,0x00,0x00,0x00,0x00,0x00,0x7C,0x90,0x90,0x8F,0x19,0x00,
  0x9A,0xFF,0xFF,0xFF,0x7D,0x00,0x00,0x00,0x00,0x64,0xFF,0xFF,0xFF,0xA2,0x00,0x00,
  0x0C,0xDD,0xFF,0xFF,0xF9,0x2B,0x00,0x00,0x1B,0xF0,0xFF,0xFF,0xE0,0x0F,0x00,0x00,
  0x00,0x3C,0xFD,0xFF,0xFF,0xC2,0x00,0x00,0xAE,0xFF,0xFF,0xFD,0x3F,0x00,0x00,0x00,
  0x00,0x00,0x8B,0xFF,0xFF,0xFF,0x5C,0x49,0xFF,0xFF,0xFF,0x8B,0x00,0x00,0x00,0x00,
  0x00,0x00,0x07,0xD3,0xFF,0xFF,0xEF,0xEB,0xFF,0xFF,0xD1,0x07,0x00,0x00,0x00,0x00,
  0x00,0x00,0x00,0x31,0xFA,0xFF,0xFF,0xFF,0xFF,0xF8,0x2D,0x00,0x00,0x00,0x00,0x00,
  0x00,0x00,0x00,0x00,0x7C,0xFF,0xFF,0xFF,0xFF,0x75,0x00,0x00,0x00,0x00,0x00,0x00,
  0x00,0x00,0x00,0x00,0x6B,0xFF,0xFF,0xFF,0xFF,0x74,0x00,0x00,0x00,0x00,0x00,0x00,
  0x00,0x00,0x00,0x26,0xF5,0xFF,0xFF,0xFF,0xFF,0xF8,0x2B,0x00,0x00,0x00,0x00,0x00,
  0x00,0x00,0x05,0xCB,0xFF,0xFF,0xFF,0xFF,0xFF,0xFF,0xCF,0x05,0x00,0x00,0x00,0x00,
  0x00,0x00,0x85,0xFF,0xFF,0xFF,0x61,0x6A,0xFF,0xFF,0xFF,0x86,0x00,0x00,0x00,0x00,
  0x00,0x3C,0xFC,0xFF,0xFF,0xC0,0x00,0x02,0xC8,0xFF,0xFF,0xFC,0x3A,0x00,0x00,0x00,
  0x0E,0xDF,0xFF,0xFF,0xF6,0x26,0x00,0x00,0x2D,0xFA,0xFF,0xFF,0xDC,0x0B,0x00,0x00,
  0xA2,0xFF,0xFF,0xFF,0x70,0x00,0x00,0x00,0x00,0x7E,0xFF,0xFF,0xFF,0x99,0x00,0x55,
  0xFF,0xFF,0xFF,0xC0,0x01,0x00,0x00,0x00,0x00,0x05,0xCF,0xFF,0xFF,0xFF,0x4B,0x55,
  0x90,0x90,0x90,0x2F,0x00,0x00,0x00,0x00,0x00,0x00,0x00,0x85,0x90,0x90,0x88,0x01,
  0x4B,0xFF,0xFF,0xFF,0x9B,0x00,0x00,0x00,0x00,0x00,0x00,0x34,0xFF,0xFF,0xFF,0xA7,
  0x00,0x03,0xE5,0xFF,0xFF,0xEE,0x06,0x00,0x00,0x00,0x00,0x00,0x8D,0xFF,0xFF,0xFF,
  0x45,0x00,0x00,0x85,0xFF,0xFF,0xFF,0x4E,0x00,0x00,0x00,0x00,0x02,0xE4,0xFF,0xFF,
  0xE0,0x02,0x00,0x00,0x23,0xFE,0xFF,0xFF,0xA8,0x00,0x00,0x00,0x00,0x41,0xFF,0xFF,
  0xFF,0x80,0x00,0x00,0x00,0x00,0xC0,0xFF,0xFF,0xF5,0x0C,0x00,0x00,0x00,0x9B,0xFF,
  0xFF,0xFE,0x1F,0x00,0x00,0x00,0x00,0x5D,0xFF,0xFF,0xFF,0x5B,0x00,0x00,0x06,0xEE,
  0xFF,0xFF,0xBB,0x00,0x00,0x00,0x00,0x00,0x09,0xF0,0xFF,0xFF,0xB5,0x00,0x00,0x4E,
  0xFF,0xFF,0xFF,0x59,0x00,0x00,0x00,0x00,0x00,0x00,0x97,0xFF,0xFF,0xFB,0x13,0x00,
  0xA7,0xFF,0xFF,0xEF,0x08,0x00,0x00,0x00,0x00,0x00,0x00,0x34,0xFF,0xFF,0xFF,0x60,
  0x07,0xF2,0xFF,0xFF,0x94,0x00,0x00,0x00,0x00,0x00,0x00,0x00,0x00,0xD1,0xFF,0xFF,
  0xB1,0x4D,0xFF,0xFF,0xFF,0x32,0x00,0x00,0x00,0x00,0x00,0x00,0x00,0x00,0x6F,0xFF,
  0xFF,0xF7,0xA8,0xFF,0xFF,0xD0,0x00,0x00,0x00,0x00,0x00,0x00,0x00,0x00,0x00,0x13,
  0xF8,0xFF,0xFF,0xFF,0xFF,0xFF,0x6D,0x00,0x00,0x00,0x00,0x00,0x00,0x00,0x00,0x00,
  0x00,0xA9,0xFF,0xFF,0xFF,0xFF,0xF8,0x12,0x00,0x00,0x00,0x00,0x00,0x00,0x00,0x00,
  0x00,0x00,0x46,0xFF,0xFF,0xFF,0xFF,0xA9,0x00,0x00,0x00,0x00,0x00,0x00,0x00,0x00,
  0x00,0x00,0x00,0x02,0xE1,0xFF,0xFF,0xFF,0x46,0x00,0x00,0x00,0x00,0x00,0x00,0x00,
  0x00,0x00,0x00,0x00,0x04,0xE8,0xFF,0xFF,0xE2,0x02,0x00,0x00,0x00,0x00,0x00,0x00,
  0x00,0x00,0x00,0x00,0x00,0x51,0xFF,0xFF,0xFF,0x82,0x00,0x00,0x00,0x00,0x00,0x00,
  0x00,0x00,0x00,0x00,0x00,0x14,0xD2,0xFF,0xFF,0xFC,0x20,0x00,0x00,0x00,0x00,0x00,
  0x00,0x00,0x00,0x00,0xE6,0xE9,0xFD,0xFF,0xFF,0xFF,0xA7,0x00,0x00,0x00,0x00,0x00,
  0x00,0x00,0x00,0x00,0x08,0xFF,0xFF,0xFF,0xFF,0xFF,0xE2,0x18,0x00,0x00,0x00,0x00,
  0x00,0x00,0x00,0x00,0x00,0x10,0xFF,0xFF,0xFF,0xF8,0xAA,0x1C,0x00,0x00,0x00,0x00,
  0x00,0x00,0x00,0x00,0x00,0x00,0x01,0x1C,0x21,0x1E,0x07,0x00,0x00,0x00,0x00,0x00,
  0x00,0x00,0x00,0x00,0x00,0x00,0x4C,0x90,0x90,0x90,0x90,0x90,0x90,0x90,0x90,0x90,
  0x90,0x90,0x7E,0x88,0xFF,0xFF,0xFF,0xFF,0xFF,0xFF,0xFF,0xFF,0xFF,0xFF,0xFF,0xE0,
  0x88,0xFF,0xFF,0xFF,0xFF,0xFF,0xFF,0xFF,0xFF,0xFF,0xFF,0xFF,0xE0,0x3F,0x78,0x78,
  0x78,0x78,0x78,0x78,0x78,0xDB,0xFF,0xFF,0xFF,0x91,0x00,0x00,0x00,0x00,0x00,0x00,
  0x00,0x58,0xFF,0xFF,0xFF,0xC1,0x04,0x00,0x00,0x00,0x00,0x00,0x00,0x30,0xF5,0xFF,
  0xFF,0xE2,0x16,0x00,0x00,0x00,0x00,0x00,0x00,0x14,0xE0,0xFF,0xFF,0xF7,0x34,0x00,
  0x00,0x00,0x00,0x00,0x00,0x04,0xBE,0xFF,0xFF,0xFF,0x5F,0x00,0x00,0x00,0x00,0x00,
  0x00,0x00,0x92,0xFF,0xFF,0xFF,0x92,0x00,0x00,0x00,0x00,0x00,0x00,0x00,0x60,0xFF,
  0xFF,0xFF,0xC1,0x04,0x00,0x00,0x00,0x00,0x00,0x00,0x36,0xF8,0xFF,0xFF,0xE2,0x16,
  0x00,0x00,0x00,0x00,0x00,0x00,0x18,0xE4,0xFF,0xFF,0xF7,0x34,0x00,0x00,0x00,0x00,
  0x00,0x00,0x06,0xC5,0xFF,0xFF,0xFF,0x67,0x08,0x08,0x08,0x08,0x08,0x08,0x08,0x7A,
  0xFF,0xFF,0xFF,0xFF,0xFF,0xFF,0xFF,0xFF,0xFF,0xFF,0xFF,0xFF,0x90,0xFF,0xFF,0xFF,
  0xFF,0xFF,0xFF,0xFF,0xFF,0xFF,0xFF,0xFF,0xFF,0x90,0xFF,0xFF,0xFF,0xFF,0xFF,0xFF,
  0xFF,0xFF,0xFF,0xFF,0xFF,0xFF,0x00,0x00,0x00,0x00,0x00,0x00,0x3D,0x9A,0xCE,0xEA,
  0x98,0x00,0x00,0x00,0x00,0x00,0x91,0xFF,0xFF,0xFF,0xFF,0xA0,0x00,0x00,0x00,0x00,
  0x54,0xFF,0xFF,0xFF,0xFF,0xFF,0x9D,0x00,0x00,0x00,0x00,0xB9,0xFF,0xFF,0xFF,0x7E,
  0x14,0x00,0x00,0x00,0x00,0x00,0xED,0xFF,0xFF,0xCC,0x00,0x00,0x00,0x00,0x00,0x00,
  0x02,0xFE,0xFF,0xFF,0x9A,0x00,0x00,0x00,0x00,0x00,0x00,0x08,0xFF,0xFF,0xFF,0x90,
  0x00,0x00,0x00,0x00,0x00,0x00,0x08,0xFF,0xFF,0xFF,0x90,0x00,0x00,0x00,0x00,0x00,
  0x00,0x08,0xFF,0xFF,0xFF,0x90,0x00,0x00,0x00,0x00,0x00,0x00,0x20,0xFF,0xFF,0xFF,
  0x8F,0x00,0x00,0x00,0x00,0x00,0x00,0x60,0xFF,0xFF,0xFF,0x7D,0x00,0x00,0x00,0x09,
  0x31,0x6E,0xFD,0xFF,0xFF,0xFF,0x37,0x00,0x00,0x00,0x88,0xFF,0xFF,0xFF,0xFF,0xFF,
  0x8B,0x00,0x00,0x00,0x00,0xBC,0xFF,0xFF,0xFF,0xFF,0x46,0x00,0x00,0x00,0x00,0x00,
  0x8D,0xFF,0xFF,0xFF,0xFF,0xE2,0x3F,0x00,0x00,0x00,0x00,0x35,0xD6,0xFF,0xFF,0xFF,
  0xFF,0xF3,0x18,0x00,0x00,0x00,0x00,0x00,0x00,0x8F,0xFF,0xFF,0xFF,0x6D,0x00,0x00,
  0x00,0x00,0x00,0x00,0x2A,0xFF,0xFF,0xFF,0x8D,0x00,0x00,0x00,0x00,0x00,0x00,0x0D,
  0xFF,0xFF,0xFF,0x90,0x00,0x00,0x00,0x00,0x00,0x00,0x08,0xFF,0xFF,0xFF,0x90,0x00,
  0x00,0x00,0x00,0x00,0x00,0x08,0xFF,0xFF,0xFF,0x90,0x00,0x00,0x00,0x00,0x00,0x00,
  0x05,0xFF,0xFF,0xFF,0x9A,0x00,0x00,0x00,0x00,0x00,0x00,0x00,0xF5,0xFF,0xFF,0xBA,
  0x00,0x00,0x00,0x00,0x00,0x00,0x00,0xCD,0xFF,0xFF,0xFC,0x31,0x00,0x00,0x00,0x00,
  0x00,0x00,0x7D,0xFF,0xFF,0xFF,0xFA,0xBF,0x69,0x00,0x00,0x00,0x00,0x0D,0xD4,0xFF,
  0xFF,0xFF,0xFF,0xA0,0x00,0x00,0x00,0x00,0x00,0x12,0x91,0xEC,0xFF,0xFF,0xA0,0x00,
  0x00,0x00,0x00,0x00,0x00,0x00,0x02,0x22,0x3C,0x2B,0xA1,0xDC,0xDC,0x9E,0xBC,0xFF,
  0xFF,0xB8,0xBC,0xFF,0xFF,0xB8,0xBC,0xFF,0xFF,0xB8,0xBC,0xFF,0xFF,0xB8,0xBC,0xFF,
  0xFF,0xB8,0xBC,0xFF,0xFF,0xB8,0xBC,0xFF,0xFF,0xB8,0xBC,0xFF,0xFF,0xB8,0xBC,0xFF,
  0xFF,0xB8,0xBC,0xFF,0xFF,0xB8,0xBC,0xFF,0xFF,0xB8,0xBC,0xFF,0xFF,0xB8,0xBC,0xFF,
  0xFF,0xB8,0xBC,0xFF,0xFF,0xB8,0xBC,0xFF,0xFF,0xB8,0xBC,0xFF,0xFF,0xB8,0xBC,0xFF,
  0xFF,0xB8,0xBC,0xFF,0xFF,0xB8,0xBC,0xFF,0xFF,0xB8,0xBC,0xFF,0xFF,0xB8,0xBC,0xFF,
  0xFF,0xB8,0xBC,0xFF,0xFF,0xB8,0xBC,0xFF,0xFF,0xB8,0xBC,0xFF,0xFF,0xB8,0xBC,0xFF,
  0xFF,0xB8,0xBC,0xFF,0xFF,0xB8,0xBC,0xFF,0xFF,0xB8,0xBC,0xFF,0xFF,0xB8,0xBC,0xFF,
  0xFF,0xB8,0xBC,0xFF,0xFF,0xB8,0xBC,0xFF,0xFF,0xB8,0xBC,0xFF,0xFF,0xB8,0xBC,0xFF,
  0xFF,0xB8,0xBC,0xFF,0xFF,0xB8,0xBC,0xFF,0xFF,0xB8,0x05,0x08,0x08,0x05,0xD8,0xE6,
  0xC5,0x87,0x22,0x00,0x00,0x00,0x00,0x00,0xE4,0xFF,0xFF,0xFF,0xF8,0x56,0x00,0x00,
  0x00,0x00,0xE1,0xFF,0xFF,0xFF,0xFF,0xF6,0x19,0x00,0x00,0x00,0x00,0x24,0xB2,0xFF,
  0xFF,0xFF,0x73,0x00,0x00,0x00,0x00,0x00,0x18,0xFC,0xFF,0xFF,0xA9,0x00,0x00,0x00,
  0x00,0x00,0x00,0xE3,0xFF,0xFF,0xBC,0x00,0x00,0x00,0x00,0x00,0x00,0xD0,0xFF,0xFF,
  0xC4,0x00,0x00,0x00,0x00,0x00,0x00,0xD0,0xFF,0xFF,0xC4,0x00,0x00,0x00,0x00,0x00,
  0x00,0xD0,0xFF,0xFF,0xC4,0x00,0x00,0x00,0x00,0x00,0x00,0xCF,0xFF,0xFF,0xDB,0x00,
  0x00,0x00,0x00,0x00,0x00,0xBF,0xFF,0xFF,0xFB,0x20,0x00,0x00,0x00,0x00,0x00,0x7A,
  0xFF,0xFF,0xFF,0xDB,0x54,0x26,0x00,0x00,0x00,0x0A,0xC1,0xFF,0xFF,0xFF,0xFF,0xFF,
  0x00,0x00,0x00,0x00,0x03,0x71,0xFF,0xFF,0xFF,0xFF,0x00,0x00,0x00,0x00,0x6D,0xF6,
  0xFF,0xFF,0xFF,0xFF,0x00,0x00,0x00,0x4F,0xFF,0xFF,0xFF,0xFF,0xFC,0xD0,0x00,0x00,
  0x00,0xB0,0xFF,0xFF,0xFF,0x4B,0x00,0x00,0x00,0x00,0x00,0xCD,0xFF,0xFF,0xE6,0x00,
  0x00,0x00,0x00,0x00,0x00,0xD0,0xFF,0xFF,0xC8,0x00,0x00,0x00,0x00,0x00,0x00,0xD0,
  0xFF,0xFF,0xC4,0x00,0x00,0x00,0x00,0x00,0x00,0xD0,0xFF,0xFF,0xC4,0x00,0x00,0x00,
  0x00,0x00,0x00,0xDA,0xFF,0xFF,0xC0,0x00,0x00,0x00,0x00,0x00,0x05,0xF5,0xFF,0xFF,
  0xB0,0x00,0x00,0x00,0x00,0x00,0x6E,0xFF,0xFF,0xFF,0x89,0x00,0x00,0x00,0x97,0xCF,
  0xFF,0xFF,0xFF,0xFF,0x39,0x00,0x00,0x00,0xE4,0xFF,0xFF,0xFF,0xFF,0x9D,0x00,0x00,
  0x00,0x00,0xE4,0xFF,0xFF,0xDB,0x6E,0x03,0x00,0x00,0x00,0x00,0x3C,0x37,0x18,0x00,
  0x00,0x00,0x00,0x00,0x00,0x00,0x00,0x00,0x01,0x59,0xB1,0xCC,0xAE,0x52,0x00,0x00,
  0x00,0x00,0x00,0x2D,0x4C,0x4C,0x21,0x00,0x00,0xA1,0xFF,0xFF,0xFF,0xFF,0xFF,0xB6,
  0x11,0x00,0x00,0x00,0xA9,0xFF,0xFF,0x66,0x00,0x55,0xFF,0xFF,0xFF,0xFF,0xFF,0xFF,
  0xFF,0xDC,0x2D,0x00,0x21,0xF2,0xFF,0xFF,0x4C,0x00,0xB4,0xFF,0xFF,0xE4,0x70,0x83,
  0xF5,0xFF,0xFF,0xFC,0xD2,0xF6,0xFF,0xFF,0xF8,0x0C,0x00,0xE6,0xFF,0xFF,0x46,0x00,
  0x00,0x2F,0xDF,0xFF,0xFF,0xFF,0xFF,0xFF,0xFF,0x84,0x00,0x00,0xD6,0xE0,0xE0,0x13,
  0x00,0x00,0x00,0x12,0xA6,0xFF,0xFF,0xFF,0xFD,0x96,0x04,0x00,0x00,0x00,0x00,0x00,
  0x00,0x00,0x00,0x00,0x00,0x00,0x22,0x5B,0x58,0x20,0x00,0x00,0x00,0x00,0x00,0x00,
  0x00,0x00,0x00,0x12,0x1C,0x1C,0x1C,0x0D,0x00,0x02,0x1C,0x1C,0x1C,0x1C,0x01,0x00,
  0x00,0x00,0x00,0x00,0x2C,0xF2,0xFF,0xFF,0xE8,0x1D,0x00,0x8F,0xFF,0xFF,0xFF,0x97,
  0x00,0x00,0x00,0x00,0x00,0x16,0xDF,0xFF,0xFF,0xF9,0x3A,0x00,0x66,0xFF,0xFF,0xFF,
  0xBF,0x04,0x00,0x00,0x00,0x00,0x07,0xC5,0xFF,0xFF,0xFF,0x61,0x00,0x41,0xFA,0xFF,
  0xFF,0xDD,0x13,0x00,0x00,0x00,0x00,0x00,0xA2,0xFF,0xFF,0xFF,0x8D,0x00,0x25,0xED,
  0xFF,0xFF,0xF2,0x2B,0x00,0x00,0x00,0x00,0x00,0x7A,0xFF,0xFF,0xFF,0xB7,0x03,0x10,
  0xD8,0xFF,0xFF,0xFD,0x4D,0x00,0x00,0x00,0x00,0x00,0x52,0xFE,0xFF,0xFF,0xD8,0x0F,
  0x04,0xBC,0xFF,0xFF,0xFF,0x77,0x00,0x00,0x00,0x00,0x00,0x01,0xD7,0xFF,0xFF,0xFF,
  0x63,0x00,0x48,0xFF,0xFF,0xFF,0xEA,0x09,0x00,0x00,0x00,0x00,0x00,0x00,0x2E,0xF3,
  0xFF,0xFF,0xEF,0x26,0x00,0x92,0xFF,0xFF,0xFF,0xA5,0x00,0x00,0x00,0x00,0x00,0x00,
  0x00,0x4D,0xFD,0xFF,0xFF,0xD8,0x10,0x03,0xB7,0xFF,0xFF,0xFF,0x78,0x00,0x00,0x00,
  0x00,0x00,0x00,0x00,0x74,0xFF,0xFF,0xFF,0xB8,0x03,0x0E,0xD5,0xFF,0xFF,0xFD,0x4D,
  0x00,0x00,0x00,0x00,0x00,0x00,0x00,0x9D,0xFF,0xFF,0xFF,0x8E,0x00,0x22,0xEB,0xFF,
  0xFF,0xF2,0x2C,0x00,0x00,0x00,0x00,0x00,0x00,0x05,0xC1,0xFF,0xFF,0xFF,0x62,0x00,
  0x3D,0xF9,0xFF,0xFF,0xDE,0x13,0x00,0x00,0x00,0x00,0x00,0x00,0x13,0xCC,0xE4,0xE4,
  0xDD,0x2B,0x00,0x60,0xE4,0xE4,0xE4,0xA4,0x01,0x00,0x00,0x10,0x83,0xD8,0xF3,0xDA,
  0x89,0x14,0x00,0x00,0x00,0x21,0xDD,0xFF,0xFF,0xFF,0xFF,0xFF,0xE2,0x28,0x00,0x01,
  0xCD,0xFF,0xFF,0xEB,0xBC,0xE8,0xFF,0xFF,0xD6,0x04,0x47,0xFF,0xFF,0xC7,0x0E,0x00,
  0x0A,0xBE,0xFF,0xFF,0x53,0x7F,0xFF,0xFF,0x35,0x00,0x00,0x00,0x29,0xFF,0xFF,0x8A,
  0x87,0xFF,0xFF,0x26,0x00,0x00,0x00,0x1A,0xFF,0xFF,0x93,0x5D,0xFF,0xFF,0x98,0x00,
  0x00,0x00,0x8D,0xFF,0xFF,0x68,0x0A,0xEB,0xFF,0xFF,0xB5,0x78,0xAF,0xFF,0xFF,0xF1,
  0x10,0x00,0x48,0xFA,0xFF,0xFF,0xFF,0xFF,0xFF,0xFC,0x51,0x00,0x00,0x00,0x38,0xC7,
  0xFF,0xFF,0xFF,0xCC,0x3E,0x00,0x00,0x00,0x00,0x00,0x00,0x19,0x33,0x1B,0x00,0x00,
  0x00,0x00,0x00,0x09,0x7B,0xCF,0xF2,0xF2,0xCE,0x7B,0x0B,0x00,0x0E,0xCE,0xFF,0xFF,
  0xFF,0xFF,0xFF,0xFF,0xD5,0x12,0x89,0xFF,0xFF,0xE3,0x7F,0x82,0xE6,0xFF,0xFF,0x8C,
  0xD9,0xFF,0xFF,0x26,0x00,0x00,0x3C,0xFF,0xFF,0xC6,0x68,0x70,0x69,0x00,0x00,0x00,
  0x36,0xFF,0xFF,0xB1,0x00,0x00,0x00,0x00,0x00,0x19,0xD7,0xFF,0xFF,0x58,0x00,0x00,
  0x00,0x00,0x3F,0xE7,0xFF,0xFF,0x9F,0x01,0x00,0x00,0x01,0x7A,0xFC,0xFF,0xFE,0x84,
  0x02,0x00,0x00,0x14,0xB7,0xFF,0xFF,0xE5,0x44,0x00,0x00,0x00,0x3A,0xE3,0xFF,0xFF,
  0xD6,0x43,0x30,0x30,0x30,0x2A,0xDB,0xFF,0xFF,0xFF,0xFF,0xFF,0xFF,0xFF,0xFF,0xE4,
  0xDC,0xFF,0xFF,0xFF,0xFF,0xFF,0xFF,0xFF,0xFF,0xE4,0x3A,0x44,0x44,0x44,0x44,0x44,
  0x44,0x44,0x44,0x3C,0x00,0x01,0x5C,0xBD,0xEA,0xF4,0xDC,0x99,0x24,0x00,0x00,0x02,
  0xAA,0xFF,0xFF,0xFF,0xFF,0xFF,0xFF,0xF5,0x3F,0x00,0x58,0xFF,0xFF,0xE9,0x73,0x5B,
  0xB3,0xFF,0xFF,0xD3,0x00,0x85,0xE0,0xE0,0x51,0x00,0x00,0x03,0xEE,0xFF,0xF7,0x00,
  0x00,0x00,0x00,0x00,0x00,0x01,0x4F,0xFD,0xFF,0xB2,0x00,0x00,0x00,0x00,0x3B,0xEC,
  0xF8,0xFF,0xEE,0x9B,0x12,0x00,0x00,0x00,0x00,0x40,0xFF,0xFF,0xFF,0xF7,0xBB,0x2D,
  0x00,0x00,0x00,0x00,0x0C,0x30,0x3D,0x85,0xFD,0xFF,0xED,0x16,0xAE,0xC8,0xC8,0x17,
  0x00,0x00,0x00,0xB6,0xFF,0xFF,0x5D,0xAE,0xFF,0xFF,0x9C,0x0A,0x00,0x38,0xED,0xFF,
  0xFF,0x51,0x33,0xF8,0xFF,0xFF,0xFC,0xF1,0xFF,0xFF,0xFF,0xD5,0x06,0x00,0x42,0xE0,
  0xFF,0xFF,0xFF,0xFF,0xFF,0xAF,0x17,0x00,0x00,0x00,0x02,0x3C,0x63,0x6D,0x57,0x1C,
  0x00,0x00,0x00,0x00,0x0A,0x3D,0x1D,0x00,0x18,0xDE,0xFF,0xFA,0x58,0x80,0xFF,0xFF,
  0xFF,0xDC,0x7E,0xFF,0xFF,0xFF,0xD9,0x15,0xD9,0xFF,0xF8,0x52,0x00,0x07,0x36,0x17,
  0x00,0x08,0x1C,0x1C,0x1C,0x17,0x00,0x00,0x15,0x1C,0x1C,0x1C,0x0A,0x00,0x00,0x00,
  0x00,0x00,0x0B,0xD0,0xFF,0xFF,0xFD,0x4D,0x00,0x4D,0xFD,0xFF,0xFF,0xCF,0x0B,0x00,
  0x00,0x00,0x00,0x00,0x1E,0xE9,0xFF,0xFF,0xF3,0x2E,0x00,0x78,0xFF,0xFF,0xFF,0xB0,
  0x02,0x00,0x00,0x00,0x00,0x00,0x3B,0xF9,0xFF,0xFF,0xE1,0x17,0x00,0xA4,0xFF,0xFF,
  0xFF,0x89,0x00,0x00,0x00,0x00,0x00,0x00,0x62,0xFF,0xFF,0xFF,0xC8,0x08,0x08,0xCA,
  0xFF,0xFF,0xFF,0x61,0x00,0x00,0x00,0x00,0x00,0x00,0x8F,0xFF,0xFF,0xFF,0xA7,0x00,
  0x1A,0xE5,0xFF,0xFF,0xF9,0x3E,0x00,0x00,0x00,0x00,0x00,0x03,0xB9,0xFF,0xFF,0xFF,
  0x7F,0x00,0x35,0xF7,0xFF,0xFF,0xEC,0x23,0x00,0x00,0x00,0x00,0x00,0x37,0xFF,0xFF,
  0xFF,0xF4,0x13,0x00,0xA7,0xFF,0xFF,0xFF,0x97,0x00,0x00,0x00,0x00,0x10,0xD9,0xFF,
  0xFF,0xFE,0x52,0x00,0x5A,0xFF,0xFF,0xFF,0xD3,0x0D,0x00,0x00,0x00,0x03,0xB9,0xFF,
  0xFF,0xFF,0x79,0x00,0x35,0xF7,0xFF,0xFF,0xE9,0x1F,0x00,0x00,0x00,0x00,0x90,0xFF,
  0xFF,0xFF,0xA1,0x00,0x1A,0xE5,0xFF,0xFF,0xF8,0x39,0x00,0x00,0x00,0x00,0x63,0xFF,
  0xFF,0xFF,0xC3,0x06,0x08,0xCA,0xFF,0xFF,0xFF,0x5B,0x00,0x00,0x00,0x00,0x3D,0xF9,
  0xFF,0xFF,0xDE,0x15,0x00,0xA5,0xFF,0xFF,0xFF,0x83,0x00,0x00,0x00,0x00,0x13,0xCE,
  0xE4,0xE4,0xDC,0x2A,0x00,0x62,0xE4,0xE4,0xE4,0xA2,0x01,0x00,0x00,0x00,0x00,0x00,
  0x00,0x00,0x00,0x00,0x00,0x08,0x08,0x08,0x05,0x00,0x00,0x00,0x00,0x00,0x00,0x00,
  0x00,0x00,0x00,0x00,0x00,0x00,0x00,0x00,0x00,0x01,0xB5,0xFF,0xFF,0xE2,0x07,0x00,
  0x00,0x00,0x00,0x00,0x00,0x00,0x00,0x00,0x00,0x00,0x00,0x00,0x00,0x00,0x00,0x14,
  0xE4,0xFF,0xFF,0x6F,0x00,0x00,0x00,0x00,0x00,0x00,0x00,0x00,0x00,0x00,0x00,0x00,
  0x00,0x00,0x00,0x00,0x00,0x3D,0xFC,0xFF,0xE8,0x0B,0x00,0x00,0x00,0x00,0x00,0x00,
  0x00,0x00,0x00,0x00,0x00,0x00,0x00,0x00,0x00,0x00,0x00,0x7C,0xFF,0xFF,0x78,0x00,
  0x00,0x00,0x00,0x00,0x00,0x00,0x00,0x00,0x00,0x00,0x00,0x00,0x00,0x00,0x00,0x00,
  0x02,0x71,0x7C,0x6A,0x00,0x00,0x00,0x00,0x00,0x00,0x00,0x00,0x00,0x00,0x00,0x00,
  0x00,0x00,0x00,0x00,0x00,0x00,0x00,0x00,0x00,0x00,0x00,0x00,0x00,0x00,0x00,0x00,
  0x00,0x00,0x00,0x00,0x00,0x00,0x00,0x00,0x00,0x1C,0xD3,0xD4,0xD4,0xD4,0xD0,0x0E,
  0x00,0x00,0x00,0x00,0x00,0x00,0x00,0x00,0x00,0x00,0x00,0x00,0x00,0x00,0x75,0xFF,
  0xFF,0xFF,0xFF,0xFF,0x60,0x00,0x00,0x00,0x00,0x00,0x00,0x00,0x00,0x00,0x00,0x00,
  0x00,0x00,0x00,0xD0,0xFF,0xFF,0xFF,0xFF,0xFF,0xBB,0x00,0x00,0x00,0x00,0x00,0x00,
  0x00,0x00,0x00,0x00,0x00,0x00,0x00,0x2B,0xFF,0xFF,0xFF,0xFF,0xFF,0xFF,0xFD,0x18,
  0x00,0x00,0x00,0x00,0x00,0x00,0x00,0x00,0x00,0x00,0x00,0x00,0x86,0xFF,0xFF,0xFF,
  0x7D,0xFF,0xFF,0xFF,0x70,0x00,0x00,0x00,0x00,0x00,0x00,0x00,0x00,0x00,0x00,0x00,
  0x01,0xE0,0xFF,0xFF,0xE5,0x09,0xF5,0xFF,0xFF,0xCB,0x00,0x00,0x00,0x00,0x00,0x00,
  0x00,0x00,0x00,0x00,0x00,0x3C,0xFF,0xFF,0xFF,0x99,0x00,0xB1,0xFF,0xFF,0xFF,0x27,
  0x00,0x00,0x00,0x00,0x00,0x00,0x00,0x00,0x00,0x00,0x97,0xFF,0xFF,0xFF,0x49,0x00,
  0x62,0xFF,0xFF,0xFF,0x81,0x00,0x00,0x00,0x00,0x00,0x00,0x00,0x00,0x00,0x05,0xEC,
  0xFF,0xFF,0xF1,0x06,0x00,0x14,0xFC,0xFF,0xFF,0xDC,0x00,0x00,0x00,0x00,0x00,0x00,
  0x00,0x00,0x00,0x4E,0xFF,0xFF,0xFF,0xA8,0x00,0x00,0x00,0xC1,0xFF,0xFF,0xFF,0x37,
  0x00,0x00,0x00,0x00,0x00,0x00,0x00,0x00,0xA9,0xFF,0xFF,0xFF,0x56,0x00,0x00,0x00,
  0x6F,0xFF,0xFF,0xFF,0x92,0x00,0x00,0x00,0x00,0x00,0x00,0x00,0x0D,0xF6,0xFF,0xFF,
  0xF5,0x0B,0x00,0x00,0x00,0x1C,0xFE,0xFF,0xFF,0xE9,0x04,0x00,0x00,0x00,0x00,0x00,
  0x00,0x5F,0xFF,0xFF,0xFF,0xA9,0x00,0x00,0x00,0x00,0x00,0xC6,0xFF,0xFF,0xFF,0x48,
  0x00,0x00,0x00,0x00,0x00,0x00,0xBA,0xFF,0xFF,0xFF,0xBD,0x6C,0x6C,0x6C,0x6C,0x6C,
  0xDC,0xFF,0xFF,0xFF,0xA2,0x00,0x00,0x00,0x00,0x00,0x18,0xFC,0xFF,0xFF,0xFF,0xFF,
  0xFF,0xFF,0xFF,0xFF,0xFF,0xFF,0xFF,0xFF,0xFF,0xF3,0x0A,0x00,0x00,0x00,0x00,0x70,
  0xFF,0xFF,0xFF,0xFF,0xFF,0xFF,0xFF,0xFF,0xFF,0xFF,0xFF,0xFF,0xFF,0xFF,0xFF,0x58,
  0x00,0x00,0x00,0x00,0xCB,0xFF,0xFF,0xFF,0xFF,0xC4,0xC4,0xC4,0xC4,0xC4,0xC4,0xC4,
  0xFF,0xFF,0xFF,0xFF,0xB3,0x00,0x00,0x00,0x26,0xFF,0xFF,0xFF,0xEE,0x06,0x00,0x00,
  0x00,0x00,0x00,0x00,0x00,0x1D,0xFE,0xFF,0xFF,0xFA,0x13,0x00,0x00,0x81,0xFF,0xFF,
  0xFF,0x9D,0x00,0x00,0x00,0x00,0x00,0x00,0x00,0x00,0x00,0xC6,0xFF,0xFF,0xFF,0x69,
  0x00,0x00,0xDB,0xFF,0xFF,0xFF,0x45,0x00,0x00,0x00,0x00,0x00,0x00,0x00,0x00,0x00,
  0x71,0xFF,0xFF,0xFF,0xC4,0x00,0x37,0xFF,0xFF,0xFF,0xEA,0x04,0x00,0x00,0x00,0x00,
  0x00,0x00,0x00,0x00,0x00,0x1D,0xFE,0xFF,0xFF,0xFE,0x20,0x92,0xFF,0xFF,0xFF,0x97,
  0x00,0x00,0x00,0x00,0x00,0x00,0x00,0x00,0x00,0x00,0x00,0xC7,0xFF,0xFF,0xFF,0x7A,
  0x00,0x00,0x00,0x00,0x00,0x00,0x00,0x00,0x00,0x08,0x08,0x08,0x00,0x00,0x00,0x00,
  0x00,0x00,0x00,0x00,0x00,0x00,0x00,0x00,0x00,0x00,0x00,0x00,0x00,0x8D,0xFF,0xFF,
  0xFF,0x72,0x00,0x00,0x00,0x00,0x00,0x00,0x00,0x00,0x00,0x00,0x00,0x00,0x00,0x00,
  0x00,0x62,0xFF,0xFF,0xF4,0xFF,0xFD,0x4D,0x00,0x00,0x00,0x00,0x00,0x00,0x00,0x00,
  0x00,0x00,0x00,0x00,0x00,0x3D,0xF9,0xFF,0xD3,0x20,0xE1,0xFF,0xF3,0x2F,0x00,0x00,
  0x00,0x00,0x00,0x00,0x00,0x00,0x00,0x00,0x00,0x21,0xEB,0xFF,0xEF,0x24,0x00,0x32,
  0xF6,0xFF,0xE3,0x19,0x00,0x00,0x00,0x00,0x00,0x00,0x00,0x00,0x00,0x00,0x26,0x44,
  0x44,0x26,0x00,0x00,0x00,0x2C,0x44,0x44,0x23,0x00,0x00,0x00,0x00,0x00,0x00,0x00,
  0x00,0x00,0x00,0x00,0x00,0x00,0x00,0x00,0x00,0x00,0x00,0x00,0x00,0x00,0x00,0x00,
  0x00,0x00,0x00,0x00,0x00,0x00,0x00,0x00,0x00,0x00,0x1C,0xD3,0xD4,0xD4,0xD4,0xD0,
  0x0E,0x00,0x00,0x00,0x00,0x00,0x00,0x00,0x00,0x00,0x00,0x00,0x00,0x00,0x00,0x75,
  0xFF,0xFF,0xFF,0xFF,0xFF,0x60,0x00,0x00,0x00,0x00,0x00,0x00,0x00,0x00,0x00,0x00,
  0x00,0x00,0x00,0x00,0xD0,0xFF,0xFF,0xFF,0xFF,0xFF,0xBB,0x00,0x00,0x00,0x00,0x00,
  0x00,0x00,0x00,0x00,0x00,0x00,0x00,0x00,0x2B,0xFF,0xFF,0xFF,0xFF,0xFF,0xFF,0xFD,
  0x18,0x00,0x00,0x00,0x00,0x00,0x00,0x00,0x00,0x00,0x00,0x00,0x00,0x86,0xFF,0xFF,
  0xFF,0x7D,0xFF,0xFF,0xFF,0x70,0x00,0x00,0x00,0x00,0x00,0x00,0x00,0x00,0x00,0x00,
  0x00,0x01,0xE0,0xFF,0xFF,0xE5,0x09,0xF5,0xFF,0xFF,0xCB,0x00,0x00,0x00,0x00,0x00,
  0x00,0x00,0x00,0x00,0x00,0x00,0x3C,0xFF,0xFF,0xFF,0x99,0x00,0xB1,0xFF,0xFF,0xFF,
  0x27,0x00,0x00,0x00,0x00,0x00,0x00,0x00,0x00,0x00,0x00,0x97,0xFF,0xFF,0xFF,0x49,
  0x00,0x62,0xFF,0xFF,0xFF,0x81,0x00,0x00,0x00,0x00,0x00,0x00,0x00,0x00,0x00,0x05,
  0xEC,0xFF,0xFF,0xF1,0x06,0x00,0x14,0xFC,0xFF,0xFF,0xDC,0x00,0x00,0x00,0x00,0x00,
  0x00,0x00,0x00,0x00,0x4E,0xFF,0xFF,0xFF,0xA8,0x00,0x00,0x00,0xC1,0xFF,0xFF,0xFF,
  0x37,0x00,0x00,0x00,0x00,0x00,0x00,0x00,0x00,0xA9,0xFF,0xFF,0xFF,0x56,0x00,0x00,
  0x00,0x6F,0xFF,0xFF,0xFF,0x92,0x00,0x00,0x00,0x00,0x00,0x00,0x00,0x0D,0xF6,0xFF,
  0xFF,0xF5,0x0B,0x00,0x00,0x00,0x1C,0xFE,0xFF,0xFF,0xE9,0x04,0x00,0x00,0x00,0x00,
  0x00,0x00,0x5F,0xFF,0xFF,0xFF,0xA9,0x00,0x00,0x00,0x00,0x00,0xC6,0xFF,0xFF,0xFF,
  0x48,0x00,0x00,0x00,0x00,0x00,0x00,0xBA,0xFF,0xFF,0xFF,0xBD,0x6C,0x6C,0x6C,0x6C,
  0x6C,0xDC,0xFF,0xFF,0xFF,0xA2,0x00,0x00,0x00,0x00,0x00,0x18,0xFC,0xFF,0xFF,0xFF,
  0xFF,0xFF,0xFF,0xFF,0xFF,0xFF,0xFF,0xFF,0xFF,0xFF,0xF3,0x0A,0x00,0x00,0x00,0x00,
  0x70,0xFF,0xFF,0xFF,0xFF,0xFF,0xFF,0xFF,0xFF,0xFF,0xFF,0xFF,0xFF,0xFF,0xFF,0xFF,
  0x58,0x00,0x00,0x00,0x00,0xCB,0xFF,0xFF,0xFF,0xFF,0xC4,0xC4,0xC4,0xC4,0xC4,0xC4,
  0xC4,0xFF,0xFF,0xFF,0xFF,0xB3,0x00,0x00,0x00,0x26,0xFF,0xFF,0xFF,0xEE,0x06,0x00,
  0x00,0x00,0x00,0x00,0x00,0x00,0x1D,0xFE,0xFF,0xFF,0xFA,0x13,0x00,0x00,0x81,0xFF,
  0xFF,0xFF,0x9D,0x00,0x00,0x00,0x00,0x00,0x00,0x00,0x00,0x00,0xC6,0xFF,0xFF,0xFF,
  0x69,0x00,0x00,0xDB,0xFF,0xFF,0xFF,0x45,0x00,0x00,0x00,0x00,0x00,0x00,0x00,0x00,
  0x00,0x71,0xFF,0xFF,0xFF,0xC4,0x00,0x37,0xFF,0xFF,0xFF,0xEA,0x04,0x00,0x00,0x00,
  0x00,0x00,0x00,0x00,0x00,0x00,0x1D,0xFE,0xFF,0xFF,0xFE,0x20,0x92,0xFF,0xFF,0xFF,
  0x97,0x00,0x00,0x00,0x00,0x00,0x00,0x00,0x00,0x00,0x00,0x00,0xC7,0xFF,0xFF,0xFF,
  0x7A,0x00,0x00,0x00,0x00,0x00,0x00,0x00,0x05,0x00,0x00,0x00,0x00,0x00,0x05,0x00,
  0x00,0x00,0x00,0x00,0x00,0x00,0x00,0x00,0x00,0x00,0x00,0x31,0xDE,0xFC,0xA7,0x03,
  0x00,0x04,0xAA,0xFD,0xDB,0x2D,0x00,0x00,0x00,0x00,0x00,0x00,0x00,0x00,0x00,0x00,
  0xBC,0xFF,0xFF,0xFF,0x50,0x00,0x58,0xFF,0xFF,0xFF,0xB4,0x00,0x00,0x00,0x00,0x00,
  0x00,0x00,0x00,0x00,0x00,0xBE,0xFF,0xFF,0xFF,0x52,0x00,0x5A,0xFF,0xFF,0xFF,0xB5,
  0x00,0x00,0x00,0x00,0x00,0x00,0x00,0x00,0x00,0x00,0x38,0xE6,0xFF,0xAF,0x04,0x00,
  0x06,0xB5,0xFF,0xE2,0x31,0x00,0x00,0x00,0x00,0x00,0x00,0x00,0x00,0x00,0x00,0x00,
  0x01,0x0B,0x00,0x00,0x00,0x00,0x00,0x0B,0x00,0x00,0x00,0x00,0x00,0x00,0x00,0x00,
  0x00,0x00,0x00,0x00,0x00,0x00,0x00,0x00,0x00,0x00,0x00,0x00,0x00,0x00,0x00,0x00,
  0x00,0x00,0x00,0x00,0x00,0x00,0x00,0x00,0x00,0x00,0x00,0x1C,0xD3,0xD4,0xD4,0xD4,
  0xD0,0x0E,0x00,0x00,0x00,0x00,0x00,0x00,0x00,0x00,0x00,0x00,0x00,0x00,0x00,0x00,
  0x75,0xFF,0xFF,0xFF,0xFF,0xFF,0x60,0x00,0x00,0x00,0x00,0x00,0x00,0x00,0x00,0x00,
  0x00,0x00,0x00,0x00,0x00,0xD0,0xFF,0xFF,0xFF,0xFF,0xFF,0xBB,0x00,0x00,0x00,0x00,
  0x00,0x00,0x00,0x00,0x00,0x00,0x00,0x00,0x00,0x2B,0xFF,0xFF,0xFF,0xFF,0xFF,0xFF,
  0xFD,0x18,0x00,0x00,0x00,0x00,0x00,0x00,0x00,0x00,0x00,0x00,0x00,0x00,0x86,0xFF,
  0xFF,0xFF,0x7D,0xFF,0xFF,0xFF,0x70,0x00,0x00,0x00,0x00,0x00,0x00,0x00,0x00,0x00,
  0x00,0x00,0x01,0xE0,0xFF,0xFF,0xE5,0x09,0xF5,0xFF,0xFF,0xCB,0x00,0x00,0x00,0x00,
  0x00,0x00,0x00,0x00,0x00,0x00,0x00,0x3C,0xFF,0xFF,0xFF,0x99,0x00,0xB1,0xFF,0xFF,
  0xFF,0x27,0x00,0x00,0x00,0x00,0x00,0x00,0x00,0x00,0x00,0x00,0x97,0xFF,0xFF,0xFF,
  0x49,0x00,0x62,0xFF,0xFF,0xFF,0x81,0x00,0x00,0x00,0x00,0x00,0x00,0x00,0x00,0x00,
  0x05,0xEC,0xFF,0xFF,0xF1,0x06,0x00,0x14,0xFC,0xFF,0xFF,0xDC,0x00,0x00,0x00,0x00,
  0x00,0x00,0x00,0x00,0x00,0x4E,0xFF,0xFF,0xFF,0xA8,0x00,0x00,0x00,0xC1,0xFF,0xFF,
  0xFF,0x37,0x00,0x00,0x00,0x00,0x00,0x00,0x00,0x00,0xA9,0xFF,0xFF,0xFF,0x56,0x00,
  0x00,0x00,0x6F,0xFF,0xFF,0xFF,0x92,0x00,0x00,0x00,0x00,0x00,0x00,0x00,0x0D,0xF6,
  0xFF,0xFF,0xF5,0x0B,0x00,0x00,0x00,0x1C,0xFE,0xFF,0xFF,0xE9,0x04,0x00,0x00,0x00,
  0x00,0x00,0x00,0x5F,0xFF,0xFF,0xFF,0xA9,0x00,0x00,0x00,0x00,0x00,0xC6,0xFF,0xFF,
  0xFF,0x48,0x00,0x00,0x00,0x00,0x00,0x00,0xBA,0xFF,0xFF,0xFF,0xBD,0x6C,0x6C,0x6C,
  0x6C,0x6C,0xDC,0xFF,0xFF,0xFF,0xA2,0x00,0x00,0x00,0x00,0x00,0x18,0xFC,0xFF,0xFF,
  0xFF,0xFF,0xFF,0xFF,0xFF,0xFF,0xFF,0xFF,0xFF,0xFF,0xFF,0xF3,0x0A,0x00,0x00,0x00,
  0x00,0x70,0xFF,0xFF,0xFF,0xFF,0xFF,0xFF,0xFF,0xFF,0xFF,0xFF,0xFF,0xFF,0xFF,0xFF,
  0xFF,0x58,0x00,0x00,0x00,0x00,0xCB,0xFF,0xFF,0xFF,0xFF,0xC4,0xC4,0xC4,0xC4,0xC4,
  0xC4,0xC4,0xFF,0xFF,0xFF,0xFF,0xB3,0x00,0x00,0x00,0x26,0xFF,0xFF,0xFF,0xEE,0x06,
  0x00,0x00,0x00,0x00,0x00,0x00,0x00,0x1D,0xFE,0xFF,0xFF,0xFA,0x13,0x00,0x00,0x81,
  0xFF,0xFF,0xFF,0x9D,0x00,0x00,0x00,0x00,0x00,0x00,0x00,0x00,0x00,0xC6,0xFF,0xFF,
  0xFF,0x69,0x00,0x00,0xDB,0xFF,0xFF,0xFF,0x45,0x00,0x00,0x00,0x00,0x00,0x00,0x00,
  0x00,0x00,0x71,0xFF,0xFF,0xFF,0xC4,0x00,0x37,0xFF,0xFF,0xFF,0xEA,0x04,0x00,0x00,
  0x00,0x00,0x00,0x00,0x00,0x00,0x00,0x1D,0xFE,0xFF,0xFF,0xFE,0x20,0x92,0xFF,0xFF,
  0xFF,0x97,0x00,0x00,0x00,0x00,0x00,0x00,0x00,0x00,0x00,0x00,0x00,0xC7,0xFF,0xFF,
  0xFF,0x7A,0x00,0x00,0x00,0x00,0x00,0x00,0x00,0x00,0x06,0x1E,0x26,0x15,0x01,0x00,
  0x00,0x00,0x00,0x00,0x00,0x00,0x00,0x00,0x00,0x00,0x00,0x11,0x78,0xCC,0xFA,0xFF,
  0xFF,0xFF,0xEE,0xB0,0x4E,0x01,0x00,0x00,0x00,0x00,0x00,0x00,0x00,0x00,0x66,0xF1,
  0xFF,0xFF,0xFF,0xFF,0xFF,0xFF,0xFF,0xFF,0xFF,0xCA,0x28,0x00,0x00,0x00,0x00,0x00,
  0x01,0x98,0xFF,0xFF,0xFF,0xFF,0xFF,0xFF,0xFF,0xFF,0xFF,0xFF,0xFF,0xFF,0xF1,0x38,
  0x00,0x00,0x00,0x00,0x83,0xFF,0xFF,0xFF,0xFF,0xF6,0x9C,0x6E,0x56,0x6B,0xAD,0xFB,
  0xFF,0xFF,0xFF,0xEE,0x1A,0x00,0x00,0x35,0xFD,0xFF,0xFF,0xFF,0xB4,0x14,0x00,0x00,
  0x00,0x00,0x00,0x2E,0xE0,0xFF,0xFF,0xFF,0xAC,0x00,0x00,0xBD,0xFF,0xFF,0xFF,0xB5,
  0x04,0x00,0x00,0x00,0x00,0x00,0x00,0x00,0x28,0xF7,0xFF,0xFF,0xFD,0x24,0x27,0xFF,
  0xFF,0xFF,0xF5,0x1E,0x00,0x00,0x00,0x00,0x00,0x00,0x00,0x00,0x00,0x93,0xFF,0xFF,
  0xFF,0x76,0x74,0xFF,0xFF,0xFF,0x9F,0x00,0x00,0x00,0x00,0x00,0x00,0x00,0x00,0x00,
  0x00,0x2F,0xA0,0xA0,0xA0,0x69,0xA9,0xFF,0xFF,0xFF,0x52,0x00,0x00,0x00,0x00,0x00,
  0x00,0x00,0x00,0x00,0x00,0x00,0x00,0x00,0x00,0x00,0xCD,0xFF,0xFF,0xFF,0x27,0x00,
  0x00,0x00,0x00,0x00,0x00,0x00,0x00,0x00,0x00,0x00,0x00,0x00,0x00,0x00,0xDD,0xFF,
  0xFF,0xFF,0x11,0x00,0x00,0x00,0x00,0x00,0x00,0x00,0x00,0x00,0x00,0x00,0x00,0x00,
  0x00,0x00,0xDE,0xFF,0xFF,0xFF,0x0D,0x00,0x00,0x00,0x00,0x00,0x00,0x00,0x00,0x00,
  0x00,0x00,0x00,0x00,0x00,0x00,0xD1,0xFF,0xFF,0xFF,0x23,0x00,0x00,0x00,0x00,0x00,
  0x00,0x00,0x00,0x00,0x00,0x00,0x00,0x00,0x00,0x00,0xB0,0xFF,0xFF,0xFF,0x46,0x00,
  0x00,0x00,0x00,0x00,0x00,0x00,0x00,0x00,0x00,0x00,0x00,0x00,0x00,0x00,0x7F,0xFF,
  0xFF,0xFF,0x90,0x00,0x00,0x00,0x00,0x00,0x00,0x00,0x00,0x00,0x00,0x1E,0x70,0x70,
  0x70,0x4C,0x36,0xFF,0xFF,0xFF,0xE7,0x0D,0x00,0x00,0x00,0x00,0x00,0x00,0x00,0x00,
  0x00,0x8F,0xFF,0xFF,0xFF,0x82,0x00,0xD0,0xFF,0xFF,0xFF,0x91,0x00,0x00,0x00,0x00,
  0x00,0x00,0x00,0x00,0x1C,0xED,0xFF,0xFF,0xFF,0x37,0x00,0x4E,0xFF,0xFF,0xFF,0xFF,
  0x85,0x01,0x00,0x00,0x00,0x00,0x00,0x16,0xD1,0xFF,0xFF,0xFF,0xC7,0x00,0x00,0x00,
  0xA5,0xFF,0xFF,0xFF,0xFF,0xD6,0x6B,0x3D,0x25,0x3B,0x85,0xF3,0xFF,0xFF,0xFF,0xFA,
  0x30,0x00,0x00,0x00,0x0A,0xBF,0xFF,0xFF,0xFF,0xFF,0xFF,0xFF,0xFF,0xFF,0xFF,0xFF,
  0xFF,0xFF,0xFC,0x5C,0x00,0x00,0x00,0x00,0x00,0x08,0x96,0xFF,0xFF,0xFF,0xFF,0xFF,
  0xFF,0xFF,0xFF,0xFF,0xFF,0xE8,0x4B,0x00,0x00,0x00,0x00,0x00,0x00,0x00,0x00,0x33,
  0xA6,0xF4,0xFF,0xFF,0xFF,0xFF,0xFF,0xDD,0x7C,0x12,0x00,0x00,0x00,0x00,0x00,0x00,
  0x00,0x00,0x00,0x00,0x00,0x05,0x2E,0xFF,0xFF,0x42,0x1D,0x00,0x00,0x00,0x00,0x00,
  0x00,0x00,0x00,0x00,0x00,0x00,0x00,0x00,0x00,0x00,0x05,0xFB,0xFB,0xB3,0x5E,0x00,
  0x00,0x00,0x00,0x00,0x00,0x00,0x00,0x00,0x00,0x00,0x00,0x00,0x00,0x00,0x13,0x9C,
  0xAC,0xFA,0xFF,0x5D,0x00,0x00,0x00,0x00,0x00,0x00,0x00,0x00,0x00,0x00,0x00,0x00,
  0x00,0x00,0x00,0x00,0x00,0xAB,0xFF,0xA2,0x00,0x00,0x00,0x00,0x00,0x00,0x00,0x00,
  0x00,0x00,0x00,0x00,0x00,0x00,0x65,0x94,0xA3,0xF8,0xFF,0x78,0x00,0x00,0x00,0x00,
  0x00,0x00,0x00,0x00,0x00,0x00,0x00,0x00,0x00,0x00,0xB0,0xFF,0xFF,0xF6,0x98,0x06,
  0x00,0x00,0x00,0x00,0x00,0x00,0x00,0x00,0x00,0x00,0x00,0x00,0x00,0x00,0x16,0x20,
  0x17,0x02,0x00,0x00,0x00,0x00,0x00,0x00,0x00,0x00,0x00,0x00,0x00,0x01,0x08,0x08,
  0x08,0x04,0x00,0x00,0x00,0x00,0x00,0x00,0x00,0x00,0x00,0x00,0x00,0x06,0xCC,0xFF,
  0xFF,0xCD,0x01,0x00,0x00,0x00,0x00,0x00,0x00,0x00,0x00,0x00,0x00,0x00,0x23,0xF1,
  0xFF,0xFF,0x53,0x00,0x00,0x00,0x00,0x00,0x00,0x00,0x00,0x00,0x00,0x00,0x00,0x56,
  0xFF,0xFF,0xD5,0x02,0x00,0x00,0x00,0x00,0x00,0x00,0x00,0x00,0x00,0x00,0x00,0x00,
  0x98,0xFF,0xFF,0x5C,0x00,0x00,0x00,0x00,0x00,0x00,0x00,0x00,0x00,0x00,0x00,0x00,
  0x08,0x78,0x7C,0x5C,0x00,0x00,0x00,0x00,0x00,0x00,0x00,0x00,0x00,0x00,0x00,0x00,
  0x00,0x00,0x00,0x00,0x00,0x00,0x00,0x00,0x00,0x00,0x1D,0xD4,0xD4,0xD4,0xD4,0xD4,
  0xD4,0xD4,0xD4,0xD4,0xD4,0xD4,0xD4,0xD4,0xD4,0xC0,0x24,0xFF,0xFF,0xFF,0xFF,0xFF,
  0xFF,0xFF,0xFF,0xFF,0xFF,0xFF,0xFF,0xFF,0xFF,0xE8,0x24,0xFF,0xFF,0xFF,0xFF,0xFF,
  0xFF,0xFF,0xFF,0xFF,0xFF,0xFF,0xFF,0xFF,0xFF,0xE8,0x24,0xFF,0xFF,0xFF,0xDF,0x84,
  0x84,0x84,0x84,0x84,0x84,0x84,0x84,0x84,0x84,0x77,0x24,0xFF,0xFF,0xFF,0xBC,0x00,
  0x00,0x00,0x00,0x00,0x00,0x00,0x00,0x00,0x00,0x00,0x24,0xFF,0xFF,0xFF,0xBC,0x00,
  0x00,0x00,0x00,0x00,0x00,0x00,0x00,0x00,0x00,0x00,0x24,0xFF,0xFF,0xFF,0xBC,0x00,
  0x00,0x00,0x00,0x00,0x00,0x00,0x00,0x00,0x00,0x00,0x24,0xFF,0xFF,0xFF,0xBC,0x00,
  0x00,0x00,0x00,0x00,0x00,0x00,0x00,0x00,0x00,0x00,0x24,0xFF,0xFF,0xFF,0xBC,0x00,
  0x00,0x00,0x00,0x00,0x00,0x00,0x00,0x00,0x00,0x00,0x24,0xFF,0xFF,0xFF,0xEC,0xB8,
  0xB8,0xB8,0xB8,0xB8,0xB8,0xB8,0xB8,0xB8,0xB8,0x0E,0x24,0xFF,0xFF,0xFF,0xFF,0xFF,
  0xFF,0xFF,0xFF,0xFF,0xFF,0xFF,0xFF,0xFF,0xFF,0x14,0x24,0xFF,0xFF,0xFF,0xFF,0xFF,
  0xFF,0xFF,0xFF,0xFF,0xFF,0xFF,0xFF,0xFF,0xFF,0x14,0x24,0xFF,0xFF,0xFF,0xE3,0x94,
  0x94,0x94,0x94,0x94,0x94,0x94,0x94,0x94,0x94,0x0B,0x24,0xFF,0xFF,0xFF,0xBC,0x00,
  0x00,0x00,0x00,0x00,0x00,0x00,0x00,0x00,0x00,0x00,0x24,0xFF,0xFF,0xFF,0xBC,0x00,
  0x00,0x00,0x00,0x00,0x00,0x00,0x00,0x00,0x00,0x00,0x24,0xFF,0xFF,0xFF,0xBC,0x00,
  0x00,0x00,0x00,0x00,0x00,0x00,0x00,0x00,0x00,0x00,0x24,0xFF,0xFF,0xFF,0xBC,0x00,
  0x00,0x00,0x00,0x00,0x00,0x00,0x00,0x00,0x00,0x00,0x24,0xFF,0xFF,0xFF,0xBC,0x00,
  0x00,0x00,0x00,0x00,0x00,0x00,0x00,0x00,0x00,0x00,0x24,0xFF,0xFF,0xFF,0xD3,0x58,
  0x58,0x58,0x58,0x58,0x58,0x58,0x58,0x58,0x58,0x51,0x24,0xFF,0xFF,0xFF,0xFF,0xFF,
  0xFF,0xFF,0xFF,0xFF,0xFF,0xFF,0xFF,0xFF,0xFF,0xEC,0x24,0xFF,0xFF,0xFF,0xFF,0xFF,
  0xFF,0xFF,0xFF,0xFF,0xFF,0xFF,0xFF,0xFF,0xFF,0xEC,0x24,0xFF,0xFF,0xFF,0xFF,0xFF,
  0xFF,0xFF,0xFF,0xFF,0xFF,0xFF,0xFF,0xFF,0xFF,0xEC,0x00,0x00,0x00,0x00,0x00,0x00,
  0x00,0x00,0x00,0x06,0x08,0x08,0x07,0x00,0x00,0x00,0x00,0x00,0x00,0x00,0x00,0x00,
  0x00,0x00,0x18,0xF6,0xFF,0xFF,0x92,0x00,0x00,0x00,0x00,0x00,0x00,0x00,0x00,0x00,
  0x00,0x00,0x94,0xFF,0xFF,0xCD,0x06,0x00,0x00,0x00,0x00,0x00,0x00,0x00,0x00,0x00,
  0x00,0x1E,0xF9,0xFF,0xF1,0x24,0x00,0x00,0x00,0x00,0x00,0x00,0x00,0x00,0x00,0x00,
  0x00,0x9D,0xFF,0xFF,0x57,0x00,0x00,0x00,0x00,0x00,0x00,0x00,0x00,0x00,0x00,0x00,
  0x03,0x78,0x7C,0x61,0x00,0x00,0x00,0x00,0x00,0x00,0x00,0x00,0x00,0x00,0x00,0x00,
  0x00,0x00,0x00,0x00,0x00,0x00,0x00,0x00,0x00,0x00,0x1D,0xD4,0xD4,0xD4,0xD4,0xD4,
  0xD4,0xD4,0xD4,0xD4,0xD4,0xD4,0xD4,0xD4,0xD4,0xC0,0x24,0xFF,0xFF,0xFF,0xFF,0xFF,
  0xFF,0xFF,0xFF,0xFF,0xFF,0xFF,0xFF,0xFF,0xFF,0xE8,0x24,0xFF,0xFF,0xFF,0xFF,0xFF,
  0xFF,0xFF,0xFF,0xFF,0xFF,0xFF,0xFF,0xFF,0xFF,0xE8,0x24,0xFF,0xFF,0xFF,0xDF,0x84,
  0x84,0x84,0x84,0x84,0x84,0x84,0x84,0x84,0x84,0x77,0x24,0xFF,0xFF,0xFF,0xBC,0x00,
  0x00,0x00,0x00,0x00,0x00,0x00,0x00,0x00,0x00,0x00,0x24,0xFF,0xFF,0xFF,0xBC,0x00,
  0x00,0x00,0x00,0x00,0x00,0x00,0x00,0x00,0x00,0x00,0x24,0xFF,0xFF,0xFF,0xBC,0x00,
  0x00,0x00,0x00,0x00,0x00,0x00,0x00,0x00,0x00,0x00,0x24,0xFF,0xFF,0xFF,0xBC,0x00,
  0x00,0x00,0x00,0x00,0x00,0x00,0x00,0x00,0x00,0x00,0x24,0xFF,0xFF,0xFF,0xBC,0x00,
  0x00,0x00,0x00,0x00,0x00,0x00,0x00,0x00,0x00,0x00,0x24,0xFF,0xFF,0xFF,0xEC,0xB8,
  0xB8,0xB8,0xB8,0xB8,0xB8,0xB8,0xB8,0xB8,0xB8,0x0E,0x24,0xFF,0xFF,0xFF,0xFF,0xFF,
  0xFF,0xFF,0xFF,0xFF,0xFF,0xFF,0xFF,0xFF,0xFF,0x14,0x24,0xFF,0xFF,0xFF,0xFF,0xFF,
  0xFF,0xFF,0xFF,0xFF,0xFF,0xFF,0xFF,0xFF,0xFF,0x14,0x24,0xFF,0xFF,0xFF,0xE3,0x94,
  0x94,0x94,0x94,0x94,0x94,0x94,0x94,0x94,0x94,0x0B,0x24,0xFF,0xFF,0xFF,0xBC,0x00,
  0x00,0x00,0x00,0x00,0x00,0x00,0x00,0x00,0x00,0x00,0x24,0xFF,0xFF,0xFF,0xBC,0x00,
  0x00,0x00,0x00,0x00,0x00,0x00,0x00,0x00,0x00,0x00,0x24,0xFF,0xFF,0xFF,0xBC,0x00,
  0x00,0x00,0x00,0x00,0x00,0x00,0x00,0x00,0x00,0x00,0x24,0xFF,0xFF,0xFF,0xBC,0x00,
  0x00,0x00,0x00,0x00,0x00,0x00,0x00,0x00,0x00,0x00,0x24,0xFF,0xFF,0xFF,0xBC,0x00,
  0x00,0x00,0x00,0x00,0x00,0x00,0x00,0x00,0x00,0x00,0x24,0xFF,0xFF,0xFF,0xD3,0x58,
  0x58,0x58,0x58,0x58,0x58,0x58,0x58,0x58,0x58,0x51,0x24,0xFF,0xFF,0xFF,0xFF,0xFF,
  0xFF,0xFF,0xFF,0xFF,0xFF,0xFF,0xFF,0xFF,0xFF,0xEC,0x24,0xFF,0xFF,0xFF,0xFF,0xFF,
  0xFF,0xFF,0xFF,0xFF,0xFF,0xFF,0xFF,0xFF,0xFF,0xEC,0x24,0xFF,0xFF,0xFF,0xFF,0xFF,
  0xFF,0xFF,0xFF,0xFF,0xFF,0xFF,0xFF,0xFF,0xFF,0xEC,0x00,0x00,0x00,0x00,0x00,0x00,
  0x01,0x08,0x08,0x07,0x00,0x00,0x00,0x00,0x00,0x00,0x00,0x00,0x00,0x00,0x00,0x00,
  0xA4,0xFF,0xFF,0xFF,0x5B,0x00,0x00,0x00,0x00,0x00,0x00,0x00,0x00,0x00,0x00,0x7A,
  0xFF,0xFF,0xF4,0xFF,0xF8,0x3A,0x00,0x00,0x00,0x00,0x00,0x00,0x00,0x00,0x50,0xFE,
  0xFF,0xC1,0x26,0xED,0xFF,0xEA,0x21,0x00,0x00,0x00,0x00,0x00,0x00,0x2F,0xF4,0xFF,
  0xE4,0x17,0x00,0x44,0xFC,0xFF,0xD5,0x0F,0x00,0x00,0x00,0x00,0x00,0x2D,0x44,0x44,
  0x20,0x00,0x00,0x00,0x32,0x44,0x44,0x1D,0x00,0x00,0x00,0x00,0x00,0x00,0x00,0x00,
  0x00,0x00,0x00,0x00,0x00,0x00,0x00,0x00,0x00,0x00,0x1D,0xD4,0xD4,0xD4,0xD4,0xD4,
  0xD4,0xD4,0xD4,0xD4,0xD4,0xD4,0xD4,0xD4,0xD4,0xC0,0x24,0xFF,0xFF,0xFF,0xFF,0xFF,
  0xFF,0xFF,0xFF,0xFF,0xFF,0xFF,0xFF,0xFF,0xFF,0xE8,0x24,0xFF,0xFF,0xFF,0xFF,0xFF,
  0xFF,0xFF,0xFF,0xFF,0xFF,0xFF,0xFF,0xFF,0xFF,0xE8,0x24,0xFF,0xFF,0xFF,0xDF,0x84,
  0x84,0x84,0x84,0x84,0x84,0x84,0x84,0x84,0x84,0x77,0x24,0xFF,0xFF,0xFF,0xBC,0x00,
  0x00,0x00,0x00,0x00,0x00,0x00,0x00,0x00,0x00,0x00,0x24,0xFF,0xFF,0xFF,0xBC,0x00,
  0x00,0x00,0x00,0x00,0x00,0x00,0x00,0x00,0x00,0x00,0x24,0xFF,0xFF,0xFF,0xBC,0x00,
  0x00,0x00,0x00,0x00,0x00,0x00,0x00,0x00,0x00,0x00,0x24,0xFF,0xFF,0xFF,0xBC,0x00,
  0x00,0x00,0x00,0x00,0x00,0x00,0x00,0x00,0x00,0x00,0x24,0xFF,0xFF,0xFF,0xBC,0x00,
  0x00,0x00,0x00,0x00,0x00,0x00,0x00,0x00,0x00,0x00,0x24,0xFF,0xFF,0xFF,0xEC,0xB8,
  0xB8,0xB8,0xB8,0xB8,0xB8,0xB8,0xB8,0xB8,0xB8,0x0E,0x24,0xFF,0xFF,0xFF,0xFF,0xFF,
  0xFF,0xFF,0xFF,0xFF,0xFF,0xFF,0xFF,0xFF,0xFF,0x14,0x24,0xFF,0xFF,0xFF,0xFF,0xFF,
  0xFF,0xFF,0xFF,0xFF,0xFF,0xFF,0xFF,0xFF,0xFF,0x14,0x24,0xFF,0xFF,0xFF,0xE3,0x94,
  0x94,0x94,0x94,0x94,0x94,0x94,0x94,0x94,0x94,0x0B,0x24,0xFF,0xFF,0xFF,0xBC,0x00,
  0x00,0x00,0x00,0x00,0x00,0x00,0x00,0x00,0x00,0x00,0x24,0xFF,0xFF,0xFF,0xBC,0x00,
  0x00,0x00,0x00,0x00,0x00,0x00,0x00,0x00,0x00,0x00,0x24,0xFF,0xFF,0xFF,0xBC,0x00,
  0x00,0x00,0x00,0x00,0x00,0x00,0x00,0x00,0x00,0x00,0x24,0xFF,0xFF,0xFF,0xBC,0x00,
  0x00,0x00,0x00,0x00,0x00,0x00,0x00,0x00,0x00,0x00,0x24,0xFF,0xFF,0xFF,0xBC,0x00,
  0x00,0x00,0x00,0x00,0x00,0x00,0x00,0x00,0x00,0x00,0x24,0xFF,0xFF,0xFF,0xD3,0x58,
  0x58,0x58,0x58,0x58,0x58,0x58,0x58,0x58,0x58,0x51,0x24,0xFF,0xFF,0xFF,0xFF,0xFF,
  0xFF,0xFF,0xFF,0xFF,0xFF,0xFF,0xFF,0xFF,0xFF,0xEC,0x24,0xFF,0xFF,0xFF,0xFF,0xFF,
  0xFF,0xFF,0xFF,0xFF,0xFF,0xFF,0xFF,0xFF,0xFF,0xEC,0x24,0xFF,0xFF,0xFF,0xFF,0xFF,
  0xFF,0xFF,0xFF,0xFF,0xFF,0xFF,0xFF,0xFF,0xFF,0xEC,0x00,0x00,0x00,0x00,0x00,0x05,
  0x00,0x00,0x00,0x00,0x00,0x05,0x00,0x00,0x00,0x00,0x00,0x00,0x00,0x41,0xE6,0xFB,
  0x94,0x00,0x00,0x0B,0xB9,0xFE,0xD0,0x1F,0x00,0x00,0x00,0x00,0x00,0xD4,0xFF,0xFF,
  0xFF,0x38,0x00,0x70,0xFF,0xFF,0xFF,0x9C,0x00,0x00,0x00,0x00,0x00,0xD6,0xFF,0xFF,
  0xFF,0x3A,0x00,0x72,0xFF,0xFF,0xFF,0x9D,0x00,0x00,0x00,0x00,0x00,0x48,0xEE,0xFE,
  0x9B,0x00,0x00,0x0E,0xC4,0xFF,0xD8,0x22,0x00,0x00,0x00,0x00,0x00,0x00,0x02,0x0A,
  0x00,0x00,0x00,0x00,0x00,0x0C,0x00,0x00,0x00,0x00,0x00,0x00,0x00,0x00,0x00,0x00,
  0x00,0x00,0x00,0x00,0x00,0x00,0x00,0x00,0x00,0x00,0x1D,0xD4,0xD4,0xD4,0xD4,0xD4,
  0xD4,0xD4,0xD4,0xD4,0xD4,0xD4,0xD4,0xD4,0xD4,0xC0,0x24,0xFF,0xFF,0xFF,0xFF,0xFF,
  0xFF,0xFF,0xFF,0xFF,0xFF,0xFF,0xFF,0xFF,0xFF,0xE8,0x24,0xFF,0xFF,0xFF,0xFF,0xFF,
  0xFF,0xFF,0xFF,0xFF,0xFF,0xFF,0xFF,0xFF,0xFF,0xE8,0x24,0xFF,0xFF,0xFF,0xDF,0x84,
  0x84,0x84,0x84,0x84,0x84,0x84,0x84,0x84,0x84,0x77,0x24,0xFF,0xFF,0xFF,0xBC,0x00,
  0x00,0x00,0x00,0x00,0x00,0x00,0x00,0x00,0x00,0x00,0x24,0xFF,0xFF,0xFF,0xBC,0x00,
  0x00,0x00,0x00,0x00,0x00,0x00,0x00,0x00,0x00,0x00,0x24,0xFF,0xFF,0xFF,0xBC,0x00,
  0x00,0x00,0x00,0x00,0x00,0x00,0x00,0x00,0x00,0x00,0x24,0xFF,0xFF,0xFF,0xBC,0x00,
  0x00,0x00,0x00,0x00,0x00,0x00,0x00,0x00,0x00,0x00,0x24,0xFF,0xFF,0xFF,0xBC,0x00,
  0x00,0x00,0x00,0x00,0x00,0x00,0x00,0x00,0x00,0x00,0x24,0xFF,0xFF,0xFF,0xEC,0xB8,
  0xB8,0xB8,0xB8,0xB8,0xB8,0xB8,0xB8,0xB8,0xB8,0x0E,0x24,0xFF,0xFF,0xFF,0xFF,0xFF,
  0xFF,0xFF,0xFF,0xFF,0xFF,0xFF,0xFF,0xFF,0xFF,0x14,0x24,0xFF,0xFF,0xFF,0xFF,0xFF,
  0xFF,0xFF,0xFF,0xFF,0xFF,0xFF,0xFF,0xFF,0xFF,0x14,0x24,0xFF,0xFF,0xFF,0xE3,0x94,
  0x94,0x94,0x94,0x94,0x94,0x94,0x94,0x94,0x94,0x0B,0x24,0xFF,0xFF,0xFF,0xBC,0x00,
  0x00,0x00,0x00,0x00,0x00,0x00,0x00,0x00,0x00,0x00,0x24,0xFF,0xFF,0xFF,0xBC,0x00,
  0x00,0x00,0x00,0x00,0x00,0x00,0x00,0x00,0x00,0x00,0x24,0xFF,0xFF,0xFF,0xBC,0x00,
  0x00,0x00,0x00,0x00,0x00,0x00,0x00,0x00,0x00,0x00,0x24,0xFF,0xFF,0xFF,0xBC,0x00,
  0x00,0x00,0x00,0x00,0x00,0x00,0x00,0x00,0x00,0x00,0x24,0xFF,0xFF,0xFF,0xBC,0x00,
  0x00,0x00,0x00,0x00,0x00,0x00,0x00,0x00,0x00,0x00,0x24,0xFF,0xFF,0xFF,0xD3,0x58,
  0x58,0x58,0x58,0x58,0x58,0x58,0x58,0x58,0x58,0x51,0x24,0xFF,0xFF,0xFF,0xFF,0xFF,
  0xFF,0xFF,0xFF,0xFF,0xFF,0xFF,0xFF,0xFF,0xFF,0xEC,0x24,0xFF,0xFF,0xFF,0xFF,0xFF,
  0xFF,0xFF,0xFF,0xFF,0xFF,0xFF,0xFF,0xFF,0xFF,0xEC,0x24,0xFF,0xFF,0xFF,0xFF,0xFF,
  0xFF,0xFF,0xFF,0xFF,0xFF,0xFF,0xFF,0xFF,0xFF,0xEC,0x00,0x00,0x00,0x00,0x06,0x08,
  0x08,0x02,0x00,0x00,0x00,0x00,0x00,0x00,0x3E,0xFA,0xFF,0xFF,0xC0,0x05,0x00,0x00,
  0x00,0x00,0x22,0xEB,0xFF,0xF4,0xFF,0xFF,0x9F,0x00,0x00,0x00,0x0E,0xD4,0xFF,0xF9,
  0x39,0xA2,0xFF,0xFF,0x77,0x00,0x02,0xB5,0xFF,0xFF,0x67,0x00,0x08,0xCC,0xFF,0xFE,
  0x52,0x10,0x44,0x44,0x3D,0x00,0x00,0x00,0x16,0x44,0x44,0x39,0x00,0x00,0x00,0x00,
  0x00,0x00,0x00,0x00,0x00,0x00,0x00,0x00,0x00,0x00,0x1D,0xD4,0xD4,0xD4,0x9B,0x00,
  0x00,0x00,0x00,0x00,0x00,0x24,0xFF,0xFF,0xFF,0xBC,0x00,0x00,0x00,0x00,0x00,0x00,
  0x24,0xFF,0xFF,0xFF,0xBC,0x00,0x00,0x00,0x00,0x00,0x00,0x24,0xFF,0xFF,0xFF,0xBC,
  0x00,0x00,0x00,0x00,0x00,0x00,0x24,0xFF,0xFF,0xFF,0xBC,0x00,0x00,0x00,0x00,0x00,
  0x00,0x24,0xFF,0xFF,0xFF,0xBC,0x00,0x00,0x00,0x00,0x00,0x00,0x24,0xFF,0xFF,0xFF,
  0xBC,0x00,0x00,0x00,0x00,0x00,0x00,0x24,0xFF,0xFF,0xFF,0xBC,0x00,0x00,0x00,0x00,
  0x00,0x00,0x24,0xFF,0xFF,0xFF,0xBC,0x00,0x00,0x00,0x00,0x00,0x00,0x24,0xFF,0xFF,
  0xFF,0xBC,0x00,0x00,0x00,0x00,0x00,0x00,0x24,0xFF,0xFF,0xFF,0xBC,0x00,0x00,0x00,
  0x00,0x00,0x00,0x24,0xFF,0xFF,0xFF,0xBC,0x00,0x00,0x00,0x00,0x00,0x00,0x24,0xFF,
  0xFF,0xFF,0xBC,0x00,0x00,0x00,0x00,0x00,0x00,0x24,0xFF,0xFF,0xFF,0xBC,0x00,0x00,
  0x00,0x00,0x00,0x00,0x24,0xFF,0xFF,0xFF,0xBC,0x00,0x00,0x00,0x00,0x00,0x00,0x24,
  0xFF,0xFF,0xFF,0xBC,0x00,0x00,0x00,0x00,0x00,0x00,0x24,0xFF,0xFF,0xFF,0xBC,0x00,
  0x00,0x00,0x00,0x00,0x00,0x24,0xFF,0xFF,0xFF,0xBC,0x00,0x00,0x00,0x00,0x00,0x00,
  0x24,0xFF,0xFF,0xFF,0xBC,0x00,0x00,0x00,0x00,0x00,0x00,0x24,0xFF,0xFF,0xFF,0xBC,
  0x00,0x00,0x00,0x00,0x00,0x00,0x24,0xFF,0xFF,0xFF,0xBC,0x00,0x00,0x00,0x00,0x00,
  0x00,0x24,0xFF,0xFF,0xFF,0xBC,0x00,0x00,0x00,0x00,0x00,0x05,0x00,0x00,0x00,0x00,
  0x00,0x02,0x02,0x00,0x00,0x0A,0xB7,0xFE,0xD4,0x23,0x00,0x00,0x67,0xF4,0xF3,0x64,
  0x00,0x6C,0xFF,0xFF,0xFF,0xA0,0x00,0x0D,0xFB,0xFF,0xFF,0xFA,0x09,0x6E,0xFF,0xFF,
  0xFF,0xA2,0x00,0x0E,0xFC,0xFF,0xFF,0xFB,0x0A,0x0C,0xC2,0xFF,0xDB,0x26,0x00,0x00,
  0x71,0xF9,0xF8,0x6B,0x00,0x00,0x00,0x0C,0x00,0x00,0x00,0x00,0x00,0x06,0x06,0x00,
  0x00,0x00,0x00,0x00,0x00,0x00,0x00,0x00,0x00,0x00,0x00,0x00,0x00,0x00,0x00,0x00,
  0x1D,0xD4,0xD4,0xD4,0x9B,0x00,0x00,0x00,0x00,0x00,0x00,0x00,0x24,0xFF,0xFF,0xFF,
  0xBC,0x00,0x00,0x00,0x00,0x00,0x00,0x00,0x24,0xFF,0xFF,0xFF,0xBC,0x00,0x00,0x00,
  0x00,0x00,0x00,0x00,0x24,0xFF,0xFF,0xFF,0xBC,0x00,0x00,0x00,0x00,0x00,0x00,0x00,
  0x24,0xFF,0xFF,0xFF,0xBC,0x00,0x00,0x00,0x00,0x00,0x00,0x00,0x24,0xFF,0xFF,0xFF,
  0xBC,0x00,0x00,0x00,0x00,0x00,0x00,0x00,0x24,0xFF,0xFF,0xFF,0xBC,0x00,0x00,0x00,
  0x00,0x00,0x00,0x00,0x24,0xFF,0xFF,0xFF,0xBC,0x00,0x00,0x00,0x00,0x00,0x00,0x00,
  0x24,0xFF,0xFF,0xFF,0xBC,0x00,0x00,0x00,0x00,0x00,0x00,0x00,0x24,0xFF,0xFF,0xFF,
  0xBC,0x00,0x00,0x00,0x00,0x00,0x00,0x00,0x24,0xFF,0xFF,0xFF,0xBC,0x00,0x00,0x00,
  0x00,0x00,0x00,0x00,0x24,0xFF,0xFF,0xFF,0xBC,0x00,0x00,0x00,0x00,0x00,0x00,0x00,
  0x24,0xFF,0xFF,0xFF,0xBC,0x00,0x00,0x00,0x00,0x00,0x00,0x00,0x24,0xFF,0xFF,0xFF,
  0xBC,0x00,0x00,0x00,0x00,0x00,0x00,0x00,0x24,0xFF,0xFF,0xFF,0xBC,0x00,0x00,0x00,
  0x00,0x00,0x00,0x00,0x24,0xFF,0xFF,0xFF,0xBC,0x00,0x00,0x00,0x00,0x00,0x00,0x00,
  0x24,0xFF,0xFF,0xFF,0xBC,0x00,0x00,0x00,0x00,0x00,0x00,0x00,0x24,0xFF,0xFF,0xFF,
  0xBC,0x00,0x00,0x00,0x00,0x00,0x00,0x00,0x24,0xFF,0xFF,0xFF,0xBC,0x00,0x00,0x00,
  0x00,0x00,0x00,0x00,0x24,0xFF,0xFF,0xFF,0xBC,0x00,0x00,0x00,0x00,0x00,0x00,0x00,
  0x24,0xFF,0xFF,0xFF,0xBC,0x00,0x00,0x00,0x00,0x00,0x00,0x00,0x24,0xFF,0xFF,0xFF,
  0xBC,0x00,0x00,0x00,0x00,0x00,0x00,0x00,0x00,0x00,0x00,0x00,0x00,0x02,0x08,0x08,
  0x06,0x00,0x00,0x00,0x00,0x00,0x00,0x00,0x00,0x00,0x00,0x00,0x00,0x00,0x00,0x00,
  0x00,0x05,0xBF,0xFF,0xFF,0xFA,0x40,0x00,0x00,0x00,0x00,0x00,0x00,0x00,0x00,0x00,
  0x00,0x00,0x00,0x00,0x00,0x00,0x9A,0xFF,0xFF,0xF4,0xFF,0xED,0x25,0x00,0x00,0x00,
  0x00,0x00,0x00,0x00,0x00,0x00,0x00,0x00,0x00,0x00,0x6F,0xFF,0xFF,0xA6,0x36,0xF8,
  0xFF,0xD9,0x11,0x00,0x00,0x00,0x00,0x00,0x00,0x00,0x00,0x00,0x00,0x00,0x47,0xFC,
  0xFF,0xD1,0x0A,0x00,0x61,0xFF,0xFF,0xBF,0x05,0x00,0x00,0x00,0x00,0x00,0x00,0x00,
  0x00,0x00,0x00,0x35,0x44,0x44,0x18,0x00,0x00,0x00,0x3B,0x44,0x44,0x14,0x00,0x00,
  0x00,0x00,0x00,0x00,0x00,0x00,0x00,0x00,0x00,0x00,0x00,0x08,0x1F,0x26,0x15,0x00,
  0x00,0x00,0x00,0x00,0x00,0x00,0x00,0x00,0x00,0x00,0x00,0x00,0x00,0x11,0x79,0xCE,
  0xFB,0xFF,0xFF,0xFF,0xEB,0xA7,0x43,0x00,0x00,0x00,0x00,0x00,0x00,0x00,0x00,0x00,
  0x00,0x64,0xF1,0xFF,0xFF,0xFF,0xFF,0xFF,0xFF,0xFF,0xFF,0xFF,0xBA,0x1B,0x00,0x00,
  0x00,0x00,0x00,0x00,0x01,0x94,0xFF,0xFF,0xFF,0xFF,0xFF,0xFF,0xFF,0xFF,0xFF,0xFF,
  0xFF,0xFF,0xE7,0x2D,0x00,0x00,0x00,0x00,0x00,0x7E,0xFF,0xFF,0xFF,0xFF,0xF4,0x99,
  0x6A,0x5A,0x7B,0xCB,0xFF,0xFF,0xFF,0xFF,0xE5,0x18,0x00,0x00,0x00,0x33,0xFD,0xFF,
  0xFF,0xFF,0xB3,0x11,0x00,0x00,0x00,0x00,0x00,0x50,0xF3,0xFF,0xFF,0xFF,0xAF,0x00,
  0x00,0x00,0xBB,0xFF,0xFF,0xFF,0xB3,0x03,0x00,0x00,0x00,0x00,0x00,0x00,0x00,0x39,
  0xFC,0xFF,0xFF,0xFF,0x3B,0x00,0x26,0xFF,0xFF,0xFF,0xF3,0x1C,0x00,0x00,0x00,0x00,
  0x00,0x00,0x00,0x00,0x00,0x8E,0xFF,0xFF,0xFF,0xA6,0x00,0x73,0xFF,0xFF,0xFF,0x9F,
  0x00,0x00,0x00,0x00,0x00,0x00,0x00,0x00,0x00,0x00,0x20,0xFF,0xFF,0xFF,0xF0,0x04,
  0xA9,0xFF,0xFF,0xFF,0x50,0x00,0x00,0x00,0x00,0x00,0x00,0x00,0x00,0x00,0x00,0x00,
  0xCE,0xFF,0xFF,0xFF,0x2B,0xCD,0xFF,0xFF,0xFF,0x27,0x00,0x00,0x00,0x00,0x00,0x00,
  0x00,0x00,0x00,0x00,0x00,0xA5,0xFF,0xFF,0xFF,0x4F,0xDD,0xFF,0xFF,0xFF,0x11,0x00,
  0x00,0x00,0x00,0x00,0x00,0x00,0x00,0x00,0x00,0x00,0x8E,0xFF,0xFF,0xFF,0x5F,0xDE,
  0xFF,0xFF,0xFF,0x0D,0x00,0x00,0x00,0x00,0x00,0x00,0x00,0x00,0x00,0x00,0x00,0x89,
  0xFF,0xFF,0xFF,0x62,0xD1,0xFF,0xFF,0xFF,0x23,0x00,0x00,0x00,0x00,0x00,0x00,0x00,
  0x00,0x00,0x00,0x00,0xA0,0xFF,0xFF,0xFF,0x54,0xB0,0xFF,0xFF,0xFF,0x44,0x00,0x00,
  0x00,0x00,0x00,0x00,0x00,0x00,0x00,0x00,0x00,0xC2,0xFF,0xFF,0xFF,0x32,0x7F,0xFF,
  0xFF,0xFF,0x90,0x00,0x00,0x00,0x00,0x00,0x00,0x00,0x00,0x00,0x00,0x14,0xFC,0xFF,
  0xFF,0xF8,0x09,0x36,0xFF,0xFF,0xFF,0xE7,0x0C,0x00,0x00,0x00,0x00,0x00,0x00,0x00,
  0x00,0x00,0x74,0xFF,0xFF,0xFF,0xB7,0x00,0x00,0xD0,0xFF,0xFF,0xFF,0x94,0x00,0x00,
  0x00,0x00,0x00,0x00,0x00,0x00,0x1F,0xF3,0xFF,0xFF,0xFF,0x51,0x00,0x00,0x4D,0xFF,
  0xFF,0xFF,0xFF,0x86,0x01,0x00,0x00,0x00,0x00,0x00,0x28,0xDF,0xFF,0xFF,0xFF,0xCA,
  0x02,0x00,0x00,0x00,0xA2,0xFF,0xFF,0xFF,0xFF,0xD4,0x69,0x39,0x2A,0x4A,0x9B,0xF8,
  0xFF,0xFF,0xFF,0xF4,0x2D,0x00,0x00,0x00,0x00,0x08,0xBB,0xFF,0xFF,0xFF,0xFF,0xFF,
  0xFF,0xFF,0xFF,0xFF,0xFF,0xFF,0xFF,0xF7,0x4B,0x00,0x00,0x00,0x00,0x00,0x00,0x07,
  0x92,0xFE,0xFF,0xFF,0xFF,0xFF,0xFF,0xFF,0xFF,0xFF,0xFF,0xDE,0x39,0x00,0x00,0x00,
  0x00,0x00,0x00,0x00,0x00,0x00,0x31,0xA6,0xF4,0xFF,0xFF,0xFF,0xFF,0xFF,0xD4,0x70,
  0x08,0x00,0x00,0x00,0x00,0x00,0x00,0x00,0x00,0x00,0x00,0x00,0x00,0x06,0x31,0x4D,
  0x53,0x43,0x18,0x00,0x00,0x00,0x00,0x00,0x00,0x00,0x00,0x00,0x00,0x00,0x00,0x00,
  0x00,0x01,0x03,0x00,0x00,0x00,0x00,0x00,0x05,0x00,0x00,0x00,0x00,0x00,0x00,0x00,
  0x00,0x00,0x00,0x00,0x00,0x58,0xF0,0xF8,0x77,0x00,0x00,0x19,0xCA,0xFE,0xC1,0x10,
  0x00,0x00,0x00,0x00,0x00,0x00,0x00,0x00,0x00,0x02,0xF1,0xFF,0xFF,0xFE,0x1A,0x00,
  0x90,0xFF,0xFF,0xFF,0x7C,0x00,0x00,0x00,0x00,0x00,0x00,0x00,0x00,0x00,0x02,0xF3,
  0xFF,0xFF,0xFF,0x1B,0x00,0x92,0xFF,0xFF,0xFF,0x7D,0x00,0x00,0x00,0x00,0x00,0x00,
  0x00,0x00,0x00,0x00,0x60,0xF6,0xFB,0x7E,0x00,0x00,0x1E,0xD5,0xFF,0xC9,0x12,0x00,
  0x00,0x00,0x00,0x00,0x00,0x00,0x00,0x00,0x00,0x00,0x05,0x07,0x00,0x00,0x00,0x00,
  0x00,0x0C,0x00,0x00,0x00,0x00,0x00,0x00,0x00,0x00,0x00,0x00,0x00,0x00,0x00,0x00,
  0x00,0x08,0x1F,0x26,0x15,0x00,0x00,0x00,0x00,0x00,0x00,0x00,0x00,0x00,0x00,0x00,
  0x00,0x00,0x00,0x11,0x79,0xCE,0xFB,0xFF,0xFF,0xFF,0xEB,0xA7,0x43,0x00,0x00,0x00,
  0x00,0x00,0x00,0x00,0x00,0x00,0x00,0x64,0xF1,0xFF,0xFF,0xFF,0xFF,0xFF,0xFF,0xFF,
  0xFF,0xFF,0xBA,0x1B,0x00,0x00,0x00,0x00,0x00,0x00,0x01,0x94,0xFF,0xFF,0xFF,0xFF,
  0xFF,0xFF,0xFF,0xFF,0xFF,0xFF,0xFF,0xFF,0xE7,0x2D,0x00,0x00,0x00,0x00,0x00,0x7E,
  0xFF,0xFF,0xFF,0xFF,0xF4,0x99,0x6A,0x5A,0x7B,0xCB,0xFF,0xFF,0xFF,0xFF,0xE5,0x18,
  0x00,0x00,0x00,0x33,0xFD,0xFF,0xFF,0xFF,0xB3,0x11,0x00,0x00,0x00,0x00,0x00,0x50,
  0xF3,0xFF,0xFF,0xFF,0xAF,0x00,0x00,0x00,0xBB,0xFF,0xFF,0xFF,0xB3,0x03,0x00,0x00,
  0x00,0x00,0x00,0x00,0x00,0x39,0xFC,0xFF,0xFF,0xFF,0x3B,0x00,0x26,0xFF,0xFF,0xFF,
  0xF3,0x1C,0x00,0x00,0x00,0x00,0x00,0x00,0x00,0x00,0x00,0x8E,0xFF,0xFF,0xFF,0xA6,
  0x00,0x73,0xFF,0xFF,0xFF,0x9F,0x00,0x00,0x00,0x00,0x00,0x00,0x00,0x00,0x00,0x00,
  0x20,0xFF,0xFF,0xFF,0xF0,0x04,0xA9,0xFF,0xFF,0xFF,0x50,0x00,0x00,0x00,0x00,0x00,
  0x00,0x00,0x00,0x00,0x00,0x00,0xCE,0xFF,0xFF,0xFF,0x2B,0xCD,0xFF,0xFF,0xFF,0x27,
  0x00,0x00,0x00,0x00,0x00,0x00,0x00,0x00,0x00,0x00,0x00,0xA5,0xFF,0xFF,0xFF,0x4F,
  0xDD,0xFF,0xFF,0xFF,0x11,0x00,0x00,0x00,0x00,0x00,0x00,0x00,0x00,0x00,0x00,0x00,
  0x8E,0xFF,0xFF,0xFF,0x5F,0xDE,0xFF,0xFF,0xFF,0x0D,0x00,0x00,0x00,0x00,0x00,0x00,
  0x00,0x00,0x00,0x00,0x00,0x89,0xFF,0xFF,0xFF,0x62,0xD1,0xFF,0xFF,0xFF,0x23,0x00,
  0x00,0x00,0x00,0x00,0x00,0x00,0x00,0x00,0x00,0x00,0xA0,0xFF,0xFF,0xFF,0x54,0xB0,
  0xFF,0xFF,0xFF,0x44,0x00,0x00,0x00,0x00,0x00,0x00,0x00,0x00,0x00,0x00,0x00,0xC2,
  0xFF,0xFF,0xFF,0x32,0x7F,0xFF,0xFF,0xFF,0x90,0x00,0x00,0x00,0x00,0x00,0x00,0x00,
  0x00,0x00,0x00,0x14,0xFC,0xFF,0xFF,0xF8,0x09,0x36,0xFF,0xFF,0xFF,0xE7,0x0C,0x00,
  0x00,0x00,0x00,0x00,0x00,0x00,0x00,0x00,0x74,0xFF,0xFF,0xFF,0xB7,0x00,0x00,0xD0,
  0xFF,0xFF,0xFF,0x94,0x00,0x00,0x00,0x00,0x00,0x00,0x00,0x00,0x1F,0xF3,0xFF,0xFF,
  0xFF,0x51,0x00,0x00,0x4D,0xFF,0xFF,0xFF,0xFF,0x86,0x01,0x00,0x00,0x00,0x00,0x00,
  0x28,0xDF,0xFF,0xFF,0xFF,0xCA,0x02,0x00,0x00,0x00,0xA2,0xFF,0xFF,0xFF,0xFF,0xD4,
  0x69,0x39,0x2A,0x4A,0x9B,0xF8,0xFF,0xFF,0xFF,0xF4,0x2D,0x00,0x00,0x00,0x00,0x08,
  0xBB,0xFF,0xFF,0xFF,0xFF,0xFF,0xFF,0xFF,0xFF,0xFF,0xFF,0xFF,0xFF,0xF7,0x4B,0x00,
  0x00,0x00,0x00,0x00,0x00,0x07,0x92,0xFE,0xFF,0xFF,0xFF,0xFF,0xFF,0xFF,0xFF,0xFF,
  0xFF,0xDE,0x39,0x00,0x00,0x00,0x00,0x00,0x00,0x00,0x00,0x00,0x31,0xA6,0xF4,0xFF,
  0xFF,0xFF,0xFF,0xFF,0xD4,0x70,0x08,0x00,0x00,0x00,0x00,0x00,0x00,0x00,0x00,0x00,
  0x00,0x00,0x00,0x06,0x31,0x4D,0x53,0x43,0x18,0x00,0x00,0x00,0x00,0x00,0x00,0x00,
  0x00,0x00,0x00,0x00,0x00,0x00,0x07,0x08,0x08,0x06,0x00,0x00,0x00,0x00,0x00,0x00,
  0x00,0x00,0x00,0x00,0x00,0x00,0x00,0x00,0x00,0x97,0xFF,0xFF,0xF4,0x16,0x00,0x00,
  0x00,0x00,0x00,0x00,0x00,0x00,0x00,0x00,0x00,0x00,0x00,0x00,0x08,0xD0,0xFF,0xFF,
  0x8F,0x00,0x00,0x00,0x00,0x00,0x00,0x00,0x00,0x00,0x00,0x00,0x00,0x00,0x00,0x00,
  0x26,0xF3,0xFF,0xF7,0x1C,0x00,0x00,0x00,0x00,0x00,0x00,0x00,0x00,0x00,0x00,0x00,
  0x00,0x00,0x00,0x00,0x5B,0xFF,0xFF,0x98,0x00,0x00,0x00,0x00,0x00,0x00,0x00,0x00,
  0x00,0x00,0x00,0x00,0x00,0x00,0x00,0x00,0x64,0x7C,0x76,0x02,0x00,0x00,0x00,0x00,
  0x00,0x00,0x00,0x00,0x00,0x00,0x00,0x00,0x00,0x00,0x00,0x00,0x00,0x00,0x00,0x00,
  0x00,0x00,0x00,0x00,0x00,0x00,0x2E,0xD4,0xD4,0xD4,0x81,0x00,0x00,0x00,0x00,0x00,
  0x00,0x00,0x00,0x00,0x52,0xD4,0xD4,0xD4,0x5C,0x38,0xFF,0xFF,0xFF,0x9C,0x00,0x00,
  0x00,0x00,0x00,0x00,0x00,0x00,0x00,0x64,0xFF,0xFF,0xFF,0x70,0x38,0xFF,0xFF,0xFF,
  0x9C,0x00,0x00,0x00,0x00,0x00,0x00,0x00,0x00,0x00,0x64,0xFF,0xFF,0xFF,0x70,0x38,
  0xFF,0xFF,0xFF,0x9C,0x00,0x00,0x00,0x00,0x00,0x00,0x00,0x00,0x00,0x64,0xFF,0xFF,
  0xFF,0x70,0x38,0xFF,0xFF,0xFF,0x9C,0x00,0x00,0x00,0x00,0x00,0x00,0x00,0x00,0x00,
  0x64,0xFF,0xFF,0xFF,0x70,0x38,0xFF,0xFF,0xFF,0x9C,0x00,0x00,0x00,0x00,0x00,0x00,
  0x00,0x00,0x00,0x64,0xFF,0xFF,0xFF,0x70,0x38,0xFF,0xFF,0xFF,0x9C,0x00,0x00,0x00,
  0x00,0x00,0x00,0x00,0x00,0x00,0x64,0xFF,0xFF,0xFF,0x70,0x38,0xFF,0xFF,0xFF,0x9C,
  0x00,0x00,0x00,0x00,0x00,0x00,0x00,0x00,0x00,0x64,0xFF,0xFF,0xFF,0x70,0x38,0xFF,
  0xFF,0xFF,0x9C,0x00,0x00,0x00,0x00,0x00,0x00,0x00,0x00,0x00,0x64,0xFF,0xFF,0xFF,
  0x70,0x38,0xFF,0xFF,0xFF,0x9C,0x00,0x00,0x00,0x00,0x00,0x00,0x00,0x00,0x00,0x64,
  0xFF,0xFF,0xFF,0x70,0x38,0xFF,0xFF,0xFF,0x9C,0x00,0x00,0x00,0x00,0x00,0x00,0x00,
  0x00,0x00,0x64,0xFF,0xFF,0xFF,0x70,0x38,0xFF,0xFF,0xFF,0x9C,0x00,0x00,0x00,0x00,
  0x00,0x00,0x00,0x00,0x00,0x64,0xFF,0xFF,0xFF,0x70,0x38,0xFF,0xFF,0xFF,0x9C,0x00,
  0x00,0x00,0x00,0x00,0x00,0x00,0x00,0x00,0x64,0xFF,0xFF,0xFF,0x70,0x38,0xFF,0xFF,
  0xFF,0x9C,0x00,0x00,0x00,0x00,0x00,0x00,0x00,0x00,0x00,0x64,0xFF,0xFF,0xFF,0x70,
  0x35,0xFF,0xFF,0xFF,0xA6,0x00,0x00,0x00,0x00,0x00,0x00,0x00,0x00,0x00,0x6F,0xFF,
  0xFF,0xFF,0x6D,0x25,0xFF,0xFF,0xFF,0xCE,0x00,0x00,0x00,0x00,0x00,0x00,0x00,0x00,
  0x00,0x97,0xFF,0xFF,0xFF,0x5C,0x03,0xF3,0xFF,0xFF,0xFF,0x34,0x00,0x00,0x00,0x00,
  0x00,0x00,0x00,0x0E,0xED,0xFF,0xFF,0xFF,0x2E,0x00,0xA2,0xFF,0xFF,0xFF,0xD9,0x1B,
  0x00,0x00,0x00,0x00,0x00,0x09,0xB2,0xFF,0xFF,0xFF,0xDA,0x00,0x00,0x27,0xF6,0xFF,
  0xFF,0xFF,0xEB,0x7B,0x33,0x1A,0x2B,0x66,0xD6,0xFF,0xFF,0xFF,0xFF,0x58,0x00,0x00,
  0x00,0x57,0xFF,0xFF,0xFF,0xFF,0xFF,0xFF,0xFF,0xFF,0xFF,0xFF,0xFF,0xFF,0xFF,0x90,
  0x00,0x00,0x00,0x00,0x00,0x57,0xEE,0xFF,0xFF,0xFF,0xFF,0xFF,0xFF,0xFF,0xFF,0xFF,
  0xFB,0x82,0x03,0x00,0x00,0x00,0x00,0x00,0x00,0x1A,0x89,0xE0,0xFF,0xFF,0xFF,0xFF,
  0xFF,0xEE,0x9C,0x30,0x00,0x00,0x00,0x00,0x00,0x00,0x00,0x00,0x00,0x00,0x01,0x21,
  0x3C,0x51,0x42,0x28,0x05,0x00,0x00,0x00,0x00,0x00,0x00,0x00,0x00,0x00,0x00,0x00,
  0x00,0x00,0x00,0x07,0x08,0x08,0x01,0x00,0x00,0x00,0x00,0x00,0x00,0x00,0x00,0x00,
  0x00,0x00,0x00,0x00,0x00,0x69,0xFF,0xFF,0xFF,0x96,0x00,0x00,0x00,0x00,0x00,0x00,
  0x00,0x00,0x00,0x00,0x00,0x00,0x00,0x42,0xFB,0xFF,0xF4,0xFF,0xFF,0x6F,0x00,0x00,
  0x00,0x00,0x00,0x00,0x00,0x00,0x00,0x00,0x00,0x24,0xED,0xFF,0xE8,0x22,0xCA,0xFF,
  0xFC,0x4A,0x00,0x00,0x00,0x00,0x00,0x00,0x00,0x00,0x00,0x0F,0xD7,0xFF,0xFA,0x3D,
  0x00,0x1C,0xE9,0xFF,0xF2,0x2D,0x00,0x00,0x00,0x00,0x00,0x00,0x00,0x00,0x1D,0x44,
  0x44,0x30,0x00,0x00,0x00,0x22,0x44,0x44,0x2D,0x00,0x00,0x00,0x00,0x00,0x00,0x00,
  0x00,0x00,0x00,0x00,0x00,0x00,0x00,0x00,0x00,0x00,0x00,0x00,0x00,0x00,0x00,0x00,
  0x2E,0xD4,0xD4,0xD4,0x81,0x00,0x00,0x00,0x00,0x00,0x00,0x00,0x00,0x00,0x52,0xD4,
  0xD4,0xD4,0x5C,0x38,0xFF,0xFF,0xFF,0x9C,0x00,0x00,0x00,0x00,0x00,0x00,0x00,0x00,
  0x00,0x64,0xFF,0xFF,0xFF,0x70,0x38,0xFF,0xFF,0xFF,0x9C,0x00,0x00,0x00,0x00,0x00,
  0x00,0x00,0x00,0x00,0x64,0xFF,0xFF,0xFF,0x70,0x38,0xFF,0xFF,0xFF,0x9C,0x00,0x00,
  0x00,0x00,0x00,0x00,0x00,0x00,0x00,0x64,0xFF,0xFF,0xFF,0x70,0x38,0xFF,0xFF,0xFF,
  0x9C,0x00,0x00,0x00,0x00,0x00,0x00,0x00,0x00,0x00,0x64,0xFF,0xFF,0xFF,0x70,0x38,
  0xFF,0xFF,0xFF,0x9C,0x00,0x00,0x00,0x00,0x00,0x00,0x00,0x00,0x00,0x64,0xFF,0xFF,
  0xFF,0x70,0x38,0xFF,0xFF,0xFF,0x9C,0x00,0x00,0x00,0x00,0x00,0x00,0x00,0x00,0x00,
  0x64,0xFF,0xFF,0xFF,0x70,0x38,0xFF,0xFF,0xFF,0x9C,0x00,0x00,0x00,0x00,0x00,0x00,
  0x00,0x00,0x00,0x64,0xFF,0xFF,0xFF,0x70,0x38,0xFF,0xFF,0xFF,0x9C,0x00,0x00,0x00,
  0x00,0x00,0x00,0x00,0x00,0x00,0x64,0xFF,0xFF,0xFF,0x70,0x38,0xFF,0xFF,0xFF,0x9C,
  0x00,0x00,0x00,0x00,0x00,0x00,0x00,0x00,0x00,0x64,0xFF,0xFF,0xFF,0x70,0x38,0xFF,
  0xFF,0xFF,0x9C,0x00,0x00,0x00,0x00,0x00,0x00,0x00,0x00,0x00,0x64,0xFF,0xFF,0xFF,
  0x70,0x38,0xFF,0xFF,0xFF,0x9C,0x00,0x00,0x00,0x00,0x00,0x00,0x00,0x00,0x00,0x64,
  0xFF,0xFF,0xFF,0x70,0x38,0xFF,0xFF,0xFF,0x9C,0x00,0x00,0x00,0x00,0x00,0x00,0x00,
  0x00,0x00,0x64,0xFF,0xFF,0xFF,0x70,0x38,0xFF,0xFF,0xFF,0x9C,0x00,0x00,0x00,0x00,
  0x00,0x00,0x00,0x00,0x00,0x64,0xFF,0xFF,0xFF,0x70,0x35,0xFF,0xFF,0xFF,0xA6,0x00,
  0x00,0x00,0x00,0x00,0x00,0x00,0x00,0x00,0x6F,0xFF,0xFF,0xFF,0x6D,0x25,0xFF,0xFF,
  0xFF,0xCE,0x00,0x00,0x00,0x00,0x00,0x00,0x00,0x00,0x00,0x97,0xFF,0xFF,0xFF,0x5C,
  0x03,0xF3,0xFF,0xFF,0xFF,0x34,0x00,0x00,0x00,0x00,0x00,0x00,0x00,0x0E,0xED,0xFF,
  0xFF,0xFF,0x2E,0x00,0xA2,0xFF,0xFF,0xFF,0xD9,0x1B,0x00,0x00,0x00,0x00,0x00,0x09,
  0xB2,0xFF,0xFF,0xFF,0xDA,0x00,0x00,0x27,0xF6,0xFF,0xFF,0xFF,0xEB,0x7B,0x33,0x1A,
  0x2B,0x66,0xD6,0xFF,0xFF,0xFF,0xFF,0x58,0x00,0x00,0x00,0x57,0xFF,0xFF,0xFF,0xFF,
  0xFF,0xFF,0xFF,0xFF,0xFF,0xFF,0xFF,0xFF,0xFF,0x90,0x00,0x00,0x00,0x00,0x00,0x57,
  0xEE,0xFF,0xFF,0xFF,0xFF,0xFF,0xFF,0xFF,0xFF,0xFF,0xFB,0x82,0x03,0x00,0x00,0x00,
  0x00,0x00,0x00,0x1A,0x89,0xE0,0xFF,0xFF,0xFF,0xFF,0xFF,0xEE,0x9C,0x30,0x00,0x00,
  0x00,0x00,0x00,0x00,0x00,0x00,0x00,0x00,0x01,0x21,0x3C,0x51,0x42,0x28,0x05,0x00,
  0x00,0x00,0x00,0x00,0x00,0x00,0x00,0x00,0x00,0x00,0x00,0x05,0x00,0x00,0x00,0x00,
  0x00,0x04,0x00,0x00,0x00,0x00,0x00,0x00,0x00,0x00,0x00,0x00,0x1D,0xCE,0xFE,0xBE,
  0x0D,0x00,0x00,0x8D,0xFA,0xE8,0x43,0x00,0x00,0x00,0x00,0x00,0x00,0x00,0x00,0x98,
  0xFF,0xFF,0xFF,0x74,0x00,0x34,0xFF,0xFF,0xFF,0xD8,0x00,0x00,0x00,0x00,0x00,0x00,
  0x00,0x00,0x9A,0xFF,0xFF,0xFF,0x76,0x00,0x36,0xFF,0xFF,0xFF,0xD9,0x00,0x00,0x00,
  0x00,0x00,0x00,0x00,0x00,0x22,0xD8,0xFF,0xC6,0x10,0x00,0x00,0x98,0xFE,0xEE,0x49,
  0x00,0x00,0x00,0x00,0x00,0x00,0x00,0x00,0x00,0x00,0x0C,0x00,0x00,0x00,0x00,0x00,
  0x0A,0x02,0x00,0x00,0x00,0x00,0x00,0x00,0x00,0x00,0x00,0x00,0x00,0x00,0x00,0x00,
  0x00,0x00,0x00,0x00,0x00,0x00,0x00,0x00,0x00,0x00,0x2E,0xD4,0xD4,0xD4,0x81,0x00,
  0x00,0x00,0x00,0x00,0x00,0x00,0x00,0x00,0x52,0xD4,0xD4,0xD4,0x5C,0x38,0xFF,0xFF,
  0xFF,0x9C,0x00,0x00,0x00,0x00,0x00,0x00,0x00,0x00,0x00,0x64,0xFF,0xFF,0xFF,0x70,
  0x38,0xFF,0xFF,0xFF,0x9C,0x00,0x00,0x00,0x00,0x00,0x00,0x00,0x00,0x00,0x64,0xFF,
  0xFF,0xFF,0x70,0x38,0xFF,0xFF,0xFF,0x9C,0x00,0x00,0x00,0x00,0x00,0x00,0x00,0x00,
  0x00,0x64,0xFF,0xFF,0xFF,0x70,0x38,0xFF,0xFF,0xFF,0x9C,0x00,0x00,0x00,0x00,0x00,
  0x00,0x00,0x00,0x00,0x64,0xFF,0xFF,0xFF,0x70,0x38,0xFF,0xFF,0xFF,0x9C,0x00,0x00,
  0x00,0x00,0x00,0x00,0x00,0x00,0x00,0x64,0xFF,0xFF,0xFF,0x70,0x38,0xFF,0xFF,0xFF,
  0x9C,0x00,0x00,0x00,0x00,0x00,0x00,0x00,0x00,0x00,0x64,0xFF,0xFF,0xFF,0x70,0x38,
  0xFF,0xFF,0xFF,0x9C,0x00,0x00,0x00,0x00,0x00,0x00,0x00,0x00,0x00,0x64,0xFF,0xFF,
  0xFF,0x70,0x38,0xFF,0xFF,0xFF,0x9C,0x00,0x00,0x00,0x00,0x00,0x00,0x00,0x00,0x00,
  0x64,0xFF,0xFF,0xFF,0x70,0x38,0xFF,0xFF,0xFF,0x9C,0x00,0x00,0x00,0x00,0x00,0x00,
  0x00,0x00,0x00,0x64,0xFF,0xFF,0xFF,0x70,0x38,0xFF,0xFF,0xFF,0x9C,0x00,0x00,0x00,
  0x00,0x00,0x00,0x00,0x00,0x00,0x64,0xFF,0xFF,0xFF,0x70,0x38,0xFF,0xFF,0xFF,0x9C,
  0x00,0x00,0x00,0x00,0x00,0x00,0x00,0x00,0x00,0x64,0xFF,0xFF,0xFF,0x70,0x38,0xFF,
  0xFF,0xFF,0x9C,0x00,0x00,0x00,0x00,0x00,0x00,0x00,0x00,0x00,0x64,0xFF,0xFF,0xFF,
  0x70,0x38,0xFF,0xFF,0xFF,0x9C,0x00,0x00,0x00,0x00,0x00,0x00,0x00,0x00,0x00,0x64,
  0xFF,0xFF,0xFF,0x70,0x35,0xFF,0xFF,0xFF,0xA6,0x00,0x00,0x00,0x00,0x00,0x00,0x00,
  0x00,0x00,0x6F,0xFF,0xFF,0xFF,0x6D,0x25,0xFF,0xFF,0xFF,0xCE,0x00,0x00,0x00,0x00,
  0x00,0x00,0x00,0x00,0x00,0x97,0xFF,0xFF,0xFF,0x5C,0x03,0xF3,0xFF,0xFF,0xFF,0x34,
  0x00,0x00,0x00,0x00,0x00,0x00,0x00,0x0E,0xED,0xFF,0xFF,0xFF,0x2E,0x00,0xA2,0xFF,
  0xFF,0xFF,0xD9,0x1B,0x00,0x00,0x00,0x00,0x00,0x09,0xB2,0xFF,0xFF,0xFF,0xDA,0x00,
  0x00,0x27,0xF6,0xFF,0xFF,0xFF,0xEB,0x7B,0x33,0x1A,0x2B,0x66,0xD6,0xFF,0xFF,0xFF,
  0xFF,0x58,0x00,0x00,0x00,0x57,0xFF,0xFF,0xFF,0xFF,0xFF,0xFF,0xFF,0xFF,0xFF,0xFF,
  0xFF,0xFF,0xFF,0x90,0x00,0x00,0x00,0x00,0x00,0x57,0xEE,0xFF,0xFF,0xFF,0xFF,0xFF,
  0xFF,0xFF,0xFF,0xFF,0xFB,0x82,0x03,0x00,0x00,0x00,0x00,0x00,0x00,0x1A,0x89,0xE0,
  0xFF,0xFF,0xFF,0xFF,0xFF,0xEE,0x9C,0x30,0x00,0x00,0x00,0x00,0x00,0x00,0x00,0x00,
  0x00,0x00,0x01,0x21,0x3C,0x51,0x42,0x28,0x05,0x00,0x00,0x00,0x00,0x00,0x00,0x00,
  0x00,0x04,0x08,0x08,0x08,0x01,0x00,0x00,0x00,0x00,0x00,0x00,0x00,0x00,0x00,0x2A,
  0xF5,0xFF,0xFF,0x82,0x00,0x00,0x00,0x00,0x00,0x00,0x00,0x00,0x00,0x00,0x61,0xFF,
  0xFF,0xF2,0x14,0x00,0x00,0x00,0x00,0x00,0x00,0x00,0x00,0x00,0x00,0xA2,0xFF,0xFF,
  0x8B,0x00,0x00,0x00,0x00,0x00,0x00,0x00,0x00,0x00,0x00,0x0B,0xD8,0xFF,0xF6,0x1A,
  0x00,0x00,0x00,0x00,0x00,0x00,0x00,0x00,0x00,0x00,0x29,0x7C,0x7C,0x37,0x00,0x00,
  0x00,0x00,0x00,0x00,0x00,0x00,0x00,0x00,0x00,0x00,0x00,0x00,0x00,0x00,0x00,0x00,
  0x00,0x00,0x00,0x00,0x1D,0x75,0xB6,0xCF,0xDA,0xC8,0x98,0x47,0x01,0x00,0x00,0x00,
  0x00,0x79,0xF7,0xFF,0xFF,0xFF,0xFF,0xFF,0xFF,0xFF,0xC0,0x14,0x00,0x00,0x7D,0xFF,
  0xFF,0xFF,0xFF,0xFF,0xFF,0xFF,0xFF,0xFF,0xFF,0xC9,0x02,0x1B,0xF8,0xFF,0xFF,0xEA,
  0x5C,0x11,0x08,0x42,0xD8,0xFF,0xFF,0xFF,0x51,0x63,0xFF,0xFF,0xFF,0x45,0x00,0x00,
  0x00,0x00,0x32,0xFF,0xFF,0xFF,0x94,0x15,0x2E,0x34,0x39,0x02,0x00,0x00,0x00,0x00,
  0x10,0xFF,0xFF,0xFF,0xA9,0x00,0x00,0x00,0x00,0x00,0x10,0x36,0x53,0x76,0xC9,0xFF,
  0xFF,0xFF,0xAC,0x00,0x00,0x3B,0xA1,0xE2,0xFF,0xFF,0xFF,0xFF,0xFF,0xFF,0xFF,0xFF,
  0xAC,0x05,0xAF,0xFF,0xFF,0xFF,0xFF,0xFF,0xFF,0xF9,0xC0,0xFE,0xFF,0xFF,0xAC,0x7E,
  0xFF,0xFF,0xFF,0xF0,0x9A,0x58,0x2D,0x06,0x00,0xFC,0xFF,0xFF,0xAC,0xD7,0xFF,0xFF,
  0xEA,0x1C,0x00,0x00,0x00,0x00,0x06,0xFE,0xFF,0xFF,0xAC,0xF1,0xFF,0xFF,0xAD,0x00,
  0x00,0x00,0x00,0x00,0x42,0xFF,0xFF,0xFF,0xAC,0xDC,0xFF,0xFF,0xE3,0x10,0x00,0x00,
  0x00,0x1D,0xD9,0xFF,0xFF,0xFF,0xAC,0x95,0xFF,0xFF,0xFF,0xE5,0x9E,0x83,0xA5,0xF3,
  0xFB,0xFE,0xFF,0xFF,0xAC,0x1A,0xE2,0xFF,0xFF,0xFF,0xFF,0xFF,0xFF,0xFF,0x71,0xF8,
  0xFF,0xFF,0xAC,0x00,0x1B,0xA7,0xF7,0xFF,0xFF,0xFF,0xE9,0x6D,0x00,0xF8,0xFF,0xFF,
  0xAC,0x00,0x00,0x00,0x0A,0x30,0x3F,0x2B,0x02,0x00,0x00,0x00,0x00,0x00,0x00,0x00,
  0x00,0x00,0x00,0x00,0x03,0x08,0x08,0x05,0x00,0x00,0x00,0x00,0x00,0x00,0x00,0x00,
  0x00,0x12,0xDB,0xFF,0xFF,0xED,0x25,0x00,0x00,0x00,0x00,0x00,0x00,0x00,0x04,0xBD,
  0xFF,0xFE,0xF6,0xFF,0xD9,0x11,0x00,0x00,0x00,0x00,0x00,0x00,0x96,0xFF,0xFF,0x7E,
  0x57,0xFF,0xFF,0xBE,0x05,0x00,0x00,0x00,0x00,0x6C,0xFF,0xFF,0xB1,0x01,0x00,0x89,
  0xFF,0xFF,0x9C,0x00,0x00,0x00,0x00,0x3F,0x44,0x44,0x0D,0x00,0x00,0x03,0x43,0x44,
  0x44,0x09,0x00,0x00,0x00,0x00,0x00,0x00,0x00,0x00,0x00,0x00,0x00,0x00,0x00,0x00,
  0x00,0x00,0x00,0x00,0x1D,0x75,0xB6,0xCF,0xDA,0xC8,0x98,0x47,0x01,0x00,0x00,0x00,
  0x00,0x79,0xF7,0xFF,0xFF,0xFF,0xFF,0xFF,0xFF,0xFF,0xC0,0x14,0x00,0x00,0x7D,0xFF,
  0xFF,0xFF,0xFF,0xFF,0xFF,0xFF,0xFF,0xFF,0xFF,0xC9,0x02,0x1B,0xF8,0xFF,0xFF,0xEA,
  0x5C,0x11,0x08,0x42,0xD8,0xFF,0xFF,0xFF,0x51,0x63,0xFF,0xFF,0xFF,0x45,0x00,0x00,
  0x00,0x00,0x32,0xFF,0xFF,0xFF,0x94,0x15,0x2E,0x34,0x39,0x02,0x00,0x00,0x00,0x00,
  0x10,0xFF,0xFF,0xFF,0xA9,0x00,0x00,0x00,0x00,0x00,0x10,0x36,0x53,0x76,0xC9,0xFF,
  0xFF,0xFF,0xAC,0x00,0x00,0x3B,0xA1,0xE2,0xFF,0xFF,0xFF,0xFF,0xFF,0xFF,0xFF,0xFF,
  0xAC,0x05,0xAF,0xFF,0xFF,0xFF,0xFF,0xFF,0xFF,0xF9,0xC0,0xFE,0xFF,0xFF,0xAC,0x7E,
  0xFF,0xFF,0xFF,0xF0,0x9A,0x58,0x2D,0x06,0x00,0xFC,0xFF,0xFF,0xAC,0xD7,0xFF,0xFF,
  0xEA,0x1C,0x00,0x00,0x00,0x00,0x06,0xFE,0xFF,0xFF,0xAC,0xF1,0xFF,0xFF,0xAD,0x00,
  0x00,0x00,0x00,0x00,0x42,0xFF,0xFF,0xFF,0xAC,0xDC,0xFF,0xFF,0xE3,0x10,0x00,0x00,
  0x00,0x1D,0xD9,0xFF,0xFF,0xFF,0xAC,0x95,0xFF,0xFF,0xFF,0xE5,0x9E,0x83,0xA5,0xF3,
  0xFB,0xFE,0xFF,0xFF,0xAC,0x1A,0xE2,0xFF,0xFF,0xFF,0xFF,0xFF,0xFF,0xFF,0x71,0xF8,
  0xFF,0xFF,0xAC,0x00,0x1B,0xA7,0xF7,0xFF,0xFF,0xFF,0xE9,0x6D,0x00,0xF8,0xFF,0xFF,
  0xAC,0x00,0x00,0x00,0x0A,0x30,0x3F,0x2B,0x02,0x00,0x00,0x00,0x00,0x00,0x00,0x00,
  0x00,0x00,0x04,0x01,0x00,0x00,0x00,0x00,0x00,0x05,0x00,0x00,0x00,0x00,0x00,0x7F,
  0xF9,0xEE,0x51,0x00,0x00,0x34,0xDF,0xFC,0xA1,0x02,0x00,0x00,0x24,0xFF,0xFF,0xFF,
  0xE8,0x00,0x00,0xC0,0xFF,0xFF,0xFF,0x4C,0x00,0x00,0x26,0xFF,0xFF,0xFF,0xEA,0x00,
  0x00,0xC2,0xFF,0xFF,0xFF,0x4D,0x00,0x00,0x00,0x8A,0xFD,0xF3,0x57,0x00,0x00,0x3B,
  0xE8,0xFF,0xA9,0x03,0x00,0x00,0x00,0x00,0x09,0x03,0x00,0x00,0x00,0x00,0x01,0x0B,
  0x00,0x00,0x00,0x00,0x00,0x00,0x00,0x00,0x00,0x00,0x00,0x00,0x00,0x00,0x00,0x00,
  0x00,0x00,0x00,0x00,0x1D,0x75,0xB6,0xCF,0xDA,0xC8,0x98,0x47,0x01,0x00,0x00,0x00,
  0x00,0x79,0xF7,0xFF,0xFF,0xFF,0xFF,0xFF,0xFF,0xFF,0xC0,0x14,0x00,0x00,0x7D,0xFF,
  0xFF,0xFF,0xFF,0xFF,0xFF,0xFF,0xFF,0xFF,0xFF,0xC9,0x02,0x1B,0xF8,0xFF,0xFF,0xEA,
  0x5C,0x11,0x08,0x42,0xD8,0xFF,0xFF,0xFF,0x51,0x63,0xFF,0xFF,0xFF,0x45,0x00,0x00,
  0x00,0x00,0x32,0xFF,0xFF,0xFF,0x94,0x15,0x2E,0x34,0x39,0x02,0x00,0x00,0x00,0x00,
  0x10,0xFF,0xFF,0xFF,0xA9,0x00,0x00,0x00,0x00,0x00,0x10,0x36,0x53,0x76,0xC9,0xFF,
  0xFF,0xFF,0xAC,0x00,0x00,0x3B,0xA1,0xE2,0xFF,0xFF,0xFF,0xFF,0xFF,0xFF,0xFF,0xFF,
  0xAC,0x05,0xAF,0xFF,0xFF,0xFF,0xFF,0xFF,0xFF,0xF9,0xC0,0xFE,0xFF,0xFF,0xAC,0x7E,
  0xFF,0xFF,0xFF,0xF0,0x9A,0x58,0x2D,0x06,0x00,0xFC,0xFF,0xFF,0xAC,0xD7,0xFF,0xFF,
  0xEA,0x1C,0x00,0x00,0x00,0x00,0x06,0xFE,0xFF,0xFF,0xAC,0xF1,0xFF,0xFF,0xAD,0x00,
  0x00,0x00,0x00,0x00,0x42,0xFF,0xFF,0xFF,0xAC,0xDC,0xFF,0xFF,0xE3,0x10,0x00,0x00,
  0x00,0x1D,0xD9,0xFF,0xFF,0xFF,0xAC,0x95,0xFF,0xFF,0xFF,0xE5,0x9E,0x83,0xA5,0xF3,
  0xFB,0xFE,0xFF,0xFF,0xAC,0x1A,0xE2,0xFF,0xFF,0xFF,0xFF,0xFF,0xFF,0xFF,0x71,0xF8,
  0xFF,0xFF,0xAC,0x00,0x1B,0xA7,0xF7,0xFF,0xFF,0xFF,0xE9,0x6D,0x00,0xF8,0xFF,0xFF,
  0xAC,0x00,0x00,0x00,0x0A,0x30,0x3F,0x2B,0x02,0x00,0x00,0x00,0x00,0x00,0x00,0x00,
  0x00,0x00,0x00,0x02,0x52,0xA6,0xD4,0xE3,0xD4,0xA7,0x56,0x04,0x00,0x00,0x00,0x00,
  0x00,0x00,0x1B,0xC8,0xFF,0xFF,0xFF,0xFF,0xFF,0xFF,0xFF,0xD5,0x2E,0x00,0x00,0x00,
  0x00,0x1D,0xE7,0xFF,0xFF,0xFF,0xFF,0xFF,0xFF,0xFF,0xFF,0xFF,0xEE,0x2B,0x00,0x00,
  0x01,0xBD,0xFF,0xFF,0xFF,0xD1,0x5C,0x35,0x51,0xBC,0xFF,0xFF,0xFF,0xCA,0x00,0x00,
  0x47,0xFF,0xFF,0xFF,0xCA,0x0A,0x00,0x00,0x00,0x01,0xB1,0xFF,0xFF,0xFF,0x3E,0x00,
  0xA3,0xFF,0xFF,0xFF,0x3B,0x00,0x00,0x00,0x00,0x00,0x32,0xF9,0xF2,0xEB,0x70,0x00,
  0xDD,0xFF,0xFF,0xE9,0x01,0x00,0x00,0x00,0x00,0x00,0x00,0x00,0x00,0x00,0x00,0x00,
  0xF7,0xFF,0xFF,0xC6,0x00,0x00,0x00,0x00,0x00,0x00,0x00,0x00,0x00,0x00,0x00,0x04,
  0xFE,0xFF,0xFF,0xBE,0x00,0x00,0x00,0x00,0x00,0x00,0x00,0x00,0x00,0x00,0x00,0x00,
  0xEA,0xFF,0xFF,0xD4,0x00,0x00,0x00,0x00,0x00,0x00,0x00,0x00,0x00,0x00,0x00,0x00,
  0xC6,0xFF,0xFF,0xFD,0x13,0x00,0x00,0x00,0x00,0x00,0x17,0x8C,0x87,0x81,0x42,0x00,
  0x72,0xFF,0xFF,0xFF,0x84,0x00,0x00,0x00,0x00,0x00,0x76,0xFF,0xFF,0xFF,0x63,0x00,
  0x17,0xF1,0xFF,0xFF,0xFD,0x6B,0x03,0x00,0x00,0x4D,0xF7,0xFF,0xFF,0xF7,0x13,0x00,
  0x00,0x5F,0xFF,0xFF,0xFF,0xFF,0xE8,0xC4,0xDE,0xFF,0xFF,0xFF,0xFF,0x77,0x00,0x00,
  0x00,0x00,0x77,0xFD,0xFF,0xFF,0xFF,0xFF,0xFF,0xFF,0xFF,0xFF,0x94,0x01,0x00,0x00,
  0x00,0x00,0x00,0x42,0xC5,0xFF,0xFF,0xFF,0xFF,0xFF,0xCC,0x4E,0x00,0x00,0x00,0x00,
  0x00,0x00,0x00,0x00,0x00,0x18,0xAA,0xFF,0xA7,0x1B,0x00,0x00,0x00,0x00,0x00,0x00,
  0x00,0x00,0x00,0x00,0x00,0x00,0x8D,0xFF,0xD7,0x92,0x18,0x00,0x00,0x00,0x00,0x00,
  0x00,0x00,0x00,0x00,0x00,0x00,0x69,0x9F,0xDA,0xFF,0xD0,0x00,0x00,0x00,0x00,0x00,
  0x00,0x00,0x00,0x00,0x00,0x00,0x00,0x00,0x37,0xFF,0xFF,0x16,0x00,0x00,0x00,0x00,
  0x00,0x00,0x00,0x00,0x00,0x22,0x94,0x96,0xD3,0xFF,0xEA,0x01,0x00,0x00,0x00,0x00,
  0x00,0x00,0x00,0x00,0x00,0x3C,0xFF,0xFF,0xFF,0xCF,0x3A,0x00,0x00,0x00,0x00,0x00,
  0x00,0x00,0x00,0x00,0x00,0x07,0x20,0x1E,0x0A,0x00,0x00,0x00,0x00,0x00,0x00,0x00,
  0x00,0x00,0x01,0x08,0x08,0x08,0x04,0x00,0x00,0x00,0x00,0x00,0x00,0x00,0x00,0x00,
  0x00,0x00,0x05,0xC9,0xFF,0xFF,0xD0,0x01,0x00,0x00,0x00,0x00,0x00,0x00,0x00,0x00,
  0x00,0x00,0x00,0x21,0xF0,0xFF,0xFF,0x57,0x00,0x00,0x00,0x00,0x00,0x00,0x00,0x00,
  0x00,0x00,0x00,0x00,0x53,0xFF,0xFF,0xD8,0x03,0x00,0x00,0x00,0x00,0x00,0x00,0x00,
  0x00,0x00,0x00,0x00,0x00,0x94,0xFF,0xFF,0x60,0x00,0x00,0x00,0x00,0x00,0x00,0x00,
  0x00,0x00,0x00,0x00,0x00,0x07,0x77,0x7C,0x5E,0x00,0x00,0x00,0x00,0x00,0x00,0x00,
  0x00,0x00,0x00,0x00,0x00,0x00,0x00,0x00,0x00,0x00,0x00,0x00,0x00,0x00,0x00,0x00,
  0x00,0x00,0x00,0x02,0x56,0xAB,0xD7,0xE2,0xCD,0x99,0x41,0x00,0x00,0x00,0x00,0x00,
  0x00,0x00,0x1A,0xC9,0xFF,0xFF,0xFF,0xFF,0xFF,0xFF,0xFF,0xB6,0x11,0x00,0x00,0x00,
  0x00,0x1B,0xE5,0xFF,0xFF,0xFF,0xFF,0xFF,0xFF,0xFF,0xFF,0xFF,0xD3,0x0C,0x00,0x00,
  0x00,0xB9,0xFF,0xFF,0xFE,0x8E,0x2A,0x0F,0x2F,0x9D,0xFF,0xFF,0xFF,0x9B,0x00,0x00,
  0x44,0xFF,0xFF,0xFF,0x72,0x00,0x00,0x00,0x00,0x00,0x8B,0xFF,0xFF,0xFB,0x20,0x00,
  0xA1,0xFF,0xFF,0xE6,0x02,0x00,0x00,0x00,0x00,0x00,0x0D,0xF7,0xFF,0xFF,0x71,0x00,
  0xDD,0xFF,0xFF,0xFF,0x5C,0x5C,0x5C,0x5C,0x5C,0x5C,0x5C,0xFF,0xFF,0xFF,0xAB,0x00,
  0xF7,0xFF,0xFF,0xFF,0xFF,0xFF,0xFF,0xFF,0xFF,0xFF,0xFF,0xFF,0xFF,0xFF,0xC2,0x04,
  0xFE,0xFF,0xFF,0xFF,0xFF,0xFF,0xFF,0xFF,0xFF,0xFF,0xFF,0xFF,0xFF,0xFF,0xCF,0x00,
  0xEB,0xFF,0xFF,0xD5,0x30,0x30,0x30,0x30,0x30,0x30,0x30,0x30,0x30,0x30,0x27,0x00,
  0xC8,0xFF,0xFF,0xCF,0x00,0x00,0x00,0x00,0x00,0x00,0x00,0x00,0x00,0x00,0x00,0x00,
  0x76,0xFF,0xFF,0xFF,0x35,0x00,0x00,0x00,0x00,0x00,0x0C,0xBE,0xC0,0xBA,0x5B,0x00,
  0x1A,0xF4,0xFF,0xFF,0xDD,0x29,0x00,0x00,0x00,0x12,0xB2,0xFF,0xFF,0xFF,0x35,0x00,
  0x00,0x66,0xFF,0xFF,0xFF,0xFC,0xBA,0x97,0xA6,0xEC,0xFF,0xFF,0xFF,0x9E,0x00,0x00,
  0x00,0x00,0x7C,0xFE,0xFF,0xFF,0xFF,0xFF,0xFF,0xFF,0xFF,0xFF,0xAD,0x07,0x00,0x00,
  0x00,0x00,0x00,0x45,0xC8,0xFF,0xFF,0xFF,0xFF,0xFF,0xCF,0x58,0x00,0x00,0x00,0x00,
  0x00,0x00,0x00,0x00,0x00,0x19,0x46,0x53,0x42,0x1C,0x00,0x00,0x00,0x00,0x00,0x00,
  0x00,0x00,0x00,0x00,0x00,0x00,0x00,0x00,0x06,0x08,0x08,0x07,0x00,0x00,0x00,0x00,
  0x00,0x00,0x00,0x00,0x00,0x00,0x00,0x18,0xF6,0xFF,0xFF,0x92,0x00,0x00,0x00,0x00,
  0x00,0x00,0x00,0x00,0x00,0x00,0x00,0x94,0xFF,0xFF,0xCD,0x06,0x00,0x00,0x00,0x00,
  0x00,0x00,0x00,0x00,0x00,0x00,0x1E,0xF9,0xFF,0xF1,0x24,0x00,0x00,0x00,0x00,0x00,
  0x00,0x00,0x00,0x00,0x00,0x00,0x9D,0xFF,0xFF,0x57,0x00,0x00,0x00,0x00,0x00,0x00,
  0x00,0x00,0x00,0x00,0x00,0x03,0x78,0x7C,0x61,0x00,0x00,0x00,0x00,0x00,0x00,0x00,
  0x00,0x00,0x00,0x00,0x00,0x00,0x00,0x00,0x00,0x00,0x00,0x00,0x00,0x00,0x00,0x00,
  0x00,0x00,0x00,0x02,0x56,0xAB,0xD7,0xE2,0xCD,0x99,0x41,0x00,0x00,0x00,0x00,0x00,
  0x00,0x00,0x1A,0xC9,0xFF,0xFF,0xFF,0xFF,0xFF,0xFF,0xFF,0xB6,0x11,0x00,0x00,0x00,
  0x00,0x1B,0xE5,0xFF,0xFF,0xFF,0xFF,0xFF,0xFF,0xFF,0xFF,0xFF,0xD3,0x0C,0x00,0x00,
  0x00,0xB9,0xFF,0xFF,0xFE,0x8E,0x2A,0x0F,0x2F,0x9D,0xFF,0xFF,0xFF,0x9B,0x00,0x00,
  0x44,0xFF,0xFF,0xFF,0x72,0x00,0x00,0x00,0x00,0x00,0x8B,0xFF,0xFF,0xFB,0x20,0x00,
  0xA1,0xFF,0xFF,0xE6,0x02,0x00,0x00,0x00,0x00,0x00,0x0D,0xF7,0xFF,0xFF,0x71,0x00,
  0xDD,0xFF,0xFF,0xFF,0x5C,0x5C,0x5C,0x5C,0x5C,0x5C,0x5C,0xFF,0xFF,0xFF,0xAB,0x00,
  0xF7,0xFF,0xFF,0xFF,0xFF,0xFF,0xFF,0xFF,0xFF,0xFF,0xFF,0xFF,0xFF,0xFF,0xC2,0x04,
  0xFE,0xFF,0xFF,0xFF,0xFF,0xFF,0xFF,0xFF,0xFF,0xFF,0xFF,0xFF,0xFF,0xFF,0xCF,0x00,
  0xEB,0xFF,0xFF,0xD5,0x30,0x30,0x30,0x30,0x30,0x30,0x30,0x30,0x30,0x30,0x27,0x00,
  0xC8,0xFF,0xFF,0xCF,0x00,0x00,0x00,0x00,0x00,0x00,0x00,0x00,0x00,0x00,0x00,0x00,
  0x76,0xFF,0xFF,0xFF,0x35,0x00,0x00,0x00,0x00,0x00,0x0C,0xBE,0xC0,0xBA,0x5B,0x00,
  0x1A,0xF4,0xFF,0xFF,0xDD,0x29,0x00,0x00,0x00,0x12,0xB2,0xFF,0xFF,0xFF,0x35,0x00,
  0x00,0x66,0xFF,0xFF,0xFF,0xFC,0xBA,0x97,0xA6,0xEC,0xFF,0xFF,0xFF,0x9E,0x00,0x00,
  0x00,0x00,0x7C,0xFE,0xFF,0xFF,0xFF,0xFF,0xFF,0xFF,0xFF,0xFF,0xAD,0x07,0x00,0x00,
  0x00,0x00,0x00,0x45,0xC8,0xFF,0xFF,0xFF,0xFF,0xFF,0xCF,0x58,0x00,0x00,0x00,0x00,
  0x00,0x00,0x00,0x00,0x00,0x19,0x46,0x53,0x42,0x1C,0x00,0x00,0x00,0x00,0x00,0x00,
  0x00,0x00,0x00,0x00,0x00,0x01,0x08,0x08,0x07,0x00,0x00,0x00,0x00,0x00,0x00,0x00,
  0x00,0x00,0x00,0x00,0x00,0xA4,0xFF,0xFF,0xFF,0x5B,0x00,0x00,0x00,0x00,0x00,0x00,
  0x00,0x00,0x00,0x00,0x7A,0xFF,0xFF,0xF4,0xFF,0xF8,0x3A,0x00,0x00,0x00,0x00,0x00,
  0x00,0x00,0x00,0x50,0xFE,0xFF,0xC1,0x26,0xED,0xFF,0xEA,0x21,0x00,0x00,0x00,0x00,
  0x00,0x00,0x2F,0xF4,0xFF,0xE4,0x17,0x00,0x44,0xFC,0xFF,0xD5,0x0F,0x00,0x00,0x00,
  0x00,0x00,0x2D,0x44,0x44,0x20,0x00,0x00,0x00,0x32,0x44,0x44,0x1D,0x00,0x00,0x00,
  0x00,0x00,0x00,0x00,0x00,0x00,0x00,0x00,0x00,0x00,0x00,0x00,0x00,0x00,0x00,0x00,
  0x00,0x00,0x00,0x02,0x56,0xAB,0xD7,0xE2,0xCD,0x99,0x41,0x00,0x00,0x00,0x00,0x00,
  0x00,0x00,0x1A,0xC9,0xFF,0xFF,0xFF,0xFF,0xFF,0xFF,0xFF,0xB6,0x11,0x00,0x00,0x00,
  0x00,0x1B,0xE5,0xFF,0xFF,0xFF,0xFF,0xFF,0xFF,0xFF,0xFF,0xFF,0xD3,0x0C,0x00,0x00,
  0x00,0xB9,0xFF,0xFF,0xFE,0x8E,0x2A,0x0F,0x2F,0x9D,0xFF,0xFF,0xFF,0x9B,0x00,0x00,
  0x44,0xFF,0xFF,0xFF,0x72,0x00,0x00,0x00,0x00,0x00,0x8B,0xFF,0xFF,0xFB,0x20,0x00,
  0xA1,0xFF,0xFF,0xE6,0x02,0x00,0x00,0x00,0x00,0x00,0x0D,0xF7,0xFF,0xFF,0x71,0x00,
  0xDD,0xFF,0xFF,0xFF,0x5C,0x5C,0x5C,0x5C,0x5C,0x5C,0x5C,0xFF,0xFF,0xFF,0xAB,0x00,
  0xF7,0xFF,0xFF,0xFF,0xFF,0xFF,0xFF,0xFF,0xFF,0xFF,0xFF,0xFF,0xFF,0xFF,0xC2,0x04,
  0xFE,0xFF,0xFF,0xFF,0xFF,0xFF,0xFF,0xFF,0xFF,0xFF,0xFF,0xFF,0xFF,0xFF,0xCF,0x00,
  0xEB,0xFF,0xFF,0xD5,0x30,0x30,0x30,0x30,0x30,0x30,0x30,0x30,0x30,0x30,0x27,0x00,
  0xC8,0xFF,0xFF,0xCF,0x00,0x00,0x00,0x00,0x00,0x00,0x00,0x00,0x00,0x00,0x00,0x00,
  0x76,0xFF,0xFF,0xFF,0x35,0x00,0x00,0x00,0x00,0x00,0x0C,0xBE,0xC0,0xBA,0x5B,0x00,
  0x1A,0xF4,0xFF,0xFF,0xDD,0x29,0x00,0x00,0x00,0x12,0xB2,0xFF,0xFF,0xFF,0x35,0x00,
  0x00,0x66,0xFF,0xFF,0xFF,0xFC,0xBA,0x97,0xA6,0xEC,0xFF,0xFF,0xFF,0x9E,0x00,0x00,
  0x00,0x00,0x7C,0xFE,0xFF,0xFF,0xFF,0xFF,0xFF,0xFF,0xFF,0xFF,0xAD,0x07,0x00,0x00,
  0x00,0x00,0x00,0x45,0xC8,0xFF,0xFF,0xFF,0xFF,0xFF,0xCF,0x58,0x00,0x00,0x00,0x00,
  0x00,0x00,0x00,0x00,0x00,0x19,0x46,0x53,0x42,0x1C,0x00,0x00,0x00,0x00,0x00,0x00,
  0x00,0x00,0x00,0x00,0x05,0x00,0x00,0x00,0x00,0x00,0x05,0x00,0x00,0x00,0x00,0x00,
  0x00,0x00,0x41,0xE6,0xFB,0x94,0x00,0x00,0x0B,0xB9,0xFE,0xD0,0x1F,0x00,0x00,0x00,
  0x00,0x00,0xD4,0xFF,0xFF,0xFF,0x38,0x00,0x70,0xFF,0xFF,0xFF,0x9C,0x00,0x00,0x00,
  0x00,0x00,0xD6,0xFF,0xFF,0xFF,0x3A,0x00,0x72,0xFF,0xFF,0xFF,0x9D,0x00,0x00,0x00,
  0x00,0x00,0x48,0xEE,0xFE,0x9B,0x00,0x00,0x0E,0xC4,0xFF,0xD8,0x22,0x00,0x00,0x00,
  0x00,0x00,0x00,0x02,0x0A,0x00,0x00,0x00,0x00,0x00,0x0C,0x00,0x00,0x00,0x00,0x00,
  0x00,0x00,0x00,0x00,0x00,0x00,0x00,0x00,0x00,0x00,0x00,0x00,0x00,0x00,0x00,0x00,
  0x00,0x00,0x00,0x02,0x56,0xAB,0xD7,0xE2,0xCD,0x99,0x41,0x00,0x00,0x00,0x00,0x00,
  0x00,0x00,0x1A,0xC9,0xFF,0xFF,0xFF,0xFF,0xFF,0xFF,0xFF,0xB6,0x11,0x00,0x00,0x00,
  0x00,0x1B,0xE5,0xFF,0xFF,0xFF,0xFF,0xFF,0xFF,0xFF,0xFF,0xFF,0xD3,0x0C,0x00,0x00,
  0x00,0xB9,0xFF,0xFF,0xFE,0x8E,0x2A,0x0F,0x2F,0x9D,0xFF,0xFF,0xFF,0x9B,0x00,0x00,
  0x44,0xFF,0xFF,0xFF,0x72,0x00,0x00,0x00,0x00,0x00,0x8B,0xFF,0xFF,0xFB,0x20,0x00,
  0xA1,0xFF,0xFF,0xE6,0x02,0x00,0x00,0x00,0x00,0x00,0x0D,0xF7,0xFF,0xFF,0x71,0x00,
  0xDD,0xFF,0xFF,0xFF,0x5C,0x5C,0x5C,0x5C,0x5C,0x5C,0x5C,0xFF,0xFF,0xFF,0xAB,0x00,
  0xF7,0xFF,0xFF,0xFF,0xFF,0xFF,0xFF,0xFF,0xFF,0xFF,0xFF,0xFF,0xFF,0xFF,0xC2,0x04,
  0xFE,0xFF,0xFF,0xFF,0xFF,0xFF,0xFF,0xFF,0xFF,0xFF,0xFF,0xFF,0xFF,0xFF,0xCF,0x00,
  0xEB,0xFF,0xFF,0xD5,0x30,0x30,0x30,0x30,0x30,0x30,0x30,0x30,0x30,0x30,0x27,0x00,
  0xC8,0xFF,0xFF,0xCF,0x00,0x00,0x00,0x00,0x00,0x00,0x00,0x00,0x00,0x00,0x00,0x00,
  0x76,0xFF,0xFF,0xFF,0x35,0x00,0x00,0x00,0x00,0x00,0x0C,0xBE,0xC0,0xBA,0x5B,0x00,
  0x1A,0xF4,0xFF,0xFF,0xDD,0x29,0x00,0x00,0x00,0x12,0xB2,0xFF,0xFF,0xFF,0x35,0x00,
  0x00,0x66,0xFF,0xFF,0xFF,0xFC,0xBA,0x97,0xA6,0xEC,0xFF,0xFF,0xFF,0x9E,0x00,0x00,
  0x00,0x00,0x7C,0xFE,0xFF,0xFF,0xFF,0xFF,0xFF,0xFF,0xFF,0xFF,0xAD,0x07,0x00,0x00,
  0x00,0x00,0x00,0x45,0xC8,0xFF,0xFF,0xFF,0xFF,0xFF,0xCF,0x58,0x00,0x00,0x00,0x00,
  0x00,0x00,0x00,0x00,0x00,0x19,0x46,0x53,0x42,0x1C,0x00,0x00,0x00,0x00,0x00,0x00,
  0x00,0x00,0x00,0x08,0x08,0x08,0x00,0x00,0x00,0x00,0x00,0x00,0x00,0x7D,0xFF,0xFF,
  0xFF,0x82,0x00,0x00,0x00,0x00,0x00,0x53,0xFE,0xFF,0xF4,0xFF,0xFF,0x5B,0x00,0x00,
  0x00,0x31,0xF5,0xFF,0xDD,0x1F,0xD8,0xFF,0xF8,0x3B,0x00,0x18,0xE3,0xFF,0xF5,0x2E,
  0x00,0x28,0xF1,0xFF,0xEA,0x21,0x22,0x44,0x44,0x2B,0x00,0x00,0x00,0x28,0x44,0x44,
  0x27,0x00,0x00,0x00,0x00,0x00,0x00,0x00,0x00,0x00,0x00,0x00,0x00,0x00,0x00,0x2F,
  0x90,0x90,0x90,0x38,0x00,0x00,0x00,0x00,0x00,0x00,0x54,0xFF,0xFF,0xFF,0x64,0x00,
  0x00,0x00,0x00,0x00,0x00,0x54,0xFF,0xFF,0xFF,0x64,0x00,0x00,0x00,0x00,0x00,0x00,
  0x54,0xFF,0xFF,0xFF,0x64,0x00,0x00,0x00,0x00,0x00,0x00,0x54,0xFF,0xFF,0xFF,0x64,
  0x00,0x00,0x00,0x00,0x00,0x00,0x54,0xFF,0xFF,0xFF,0x64,0x00,0x00,0x00,0x00,0x00,
  0x00,0x54,0xFF,0xFF,0xFF,0x64,0x00,0x00,0x00,0x00,0x00,0x00,0x54,0xFF,0xFF,0xFF,
  0x64,0x00,0x00,0x00,0x00,0x00,0x00,0x54,0xFF,0xFF,0xFF,0x64,0x00,0x00,0x00,0x00,
  0x00,0x00,0x54,0xFF,0xFF,0xFF,0x64,0x00,0x00,0x00,0x00,0x00,0x00,0x54,0xFF,0xFF,
  0xFF,0x64,0x00,0x00,0x00,0x00,0x00,0x00,0x54,0xFF,0xFF,0xFF,0x64,0x00,0x00,0x00,
  0x00,0x00,0x00,0x54,0xFF,0xFF,0xFF,0x64,0x00,0x00,0x00,0x00,0x00,0x00,0x54,0xFF,
  0xFF,0xFF,0x64,0x00,0x00,0x00,0x00,0x00,0x00,0x54,0xFF,0xFF,0xFF,0x64,0x00,0x00,
  0x00,0x00,0x00,0x00,0x54,0xFF,0xFF,0xFF,0x64,0x00,0x00,0x00,0x00,0x00,0x05,0x00,
  0x00,0x00,0x00,0x00,0x05,0x00,0x00,0x28,0xD7,0xFD,0xB2,0x07,0x00,0x01,0x9E,0xFC,
  0xE1,0x36,0xAC,0xFF,0xFF,0xFF,0x60,0x00,0x48,0xFF,0xFF,0xFF,0xC4,0xAE,0xFF,0xFF,
  0xFF,0x62,0x00,0x4A,0xFF,0xFF,0xFF,0xC5,0x2E,0xE0,0xFF,0xBA,0x08,0x00,0x02,0xA9,
  0xFF,0xE8,0x3B,0x00,0x00,0x0C,0x00,0x00,0x00,0x00,0x00,0x0B,0x01,0x00,0x00,0x00,
  0x00,0x00,0x00,0x00,0x00,0x00,0x00,0x00,0x00,0x00,0x00,0x00,0x2F,0x90,0x90,0x90,
  0x38,0x00,0x00,0x00,0x00,0x00,0x00,0x54,0xFF,0xFF,0xFF,0x64,0x00,0x00,0x00,0x00,
  0x00,0x00,0x54,0xFF,0xFF,0xFF,0x64,0x00,0x00,0x00,0x00,0x00,0x00,0x54,0xFF,0xFF,
  0xFF,0x64,0x00,0x00,0x00,0x00,0x00,0x00,0x54,0xFF,0xFF,0xFF,0x64,0x00,0x00,0x00,
  0x00,0x00,0x00,0x54,0xFF,0xFF,0xFF,0x64,0x00,0x00,0x00,0x00,0x00,0x00,0x54,0xFF,
  0xFF,0xFF,0x64,0x00,0x00,0x00,0x00,0x00,0x00,0x54,0xFF,0xFF,0xFF,0x64,0x00,0x00,
  0x00,0x00,0x00,0x00,0x54,0xFF,0xFF,0xFF,0x64,0x00,0x00,0x00,0x00,0x00,0x00,0x54,
  0xFF,0xFF,0xFF,0x64,0x00,0x00,0x00,0x00,0x00,0x00,0x54,0xFF,0xFF,0xFF,0x64,0x00,
  0x00,0x00,0x00,0x00,0x00,0x54,0xFF,0xFF,0xFF,0x64,0x00,0x00,0x00,0x00,0x00,0x00,
  0x54,0xFF,0xFF,0xFF,0x64,0x00,0x00,0x00,0x00,0x00,0x00,0x54,0xFF,0xFF,0xFF,0x64,
  0x00,0x00,0x00,0x00,0x00,0x00,0x54,0xFF,0xFF,0xFF,0x64,0x00,0x00,0x00,0x00,0x00,
  0x00,0x54,0xFF,0xFF,0xFF,0x64,0x00,0x00,0x00,0x00,0x00,0x00,0x00,0x00,0x00,0x00,
  0x07,0x08,0x08,0x01,0x00,0x00,0x00,0x00,0x00,0x00,0x00,0x00,0x00,0x00,0x00,0x00,
  0x69,0xFF,0xFF,0xFF,0x96,0x00,0x00,0x00,0x00,0x00,0x00,0x00,0x00,0x00,0x00,0x00,
  0x42,0xFB,0xFF,0xF4,0xFF,0xFF,0x6F,0x00,0x00,0x00,0x00,0x00,0x00,0x00,0x00,0x00,
  0x24,0xED,0xFF,0xE8,0x22,0xCA,0xFF,0xFC,0x4A,0x00,0x00,0x00,0x00,0x00,0x00,0x00,
  0x0F,0xD7,0xFF,0xFA,0x3D,0x00,0x1C,0xE9,0xFF,0xF2,0x2D,0x00,0x00,0x00,0x00,0x00,
  0x00,0x1D,0x44,0x44,0x30,0x00,0x00,0x00,0x22,0x44,0x44,0x2D,0x00,0x00,0x00,0x00,
  0x00,0x00,0x00,0x00,0x00,0x00,0x00,0x00,0x00,0x00,0x00,0x00,0x00,0x00,0x00,0x00,
  0x00,0x00,0x00,0x00,0x01,0x4E,0xA3,0xD2,0xE3,0xD8,0xB0,0x64,0x08,0x00,0x00,0x00,
  0x00,0x00,0x00,0x00,0x19,0xC4,0xFF,0xFF,0xFF,0xFF,0xFF,0xFF,0xFF,0xE1,0x33,0x00,
  0x00,0x00,0x00,0x00,0x1C,0xE5,0xFF,0xFF,0xFF,0xFF,0xFF,0xFF,0xFF,0xFF,0xFF,0xF7,
  0x40,0x00,0x00,0x00,0x01,0xBE,0xFF,0xFF,0xFF,0xD7,0x62,0x39,0x53,0xBC,0xFF,0xFF,
  0xFF,0xE3,0x11,0x00,0x00,0x48,0xFF,0xFF,0xFF,0xCE,0x0D,0x00,0x00,0x00,0x01,0xA4,
  0xFF,0xFF,0xFF,0x7C,0x00,0x00,0xA4,0xFF,0xFF,0xFF,0x3F,0x00,0x00,0x00,0x00,0x00,
  0x13,0xF5,0xFF,0xFF,0xD9,0x00,0x00,0xDE,0xFF,0xFF,0xEA,0x01,0x00,0x00,0x00,0x00,
  0x00,0x00,0xB2,0xFF,0xFF,0xFF,0x14,0x00,0xF7,0xFF,0xFF,0xC6,0x00,0x00,0x00,0x00,
  0x00,0x00,0x00,0x8C,0xFF,0xFF,0xFF,0x2F,0x04,0xFE,0xFF,0xFF,0xBE,0x00,0x00,0x00,
  0x00,0x00,0x00,0x00,0x83,0xFF,0xFF,0xFF,0x3B,0x00,0xEA,0xFF,0xFF,0xD4,0x00,0x00,
  0x00,0x00,0x00,0x00,0x00,0x9A,0xFF,0xFF,0xFF,0x21,0x00,0xC7,0xFF,0xFF,0xFD,0x14,
  0x00,0x00,0x00,0x00,0x00,0x00,0xD9,0xFF,0xFF,0xF7,0x06,0x00,0x73,0xFF,0xFF,0xFF,
  0x86,0x00,0x00,0x00,0x00,0x00,0x4F,0xFF,0xFF,0xFF,0xA8,0x00,0x00,0x18,0xF2,0xFF,
  0xFF,0xFD,0x6D,0x03,0x00,0x00,0x46,0xEF,0xFF,0xFF,0xFF,0x3F,0x00,0x00,0x00,0x5F,
  0xFF,0xFF,0xFF,0xFF,0xE9,0xC4,0xDD,0xFF,0xFF,0xFF,0xFF,0x94,0x00,0x00,0x00,0x00,
  0x00,0x75,0xFC,0xFF,0xFF,0xFF,0xFF,0xFF,0xFF,0xFF,0xFF,0xA1,0x07,0x00,0x00,0x00,
  0x00,0x00,0x00,0x3E,0xC1,0xFE,0xFF,0xFF,0xFF,0xFF,0xD7,0x5E,0x00,0x00,0x00,0x00,
  0x00,0x00,0x00,0x00,0x00,0x00,0x16,0x44,0x54,0x4A,0x22,0x00,0x00,0x00,0x00,0x00,
  0x00,0x00,0x00,0x00,0x00,0x00,0x05,0x00,0x00,0x00,0x00,0x00,0x04,0x00,0x00,0x00,
  0x00,0x00,0x00,0x00,0x00,0x1F,0xD0,0xFE,0xBC,0x0C,0x00,0x00,0x90,0xFA,0xE7,0x41,
  0x00,0x00,0x00,0x00,0x00,0x00,0x9C,0xFF,0xFF,0xFF,0x70,0x00,0x38,0xFF,0xFF,0xFF,
  0xD4,0x00,0x00,0x00,0x00,0x00,0x00,0x9E,0xFF,0xFF,0xFF,0x72,0x00,0x3A,0xFF,0xFF,
  0xFF,0xD5,0x00,0x00,0x00,0x00,0x00,0x00,0x24,0xDA,0xFF,0xC4,0x0E,0x00,0x00,0x9C,
  0xFE,0xED,0x46,0x00,0x00,0x00,0x00,0x00,0x00,0x00,0x00,0x0C,0x00,0x00,0x00,0x00,
  0x00,0x0A,0x02,0x00,0x00,0x00,0x00,0x00,0x00,0x00,0x00,0x00,0x00,0x00,0x00,0x00,
  0x00,0x00,0x00,0x00,0x00,0x00,0x00,0x00,0x00,0x00,0x00,0x00,0x01,0x4E,0xA3,0xD2,
  0xE3,0xD8,0xB0,0x64,0x08,0x00,0x00,0x00,0x00,0x00,0x00,0x00,0x19,0xC4,0xFF,0xFF,
  0xFF,0xFF,0xFF,0xFF,0xFF,0xE1,0x33,0x00,0x00,0x00,0x00,0x00,0x1C,0xE5,0xFF,0xFF,
  0xFF,0xFF,0xFF,0xFF,0xFF,0xFF,0xFF,0xF7,0x40,0x00,0x00,0x00,0x01,0xBE,0xFF,0xFF,
  0xFF,0xD7,0x62,0x39,0x53,0xBC,0xFF,0xFF,0xFF,0xE3,0x11,0x00,0x00,0x48,0xFF,0xFF,
  0xFF,0xCE,0x0D,0x00,0x00,0x00,0x01,0xA4,0xFF,0xFF,0xFF,0x7C,0x00,0x00,0xA4,0xFF,
  0xFF,0xFF,0x3F,0x00,0x00,0x00,0x00,0x00,0x13,0xF5,0xFF,0xFF,0xD9,0x00,0x00,0xDE,
  0xFF,0xFF,0xEA,0x01,0x00,0x00,0x00,0x00,0x00,0x00,0xB2,0xFF,0xFF,0xFF,0x14,0x00,
  0xF7,0xFF,0xFF,0xC6,0x00,0x00,0x00,0x00,0x00,0x00,0x00,0x8C,0xFF,0xFF,0xFF,0x2F,
  0x04,0xFE,0xFF,0xFF,0xBE,0x00,0x00,0x00,0x00,0x00,0x00,0x00,0x83,0xFF,0xFF,0xFF,
  0x3B,0x00,0xEA,0xFF,0xFF,0xD4,0x00,0x00,0x00,0x00,0x00,0x00,0x00,0x9A,0xFF,0xFF,
  0xFF,0x21,0x00,0xC7,0xFF,0xFF,0xFD,0x14,0x00,0x00,0x00,0x00,0x00,0x00,0xD9,0xFF,
  0xFF,0xF7,0x06,0x00,0x73,0xFF,0xFF,0xFF,0x86,0x00,0x00,0x00,0x00,0x00,0x4F,0xFF,
  0xFF,0xFF,0xA8,0x00,0x00,0x18,0xF2,0xFF,0xFF,0xFD,0x6D,0x03,0x00,0x00,0x46,0xEF,
  0xFF,0xFF,0xFF,0x3F,0x00,0x00,0x00,0x5F,0xFF,0xFF,0xFF,0xFF,0xE9,0xC4,0xDD,0xFF,
  0xFF,0xFF,0xFF,0x94,0x00,0x00,0x00,0x00,0x00,0x75,0xFC,0xFF,0xFF,0xFF,0xFF,0xFF,
  0xFF,0xFF,0xFF,0xA1,0x07,0x00,0x00,0x00,0x00,0x00,0x00,0x3E,0xC1,0xFE,0xFF,0xFF,
  0xFF,0xFF,0xD7,0x5E,0x00,0x00,0x00,0x00,0x00,0x00,0x00,0x00,0x00,0x00,0x16,0x44,
  0x54,0x4A,0x22,0x00,0x00,0x00,0x00,0x00,0x00,0x00,0x00,0x00,0x07,0x08,0x08,0x06,
  0x00,0x00,0x00,0x00,0x00,0x00,0x00,0x00,0x00,0x00,0x00,0x8B,0xFF,0xFF,0xF8,0x1D,
  0x00,0x00,0x00,0x00,0x00,0x00,0x00,0x00,0x00,0x00,0x05,0xC7,0xFF,0xFF,0x9B,0x00,
  0x00,0x00,0x00,0x00,0x00,0x00,0x00,0x00,0x00,0x00,0x1F,0xEE,0xFF,0xFB,0x24,0x00,
  0x00,0x00,0x00,0x00,0x00,0x00,0x00,0x00,0x00,0x00,0x50,0xFF,0xFF,0xA4,0x00,0x00,
  0x00,0x00,0x00,0x00,0x00,0x00,0x00,0x00,0x00,0x00,0x5E,0x7C,0x79,0x06,0x00,0x00,
  0x00,0x00,0x00,0x00,0x00,0x00,0x00,0x00,0x00,0x00,0x00,0x00,0x00,0x00,0x00,0x00,
  0x00,0x00,0x2F,0x90,0x90,0x90,0x38,0x00,0x00,0x00,0x00,0x00,0x0B,0x90,0x90,0x90,
  0x5A,0x54,0xFF,0xFF,0xFF,0x64,0x00,0x00,0x00,0x00,0x00,0x14,0xFF,0xFF,0xFF,0xA0,
  0x54,0xFF,0xFF,0xFF,0x64,0x00,0x00,0x00,0x00,0x00,0x14,0xFF,0xFF,0xFF,0xA0,0x54,
  0xFF,0xFF,0xFF,0x64,0x00,0x00,0x00,0x00,0x00,0x14,0xFF,0xFF,0xFF,0xA0,0x54,0xFF,
  0xFF,0xFF,0x64,0x00,0x00,0x00,0x00,0x00,0x14,0xFF,0xFF,0xFF,0xA0,0x54,0xFF,0xFF,
  0xFF,0x64,0x00,0x00,0x00,0x00,0x00,0x14,0xFF,0xFF,0xFF,0xA0,0x54,0xFF,0xFF,0xFF,
  0x64,0x00,0x00,0x00,0x00,0x00,0x14,0xFF,0xFF,0xFF,0xA0,0x54,0xFF,0xFF,0xFF,0x64,
  0x00,0x00,0x00,0x00,0x00,0x14,0xFF,0xFF,0xFF,0xA0,0x54,0xFF,0xFF,0xFF,0x64,0x00,
  0x00,0x00,0x00,0x00,0x14,0xFF,0xFF,0xFF,0xA0,0x54,0xFF,0xFF,0xFF,0x66,0x00,0x00,
  0x00,0x00,0x00,0x1A,0xFF,0xFF,0xFF,0xA0,0x4B,0xFF,0xFF,0xFF,0x84,0x00,0x00,0x00,
  0x00,0x00,0x3B,0xFF,0xFF,0xFF,0xA0,0x34,0xFF,0xFF,0xFF,0xD3,0x03,0x00,0x00,0x00,
  0x00,0x9E,0xFF,0xFF,0xFF,0xA0,0x08,0xF2,0xFF,0xFF,0xFF,0xA6,0x1E,0x00,0x15,0x88,
  0xFF,0xFF,0xFF,0xFF,0xA0,0x00,0x98,0xFF,0xFF,0xFF,0xFF,0xFF,0xF8,0xFF,0xFF,0xEC,
  0xFF,0xFF,0xFF,0xA0,0x00,0x10,0xDC,0xFF,0xFF,0xFF,0xFF,0xFF,0xFF,0xF7,0x40,0xFF,
  0xFF,0xFF,0xA0,0x00,0x00,0x13,0xA4,0xF9,0xFF,0xFF,0xFF,0xD5,0x3F,0x01,0xFF,0xFF,
  0xFF,0xA0,0x00,0x00,0x00,0x00,0x10,0x38,0x45,0x26,0x00,0x00,0x00,0x00,0x00,0x00,
  0x00,0x00,0x00,0x00,0x00,0x00,0x00,0x07,0x08,0x08,0x01,0x00,0x00,0x00,0x00,0x00,
  0x00,0x00,0x00,0x00,0x00,0x61,0xFF,0xFF,0xFF,0x9E,0x00,0x00,0x00,0x00,0x00,0x00,
  0x00,0x00,0x00,0x3C,0xF9,0xFF,0xF4,0xFF,0xFF,0x77,0x00,0x00,0x00,0x00,0x00,0x00,
  0x00,0x20,0xEA,0xFF,0xEB,0x24,0xC4,0xFF,0xFE,0x51,0x00,0x00,0x00,0x00,0x00,0x0D,
  0xD2,0xFF,0xFC,0x43,0x00,0x18,0xE5,0xFF,0xF5,0x33,0x00,0x00,0x00,0x00,0x1B,0x44,
  0x44,0x32,0x00,0x00,0x00,0x20,0x44,0x44,0x2F,0x00,0x00,0x00,0x00,0x00,0x00,0x00,
  0x00,0x00,0x00,0x00,0x00,0x00,0x00,0x00,0x00,0x00,0x2F,0x90,0x90,0x90,0x38,0x00,
  0x00,0x00,0x00,0x00,0x0B,0x90,0x90,0x90,0x5A,0x54,0xFF,0xFF,0xFF,0x64,0x00,0x00,
  0x00,0x00,0x00,0x14,0xFF,0xFF,0xFF,0xA0,0x54,0xFF,0xFF,0xFF,0x64,0x00,0x00,0x00,
  0x00,0x00,0x14,0xFF,0xFF,0xFF,0xA0,0x54,0xFF,0xFF,0xFF,0x64,0x00,0x00,0x00,0x00,
  0x00,0x14,0xFF,0xFF,0xFF,0xA0,0x54,0xFF,0xFF,0xFF,0x64,0x00,0x00,0x00,0x00,0x00,
  0x14,0xFF,0xFF,0xFF,0xA0,0x54,0xFF,0xFF,0xFF,0x64,0x00,0x00,0x00,0x00,0x00,0x14,
  0xFF,0xFF,0xFF,0xA0,0x54,0xFF,0xFF,0xFF,0x64,0x00,0x00,0x00,0x00,0x00,0x14,0xFF,
  0xFF,0xFF,0xA0,0x54,0xFF,0xFF,0xFF,0x64,0x00,0x00,0x00,0x00,0x00,0x14,0xFF,0xFF,
  0xFF,0xA0,0x54,0xFF,0xFF,0xFF,0x64,0x00,0x00,0x00,0x00,0x00,0x14,0xFF,0xFF,0xFF,
  0xA0,0x54,0xFF,0xFF,0xFF,0x66,0x00,0x00,0x00,0x00,0x00,0x1A,0xFF,0xFF,0xFF,0xA0,
  0x4B,0xFF,0xFF,0xFF,0x84,0x00,0x00,0x00,0x00,0x00,0x3B,0xFF,0xFF,0xFF,0xA0,0x34,
  0xFF,0xFF,0xFF,0xD3,0x03,0x00,0x00,0x00,0x00,0x9E,0xFF,0xFF,0xFF,0xA0,0x08,0xF2,
  0xFF,0xFF,0xFF,0xA6,0x1E,0x00,0x15,0x88,0xFF,0xFF,0xFF,0xFF,0xA0,0x00,0x98,0xFF,
  0xFF,0xFF,0xFF,0xFF,0xF8,0xFF,0xFF,0xEC,0xFF,0xFF,0xFF,0xA0,0x00,0x10,0xDC,0xFF,
  0xFF,0xFF,0xFF,0xFF,0xFF,0xF7,0x40,0xFF,0xFF,0xFF,0xA0,0x00,0x00,0x13,0xA4,0xF9,
  0xFF,0xFF,0xFF,0xD5,0x3F,0x01,0xFF,0xFF,0xFF,0xA0,0x00,0x00,0x00,0x00,0x10,0x38,
  0x45,0x26,0x00,0x00,0x00,0x00,0x00,0x00,0x00,0x00,0x00,0x00,0x00,0x05,0x00,0x00,
  0x00,0x00,0x00,0x04,0x00,0x00,0x00,0x00,0x00,0x00,0x19,0xCA,0xFE,0xC3,0x11,0x00,
  0x00,0x86,0xF9,0xEA,0x49,0x00,0x00,0x00,0x00,0x90,0xFF,0xFF,0xFF,0x7C,0x00,0x2C,
  0xFF,0xFF,0xFF,0xE0,0x00,0x00,0x00,0x00,0x92,0xFF,0xFF,0xFF,0x7E,0x00,0x2E,0xFF,
  0xFF,0xFF,0xE1,0x00,0x00,0x00,0x00,0x1E,0xD5,0xFF,0xCB,0x13,0x00,0x00,0x91,0xFD,
  0xF0,0x4E,0x00,0x00,0x00,0x00,0x00,0x00,0x0C,0x00,0x00,0x00,0x00,0x00,0x09,0x03,
  0x00,0x00,0x00,0x00,0x00,0x00,0x00,0x00,0x00,0x00,0x00,0x00,0x00,0x00,0x00,0x00,
  0x00,0x00,0x2F,0x90,0x90,0x90,0x38,0x00,0x00,0x00,0x00,0x00,0x0B,0x90,0x90,0x90,
  0x5A,0x54,0xFF,0xFF,0xFF,0x64,0x00,0x00,0x00,0x00,0x00,0x14,0xFF,0xFF,0xFF,0xA0,
  0x54,0xFF,0xFF,0xFF,0x64,0x00,0x00,0x00,0x00,0x00,0x14,0xFF,0xFF,0xFF,0xA0,0x54,
  0xFF,0xFF,0xFF,0x64,0x00,0x00,0x00,0x00,0x00,0x14,0xFF,0xFF,0xFF,0xA0,0x54,0xFF,
  0xFF,0xFF,0x64,0x00,0x00,0x00,0x00,0x00,0x14,0xFF,0xFF,0xFF,0xA0,0x54,0xFF,0xFF,
  0xFF,0x64,0x00,0x00,0x00,0x00,0x00,0x14,0xFF,0xFF,0xFF,0xA0,0x54,0xFF,0xFF,0xFF,
  0x64,0x00,0x00,0x00,0x00,0x00,0x14,0xFF,0xFF,0xFF,0xA0,0x54,0xFF,0xFF,0xFF,0x64,
  0x00,0x00,0x00,0x00,0x00,0x14,0xFF,0xFF,0xFF,0xA0,0x54,0xFF,0xFF,0xFF,0x64,0x00,
  0x00,0x00,0x00,0x00,0x14,0xFF,0xFF,0xFF,0xA0,0x54,0xFF,0xFF,0xFF,0x66,0x00,0x00,
  0x00,0x00,0x00,0x1A,0xFF,0xFF,0xFF,0xA0,0x4B,0xFF,0xFF,0xFF,0x84,0x00,0x00,0x00,
  0x00,0x00,0x3B,0xFF,0xFF,0xFF,0xA0,0x34,0xFF,0xFF,0xFF,0xD3,0x03,0x00,0x00,0x00,
  0x00,0x9E,0xFF,0xFF,0xFF,0xA0,0x08,0xF2,0xFF,0xFF,0xFF,0xA6,0x1E,0x00,0x15,0x88,
  0xFF,0xFF,0xFF,0xFF,0xA0,0x00,0x98,0xFF,0xFF,0xFF,0xFF,0xFF,0xF8,0xFF,0xFF,0xEC,
  0xFF,0xFF,0xFF,0xA0,0x00,0x10,0xDC,0xFF,0xFF,0xFF,0xFF,0xFF,0xFF,0xF7,0x40,0xFF,
  0xFF,0xFF,0xA0,0x00,0x00,0x13,0xA4,0xF9,0xFF,0xFF,0xFF,0xD5,0x3F,0x01,0xFF,0xFF,
  0xFF,0xA0,0x00,0x00,0x00,0x00,0x10,0x38,0x45,0x26,0x00,0x00,0x00,0x00,0x00,0x00,
  0x00,0x00,0x00,0x00,0x00,0x04,0x00,0x00,0x00,0x00,0x00,0x00,0x05,0x00,0x00,0x00,
  0x00,0x00,0x00,0x00,0x00,0x86,0xF9,0xEB,0x4B,0x00,0x00,0x39,0xE2,0xFC,0x9B,0x01,
  0x00,0x00,0x00,0x00,0x00,0x2C,0xFF,0xFF,0xFF,0xE0,0x00,0x00,0xC8,0xFF,0xFF,0xFF,
  0x44,0x00,0x00,0x00,0x00,0x00,0x2E,0xFF,0xFF,0xFF,0xE2,0x00,0x00,0xCA,0xFF,0xFF,
  0xFF,0x45,0x00,0x00,0x00,0x00,0x00,0x00,0x91,0xFD,0xF1,0x51,0x00,0x00,0x40,0xEA,
  0xFE,0xA3,0x01,0x00,0x00,0x00,0x00,0x00,0x00,0x00,0x09,0x03,0x00,0x00,0x00,0x00,
  0x02,0x0A,0x00,0x00,0x00,0x00,0x00,0x00,0x00,0x00,0x00,0x00,0x00,0x00,0x00,0x00,
  0x00,0x00,0x00,0x00,0x00,0x00,0x00,0x00,0x55,0x90,0x90,0x90,0x2F,0x00,0x00,0x00,
  0x00,0x00,0x00,0x00,0x85,0x90,0x90,0x88,0x01,0x4B,0xFF,0xFF,0xFF,0x9B,0x00,0x00,
  0x00,0x00,0x00,0x00,0x34,0xFF,0xFF,0xFF,0xA7,0x00,0x03,0xE5,0xFF,0xFF,0xEE,0x06,
  0x00,0x00,0x00,0x00,0x00,0x8D,0xFF,0xFF,0xFF,0x45,0x00,0x00,0x85,0xFF,0xFF,0xFF,
  0x4E,0x00,0x00,0x00,0x00,0x02,0xE4,0xFF,0xFF,0xE0,0x02,0x00,0x00,0x23,0xFE,0xFF,
  0xFF,0xA8,0x00,0x00,0x00,0x00,0x41,0xFF,0xFF,0xFF,0x80,0x00,0x00,0x00,0x00,0xC0,
  0xFF,0xFF,0xF5,0x0C,0x00,0x00,0x00,0x9B,0xFF,0xFF,0xFE,0x1F,0x00,0x00,0x00,0x00,
  0x5D,0xFF,0xFF,0xFF,0x5B,0x00,0x00,0x06,0xEE,0xFF,0xFF,0xBB,0x00,0x00,0x00,0x00,
  0x00,0x09,0xF0,0xFF,0xFF,0xB5,0x00,0x00,0x4E,0xFF,0xFF,0xFF,0x59,0x00,0x00,0x00,
  0x00,0x00,0x00,0x97,0xFF,0xFF,0xFB,0x13,0x00,0xA7,0xFF,0xFF,0xEF,0x08,0x00,0x00,
  0x00,0x00,0x00,0x00,0x34,0xFF,0xFF,0xFF,0x60,0x07,0xF2,0xFF,0xFF,0x94,0x00,0x00,
  0x00,0x00,0x00,0x00,0x00,0x00,0xD1,0xFF,0xFF,0xB1,0x4D,0xFF,0xFF,0xFF,0x32,0x00,
  0x00,0x00,0x00,0x00,0x00,0x00,0x00,0x6F,0xFF,0xFF,0xF7,0xA8,0xFF,0xFF,0xD0,0x00,
  0x00,0x00,0x00,0x00,0x00,0x00,0x00,0x00,0x13,0xF8,0xFF,0xFF,0xFF,0xFF,0xFF,0x6D,
  0x00,0x00,0x00,0x00,0x00,0x00,0x00,0x00,0x00,0x00,0xA9,0xFF,0xFF,0xFF,0xFF,0xF8,
  0x12,0x00,0x00,0x00,0x00,0x00,0x00,0x00,0x00,0x00,0x00,0x46,0xFF,0xFF,0xFF,0xFF,
  0xA9,0x00,0x00,0x00,0x00,0x00,0x00,0x00,0x00,0x00,0x00,0x00,0x02,0xE1,0xFF,0xFF,
  0xFF,0x46,0x00,0x00,0x00,0x00,0x00,0x00,0x00,0x00,0x00,0x00,0x00,0x04,0xE8,0xFF,
  0xFF,0xE2,0x02,0x00,0x00,0x00,0x00,0x00,0x00,0x00,0x00,0x00,0x00,0x00,0x51,0xFF,
  0xFF,0xFF,0x82,0x00,0x00,0x00,0x00,0x00,0x00,0x00,0x00,0x00,0x00,0x00,0x14,0xD2,
  0xFF,0xFF,0xFC,0x20,0x00,0x00,0x00,0x00,0x00,0x00,0x00,0x00,0x00,0xE6,0xE9,0xFD,
  0xFF,0xFF,0xFF,0xA7,0x00,0x00,0x00,0x00,0x00,0x00,0x00,0x00,0x00,0x08,0xFF,0xFF,
  0xFF,0xFF,0xFF,0xE2,0x18,0x00,0x00,0x00,0x00,0x00,0x00,0x00,0x00,0x00,0x10,0xFF,
  0xFF,0xFF,0xF8,0xAA,0x1C,0x00,0x00,0x00,0x00,0x00,0x00,0x00,0x00,0x00,0x00,0x01,
  0x1C,0x21,0x1E,0x07,0x00,0x00,0x00,0x00,0x00,0x00,0x00,0x00,0x00,0x00,0x00,0x00,
  0x00,0x00,0x00,0x00,0x00,0x2A,0x77,0xA8,0xC5,0xD1,0xD4,0xD4,0xFF,0xFF,0xFF,0xD4,
  0xD4,0xD4,0xD4,0xD4,0xD4,0xD4,0xD4,0xD4,0xD4,0xD4,0xD4,0x4C,0x00,0x00,0x00,0x00,
  0x32,0xBD,0xFF,0xFF,0xFF,0xFF,0xFF,0xFF,0xFF,0xFF,0xFF,0xFF,0xFF,0xFF,0xFF,0xFF,
  0xFF,0xFF,0xFF,0xFF,0xFF,0xFF,0xFF,0xFF,0x5C,0x00,0x00,0x00,0x6E,0xFB,0xFF,0xFF,
  0xFF,0xFF,0xFF,0xFF,0xFF,0xFF,0xFF,0xFF,0xFF,0xFF,0xFF,0xFF,0xFF,0xFF,0xFF,0xFF,
  0xFF,0xFF,0xFF,0xFF,0xFF,0x5C,0x00,0x00,0x6B,0xFF,0xFF,0xFF,0xFF,0xFF,0xD1,0xA4,
  0x88,0x80,0x80,0xFF,0xFF,0xFF,0xFF,0x9B,0x84,0x84,0x84,0x84,0x84,0x84,0x84,0x84,
  0x84,0x84,0x2F,0x00,0x2D,0xFB,0xFF,0xFF,0xFF,0xC5,0x32,0x00,0x00,0x00,0x00,0x00,
  0xB4,0xFF,0xFF,0xFF,0x30,0x00,0x00,0x00,0x00,0x00,0x00,0x00,0x00,0x00,0x00,0x00,
  0x00,0xB8,0xFF,0xFF,0xFF,0xB1,0x06,0x00,0x00,0x00,0x00,0x00,0x00,0xB4,0xFF,0xFF,
  0xFF,0x30,0x00,0x00,0x00,0x00,0x00,0x00,0x00,0x00,0x00,0x00,0x00,0x26,0xFF,0xFF,
  0xFF,0xED,0x16,0x00,0x00,0x00,0x00,0x00,0x00,0x00,0xB4,0xFF,0xFF,0xFF,0x30,0x00,
  0x00,0x00,0x00,0x00,0x00,0x00,0x00,0x00,0x00,0x00,0x73,0xFF,0xFF,0xFF,0x8D,0x00,
  0x00,0x00,0x00,0x00,0x00,0x00,0x00,0xB4,0xFF,0xFF,0xFF,0x30,0x00,0x00,0x00,0x00,
  0x00,0x00,0x00,0x00,0x00,0x00,0x00,0xAA,0xFF,0xFF,0xFF,0x3F,0x00,0x00,0x00,0x00,
  0x00,0x00,0x00,0x00,0xB4,0xFF,0xFF,0xFF,0x30,0x00,0x00,0x00,0x00,0x00,0x00,0x00,
  0x00,0x00,0x00,0x00,0xCE,0xFF,0xFF,0xFF,0x16,0x00,0x00,0x00,0x00,0x00,0x00,0x00,
  0x00,0xB4,0xFF,0xFF,0xFF,0xC5,0xB8,0xB8,0xB8,0xB8,0xB8,0xB8,0xB8,0xB8,0xB8,0x61,
  0x00,0xDD,0xFF,0xFF,0xFD,0x02,0x00,0x00,0x00,0x00,0x00,0x00,0x00,0x00,0xB4,0xFF,
  0xFF,0xFF,0xFF,0xFF,0xFF,0xFF,0xFF,0xFF,0xFF,0xFF,0xFF,0xFF,0x88,0x00,0xDE,0xFF,
  0xFF,0xFB,0x01,0x00,0x00,0x00,0x00,0x00,0x00,0x00,0x00,0xB4,0xFF,0xFF,0xFF,0xFF,
  0xFF,0xFF,0xFF,0xFF,0xFF,0xFF,0xFF,0xFF,0xFF,0x88,0x00,0xD1,0xFF,0xFF,0xFF,0x13,
  0x00,0x00,0x00,0x00,0x00,0x00,0x00,0x00,0xB4,0xFF,0xFF,0xFF,0xA8,0x94,0x94,0x94,
  0x94,0x94,0x94,0x94,0x94,0x94,0x4E,0x00,0xB0,0xFF,0xFF,0xFF,0x36,0x00,0x00,0x00,
  0x00,0x00,0x00,0x00,0x00,0xB4,0xFF,0xFF,0xFF,0x30,0x00,0x00,0x00,0x00,0x00,0x00,
  0x00,0x00,0x00,0x00,0x00,0x7D,0xFF,0xFF,0xFF,0x82,0x00,0x00,0x00,0x00,0x00,0x00,
  0x00,0x00,0xB4,0xFF,0xFF,0xFF,0x30,0x00,0x00,0x00,0x00,0x00,0x00,0x00,0x00,0x00,
  0x00,0x00,0x33,0xFF,0xFF,0xFF,0xE1,0x0B,0x00,0x00,0x00,0x00,0x00,0x00,0x00,0xB4,
  0xFF,0xFF,0xFF,0x30,0x00,0x00,0x00,0x00,0x00,0x00,0x00,0x00,0x00,0x00,0x00,0x00,
  0xCB,0xFF,0xFF,0xFF,0x95,0x00,0x00,0x00,0x00,0x00,0x00,0x00,0xB4,0xFF,0xFF,0xFF,
  0x30,0x00,0x00,0x00,0x00,0x00,0x00,0x00,0x00,0x00,0x00,0x00,0x00,0x42,0xFF,0xFF,
  0xFF,0xFF,0xA2,0x10,0x00,0x00,0x00,0x00,0x00,0xB4,0xFF,0xFF,0xFF,0x30,0x00,0x00,
  0x00,0x00,0x00,0x00,0x00,0x00,0x00,0x00,0x00,0x00,0x00,0x8C,0xFF,0xFF,0xFF,0xFF,
  0xF7,0xA8,0x78,0x5E,0x54,0x54,0xFF,0xFF,0xFF,0xFF,0x77,0x58,0x58,0x58,0x58,0x58,
  0x58,0x58,0x58,0x58,0x58,0x21,0x00,0x00,0x02,0x95,0xFF,0xFF,0xFF,0xFF,0xFF,0xFF,
  0xFF,0xFF,0xFF,0xFF,0xFF,0xFF,0xFF,0xFF,0xFF,0xFF,0xFF,0xFF,0xFF,0xFF,0xFF,0xFF,
  0xFF,0xFF,0x60,0x00,0x00,0x00,0x00,0x56,0xE1,0xFF,0xFF,0xFF,0xFF,0xFF,0xFF,0xFF,
  0xFF,0xFF,0xFF,0xFF,0xFF,0xFF,0xFF,0xFF,0xFF,0xFF,0xFF,0xFF,0xFF,0xFF,0xFF,0x60,
  0x00,0x00,0x00,0x00,0x00,0x04,0x52,0x9F,0xD1,0xF0,0xFC,0xFF,0xFF,0xFF,0xFF,0xFF,
  0xFF,0xFF,0xFF,0xFF,0xFF,0xFF,0xFF,0xFF,0xFF,0xFF,0xFF,0xFF,0x60,0x00,0x00,0x00,
  0x00,0x01,0x4E,0xA3,0xD2,0xE3,0xD8,0xB0,0x64,0x08,0x00,0x00,0x00,0x13,0x78,0xBE,
  0xDF,0xDD,0xC2,0x7F,0x1E,0x00,0x00,0x00,0x00,0x00,0x00,0x00,0x19,0xC4,0xFF,0xFF,
  0xFF,0xFF,0xFF,0xFF,0xFF,0xE1,0x33,0x00,0x4B,0xF0,0xFF,0xFF,0xFF,0xFF,0xFF,0xFF,
  0xF7,0x77,0x00,0x00,0x00,0x00,0x00,0x1C,0xE5,0xFF,0xFF,0xFF,0xFF,0xFF,0xFF,0xFF,
  0xFF,0xFF,0xF7,0x9B,0xFD,0xFF,0xFF,0xFF,0xFF,0xFF,0xFF,0xFF,0xFF,0xFF,0x87,0x00,
  0x00,0x00,0x01,0xBE,0xFF,0xFF,0xFF,0xD7,0x62,0x39,0x53,0xBC,0xFF,0xFF,0xFF,0xFF,
  0xFF,0xFF,0xE9,0x61,0x1B,0x14,0x4B,0xCF,0xFF,0xFF,0xFF,0x44,0x00,0x00,0x48,0xFF,
  0xFF,0xFF,0xCE,0x0D,0x00,0x00,0x00,0x01,0xA4,0xFF,0xFF,0xFF,0xFF,0xF4,0x25,0x00,
  0x00,0x00,0x00,0x0B,0xD8,0xFF,0xFF,0xC3,0x00,0x00,0xA4,0xFF,0xFF,0xFF,0x3F,0x00,
  0x00,0x00,0x00,0x00,0x13,0xFD,0xFF,0xFF,0xFF,0x91,0x00,0x00,0x00,0x00,0x00,0x00,
  0x5D,0xFF,0xFF,0xFF,0x19,0x00,0xDE,0xFF,0xFF,0xEA,0x01,0x00,0x00,0x00,0x00,0x00,
  0x00,0xE7,0xFF,0xFF,0xFF,0xC4,0x5C,0x5C,0x5C,0x5C,0x5C,0x5C,0x7D,0xFF,0xFF,0xFF,
  0x53,0x00,0xF7,0xFF,0xFF,0xC6,0x00,0x00,0x00,0x00,0x00,0x00,0x00,0xDD,0xFF,0xFF,
  0xFF,0xFF,0xFF,0xFF,0xFF,0xFF,0xFF,0xFF,0xFF,0xFF,0xFF,0xFF,0x6A,0x04,0xFE,0xFF,
  0xFF,0xBE,0x00,0x00,0x00,0x00,0x00,0x00,0x00,0xDF,0xFF,0xFF,0xFF,0xFF,0xFF,0xFF,
  0xFF,0xFF,0xFF,0xFF,0xFF,0xFF,0xFF,0xFF,0x77,0x00,0xEA,0xFF,0xFF,0xD4,0x00,0x00,
  0x00,0x00,0x00,0x00,0x00,0xDD,0xFF,0xFF,0xFF,0x9E,0x30,0x30,0x30,0x30,0x30,0x30,
  0x30,0x30,0x30,0x30,0x16,0x00,0xC7,0xFF,0xFF,0xFD,0x14,0x00,0x00,0x00,0x00,0x00,
  0x00,0xF9,0xFF,0xFF,0xFF,0x7E,0x00,0x00,0x00,0x00,0x00,0x00,0x00,0x00,0x00,0x00,
  0x00,0x00,0x73,0xFF,0xFF,0xFF,0x86,0x00,0x00,0x00,0x00,0x00,0x4F,0xFF,0xFF,0xFF,
  0xFF,0xD7,0x06,0x00,0x00,0x00,0x00,0x00,0x49,0xC3,0xBE,0xB8,0x1D,0x00,0x18,0xF2,
  0xFF,0xFF,0xFD,0x6D,0x03,0x00,0x00,0x46,0xEF,0xFF,0xFF,0xFF,0xFF,0xFF,0xA5,0x09,
  0x00,0x00,0x00,0x38,0xE5,0xFF,0xFF,0xDC,0x00,0x00,0x00,0x5F,0xFF,0xFF,0xFF,0xFF,
  0xE9,0xC4,0xDD,0xFF,0xFF,0xFF,0xFF,0xFF,0xFF,0xFF,0xFF,0xEC,0xA8,0x95,0xB8,0xFD,
  0xFF,0xFF,0xFF,0x47,0x00,0x00,0x00,0x00,0x75,0xFC,0xFF,0xFF,0xFF,0xFF,0xFF,0xFF,
  0xFF,0xFF,0xA1,0x1B,0xBF,0xFF,0xFF,0xFF,0xFF,0xFF,0xFF,0xFF,0xFF,0xFB,0x61,0x00,
  0x00,0x00,0x00,0x00,0x00,0x3E,0xC1,0xFE,0xFF,0xFF,0xFF,0xFF,0xD7,0x5E,0x00,0x00,
  0x04,0x79,0xE6,0xFF,0xFF,0xFF,0xFF,0xF8,0xAD,0x2A,0x00,0x00,0x00,0x00,0x00,0x00,
  0x00,0x00,0x00,0x16,0x44,0x54,0x4A,0x22,0x00,0x00,0x00,0x00,0x00,0x00,0x02,0x2C,
  0x4D,0x50,0x39,0x0C,0x00,0x00,0x00,0x00,0x00,0x00,0x00,0x00,0x00,0x00,0x00,0x02,
  0x02,0x00,0x00,0x00,0x00,0x00,0x05,0x00,0x00,0x00,0x00,0x00,0x00,0x00,0x00,0x00,
  0x00,0x00,0x00,0x67,0xF4,0xF4,0x67,0x00,0x00,0x24,0xD3,0xFE,0xB5,0x08,0x00,0x00,
  0x00,0x00,0x00,0x00,0x00,0x00,0x00,0x0D,0xFB,0xFF,0xFF,0xFA,0x0A,0x00,0xA4,0xFF,
  0xFF,0xFF,0x68,0x00,0x00,0x00,0x00,0x00,0x00,0x00,0x00,0x00,0x0E,0xFC,0xFF,0xFF,
  0xFB,0x0B,0x00,0xA6,0xFF,0xFF,0xFF,0x69,0x00,0x00,0x00,0x00,0x00,0x00,0x00,0x00,
  0x00,0x00,0x71,0xF9,0xF9,0x6D,0x00,0x00,0x29,0xDD,0xFF,0xBD,0x0A,0x00,0x00,0x00,
  0x00,0x00,0x00,0x00,0x00,0x00,0x00,0x00,0x06,0x06,0x00,0x00,0x00,0x00,0x00,0x0C,
  0x00,0x00,0x00,0x00,0x00,0x00,0x00,0x00,0x00,0x00,0x00,0x00,0x00,0x00,0x00,0x00,
  0x00,0x00,0x00,0x00,0x00,0x00,0x00,0x00,0x00,0x00,0x00,0x00,0x6A,0xD4,0xD4,0xD4,
  0xC2,0x08,0x00,0x00,0x00,0x00,0x00,0x00,0x00,0x00,0x00,0x7A,0xD4,0xD4,0xD4,0xB4,
  0x02,0x0D,0xE6,0xFF,0xFF,0xFF,0x7D,0x00,0x00,0x00,0x00,0x00,0x00,0x00,0x00,0x21,
  0xF8,0xFF,0xFF,0xFF,0x50,0x00,0x00,0x5A,0xFF,0xFF,0xFF,0xF5,0x1C,0x00,0x00,0x00,
  0x00,0x00,0x00,0x00,0xAC,0xFF,0xFF,0xFF,0xB8,0x00,0x00,0x00,0x00,0xBE,0xFF,0xFF,
  0xFF,0xA6,0x00,0x00,0x00,0x00,0x00,0x00,0x3D,0xFF,0xFF,0xFF,0xF9,0x26,0x00,0x00,
  0x00,0x00,0x2A,0xFA,0xFF,0xFF,0xFF,0x3C,0x00,0x00,0x00,0x00,0x01,0xCD,0xFF,0xFF,
  0xFF,0x87,0x00,0x00,0x00,0x00,0x00,0x00,0x8B,0xFF,0xFF,0xFF,0xCD,0x02,0x00,0x00,
  0x00,0x61,0xFF,0xFF,0xFF,0xE3,0x0B,0x00,0x00,0x00,0x00,0x00,0x00,0x0C,0xE4,0xFF,
  0xFF,0xFF,0x64,0x00,0x00,0x0C,0xE6,0xFF,0xFF,0xFF,0x55,0x00,0x00,0x00,0x00,0x00,
  0x00,0x00,0x00,0x57,0xFF,0xFF,0xFF,0xE9,0x0E,0x00,0x82,0xFF,0xFF,0xFF,0xBD,0x00,
  0x00,0x00,0x00,0x00,0x00,0x00,0x00,0x00,0x00,0xBC,0xFF,0xFF,0xFF,0x89,0x1A,0xF5,
  0xFF,0xFF,0xFA,0x29,0x00,0x00,0x00,0x00,0x00,0x00,0x00,0x00,0x00,0x00,0x28,0xFA,
  0xFF,0xFF,0xF7,0xB4,0xFF,0xFF,0xFF,0x8B,0x00,0x00,0x00,0x00,0x00,0x00,0x00,0x00,
  0x00,0x00,0x00,0x00,0x88,0xFF,0xFF,0xFF,0xFF,0xFF,0xFF,0xE6,0x0D,0x00,0x00,0x00,
  0x00,0x00,0x00,0x00,0x00,0x00,0x00,0x00,0x00,0x0B,0xE2,0xFF,0xFF,0xFF,0xFF,0xFF,
  0x5A,0x00,0x00,0x00,0x00,0x00,0x00,0x00,0x00,0x00,0x00,0x00,0x00,0x00,0x00,0x54,
  0xFF,0xFF,0xFF,0xFF,0xC1,0x00,0x00,0x00,0x00,0x00,0x00,0x00,0x00,0x00,0x00,0x00,
  0x00,0x00,0x00,0x00,0x00,0xC8,0xFF,0xFF,0xFF,0x37,0x00,0x00,0x00,0x00,0x00,0x00,
  0x00,0x00,0x00,0x00,0x00,0x00,0x00,0x00,0x00,0x00,0xB0,0xFF,0xFF,0xFF,0x20,0x00,
  0x00,0x00,0x00,0x00,0x00,0x00,0x00,0x00,0x00,0x00,0x00,0x00,0x00,0x00,0x00,0xB0,
  0xFF,0xFF,0xFF,0x20,0x00,0x00,0x00,0x00,0x00,0x00,0x00,0x00,0x00,0x00,0x00,0x00,
  0x00,0x00,0x00,0x00,0xB0,0xFF,0xFF,0xFF,0x20,0x00,0x00,0x00,0x00,0x00,0x00,0x00,
  0x00,0x00,0x00,0x00,0x00,0x00,0x00,0x00,0x00,0xB0,0xFF,0xFF,0xFF,0x20,0x00,0x00,
  0x00,0x00,0x00,0x00,0x00,0x00,0x00,0x00,0x00,0x00,0x00,0x00,0x00,0x00,0xB0,0xFF,
  0xFF,0xFF,0x20,0x00,0x00,0x00,0x00,0x00,0x00,0x00,0x00,0x00,0x00,0x00,0x00,0x00,
  0x00,0x00,0x00,0xB0,0xFF,0xFF,0xFF,0x20,0x00,0x00,0x00,0x00,0x00,0x00,0x00,0x00,
  0x00,0x00,0x00,0x00,0x00,0x00,0x00,0x00,0xB0,0xFF,0xFF,0xFF,0x20,0x00,0x00,0x00,
  0x00,0x00,0x00,0x00,0x00,0x00,0x00,0x00,0x00,0x00,0x00,0x00,0x00,0xB0,0xFF,0xFF,
  0xFF,0x20,0x00,0x00,0x00,0x00,0x00,0x00,0x00,0x00,0x4C,0x4C,0x4C,0x4C,0x4C,0x4C,
  0x4C,0x4C,0x4C,0x4C,0x4C,0x4C,0x4C,0x4C,0x4C,0xFF,0xFF,0xFF,0xFF,0xFF,0xFF,0xFF,
  0xFF,0xFF,0xFF,0xFF,0xFF,0xFF,0xFF,0xFF,0xFF,0xFF,0xFF,0xFF,0xFF,0xFF,0xFF,0xFF,
  0xFF,0xFF,0xFF,0xFF,0xFF,0xFF,0xFF,0xD0,0xD0,0xD0,0xD0,0xD0,0xD0,0xD0,0xD0,0xD0,
  0xD0,0xD0,0xD0,0xD0,0xD0,0xD0,0x4C,0x4C,0x4C,0x4C,0x4C,0x4C,0x4C,0x4C,0x4C,0x4C,
  0x4C,0x4C,0x4C,0x4C,0x4C,0x4C,0x4C,0x4C,0x4C,0x4C,0x4C,0x4C,0x4C,0x4C,0x4C,0x4C,
  0x4C,0x4C,0x4C,0x4C,0xFF,0xFF,0xFF,0xFF,0xFF,0xFF,0xFF,0xFF,0xFF,0xFF,0xFF,0xFF,
  0xFF,0xFF,0xFF,0xFF,0xFF,0xFF,0xFF,0xFF,0xFF,0xFF,0xFF,0xFF,0xFF,0xFF,0xFF,0xFF,
  0xFF,0xFF,0xFF,0xFF,0xFF,0xFF,0xFF,0xFF,0xFF,0xFF,0xFF,0xFF,0xFF,0xFF,0xFF,0xFF,
  0xFF,0xFF,0xFF,0xFF,0xFF,0xFF,0xFF,0xFF,0xFF,0xFF,0xFF,0xFF,0xFF,0xFF,0xFF,0xFF,
  0xD0,0xD0,0xD0,0xD0,0xD0,0xD0,0xD0,0xD0,0xD0,0xD0,0xD0,0xD0,0xD0,0xD0,0xD0,0xD0,
  0xD0,0xD0,0xD0,0xD0,0xD0,0xD0,0xD0,0xD0,0xD0,0xD0,0xD0,0xD0,0xD0,0xD0,0x00,0x8E,
  0xD4,0xD4,0xC8,0x02,0x00,0xCE,0xFF,0xFF,0xB3,0x00,0x00,0xF2,0xFF,0xFF,0x6B,0x00,
  0x19,0xFF,0xFF,0xFF,0x23,0x00,0x3E,0xFF,0xFF,0xDB,0x00,0x00,0x63,0xFF,0xFF,0x93,
  0x00,0x00,0x89,0xFF,0xFF,0x4A,0x00,0x00,0xAE,0xFF,0xF8,0x0A,0x00,0x00,0x12,0x18,
  0x14,0x00,0x00,0x00,0x00,0x0A,0x3D,0x1D,0x00,0x00,0x00,0x00,0x00,0x2E,0x36,0x01,
  0x00,0x00,0x00,0x00,0x18,0x3F,0x0E,0x00,0x18,0xDE,0xFF,0xFA,0x58,0x00,0x00,0x00,
  0x97,0xFF,0xFF,0xB1,0x01,0x00,0x00,0x48,0xF6,0xFF,0xE7,0x23,0x80,0xFF,0xFF,0xFF,
  0xDC,0x00,0x00,0x20,0xFF,0xFF,0xFF,0xFF,0x3C,0x00,0x00,0xC8,0xFF,0xFF,0xFF,0x94,
  0x7E,0xFF,0xFF,0xFF,0xD9,0x00,0x00,0x1E,0xFF,0xFF,0xFF,0xFF,0x39,0x00,0x00,0xC6,
  0xFF,0xFF,0xFF,0x91,0x15,0xD9,0xFF,0xF8,0x52,0x00,0x00,0x00,0x8F,0xFF,0xFF,0xAA,
  0x00,0x00,0x00,0x43,0xF3,0xFF,0xE3,0x20,0x00,0x07,0x36,0x17,0x00,0x00,0x00,0x00,
  0x00,0x26,0x2E,0x00,0x00,0x00,0x00,0x00,0x13,0x37,0x0A,0x00,0x00,0x00,0x00,0x00,
  0x00,0x00,0x00,0x00,0x00,0x00,0x00,0x0E,0x1A,0x0A,0x00,0x00,0x00,0x00,0x00,0x00,
  0x00,0x00,0x00,0x00,0x00,0x00,0x00,0x38,0xA1,0xE7,0xFF,0xFF,0xFF,0xE2,0x9B,0x2F,
  0x00,0x00,0x00,0x00,0x00,0x00,0x00,0x00,0x0C,0xA2,0xFF,0xFF,0xFF,0xFF,0xFF,0xFF,
  0xFF,0xFF,0xFF,0x9A,0x0A,0x00,0x00,0x00,0x00,0x00,0x0E,0xC9,0xFF,0xFF,0xFF,0xFF,
  0xFF,0xFF,0xFF,0xFF,0xFF,0xFF,0xF6,0x15,0x00,0x00,0x00,0x00,0x00,0xAC,0xFF,0xFF,
  0xFF,0xFF,0xC9,0x7C,0x61,0x7E,0xBB,0xFF,0xFF,0x95,0x00,0x00,0x00,0x00,0x00,0x4D,
  0xFF,0xFF,0xFF,0xFB,0x5F,0x00,0x00,0x00,0x00,0x00,0x2F,0xC8,0x22,0x00,0x00,0x00,
  0x00,0x00,0xC9,0xFF,0xFF,0xFF,0x6C,0x00,0x00,0x00,0x00,0x00,0x00,0x00,0x00,0x00,
  0x00,0x00,0x00,0x00,0x27,0xFF,0xFF,0xFF,0xD8,0x03,0x00,0x00,0x00,0x00,0x00,0x00,
  0x00,0x00,0x00,0x00,0x00,0x28,0x38,0xA4,0xFF,0xFF,0xFF,0xB8,0x38,0x38,0x38,0x38,
  0x38,0x38,0x38,0x20,0x00,0x00,0x00,0x06,0xED,0xFF,0xFF,0xFF,0xFF,0xFF,0xFF,0xFF,
  0xFF,0xFF,0xFF,0xFF,0xFF,0xFF,0x4A,0x00,0x00,0x00,0x53,0xFF,0xFF,0xFF,0xFF,0xFF,
  0xFF,0xFF,0xFF,0xFF,0xFF,0xFF,0xFF,0xFF,0xD3,0x01,0x00,0x00,0x00,0x02,0x04,0x04,
  0xCD,0xFF,0xFF,0xFF,0x0F,0x04,0x04,0x04,0x04,0x04,0x04,0x02,0x00,0x00,0x00,0x00,
  0x00,0x00,0x00,0xCB,0xFF,0xFF,0xFF,0x07,0x00,0x00,0x00,0x00,0x00,0x00,0x00,0x00,
  0x00,0x00,0x00,0x00,0xB5,0xD8,0xFF,0xFF,0xFF,0xFF,0xF1,0xD8,0xD8,0xD8,0xD8,0xD8,
  0x62,0x00,0x00,0x00,0x00,0x00,0x2D,0xFF,0xFF,0xFF,0xFF,0xFF,0xFF,0xFF,0xFF,0xFF,
  0xFF,0xFF,0xF3,0x11,0x00,0x00,0x00,0x00,0x00,0x31,0x70,0x70,0xE9,0xFF,0xFF,0xFF,
  0xE1,0x70,0x70,0x70,0x70,0x4C,0x00,0x00,0x00,0x00,0x00,0x00,0x00,0x00,0x00,0x38,
  0xFF,0xFF,0xFF,0xC1,0x00,0x00,0x00,0x00,0x00,0x00,0x00,0x00,0x00,0x00,0x00,0x00,
  0x00,0x00,0x01,0xDC,0xFF,0xFF,0xFF,0x49,0x00,0x00,0x00,0x00,0x00,0x00,0x00,0x00,
  0x00,0x00,0x00,0x00,0x00,0x00,0x68,0xFF,0xFF,0xFF,0xEA,0x2F,0x00,0x00,0x00,0x00,
  0x00,0x0E,0x87,0x05,0x00,0x00,0x00,0x00,0x00,0x04,0xCB,0xFF,0xFF,0xFF,0xF6,0x94,
  0x49,0x30,0x4D,0x8A,0xED,0xFF,0x60,0x00,0x00,0x00,0x00,0x00,0x00,0x20,0xE5,0xFF,
  0xFF,0xFF,0xFF,0xFF,0xFF,0xFF,0xFF,0xFF,0xFF,0xD9,0x02,0x00,0x00,0x00,0x00,0x00,
  0x00,0x22,0xCE,0xFF,0xFF,0xFF,0xFF,0xFF,0xFF,0xFF,0xFF,0xFF,0xC9,0x10,0x00,0x00,
  0x00,0x00,0x00,0x00,0x00,0x04,0x67,0xD0,0xFF,0xFF,0xFF,0xFF,0xFE,0xCF,0x64,0x04,
  0x00,0x00,0x00,0x00,0x00,0x00,0x00,0x00,0x00,0x00,0x00,0x15,0x3C,0x47,0x38,0x13,
  0x00,0x00,0x00,0x00,
};
const uint32_t FONT_UI_30_LEN = 50788;
